date,GBR,CAN,JPN,DEU
1984-07-02,,0,,
1984-07-03,,0.44698214915007217,,
1984-07-04,,-0.05135368538999513,,
1984-07-05,,-0.021358025156168001,,
1984-07-06,,-0.081823552478595699,,
1984-07-09,,-0.41764440197548336,,
1984-07-10,,-0.30903051217804928,,
1984-07-11,,0.4745000565988356,,
1984-07-12,,0.057016066001436577,,
1984-07-13,,-0.42563626552328249,,
1984-07-16,,0.21476367296292734,,
1984-07-17,,0.019609141762815148,,
1984-07-18,,-0.37606855208309775,,
1984-07-19,,0.16277159445291164,,
1984-07-20,,0.27479382894515531,,
1984-07-23,,0.018468146733337677,,
1984-07-24,,0.9269750880062233,,
1984-07-25,,-0.4328663169529941,,
1984-07-26,,0.58080752722032336,,
1984-07-27,,-0.90519142109752071,,
1984-07-30,,0.15329340062604069,,
1984-07-31,,-0.011007335902892098,,
1984-08-01,,-1.0098551201023911,,
1984-08-02,,0.588248558596834,,
1984-08-03,,0.21930765999894022,,
1984-08-06,,0.066247268775020102,,
1984-08-07,,0.96486395036628425,,
1984-08-08,,0.056955046935672174,,
1984-08-09,,-0.002740983095659687,,
1984-08-10,,0.0082089210860499997,,
1984-08-13,,0.16340096084140732,,
1984-08-14,,-0.15344363610003037,,
1984-08-15,,-0.31412621311625955,,
1984-08-16,,0.36947887326839823,,
1984-08-17,,-0.41139924805829797,,
1984-08-20,,0.37129679487942319,,
1984-08-21,,-0.044253631221093104,,
1984-08-22,,-0.011544131906033456,,
1984-08-23,,1.1979135529509226,,
1984-08-24,,0.099288937070675029,,
1984-08-27,,0.41201576232469134,,
1984-08-28,,0.78351955422531616,,
1984-08-29,,-0.47201000300875084,,
1984-08-30,,-0.094559836568370872,,
1984-08-31,,-0.68767098783259029,,
1984-09-03,,4.9999999999999996e-18,,
1984-09-04,,0.63210556958971009,,
1984-09-05,,-1.1042847475513482,,
1984-09-06,,0.57417928763752513,,
1984-09-07,,-0.0474140245644376,,
1984-09-10,,0.0087328180228213228,,
1984-09-11,,0.34865997173320928,,
1984-09-12,,0.1836049717592127,,
1984-09-13,,0.16849794893825937,,
1984-09-14,,0.041125184672226138,,
1984-09-17,,0.20525161016541721,,
1984-09-18,,-0.44554637617788612,,
1984-09-19,,-0.3051445621583071,,
1984-09-20,,-0.39252775390036104,,
1984-09-21,,-0.32065421985096781,,
1984-09-24,,0.40838819117986991,,
1984-09-25,,0.61552381973365566,,
1984-09-26,,-0.20687245834943632,,
1984-09-27,,-0.083345314770713802,,
1984-09-28,,0.31559643181857006,,
1984-10-01,,0.97004706660888584,,
1984-10-02,,0.25180336485908489,,
1984-10-03,,0.25922012817118589,,
1984-10-04,,-0.21561757308741483,,
1984-10-05,,0.0052931032247627192,,
1984-10-08,,-0.00051374240002393799,,
1984-10-09,,0.57804090526628304,,
1984-10-10,,0.18252727911459182,,
1984-10-11,,0.27927997770920421,,
1984-10-12,,-0.18986775962232444,,
1984-10-15,,-0.030334009203884186,,
1984-10-16,,0.13534079228920498,,
1984-10-17,,-0.78138349512837557,,
1984-10-18,,-0.92170779889216015,,
1984-10-19,,0.62255829837722199,,
1984-10-22,,0.24762989125864812,,
1984-10-23,,0.22103853370189155,,
1984-10-24,,-0.53671952671625334,,
1984-10-25,,0.36396096660994953,,
1984-10-26,,0.6184622047637035,,
1984-10-29,,-0.11182029826209672,,
1984-10-30,,-0.25924692696341223,,
1984-10-31,,-0.022159859028820908,,
1984-11-01,,0.59284572156147219,,
1984-11-02,,-0.45644419351865018,,
1984-11-05,,-0.16067838667854925,,
1984-11-06,,0.6721994868671618,,
1984-11-07,,0.46882626231132352,,
1984-11-08,,0.15632779356592508,,
1984-11-09,,0.2018976492335933,,
1984-11-12,,0.44501708539254464,,
1984-11-13,,-0.000762650031257235,,
1984-11-14,,-0.3233838998279801,,
1984-11-15,,0.051060906791408664,,
1984-11-16,,-0.052699151365938529,,
1984-11-19,,0.23235258519608773,,
1984-11-20,,0.26973165890466405,,
1984-11-21,,-0.067743378007230598,,
1984-11-22,,0.039025138976454141,,
1984-11-23,,-0.13713946546785291,,
1984-11-26,,0.2200517633130325,,
1984-11-27,,-0.50384612085160563,,
1984-11-28,,-0.043149103082012336,,
1984-11-29,,0.42036065446642751,,
1984-11-30,,-0.10467550693527662,,
1984-12-03,,0.28413199866557826,,
1984-12-04,,0.49030763927038679,,
1984-12-05,,0.36076082720272373,,
1984-12-06,,0.76575360781299451,,
1984-12-07,,0.15541676077689587,,
1984-12-10,,0.45427838977527496,,
1984-12-11,,0.23774203901357727,,
1984-12-12,,0.022350404677443397,,
1984-12-13,,-0.046911484886475729,,
1984-12-14,,-0.071472535628176417,,
1984-12-17,,0.31380281065262383,,
1984-12-18,,0.013596330372737567,,
1984-12-19,,-0.22735635393054468,,
1984-12-20,,-0.17202672975072,,
1984-12-21,,0.83683814906389054,,
1984-12-24,,-0.46060437751490946,,
1984-12-25,,-0.00097925425339708992,,
1984-12-26,,-0.00097893335174402711,,
1984-12-27,,0.40060919728964228,,
1984-12-28,,0.17720478972236836,,
1984-12-31,,2.5649964659409474,,
1985-01-01,,4.9999999999999996e-18,,
1985-01-02,,-2.8565034653865653,,
1985-01-03,,0.36707373782360142,,
1985-01-04,,0.74314131194771382,,
1985-01-07,,0.11625157072366807,,
1985-01-08,,-0.078114114010015626,,
1985-01-09,,-0.88275914199080241,,
1985-01-10,,-0.33666749163623066,,
1985-01-11,,-0.31583254474179662,,
1985-01-14,,-0.58168082880409933,,
1985-01-15,,-0.31325949221302835,,
1985-01-16,,-0.22872276415033793,,
1985-01-17,,0.9178827320002364,,
1985-01-18,,0.018190446303180785,,
1985-01-21,,-0.63068862717490481,,
1985-01-22,,0.51055267008617156,,
1985-01-23,,0.11127732957797515,,
1985-01-24,,-0.38186679282452035,,
1985-01-25,,-0.63609794783289986,,
1985-01-28,,0.28791440252861372,,
1985-01-29,,-0.31020465385719875,,
1985-01-30,,0.58522743362093033,,
1985-01-31,,0.19099104038745965,,
1985-02-01,,0.59971161326794664,,
1985-02-04,,-0.054264749871009349,,
1985-02-05,,-0.075826773294870697,,
1985-02-06,,0.021175492447454008,,
1985-02-07,,0.61706459908939038,,
1985-02-08,,-0.060754898317084562,,
1985-02-11,,0.10652053988761574,,
1985-02-12,,0.13004474290336288,,
1985-02-13,,-0.73401939939690097,,
1985-02-14,,0.72151398432373903,,
1985-02-15,,0.36610600247905989,,
1985-02-18,,0.00051425380818760093,,
1985-02-19,,0.0047436972742084457,,
1985-02-20,,-0.34340446522563423,,
1985-02-21,,-0.44175610186563546,,
1985-02-22,,0.24686976203275643,,
1985-02-25,,-0.038158080384789475,,
1985-02-26,,0.24363589391642396,,
1985-02-27,,0.25182290653143768,,
1985-02-28,,1.3374666422927883,,
1985-03-01,,0.30787087466183588,,
1985-03-04,,0.94410994887332289,,
1985-03-05,,0.83264780698395358,,
1985-03-06,,0.014251888507816821,,
1985-03-07,,0.14537051971329856,,
1985-03-08,,-0.35760993375327915,,
1985-03-11,,0.28365578675343345,,
1985-03-12,,-0.078832723018763859,,
1985-03-13,,-0.28743286278355984,,
1985-03-14,,-0.39039374581534736,,
1985-03-15,,-0.30055489718570744,,
1985-03-18,,0.1396098922916143,,
1985-03-19,,-0.80478533545651432,,
1985-03-20,,0.47195761848004347,,
1985-03-21,,0.060900850376338203,,
1985-03-22,,0.20165657975436324,,
1985-03-25,,0.36312201034589742,,
1985-03-26,,-0.44866637823796957,,
1985-03-27,,0.61197592318967409,,
1985-03-28,,0.13024314162041925,,
1985-03-29,,0.662098930278749,,
1985-04-01,,-0.40108123675259116,,
1985-04-02,,-0.14745726570789897,,
1985-04-03,,0.59997867574849739,,
1985-04-04,,-0.16736996081307795,,
1985-04-05,,3.8874228326969e-05,,
1985-04-08,,0.35819206823761135,,
1985-04-09,,0.45028100155688539,,
1985-04-10,,-0.66524146156869324,,
1985-04-11,,0.055574748315782657,,
1985-04-12,,0.6138992537084017,,
1985-04-15,,-0.3090292108067596,,
1985-04-16,,-0.088555821639682036,,
1985-04-17,,0.27772311507605391,,
1985-04-18,,0.079419671564402175,,
1985-04-19,,-0.085671071614088906,,
1985-04-22,,0.16158240317510011,,
1985-04-23,,-0.20583575145969149,,
1985-04-24,,-0.053484524083205087,,
1985-04-25,,0.35151558012531881,,
1985-04-26,,0.073471397419784368,,
1985-04-29,,0.43294278039467327,,
1985-04-30,,-0.30109969913441487,,
1985-05-01,,-0.073869923600779222,,
1985-05-02,,-0.97759075981184751,,
1985-05-03,,-0.5459408258534405,,
1985-05-06,,-0.81705258476312237,,
1985-05-07,,0.17711761048412547,,
1985-05-08,,-0.43662521554518668,,
1985-05-09,,-0.078532608332188086,,
1985-05-10,,-0.60365893593195796,,
1985-05-13,,0.17621679148563263,,
1985-05-14,,-0.27632240216824333,,
1985-05-15,,-0.42914610947471804,,
1985-05-16,,0.21414683305766247,,
1985-05-17,,-0.37366052948247136,,
1985-05-20,,0.0013006450780095361,,
1985-05-21,,0.36515643891581573,,
1985-05-22,,0.11861578919998843,,
1985-05-23,,0.40023017527535548,,
1985-05-24,,-0.60427880781800869,,
1985-05-27,,0.089965030923688641,,
1985-05-28,,0.20242049328168046,,
1985-05-29,,0.29366485162657607,,
1985-05-30,,0.21129886284529847,,
1985-05-31,,0.025855012925317149,,
1985-06-03,,0.16022254025725557,,
1985-06-04,,-0.032692928260426218,,
1985-06-05,,0.74438644196677084,,
1985-06-06,,0.21523863099433219,,
1985-06-07,,-0.58597033392703401,,
1985-06-10,,0.39037597562516302,,
1985-06-11,,-0.016989191414979534,,
1985-06-12,,-0.033992393091226307,,
1985-06-13,,0.54053722374103963,,
1985-06-14,,-0.19866771412879042,,
1985-06-17,,0.1187382639255575,,
1985-06-18,,-0.34014385139194969,,
1985-06-19,,0.29871230894838374,,
1985-06-20,,-0.0094026529786969595,,
1985-06-21,,-0.22582597193562692,,
1985-06-24,,0.14070595814536574,,
1985-06-25,,-1.0920643938854822,,
1985-06-26,,0.30671668549124254,,
1985-06-27,,-0.5826866171952787,,
1985-06-28,,0.24083459452450567,,
1985-07-01,,9.9999999999999988e-19,,
1985-07-02,,0.28074856287122107,,
1985-07-03,,-0.92417084741035771,,
1985-07-04,,-0.013226958963642732,,
1985-07-05,,-0.80330462156246207,,
1985-07-08,,-0.14623597383841136,,
1985-07-09,,-0.25234918515957422,,
1985-07-10,,0.04862508554509138,,
1985-07-11,,0.041575465929757853,,
1985-07-12,,-1.0360478838525442,,
1985-07-15,,0.98698368978808426,,
1985-07-16,,-0.87624464887449216,,
1985-07-17,,-0.040251485629098242,,
1985-07-18,,0.26476697786054948,,
1985-07-19,,-0.99094456271051834,,
1985-07-22,,0.74790805811416561,,
1985-07-23,,0.21830922129697358,,
1985-07-24,,-0.097082879132447814,,
1985-07-25,,-0.90481780087198727,,
1985-07-26,,0.90012968875249844,,
1985-07-29,,-0.5476141746596872,,
1985-07-30,,0.49375091930808385,,
1985-07-31,,-0.49944222083167944,,
1985-08-01,,0.071170793147902214,,
1985-08-02,,0.083417282652258173,,
1985-08-05,,-4.4950726024981998e-05,,
1985-08-06,,0.25774142224998892,,
1985-08-07,,-0.22397362912506291,,
1985-08-08,,0.45315297415582745,,
1985-08-09,,-10.772223205491192,,
1985-08-12,,11.717961239562307,,
1985-08-13,,-0.11440843800097397,,
1985-08-14,,-0.084642272977706393,,
1985-08-15,,-0.9371590057761533,,
1985-08-16,,-0.66212226967520982,,
1985-08-19,,-0.14097413977287601,,
1985-08-20,,0.40398189578978294,,
1985-08-21,,-0.33479627506904636,,
1985-08-22,,-0.5446619459821177,,
1985-08-23,,1.0467295459999852,,
1985-08-26,,-0.32412751096200448,,
1985-08-27,,0.52557348349712729,,
1985-08-28,,0.45837647696833139,,
1985-08-29,,0.1988246729279402,,
1985-08-30,,0.54759934936532351,,
1985-09-02,,3.9999999999999995e-18,,
1985-09-03,,-0.015654535765232847,,
1985-09-04,,-0.48369292729106317,,
1985-09-05,,-0.098000363946918301,,
1985-09-06,,-0.087530664663432803,,
1985-09-09,,0.59006224144039598,,
1985-09-10,,-0.63063612622431997,,
1985-09-11,,-0.27505738180369144,,
1985-09-12,,-0.32558316307130281,,
1985-09-13,,0.89975854309156977,,
1985-09-16,,0.94953309517660733,,
1985-09-17,,0.394804825479803,,
1985-09-18,,0.82136612162964118,,
1985-09-19,,-0.41199561219429848,,
1985-09-20,,-0.040846664148055933,,
1985-09-23,,-0.76909346462356565,,
1985-09-24,,-0.60937342294677133,,
1985-09-25,,0.83322299958900159,,
1985-09-26,,0.70301285587057971,,
1985-09-27,,0.0314842020337565,,
1985-09-30,,0.083094563861035295,,
1985-10-01,,-0.40761593285894249,,
1985-10-02,,0.58332516009252589,,
1985-10-03,,-0.85036765773482059,,
1985-10-04,,0.74882115494577706,,
1985-10-07,,-0.10850743711354614,,
1985-10-08,,0.57845978976883572,,
1985-10-09,,0.41846277191534875,,
1985-10-10,,-0.001401395700951851,,
1985-10-11,,-0.35656111319675426,,
1985-10-14,,-0.00016628815337037999,,
1985-10-15,,-0.26405428944205178,,
1985-10-16,,0.50459341917477563,,
1985-10-17,,-0.37976704180816739,,
1985-10-18,,0.21384521690956862,,
1985-10-21,,0.20277735088675927,,
1985-10-22,,-0.14355774051058376,,
1985-10-23,,0.38751209561288669,,
1985-10-24,,0.3795600919019172,,
1985-10-25,,0.21154220318793707,,
1985-10-28,,-0.12575792109149206,,
1985-10-29,,-0.13791180284408422,,
1985-10-30,,0.01448074739547351,,
1985-10-31,,-0.11601431166879017,,
1985-11-01,,0.04126754318725448,,
1985-11-04,,-0.31766428484151649,,
1985-11-05,,-0.21054719699013968,,
1985-11-06,,-0.010471778036950843,,
1985-11-07,,-0.099438286902041276,,
1985-11-08,,0.45551652873672793,,
1985-11-11,,-0.20582071732690119,,
1985-11-12,,-0.33082266910998964,,
1985-11-13,,-0.1061380034441682,,
1985-11-14,,-0.30140233214768758,,
1985-11-15,,-0.10573739883743079,,
1985-11-18,,-0.38859898180966862,,
1985-11-19,,0.10679143308567865,,
1985-11-20,,0.13039408387538884,,
1985-11-21,,0.25234508649069864,,
1985-11-22,,0.090632651832407207,,
1985-11-25,,-1.0609524837836111,,
1985-11-26,,0.13718913880402592,,
1985-11-27,,0.72701496263346455,,
1985-11-28,,0.14985441091379476,,
1985-11-29,,-0.07900671437343211,,
1985-12-02,,-0.12100632126024759,,
1985-12-03,,-0.97461707890433669,,
1985-12-04,,0.40531548059645761,,
1985-12-05,,-0.42937079520982285,,
1985-12-06,,0.42254066228003906,,
1985-12-09,,0.57526284840822262,,
1985-12-10,,0.094531501296217055,,
1985-12-11,,0.22380921679959259,,
1985-12-12,,0.43027133392974892,,
1985-12-13,,-0.25744549921289978,,
1985-12-16,,0.08950113745521153,,
1985-12-17,,0.56700442148576136,,
1985-12-18,,0.39618327953216192,,
1985-12-19,,0.1932084929646912,,
1985-12-20,,-0.42502489004970373,,
1985-12-23,,-0.93501010487520242,,
1985-12-24,,-0.13466973175226055,,
1985-12-25,,-2.9131742378924e-05,,
1985-12-26,,-2.9123409918479002e-05,,
1985-12-27,,-0.14837555059954724,,
1985-12-30,,0.23082305336510622,,
1985-12-31,,-0.081582597260229733,,
1986-01-01,,-9.9999999999999988e-19,,
1986-01-02,,0.66471613757402215,,
1986-01-03,,0.078973998115302854,,
1986-01-06,,-0.09382167133996705,,
1986-01-07,,-0.74911007124396523,,
1986-01-08,,-0.14846596926869557,,
1986-01-09,,-0.9303999540754363,,
1986-01-10,,-0.1966154661914867,,
1986-01-13,,0.30205391277270399,,
1986-01-14,,0.42219886657886474,,
1986-01-15,,-0.62937703369505349,,
1986-01-16,,-0.20530977328818487,,
1986-01-17,,-0.058067341229930527,,
1986-01-20,,0.21599321858533821,,
1986-01-21,,0.98619777355612637,,
1986-01-22,,-0.5479788908131431,,
1986-01-23,,-0.37725007834933494,,
1986-01-24,,-0.029544638588519606,,
1986-01-27,,0.70220009918651749,,
1986-01-28,,0.56008984108222393,,
1986-01-29,,-0.0049392178168906377,,
1986-01-30,,-0.34180656874825716,,
1986-01-31,,0.44548141232350996,,
1986-02-03,,0.18559905910875374,,
1986-02-04,,-0.69815723722576883,,
1986-02-05,,-0.16912811846003001,,
1986-02-06,,0.45651892950514189,,
1986-02-07,,0.045022155123243535,,
1986-02-10,,0.39962465015325777,,
1986-02-11,,-0.69937917360242552,,
1986-02-12,,-0.55036028925331493,,
1986-02-13,,-0.082311528763334307,,
1986-02-14,,0.45723690002597001,,
1986-02-17,,0.078111270960472129,,
1986-02-18,,-0.24712213363802904,,
1986-02-19,,-0.64876026448239554,,
1986-02-20,,-0.17980371224401295,,
1986-02-21,,0.04917457180345481,,
1986-02-24,,-0.56348305111291452,,
1986-02-25,,-0.79167750842205531,,
1986-02-26,,0.42410482943749428,,
1986-02-27,,1.1244627143627783,,
1986-02-28,,-0.12063122184344008,,
1986-03-03,,0.010423680631183561,,
1986-03-04,,0.070752429177843149,,
1986-03-05,,-0.3626799118915166,,
1986-03-06,,-0.48483769941793742,,
1986-03-07,,-0.26704734718553252,,
1986-03-10,,-0.68525793441741167,,
1986-03-11,,-0.061282316129452001,,
1986-03-12,,-0.3784326261089162,,
1986-03-13,,1.3714758288492273,,
1986-03-14,,0.060496724186167528,,
1986-03-17,,-0.28033783122452283,,
1986-03-18,,0.50088209952964569,,
1986-03-19,,-0.74406091073553948,,
1986-03-20,,0.15035186488871763,,
1986-03-21,,0.66208376098472188,,
1986-03-24,,-0.41099560089453901,,
1986-03-25,,0.35766126139720633,,
1986-03-26,,0.46802786063249341,,
1986-03-27,,0.2202893110938452,,
1986-03-28,,-4.8613848812314995e-05,,
1986-03-31,,0.28578503281358802,,
1986-04-01,,-0.3723114788052011,,
1986-04-02,,0.1370336839583963,,
1986-04-03,,-0.37638607685317804,,
1986-04-04,,-0.36884523498838562,,
1986-04-07,,0.20644049667394651,,
1986-04-08,,0.47514360595915828,,
1986-04-09,,-0.50298208752569229,,
1986-04-10,,-0.53555885032253259,,
1986-04-11,,-1.6993194745505296,,
1986-04-14,,0.60004292102014378,,
1986-04-15,,-1.0368194097646439,,
1986-04-16,,0.8111077510180229,,
1986-04-17,,0.067265755848080339,,
1986-04-18,,-0.99777422422247519,,
1986-04-21,,0.63412317189006451,,
1986-04-22,,-0.67987326917624413,,
1986-04-23,,1.3076929231976557,,
1986-04-24,,-0.12108076898108028,,
1986-04-25,,-0.84893613086462782,,
1986-04-28,,0.007200987335637685,,
1986-04-29,,-0.75671203612721794,,
1986-04-30,,-0.67373279518295592,,
1986-05-01,,1.7070634710231791,,
1986-05-02,,0.44510202910874425,,
1986-05-05,,0.32254312457332607,,
1986-05-06,,-0.067966477710898032,,
1986-05-07,,-0.40897445629204898,,
1986-05-08,,0.14917915884789054,,
1986-05-09,,-0.26789288113534349,,
1986-05-12,,0.67303238565886181,,
1986-05-13,,0.37765765967879528,,
1986-05-14,,-0.21699682176709109,,
1986-05-15,,-0.53647533233973743,,
1986-05-16,,-0.18112371609304181,,
1986-05-19,,-0.00047660214018917398,,
1986-05-20,,0.72074621518566095,,
1986-05-21,,0.029618754480205661,,
1986-05-22,,0.33759332027889843,,
1986-05-23,,0.71898823428612535,,
1986-05-26,,0.012198943749217291,,
1986-05-27,,-0.65746814886511207,,
1986-05-28,,0.072561303132935739,,
1986-05-29,,-0.59445653084611605,,
1986-05-30,,0.030155107201949818,,
1986-06-02,,0.14514424527254161,,
1986-06-03,,-0.042266005686814587,,
1986-06-04,,0.13190324717174801,,
1986-06-05,,-0.47878349132347775,,
1986-06-06,,0.48811254201044685,,
1986-06-09,,-1.3072011285593541,,
1986-06-10,,-0.046997268097763424,,
1986-06-11,,-0.29214499413460815,,
1986-06-12,,-0.77521400760592862,,
1986-06-13,,-0.11415042652573119,,
1986-06-16,,-0.14327028829613903,,
1986-06-17,,0.34073949876467952,,
1986-06-18,,0.31542256119490036,,
1986-06-19,,0.18113924513631741,,
1986-06-20,,-0.55592079457847898,,
1986-06-23,,0.58460615578572206,,
1986-06-24,,-0.061307353473966431,,
1986-06-25,,0.026458153932923063,,
1986-06-26,,-3.9444863788126563,,
1986-06-27,,-0.62625359078560361,,
1986-06-30,,-0.31323387543536524,,
1986-07-01,,1.9999999999999998e-18,,
1986-07-02,,2.4548353714466411,,
1986-07-03,,-1.0166404489904632,,
1986-07-04,,0.44013252232926858,,
1986-07-07,,-0.67600430677920553,,
1986-07-08,,0.012130409180702512,,
1986-07-09,,-0.34483490860939126,,
1986-07-10,,0.38997712557787634,,
1986-07-11,,0.57569083312508273,,
1986-07-14,,-0.38400881922883046,,
1986-07-15,,0.10827606179971451,,
1986-07-16,,0.22939962671073491,,
1986-07-17,,-0.43211175089634307,,
1986-07-18,,-0.69930437388814259,,
1986-07-21,,-0.26136530103449318,,
1986-07-22,,0.66966437922987321,,
1986-07-23,,0.39412871869909039,,
1986-07-24,,-0.30756226627683492,,
1986-07-25,,0.18073372682078276,,
1986-07-28,,-0.62763828428040547,,
1986-07-29,,0.13804630058349282,,
1986-07-30,,-0.1347082848207469,,
1986-07-31,,-3.2097051507732566,,
1986-08-01,,-0.087976959681887582,,
1986-08-04,,2.0388679184288998e-05,,
1986-08-05,,0.13782941066410262,,
1986-08-06,,-0.082017566893220414,,
1986-08-07,,0.6560004744705763,,
1986-08-08,,-0.70997200852652598,,
1986-08-11,,-0.031833263058434771,,
1986-08-12,,1.5732998728420957,,
1986-08-13,,-0.2426530935618742,,
1986-08-14,,0.53047730255572056,,
1986-08-15,,0.85022373955742292,,
1986-08-18,,1.1770332881948338,,
1986-08-19,,-0.44340984707366382,,
1986-08-20,,-0.93325876107103012,,
1986-08-21,,0.0021025226258714062,,
1986-08-22,,0.38502120841503557,,
1986-08-25,,-0.67393088860408079,,
1986-08-26,,0.32404306530194099,,
1986-08-27,,0.63043414669331521,,
1986-08-28,,0.43844912913445888,,
1986-08-29,,-0.67486609926909602,,
1986-09-01,,-3.0000000000000002e-18,,
1986-09-02,,-0.48110841187188041,,
1986-09-03,,0.76686848850311351,,
1986-09-04,,0.81540645347981422,,
1986-09-05,,0.18841375089142365,,
1986-09-08,,1.1840271803346714,,
1986-09-09,,0.52201236126322814,,
1986-09-10,,-0.56573547754877618,,
1986-09-11,,-0.23104240523302358,,
1986-09-12,,-1.0479603931907322,,
1986-09-15,,-0.27828358179505563,,
1986-09-16,,-0.33381151727708808,,
1986-09-17,,0.50149231895979751,,
1986-09-18,,-0.082523848169167774,,
1986-09-19,,0.2145037057652531,,
1986-09-22,,0.34055320412142309,,
1986-09-23,,0.012718495596398947,,
1986-09-24,,-0.097261825412799915,,
1986-09-25,,-0.013089869964899721,,
1986-09-26,,0.16104694628114705,,
1986-09-29,,-0.44237844088752226,,
1986-09-30,,0.91018049581291127,,
1986-10-01,,-0.094530232154121735,,
1986-10-02,,-0.21734226063798914,,
1986-10-03,,0.93018941639459751,,
1986-10-06,,-0.50022078858609742,,
1986-10-07,,-0.13687139936099532,,
1986-10-08,,0.49164384988387955,,
1986-10-09,,0.69434476136595846,,
1986-10-10,,-0.16910230586923886,,
1986-10-13,,-0.00020453958817976501,,
1986-10-14,,-0.75008964021681923,,
1986-10-15,,0.10572892747644305,,
1986-10-16,,-0.28392814080791695,,
1986-10-17,,-0.03378486043472264,,
1986-10-20,,-0.35645034374664136,,
1986-10-21,,-0.051018717114239262,,
1986-10-22,,-0.33819976970780524,,
1986-10-23,,0.1873024475233549,,
1986-10-24,,0.19689985707352103,,
1986-10-27,,0.32759686203871657,,
1986-10-28,,0.16682254553364045,,
1986-10-29,,0.59136813004660749,,
1986-10-30,,0.12991352239412682,,
1986-10-31,,0.91949033326079077,,
1986-11-03,,0.28450871823066848,,
1986-11-04,,-0.19952909377430236,,
1986-11-05,,0.23765818077948458,,
1986-11-06,,0.42554812492602551,,
1986-11-07,,0.24517410727131478,,
1986-11-10,,-0.11256259479604463,,
1986-11-11,,0.030833654141295221,,
1986-11-12,,0.73798165714277653,,
1986-11-13,,-0.82550251068919012,,
1986-11-14,,0.001294167537807056,,
1986-11-17,,0.75673205355567874,,
1986-11-18,,-0.53529590036734154,,
1986-11-19,,0.62851530001648737,,
1986-11-20,,0.11756243549404773,,
1986-11-21,,0.88632477744726224,,
1986-11-24,,-0.67362527725606325,,
1986-11-25,,0.55507472654531975,,
1986-11-26,,0.042908368429071135,,
1986-11-27,,-0.026502537090449255,,
1986-11-28,,-1.0648360169205262,,
1986-12-01,,0.73772844458816111,,
1986-12-02,,1.3206312963562423,,
1986-12-03,,0.79119324022243753,,
1986-12-04,,-0.33731318203614225,,
1986-12-05,,-0.046772222529679948,,
1986-12-08,,0.038418436584851175,,
1986-12-09,,0.0030229966239527302,,
1986-12-10,,-0.42879875296889663,,
1986-12-11,,0.28809089509613262,,
1986-12-12,,-0.12293192118059604,,
1986-12-15,,0.061036532170957489,,
1986-12-16,,0.00092701560917294104,,
1986-12-17,,-0.18912053491015771,,
1986-12-18,,1.2397621843295907,,
1986-12-19,,-0.71976606462606174,,
1986-12-22,,0.093609428738677683,,
1986-12-23,,1.0266630308345368,,
1986-12-24,,-0.20631222394469767,,
1986-12-25,,-0.00074507301134431499,,
1986-12-26,,-0.00085795980498845105,,
1986-12-29,,0.1778646203761432,,
1986-12-30,,-0.031293928501880522,,
1986-12-31,,-0.57638953913048652,,
1987-01-01,,-3.9999999999999995e-18,,
1987-01-02,,0.63309266433843447,,
1987-01-05,,-0.10428698640262625,,
1987-01-06,,0.69301999574913531,,
1987-01-07,,0.21655862290328359,,
1987-01-08,,-0.84171997838431256,,
1987-01-09,,-0.06190457758584373,,
1987-01-12,,0.081765828956758685,,
1987-01-13,,0.99178277915588575,,
1987-01-14,,-0.66504644435852212,,
1987-01-15,,0.38497343468011253,,
1987-01-16,,-0.56581373815061475,,
1987-01-19,,-0.66946420605725843,,
1987-01-20,,0.2187507401350674,,
1987-01-21,,0.5459171779545291,,
1987-01-22,,0.72051107343215981,,
1987-01-23,,0.36374668919339265,,
1987-01-26,,-0.33015701731442532,,
1987-01-27,,-0.72453273528187245,,
1987-01-28,,0.80202184331080306,,
1987-01-29,,0.40280994775500606,,
1987-01-30,,0.39377740755461588,,
1987-02-02,,0.87500850879253711,,
1987-02-03,,-0.23897479108749828,,
1987-02-04,,0.69324978738998833,,
1987-02-05,,-0.53737621751727793,,
1987-02-06,,-0.2961956341572457,,
1987-02-09,,-0.92488218972915248,,
1987-02-10,,0.2033440305535118,,
1987-02-11,,1.1838794751574588,,
1987-02-12,,0.41039457799156326,,
1987-02-13,,0.060880417907754544,,
1987-02-16,,-0.066386577810455857,,
1987-02-17,,-0.043471212631119985,,
1987-02-18,,1.4552400111809538,,
1987-02-19,,-0.25394418752306996,,
1987-02-20,,-1.2629340543570022,,
1987-02-23,,-0.25530057564561603,,
1987-02-24,,-0.22824964951785465,,
1987-02-25,,-0.59169181463466047,,
1987-02-26,,-0.62163672230522982,,
1987-02-27,,0.92889228800656853,,
1987-03-02,,0.31920534945267898,,
1987-03-03,,-0.072243241003779199,,
1987-03-04,,0.07941370451940398,,
1987-03-05,,0.4819035564682243,,
1987-03-06,,1.0205139708500639,,
1987-03-09,,-0.029717920512127658,,
1987-03-10,,1.1986244964482298,,
1987-03-11,,0.62533959526747185,,
1987-03-12,,1.214803693479299,,
1987-03-13,,-0.016121608231628535,,
1987-03-16,,-0.82894595197020637,,
1987-03-17,,1.0809794070983159,,
1987-03-18,,0.46404911814835959,,
1987-03-19,,-0.41112563932209845,,
1987-03-20,,0.15282803918866852,,
1987-03-23,,-0.57333559055586858,,
1987-03-24,,-1.3052626460362791,,
1987-03-25,,-0.68289073163915082,,
1987-03-26,,0.35616402564386035,,
1987-03-27,,-0.7069927018447677,,
1987-03-30,,-1.1918221853898732,,
1987-03-31,,-0.59268104481020245,,
1987-04-01,,0.49080572065555378,,
1987-04-02,,-0.30538874309919672,,
1987-04-03,,-0.77669035497131389,,
1987-04-06,,0.90449702882584271,,
1987-04-07,,-0.56793463059300942,,
1987-04-08,,0.26975584232829902,,
1987-04-09,,-1.4384844794876697,,
1987-04-10,,-0.64536850748205277,,
1987-04-13,,-1.3727173275136939,,
1987-04-14,,0.12736822273222678,,
1987-04-15,,1.0379941563438921,,
1987-04-16,,1.5245634553399505,,
1987-04-17,,0.00018049772022575201,,
1987-04-20,,-0.78834150631811095,,
1987-04-21,,0.16663653537098846,,
1987-04-22,,0.067982974759583398,,
1987-04-23,,-1.6290129937357116,,
1987-04-24,,-0.75597110045442828,,
1987-04-27,,1.1130234545280313,,
1987-04-28,,-0.43965678837287792,,
1987-04-29,,1.2378128677941374,,
1987-04-30,,0.4205374230686158,,
1987-05-01,,-0.15111118801891665,,
1987-05-04,,-0.25040323450095875,,
1987-05-05,,1.4903619511475115,,
1987-05-06,,0.020443089774416473,,
1987-05-07,,0.1531324894522926,,
1987-05-08,,-0.25463740800418644,,
1987-05-11,,-0.070651886855893797,,
1987-05-12,,1.7298156442413639,,
1987-05-13,,-1.3226368344096586,,
1987-05-14,,-0.97027407229845919,,
1987-05-15,,-0.82776529838430091,,
1987-05-18,,0.00011027666885711401,,
1987-05-19,,-0.99877040538692108,,
1987-05-20,,0.71698046126427739,,
1987-05-21,,0.35017892975891091,,
1987-05-22,,1.4886170772861804,,
1987-05-25,,0.13309116812168389,,
1987-05-26,,1.6095831254676392,,
1987-05-27,,0.29593360561785037,,
1987-05-28,,-0.67187793828614739,,
1987-05-29,,-0.78450814383070355,,
1987-06-01,,0.57452891431595221,,
1987-06-02,,-1.3164170626642779,,
1987-06-03,,0.51155918262491873,,
1987-06-04,,0.57319748645713264,,
1987-06-05,,-0.23578295383070041,,
1987-06-08,,0.6452376591617176,,
1987-06-09,,-0.87266550376948471,,
1987-06-10,,0.27375102775700572,,
1987-06-11,,0.061089061896714363,,
1987-06-12,,1.0298346215655618,,
1987-06-15,,0.64539185496052665,,
1987-06-16,,-0.27453374175868445,,
1987-06-17,,-0.23544663288493414,,
1987-06-18,,0.32684859475174499,,
1987-06-19,,0.82759253546588751,,
1987-06-22,,1.2693796081783733,,
1987-06-23,,-0.4791726415857076,,
1987-06-24,,-0.41863154512293044,,
1987-06-25,,0.31209193357824166,,
1987-06-26,,-0.55343074560612993,,
1987-06-29,,0.0028290876246872742,,
1987-06-30,,-0.74356847664934334,,
1987-07-01,,-1.9999999999999998e-18,,
1987-07-02,,0.54610044059313123,,
1987-07-03,,-0.11802138767050971,,
1987-07-06,,-2.0322475856576392,,
1987-07-07,,4.5625475884782185,,
1987-07-08,,0.57745287161329806,,
1987-07-09,,-1.4644536944940731,,
1987-07-10,,-0.16538271232677687,,
1987-07-13,,0.06687076315910552,,
1987-07-14,,0.47159563833784462,,
1987-07-15,,-0.44220498985053819,,
1987-07-16,,0.67232943960837699,,
1987-07-17,,0.22473538090640172,,
1987-07-20,,1.1671228658489674,,
1987-07-21,,-0.40380322881420022,,
1987-07-22,,-0.87940380571107857,,
1987-07-23,,0.44588366441618599,,
1987-07-24,,-0.58438581802016976,,
1987-07-27,,-0.19956143163862933,,
1987-07-28,,-0.098395688520349953,,
1987-07-29,,-0.16876322738735297,,
1987-07-30,,-0.49697615324496619,,
1987-07-31,,-0.5065861551059726,,
1987-08-03,,-9.9999999999999988e-19,,
1987-08-04,,-0.36802387674460835,,
1987-08-05,,0.474564909103664,,
1987-08-06,,0.20844767628796479,,
1987-08-07,,0.12407084093814982,,
1987-08-10,,-1.0384539985169516,,
1987-08-11,,-0.027561718822359731,,
1987-08-12,,-0.3269220524159076,,
1987-08-13,,1.0019101967979072,,
1987-08-14,,1.0094189360341554,,
1987-08-17,,-0.57965094205056156,,
1987-08-18,,-0.97705656801931429,,
1987-08-19,,-0.43899213906133533,,
1987-08-20,,0.20076216762196344,,
1987-08-21,,0.21901061744362757,,
1987-08-24,,-0.95793001163794933,,
1987-08-25,,0.047454432124680888,,
1987-08-26,,-0.43411303561317477,,
1987-08-27,,0.25230522116304877,,
1987-08-28,,-0.59193557425710652,,
1987-08-31,,0.29798688537778195,,
1987-09-01,,0.038350717823274386,,
1987-09-02,,-1.5558169544888798,,
1987-09-03,,0.044602199497151024,,
1987-09-04,,-0.58694364015860501,,
1987-09-07,,0.00052372591150143298,,
1987-09-08,,0.070719245685289547,,
1987-09-09,,-0.42548813914382666,,
1987-09-10,,-0.11778943130226417,,
1987-09-11,,0.46414727004316725,,
1987-09-14,,0.0066027790509520226,,
1987-09-15,,-1.3833782936090782,,
1987-09-16,,0.37780162250716937,,
1987-09-17,,-0.11171862691582359,,
1987-09-18,,0.19713901975936815,,
1987-09-21,,0.25942382290427607,,
1987-09-22,,0.20729486388808852,,
1987-09-23,,0.7655280592695991,,
1987-09-24,,-0.11672555207751854,,
1987-09-25,,-0.19611042894139924,,
1987-09-28,,-0.011164676904786298,,
1987-09-29,,0.22033272919828573,,
1987-09-30,,0.44245502922795071,,
1987-10-01,,0.15852530734762788,,
1987-10-02,,0.69796656887384223,,
1987-10-05,,0.014532101999673362,,
1987-10-06,,1.1480981905493226,,
1987-10-07,,0.36532792215947368,,
1987-10-08,,-0.72426321682601769,,
1987-10-09,,0.092306353265317012,,
1987-10-12,,-0.00045597295955912998,,
1987-10-13,,1.0743577637815247,,
1987-10-14,,0.67580580486672981,,
1987-10-15,,-0.14399164443561477,,
1987-10-16,,-0.025798351284393246,,
1987-10-19,,-1.0910566908172838,,
1987-10-20,,1.6930874416900419,,
1987-10-21,,-2.057215163325897,,
1987-10-22,,-1.980141437769712,,
1987-10-23,,0.56775320647595939,,
1987-10-26,,1.5970128866982514,,
1987-10-27,,0.38601740159130321,,
1987-10-28,,-0.078081866935169136,,
1987-10-29,,0.842585629239195,,
1987-10-30,,0.54532164418814644,,
1987-11-02,,-0.67394872901999148,,
1987-11-03,,0.13214916122739784,,
1987-11-04,,0.10706843410185325,,
1987-11-05,,1.9537182083855569,,
1987-11-06,,-0.79883275172138424,,
1987-11-09,,0.34111267207527712,,
1987-11-10,,-0.056104955081249401,,
1987-11-11,,-0.27909961445342568,,
1987-11-12,,-0.86739809862317629,,
1987-11-13,,-1.7330856355535484,,
1987-11-16,,-0.83503629263791102,,
1987-11-17,,0.32851210689370325,,
1987-11-18,,0.40009449848073791,,
1987-11-19,,-0.38128411267950657,,
1987-11-20,,-0.2505453512901058,,
1987-11-23,,-0.61139867668027492,,
1987-11-24,,-0.43731283952079908,,
1987-11-25,,-1.0916564033055958,,
1987-11-26,,-0.37879650728423309,,
1987-11-27,,-3.0794567441278993,,
1987-11-30,,0.71294584055235699,,
1987-12-01,,0.37664515941069965,,
1987-12-02,,0.020935422915559734,,
1987-12-03,,1.2478096833448276,,
1987-12-04,,1.4467827118946612,,
1987-12-07,,-0.24122455440920532,,
1987-12-08,,-0.02401888915209455,,
1987-12-09,,-0.31680789982863244,,
1987-12-10,,-1.6316297995783924,,
1987-12-11,,-0.31440187013130139,,
1987-12-14,,-0.40217933665728078,,
1987-12-15,,1.928659435542317,,
1987-12-16,,0.4660223918251572,,
1987-12-17,,0.30582366289705926,,
1987-12-18,,0.61017917385946885,,
1987-12-21,,0.53396388347406398,,
1987-12-22,,-0.91706960723954667,,
1987-12-23,,0.11085484908468579,,
1987-12-24,,-0.37754136277763978,,
1987-12-25,,-0.00056725604904811695,,
1987-12-28,,0.77447896710346709,,
1987-12-29,,-0.064184472193536637,,
1987-12-30,,0.44846573548784224,,
1987-12-31,,-0.3408474331384666,,
1988-01-01,,-3.0000000000000002e-18,,
1988-01-04,,1.477627365086738,,
1988-01-05,,0.29199697047827416,,
1988-01-06,,-1.6713335109281535,,
1988-01-07,,-0.63405173013854554,,
1988-01-08,,0.49336027385077624,,
1988-01-11,,-0.54734138643072572,,
1988-01-12,,-0.13074446912721205,,
1988-01-13,,-0.37852029258959574,,
1988-01-14,,0.32749634058950255,,
1988-01-15,,1.0695795054690853,,
1988-01-18,,0.082343975794884575,,
1988-01-19,,-0.20322712475704191,,
1988-01-20,,-0.6513706935244602,,
1988-01-21,,0.42277274028588951,,
1988-01-22,,0.71069302066763074,,
1988-01-25,,-0.052194518276646389,,
1988-01-26,,-0.2295396823772021,,
1988-01-27,,0.017633809794952708,,
1988-01-28,,-0.24844394816820858,,
1988-01-29,,1.1667853503084544,,
1988-02-01,,0.48541381427761843,,
1988-02-02,,-0.57298671451410477,,
1988-02-03,,0.98697055505272591,,
1988-02-04,,-0.010605852191864655,,
1988-02-05,,0.55725727844546524,,
1988-02-08,,-0.52525053113644471,,
1988-02-09,,-0.32744569296395987,,
1988-02-10,,0.59082521002995436,,
1988-02-11,,0.72950814626365601,,
1988-02-12,,-0.62672562490930839,,
1988-02-15,,0.14177787350130644,,
1988-02-16,,0.55754720257046442,,
1988-02-17,,-0.62379740132275274,,
1988-02-18,,0.13118168379589945,,
1988-02-19,,-0.058969975014710657,,
1988-02-22,,0.23619434093455882,,
1988-02-23,,0.4006241088990079,,
1988-02-24,,0.19742277111574291,,
1988-02-25,,1.0040669656872674,,
1988-02-26,,-0.12286879987390296,,
1988-02-29,,-0.21747366914622798,,
1988-03-01,,0.13877661061737859,,
1988-03-02,,-0.085260477739243876,,
1988-03-03,,-0.29751070771403121,,
1988-03-04,,-1.1997414030927038,,
1988-03-07,,-0.86082652111792135,,
1988-03-08,,-0.91703205146393474,,
1988-03-09,,0.17775481307567442,,
1988-03-10,,0.5934128691936007,,
1988-03-11,,-0.15479885462194132,,
1988-03-14,,-0.50764010623560873,,
1988-03-15,,0.28846410285646812,,
1988-03-16,,-0.16017051955803049,,
1988-03-17,,-0.016076783143987108,,
1988-03-18,,0.28794231661861658,,
1988-03-21,,-0.40894114269182547,,
1988-03-22,,0.54028858534229174,,
1988-03-23,,0.57974681429392605,,
1988-03-24,,-0.47206526812405464,,
1988-03-25,,-0.23518117004330713,,
1988-03-28,,-0.52127543341284255,,
1988-03-29,,-0.39093817742373277,,
1988-03-30,,-1.6119274775807662,,
1988-03-31,,-0.62479268848138381,,
1988-04-01,,3.9999999999999995e-18,,
1988-04-04,,0.071501738650445415,,
1988-04-05,,0.3943887215447634,,
1988-04-06,,0.82038451065065476,,
1988-04-07,,-0.10031794884423512,,
1988-04-08,,-0.099098685175972451,,
1988-04-11,,1.1723466125724407,,
1988-04-12,,0.081662385428061326,,
1988-04-13,,0.39915082475928726,,
1988-04-14,,-0.57672354552504612,,
1988-04-15,,-0.27695163721070443,,
1988-04-18,,0.47556790175763636,,
1988-04-19,,-0.073480918519497243,,
1988-04-20,,-0.54343740438656152,,
1988-04-21,,-0.33612524984117609,,
1988-04-22,,-0.0037161239773337712,,
1988-04-25,,0.52052640296040797,,
1988-04-26,,0.069004565088829226,,
1988-04-27,,-0.430991720701486,,
1988-04-28,,-0.12394787880012759,,
1988-04-29,,-0.2768769220125456,,
1988-05-02,,0.27445046577561544,,
1988-05-03,,-0.2034328621134496,,
1988-05-04,,0.072680354343490405,,
1988-05-05,,1.2685030053484023,,
1988-05-06,,0.14797134206442356,,
1988-05-09,,-0.44497530163229609,,
1988-05-10,,-0.67139629148386537,,
1988-05-11,,0.22182259571247054,,
1988-05-12,,0.34802402691305651,,
1988-05-13,,-0.19018566823239111,,
1988-05-16,,0.72821562595433531,,
1988-05-17,,-0.74656043189212118,,
1988-05-18,,0.27507915880320338,,
1988-05-19,,-0.070249514196230323,,
1988-05-20,,0.030229445085451279,,
1988-05-23,,-0.00024300552691970301,,
1988-05-24,,-0.38314261343766881,,
1988-05-25,,0.20272965428158393,,
1988-05-26,,-0.36524906986268252,,
1988-05-27,,-0.057263329516569955,,
1988-05-30,,0.0027403325651853532,,
1988-05-31,,-0.27011509319411242,,
1988-06-01,,0.50872917534195117,,
1988-06-02,,-1.1916351395713631,,
1988-06-03,,-0.95957398509312486,,
1988-06-06,,0.40819812399062866,,
1988-06-07,,0.88979133405546729,,
1988-06-08,,0.44555089958380167,,
1988-06-09,,-0.18078539151216794,,
1988-06-10,,0.6717092446057964,,
1988-06-13,,-0.42677203040709411,,
1988-06-14,,0.08716548046241468,,
1988-06-15,,-0.26045490676233729,,
1988-06-16,,-0.29005569277709048,,
1988-06-17,,0.11921439250963085,,
1988-06-20,,0.56414376749662232,,
1988-06-21,,0.30578121870587183,,
1988-06-22,,0.38279964714466719,,
1988-06-23,,0.026454806126966376,,
1988-06-24,,0.16209614888551954,,
1988-06-27,,0.67088380913098766,,
1988-06-28,,0.60408299512247077,,
1988-06-29,,0.099583912042920469,,
1988-06-30,,0.00081837740879447799,,
1988-07-01,-0.49128489298890043,-1.9999999999999998e-18,0.068936780380033313,
1988-07-04,1.5692332807357898,-9.9999999999999988e-19,-0.79353161570599651,
1988-07-05,1.7757896694744975,-0.09717967777621983,0.25702943042890514,
1988-07-06,1.4669249422538837,0.17304460147429557,0.86628485601260419,
1988-07-07,0.27791711201359648,-0.22966266990729547,1.9686535937715952,
1988-07-08,-0.74154729771936811,0.095279786030372515,0.40337527580544447,
1988-07-11,-2.5892338694959638,-0.066953656046076476,-0.087715023556971902,
1988-07-12,0.19323585702803267,-0.031449509606408993,1.050928676164516,
1988-07-13,-0.23648942906064827,0.027683612909290306,0.58527426015491879,
1988-07-14,0.8686742928573008,-0.57952027491727165,1.1359621940771276,
1988-07-15,-0.30789130791489394,0.31083066957159977,0.098718946353048467,
1988-07-18,0.48267733541488,0.32798006107598099,0.34732621304090661,
1988-07-19,1.5381820211849024,-0.26632206907918665,-0.28558976620304477,
1988-07-20,-0.23973042302092973,-0.17553114214200491,3.5413870695155358,
1988-07-21,0.48540993923983555,-0.13073583654488644,1.8758991827452978,
1988-07-22,1.6659809781922754,0.3777034146288854,-0.4621860024135202,
1988-07-25,-0.34084890141644636,1.1436651585646265,0.11964111379697065,
1988-07-26,1.1151550616691102,0.25453573559760739,-0.40936864688597568,
1988-07-27,-0.0075186760374843908,0.025601715907503823,0.58617535468109838,
1988-07-28,1.3623074031832081,0.011895623002437638,0.19941435390983808,
1988-07-29,0.094595753570283228,-0.45373835523466655,-1.2016147804941779,
1988-08-01,0.0072951119544129939,-6.9999999999999997e-18,-0.22474698774402374,
1988-08-02,-0.77319731919970691,0.4702381102388617,-0.8123283061199561,
1988-08-03,-1.0258054690894074,0.35141501375713807,0.77065687454064336,
1988-08-04,1.9850830700639366,0.36599370115145202,-0.6108090379312866,
1988-08-05,-0.59262456099503491,0.040709190264880971,-1.456417719853234,
1988-08-08,-0.41861505500939822,0.10242809450845686,0.1310697812976698,
1988-08-09,0.45142072455401544,0.63004774967749233,0.17790200202598486,
1988-08-10,0.67671506828016581,0.087747099482413479,0.29374580050014343,
1988-08-11,-0.15544244924069081,0.15880356292701628,1.5312764213668344,
1988-08-12,2.7182430397123003,-0.27651587694360241,-0.62237487754551546,
1988-08-15,0.076461946287425933,0.19517467621880127,-0.3464411252234339,
1988-08-16,-0.22376648615887443,-0.24702942493708191,-0.48811577904400527,
1988-08-17,0.59832962237974729,-0.6527009828242929,0.061808294271131207,
1988-08-18,-0.047893576519746593,-0.083150350477566332,1.0724731911352894,
1988-08-19,2.7668992483864896,0.091890477447094138,0.31264168336479659,
1988-08-22,0.32049324453558958,0.28891514348665909,0.20847785734788399,
1988-08-23,0.63469963824007736,-0.15614515688385747,0.20168510272519105,
1988-08-24,0.51704814127564835,-0.61041351466571159,-1.3254032363318957,
1988-08-25,-0.36676931386796952,-0.40726903679874898,-0.28401391683169608,
1988-08-26,0.0023998812333282139,-0.11632693874109874,-0.57958472131277605,
1988-08-29,0.062964340215474354,-0.11120212627032812,-1.4972732325491818,
1988-08-30,-0.0062502595489591535,0.27370201235375646,-0.12869384476627807,
1988-08-31,-1.7285923755464376,0.081036448988168017,0.43919980296581679,
1988-09-01,-0.4516618028866759,0.64192354252009376,-0.26379594807073037,
1988-09-02,0.33896120543573116,0.20252042562650907,-0.75965464708927755,
1988-09-05,-1.6345711272789016,-0.00024481514111694501,0.6806632980334687,
1988-09-06,-0.16857780941558154,0.21676573786146786,-0.49451648079715499,
1988-09-07,1.0622580587712118,0.20742919210178973,-0.26580371633516786,
1988-09-08,1.5880623277359653,0.062629448934313423,-0.1549413900048584,
1988-09-09,0.80213732495724344,0.60514452194376489,-0.15411603215528655,
1988-09-12,0.79983724237529996,-0.19130364718409518,0.18150472089986625,
1988-09-13,1.5756436195614061,-0.080369868626665855,0.49920274400329179,
1988-09-14,-0.36768377235029653,-0.22293416162805624,-0.24527156710964965,
1988-09-15,-0.14255093129913093,0.042842758544412433,0.000289194734608216,
1988-09-16,0.403041187693225,0.39604304732389284,1.2028038343544403,
1988-09-19,2.0035567336816866,0.2435607570368655,-0.066531215232372778,
1988-09-20,1.7175823525462,-0.014117197099949137,-0.39749610750811765,
1988-09-21,4.6414063045565959,0.59521911926225624,-0.58554724193505669,
1988-09-22,-3.5764441408750605,0.16301912022566228,-0.37473262937267005,
1988-09-23,3.4390202789045614,0.17777925230490346,0.00035755871364356797,
1988-09-26,0.36066133126163569,0.087832841491283009,0.22698107503858023,
1988-09-27,-1.3791194260933355,-0.34395560154415417,-0.03971390624365205,
1988-09-28,-0.12762181776993925,0.30086467215701018,-0.83624896444058727,
1988-09-29,-0.25187158221162259,-0.80446471171577305,0.0082603733318470512,
1988-09-30,1.4932087899648159,0.38127830341701263,-0.47837696568366012,
1988-10-03,-1.5026435466917909,-0.56025880137530681,-0.92656976528993684,
1988-10-04,0.080035857581218325,0.010335018027466872,-0.76631161924960745,
1988-10-05,-1.1022565576432959,-0.34594650404578708,-0.27102900467778268,
1988-10-06,-0.7259429930948641,-0.79413946523371881,-0.4376468579543506,
1988-10-07,0.45387008461974382,-0.11660406815783464,0.51242329687115595,
1988-10-10,-1.5692539578342355,0.00053012228349583396,0.00055582091521405802,
1988-10-11,1.4653325470923368,-0.2564647637389289,0.13123326499501065,
1988-10-12,0.39084802825857473,-0.35031465649959065,-0.22692568991076698,
1988-10-13,0.86536430100057693,0.17961411764285282,-0.98678971910760527,
1988-10-14,-0.73087327855952688,-0.05879925117692536,-0.089880963100597511,
1988-10-17,2.3149069342553092,-0.16672182501629207,0.29290729371714086,
1988-10-18,1.1969377355458437,-0.20556510592009714,0.15981240826087842,
1988-10-19,0.37457588987642976,0.80997742905183479,0.53733203023571929,
1988-10-20,0.78352711938126929,0.088565253179345549,-0.063245864532229731,
1988-10-21,-0.60143407750693911,0.41304684011076453,-0.34301707619623678,
1988-10-24,-1.2969375212534855,0.4455777358779745,-0.050019940715438811,
1988-10-25,-1.6800203549011632,0.20361748681950725,0.84764428148430027,
1988-10-26,2.9057110264918333,-0.011546552712601951,0.26583946328098773,
1988-10-27,-0.65463414680958365,0.43620399379890762,-1.1332462248765953,
1988-10-28,0.93086356683712079,-0.62768614480737739,-0.96370602198443089,
1988-10-31,0.27952729884034905,-0.21287542293887213,0.94581839937616929,
1988-11-01,0.23303031229933321,-0.10533923767050662,-0.62884102434683009,
1988-11-02,0.002310135093164549,-1.1985300512663202,-0.61744209145533457,
1988-11-03,1.6336088441474304,-0.26348230512675785,-0.0019820081794692688,
1988-11-04,2.388997393426552,0.51370281928552308,-0.81016417688936704,
1988-11-07,1.7813122718649783,0.09723431487753563,-0.95503429366868253,
1988-11-08,-0.48999040253136827,0.15782718427869258,0.9625314767637585,
1988-11-09,-0.41813809985998418,-0.090149987377583451,-0.41063065959751438,
1988-11-10,-0.70654655996006666,0.26076715297242037,-0.63168872125754882,
1988-11-11,-0.23225012713568111,-0.11036629905856886,-0.19866340628386553,
1988-11-14,-0.31298385546937973,0.012318881077595689,-0.35863133075473419,
1988-11-15,-0.67285237080919857,-0.30333020925349752,-0.41763410794260186,
1988-11-16,-0.75104113719447418,0.23563098010630079,1.438617031264402,
1988-11-17,3.4342751410930954,-0.064044361343929421,1.3104384108015854,
1988-11-18,0.47029828544528729,0.1201712208190894,-0.12779572487081317,
1988-11-21,-2.2850591212341991,0.052615669514267702,0.086120477886236141,
1988-11-22,0.073796088962475331,0.34840358000194466,-0.23072901826497921,
1988-11-23,-0.85589471289650598,0.3003666166870877,-0.0011606411933702469,
1988-11-24,0.0030780761801670565,-0.072165146726762927,1.2477682099334302,
1988-11-25,2.2808629828257447,-0.41110776518422393,0.64233294256867979,
1988-11-28,-0.61906837942889603,0.27820102701116867,0.91099824008363739,
1988-11-29,0.0029191438196334708,0.23894466472416309,0.75259760163410649,
1988-11-30,0.098723635606310339,-0.57690024424506969,-0.32451531782870413,
1988-12-01,-0.7589232337291355,-0.086787676335936273,0.47975141764369328,
1988-12-02,-1.4743703143073805,-0.45012224617216334,-0.40178541496302722,
1988-12-05,-1.3264661930805395,0.13067847141659636,-0.61712151443602803,
1988-12-06,-0.10629418185672171,0.58170814114117952,-0.14723387910871333,
1988-12-07,-1.4857848305389687,0.11475857377171908,-0.22843793177330898,
1988-12-08,-0.76853275537507926,0.17562302092953447,0.2531513426539419,
1988-12-09,-3.1608651142256279,0.44802091214455358,0.12194289588219864,
1988-12-12,1.3259750375056569,0.48544679304289129,-0.27425871548161573,
1988-12-13,-0.63055084747460577,-0.58927520284409673,0.25472031740554912,
1988-12-14,-0.93085434706589609,0.2169648250702301,1.4732125589570897,
1988-12-15,-1.0461489952297205,0.52020211514433812,-0.45158761974444744,
1988-12-16,0.63445955819569333,-0.28503680912733376,0.07510851417063652,
1988-12-19,-0.39101521566648267,0.29884255898024736,2.0149467332315378,
1988-12-20,-0.77311327646988992,0.54514726195827645,-0.282607324015067,
1988-12-21,-0.29771566151701107,0.36580897598511108,-0.19426856924792407,
1988-12-22,0.3106427933820331,-0.082015434607374677,0.20510401033289496,
1988-12-23,-1.0788046690640951,0.17983165559245445,-0.28696759223825863,
1988-12-26,0.0040199218147515545,-0.00079077866088299396,-0.94179246304218167,
1988-12-27,0.0040185016793999363,0.29908012746803919,-0.015427369198553302,
1988-12-28,1.4480414540883428,0.33670789862214029,-0.2564190652715278,
1988-12-29,-1.0049373518607072,0.54210210598668185,-0.00063783106788282301,
1988-12-30,0.28892589987871115,-0.54385134434838578,-0.0053268200690845414,
1989-01-02,-0.1619291090350107,0,-0.00064493743182637896,
1989-01-03,1.5046302176512996,0.040519081476305695,-0.0058041795694625201,
1989-01-04,0.48552961821407348,0.17707825921566164,0.44889472909841605,
1989-01-05,-0.96900234555271136,0.74092694480680921,0.26974725964139351,
1989-01-06,1.6845322184600311,0.74053470261081555,-0.033711012805083276,
1989-01-09,0.46416994832729275,0.59105721685291523,0.32205272795223172,
1989-01-10,-0.43552381084564862,-0.53956476441291212,0.76046160352434011,
1989-01-11,-1.1729282867951663,-0.073414817956333409,0.0025374307022419519,
1989-01-12,-1.0207507931251414,-1.1628625737865874,-0.86902900966627905,
1989-01-13,0.5970935851627488,0.18463715244062315,-0.15965579526229118,
1989-01-16,0.28073586161300623,0.059039272064317048,0.0084118963235530579,
1989-01-17,0.16695640185184729,0.45565595526800562,0.42078503538771617,
1989-01-18,-0.069843403640592494,-0.51662568339610471,-0.69323039726637337,
1989-01-19,-1.4165287468399168,-0.45322685129692181,-0.60039777430154317,
1989-01-20,-1.5739336171780041,-1.873296235078914,-0.40451313643020803,
1989-01-23,-1.7962677522338699,-0.83989490721476034,-0.0047832500846880658,
1989-01-24,0.79845874749016421,0.20958778708621431,0.096547191414360883,
1989-01-25,0.59885852751794189,0.3204521513706261,-0.017842563265168608,
1989-01-26,0.94426569068876975,-0.054297956147619522,-0.17018515879440854,
1989-01-27,-0.89330058770956711,1.9925293530114809,1.6061068033652006,
1989-01-30,0.27234927008316123,0.22934011446073838,0.27123708057926632,
1989-01-31,1.8274220060801423,0.88946725480772726,-0.057130943228583572,
1989-02-01,0.87010070677740414,-0.25228533739164699,-0.58411749372715527,
1989-02-02,0.49840785635534673,-0.077539134628886744,-1.3006805351048438,
1989-02-03,-0.91271054227785309,-0.64191386701176922,0.018945440261024606,
1989-02-06,-1.546926521093724,-0.13518483140781046,-0.58425598149905345,
1989-02-07,-0.794749724663116,-0.37983653744601414,-1.0356434789717939,
1989-02-08,2.3653222271903811,-0.40361657227328185,-0.3176464930329263,
1989-02-09,2.3574123866755268,-0.38095853154999471,1.4169676674002083,
1989-02-10,1.1671806213902229,0.064564023033495815,-0.78598214974122882,
1989-02-13,-1.9475359133232135,0.017447319638742308,-0.46480492547948687,
1989-02-14,0.39871598390697255,-0.44353740309692019,-0.33293152907218998,
1989-02-15,-2.5533118263610257,0.34525719691939977,-0.65920526160910309,
1989-02-16,-1.8010230506921507,-0.3090959231799062,0.019928588939311851,
1989-02-17,0.85495886353048589,0.088433487436006666,-0.95746783314221529,
1989-02-20,0.092220301852811146,0.00085450261932673707,-0.88753712895408132,
1989-02-21,-0.88595814558756725,-0.0067279184829955379,-0.050438997809109085,
1989-02-22,2.0498495494738416,-0.43371581984124641,0.84961858072681007,
1989-02-23,-0.61521423933237718,-0.71628313887753936,1.0551957129938301,
1989-02-24,0.19797135664064028,-0.20755436566441995,0.002095399133066183,
1989-02-27,-1.5858784448202039,-0.039835571451446297,0.56247515554107796,
1989-02-28,-1.5547234170298412,0.11409118339000682,0.20329330491336831,
1989-03-01,-0.72089471108142933,0.81328480667694159,-0.23819511721640269,
1989-03-02,-0.37366534985912042,0.024725289393574011,-0.36805312965639764,
1989-03-03,-1.5593328726249753,-0.11001988982558464,-0.63797355140162981,
1989-03-06,-0.45231055790808489,0.11503033378775086,-0.66222567732693949,
1989-03-07,0.030381021143877043,-0.36620873593504838,-0.26550817423502826,
1989-03-08,2.5261979561765555,0.43142907594068708,0.6723817701351722,
1989-03-09,0.89860703328925018,0.15257442306710803,0.3429859635885833,
1989-03-10,-0.42541791350599534,0.16548712057089565,0.18686930689437425,
1989-03-13,-1.1886958503539051,0.019535210265771048,-0.16789259220078398,
1989-03-14,0.2595221559908838,0.12957437222341095,0.60897013104551811,
1989-03-15,0.34405736035637907,0.47793014661391364,0.84007182855792129,
1989-03-16,-0.45208991724404213,0.080487613214203765,0.05421451020501545,
1989-03-17,0.95810050784095779,0.052132877376067741,-0.53052434022966777,
1989-03-20,0.80686370793860029,-0.45885780591634973,-0.28325927821079677,
1989-03-21,0.35582190499577476,0.12866184439753628,-0.00137060232828967,
1989-03-22,0.43929069690044192,-0.28824875636845232,-0.13716093023410017,
1989-03-23,-0.53840113151900093,0.16045015129178797,0.65963738680372674,
1989-03-24,-0.00028967505459714102,-0.00052529444714433202,0.22521254308512348,
1989-03-27,-0.000289575005491783,-0.090214272922372302,-0.058945434514597397,
1989-03-28,-0.52676852363235582,0.74327485437262297,0.17400199457551963,
1989-03-29,-0.70721570668198575,0.35956441211064144,-0.45710648542214899,
1989-03-30,0.92651792588835846,0.33353305981233422,-2.0679315315680666,
1989-03-31,-2.3593983567476862,0.37773016337240906,0.076704050957426093,
1989-04-03,0.36414385086750961,0.058422703437152182,0.60956554840065558,
1989-04-04,1.1595962244868769,0.23665691189458982,0.68331305845048973,
1989-04-05,0.86593666487166532,0.22325069843270348,-0.071922296317147083,
1989-04-06,-0.27065819815466996,0.09244668648088325,-0.15924722318585977,
1989-04-07,1.2045432968912979,0.53195019560617163,-1.0684597568998191,
1989-04-10,-1.803904347690978,-0.50625919244142192,-0.14093611328470262,
1989-04-11,-2.1669994879265415,-0.19291983019601541,0.99841902095109469,
1989-04-12,-0.74071501762885028,-0.16567656460611829,1.2992661047887271,
1989-04-13,0.17060358891766123,-0.27153019173202914,0.62764151669097257,
1989-04-14,0.83311712604489474,0.73392065069727863,-0.57225784319810891,
1989-04-17,-0.12302520383325546,0.00095838028251069506,-0.70453530681289178,
1989-04-18,-0.56108758160502603,0.40458143738144742,-0.24274410269961616,
1989-04-19,2.1350309506884138,0.46464456653201824,-0.27152107249203444,
1989-04-20,-0.32767879695561519,-0.054309765464480686,0.24183378870205285,
1989-04-21,-0.21893207259043615,-0.083320574191651467,0.56230417224301632,
1989-04-24,-1.1943473563438236,-0.58884668388156991,0.12338306490378914,
1989-04-25,-0.44712050636476336,0.14832370657321065,0.3451585718582833,
1989-04-26,-0.0045529668129182937,-0.080904445019392243,-0.012371670150366186,
1989-04-27,0.50257047181393244,0.55144613428427447,-0.90846158757581907,
1989-04-28,-1.3273791786815536,0.90503756966028703,0.45150587568296907,
1989-05-01,-3.0000000000000002e-18,-0.044140066115986712,0.47318580759510609,
1989-05-02,0.35881346117204277,0.11152213559391574,0.411670700560545,
1989-05-03,0.54369080480689647,-0.26865954659158642,0.0011245081783465959,
1989-05-04,-1.1609106450516204,-0.41937963027610847,-0.0020767458299786401,
1989-05-05,-1.3971054953712871,0.47371339783312999,0.00097765957731425985,
1989-05-08,0.40138289608609823,0.024523115949232212,0.15075670853646889,
1989-05-09,-0.89937384341304583,0.020313486059129755,1.1243569629781407,
1989-05-10,0.67117338404047255,0.12967857365663024,-0.50663173934352568,
1989-05-11,0.057067885065229959,-0.71705414265257239,-0.185456424293374,
1989-05-12,0.31793796102044153,0.019095086614600059,-0.10356604620718869,
1989-05-15,-1.5771160752856144,0.098330626410968347,0.2148644773806056,
1989-05-16,-2.5138257002596029,-0.4095556692604963,0.81067186763008481,
1989-05-17,-1.8103196229106235,0.16147486829500637,-0.65996556921572525,
1989-05-18,-1.1354521373563591,0.10539948251001049,0.3115378298819671,
1989-05-19,0.52427383170766451,0.86418002458701038,0.79990905315957284,
1989-05-22,1.1381506409289561,-4.6895951407822002e-05,1.2854697631252407,
1989-05-23,-1.383003524447016,0.4534637210110079,-0.21989792844706399,
1989-05-24,-1.4528340533024318,-0.24605144134371248,-1.5383519601095645,
1989-05-25,0.66570353104674185,-0.36282641433621443,0.78383332384700277,
1989-05-26,-1.0417087191354417,-0.34316718485065351,-0.47368175249997929,
1989-05-29,0.0034711136305719472,0.014714285383299186,0.41792776386002756,
1989-05-30,-1.2167289423925591,0.54354670947141426,-0.37675080401578054,
1989-05-31,0.55288613110779772,-0.015896079035834357,1.1443306723702782,
1989-06-01,1.2405941493305133,0.019369290977253269,1.3285375265704487,
1989-06-02,0.92875156742870846,0.032125378467911546,-0.018444887660516024,
1989-06-05,0.17794064074166602,-0.23405685120099512,-1.0851503690871356,
1989-06-06,1.3206494778512297,-1.7264170600788873,-0.78210668676645689,
1989-06-07,-0.56873364977215257,0.52796275723946506,0.16276310920771858,
1989-06-08,0.52641829681947749,0.42419955930508835,0.15019350506239637,
1989-06-09,-0.54989386488174619,1.1492421711669174,-0.40693837397908939,
1989-06-12,-0.56532890386023282,0.611468331395426,-0.14625453582248921,
1989-06-13,-0.17505598309109099,-0.18124909678470411,0.80754797281221979,
1989-06-14,0.0066911074666095149,-0.12694037450449738,0.49047053353731207,
1989-06-15,0.68603229142426059,-0.42426448720693882,0.48543677219848247,
1989-06-16,-0.36730542522087795,-0.15533190086179979,0.36552944405417148,
1989-06-19,-0.20559246624903998,-0.41199239180270364,0.97926501544700117,
1989-06-20,0.043070393167071813,-0.15548842228048326,0.35589914305545262,
1989-06-21,0.002939523098952805,0.30567437787023372,-0.58823908278556392,
1989-06-22,1.5363569353793087,-0.68244875572832375,-0.61740867570403068,
1989-06-23,-0.68774309503340703,-0.53946010935741529,-0.43544300039612632,
1989-06-26,-0.86332307380617446,0.79180753511810531,-0.48750823082482664,
1989-06-27,-0.52310320896241569,0.31307125147586706,0.21920157493992265,
1989-06-28,-0.58666633967697279,0.19882255453868417,-0.54545497666927023,
1989-06-29,0.47413171825215572,0.087882997121215375,-0.13375827496740875,
1989-06-30,0.14752013232872291,-0.52602355616017971,-0.54566104814336247,
1989-07-03,0.43886510083900382,3.0000000000000002e-18,0.019560940069355149,
1989-07-04,1.0695486071435822,1.9999999999999998e-18,2.0279590960521547,
1989-07-05,0.65774241981801285,-0.67866757621058127,-0.16797681018089666,
1989-07-06,-0.14840702795546429,-0.61583615581989604,-0.27525563783224843,
1989-07-07,-0.17637172795694159,-0.27087449414653059,-0.064200432659588247,
1989-07-10,0.65244695883173032,0.12375269676044683,-0.3317617901423433,
1989-07-11,-0.91981075101984833,-0.13719820735138752,-0.77360846291197427,
1989-07-12,-0.56045445562833318,-0.91843001371589594,-0.56922959688926467,
1989-07-13,0.18532918853315927,0.1242806603312102,0.046776006176422413,
1989-07-14,0.049750988476517405,-0.034937076147875112,0.44174157023589966,
1989-07-17,-1.2049145117019178,0.28241572683390626,-0.33413367243045755,
1989-07-18,1.3947247602639212,-0.21983081882279271,0.13369725956369166,
1989-07-19,0.42613806189398062,-0.12299141701029659,0.18469359101784569,
1989-07-20,0.53297641271522422,-0.33695642375031126,0.38179200532097074,
1989-07-21,0.98607748626430469,-0.19389561074676487,-0.11495431910490765,
1989-07-24,0.078994965893906838,-0.28934314189456239,-0.32401580043297251,
1989-07-25,0.56281766905848052,-0.10991239295275665,-1.3646486885446747,
1989-07-26,0.58716743557304718,-0.45792044098391399,-0.62297796783937343,
1989-07-27,-0.54769957562616978,0.1512853446067412,-1.0325267026097207,
1989-07-28,0.36740901246524349,0.38236773777845351,0.23920777437022589,
1989-07-31,-0.32945704384580055,0.5927509580888598,-0.22097783069975471,
1989-08-01,0.18775275577442593,0.15734256139063132,-0.18715762693569973,
1989-08-02,0.54284819259892569,-0.73784767527311779,-0.15155533844491137,
1989-08-03,0.84779053030831797,-0.069276217477456284,0.45293362202033755,
1989-08-04,-0.2211638285450587,-0.28381836315605274,1.0492476175971353,
1989-08-07,-0.10271789762357104,0.00029358980240308102,0.044959595937231575,
1989-08-08,-0.70180362656874951,0.59135309936828639,1.1077890340375187,
1989-08-09,0.0071879859355666875,0.26763876883119742,-0.012173342429492001,
1989-08-10,-0.10982986972189279,-0.24524577735964365,1.729336225263018,
1989-08-11,-2.257238480749574,0.19384420018186754,0.33457280005205881,
1989-08-14,-0.50945660696923578,-0.36838073511526609,0.10321268733864326,
1989-08-15,0.76565988416593522,-0.24972863132703285,0.31915992179684011,
1989-08-16,0.91526721406566136,-0.094163988406340993,-0.049244835082316474,
1989-08-17,-0.18478615222865352,0.024959577234929857,-0.65136228776426153,
1989-08-18,-0.41201900992991697,-0.27357585039640014,0.77735120066421759,
1989-08-21,-0.19609524000704157,0.028089472614432464,0.42481047366284225,
1989-08-22,-0.58861610079760462,0.09946096324708821,0.041325687924647359,
1989-08-23,-0.9198130657013659,0.01271476006963999,0.019347897485982923,
1989-08-24,0.51261522958976646,0.12282509811659291,-0.58699267539459055,
1989-08-25,-0.020112484836652244,0.1070985744780697,0.29571766311662195,
1989-08-28,0.00078809008909921105,0.41868228469828922,-0.60574647401580561,
1989-08-29,-0.36617953743590959,-0.34068573207371683,0.14980281035044404,
1989-08-30,-0.099937117875630754,-0.031088681425546213,-0.1448500467211471,
1989-08-31,0.43285593207116402,0.24876743640810806,0.084321867851619922,
1989-09-01,0.15932273468034208,0.23737022239935612,-0.028243278285949521,
1989-09-04,0.18676581500737621,-7.4713116040104e-05,-0.39479207981168823,
1989-09-05,0.65088752046535814,0.40277444990834083,0.52415221403468459,
1989-09-06,-0.20894362985741038,0.097013933290111931,0.47341394410797621,
1989-09-07,-0.00094092325531991493,-0.016928028971779738,0.10075115507016492,
1989-09-08,0.11980752448449933,0.45638057641538538,-0.61548118275836528,
1989-09-11,-0.22374764873498146,0.05180864472515332,-0.50928244426485292,
1989-09-12,0.32416754343493187,0.18207626594872298,0.24718523681891624,
1989-09-13,-0.89436099964704807,-0.033586393961253964,0.11900109430052008,
1989-09-14,0.87998102953321689,-0.70790285745831338,-0.32216604250530739,
1989-09-15,0.68340369568470993,-0.16777446727987511,-0.0022037152776762238,
1989-09-18,-0.37133241092975133,-0.51369294876134841,-0.38811267867212701,
1989-09-19,0.14950467344744586,0.66873678645526624,0.20547943557873513,
1989-09-20,0.17683488101706471,-0.8908194341867528,-0.0074981281001965843,
1989-09-21,-0.40496692815217344,-0.35179005529048851,0.14775229203200571,
1989-09-22,0.21115303562675033,-0.67145846237455409,1.0890051179013829,
1989-09-25,0.19520226136976104,-0.34406613613111919,0.12449378186356638,
1989-09-26,0.025597856739219098,-0.078924289090416988,0.25935857236201226,
1989-09-27,0.068883587386820794,-0.12790897198253795,-0.25255951058618958,
1989-09-28,-0.49184828853633766,-0.021854523499732617,-0.47958493529883345,
1989-09-29,-0.2540132498133279,0.012631513655290177,-0.48894168874291499,
1989-10-02,-0.32173910044866089,-1.3529338548493859,-0.3199935804279232,
1989-10-03,0.25605088686237598,0.37207139938979955,0.12260096786113114,
1989-10-04,-0.037074506947435984,0.84291314907654369,0.263892276075124,
1989-10-05,0.36861338581939851,0.76063883636709761,0.71490961704494804,
1989-10-06,-0.47639182609422259,0.1437241359893191,0.98112474553590889,
1989-10-09,-0.0043532368215122227,-0.000236331171531117,2.2168530783814262,
1989-10-10,1.4301196059784944,0.3002203827418346,0.001115759874952127,
1989-10-11,0.06396967768701424,-0.18384468205006105,1.1154817878751808,
1989-10-12,-0.26440413358469111,0.0042797487205614819,-0.1353866356531678,
1989-10-13,-0.38553888540055753,1.971273205512373,-0.49093827020961023,
1989-10-16,0.97651509247243007,-1.9834088509646939,-2.0785358128127274,
1989-10-17,0.40523322719259719,-0.49153881126707394,-1.012531502983437,
1989-10-18,-0.60902886609299123,-0.35453334095484568,-0.84279109985122314,
1989-10-19,-0.97024106533738064,-0.27548201742282169,0.16669934265904843,
1989-10-20,-0.41715294909508949,0.35133051613498462,-0.35244567807232341,
1989-10-23,0.5523800205056778,0.0096458106648994839,0.39158540287351712,
1989-10-24,-0.54885461063785479,-0.0094010012556726818,-0.39951825860809709,
1989-10-25,-0.72696780837819175,-0.3840628796593501,-0.7989715344658237,
1989-10-26,0.2522295918233004,-0.77150580280587722,-1.3036779616791296,
1989-10-27,-0.51115128689912226,-1.016734843390865,0.1189364701629152,
1989-10-30,0.3177616051731067,-0.34799281849786945,-0.52374533668982692,
1989-10-31,0.35348881326806531,0.075491001181676884,0.35466956297613478,
1989-11-01,0.59238993189942091,-0.61221808146893109,-0.56593049005792406,
1989-11-02,0.68993332910699579,-0.85311535326933541,0.11635915549195247,
1989-11-03,0.38735683884783217,-0.47350555817990997,0.00011283918280880001,
1989-11-06,-0.38004852439160214,-0.17590861360509608,-0.61096576226681276,
1989-11-07,0.20163705226184764,-1.2425933223481405,-0.15475299264495562,
1989-11-08,-0.072998167584863424,0.45626807988176904,0.14038404917180577,
1989-11-09,0.87467378204279145,0.27752633601527699,-0.56983534015390758,
1989-11-10,-0.034619777753055025,0.055206527453103088,-0.29497352431481527,
1989-11-13,-0.13764817843322641,-0.43326031010055183,-0.14316419657568932,
1989-11-14,0.065709175003493825,-0.4202729776796692,-0.14270993653637865,
1989-11-15,-0.40022950320850104,0.34374452594070692,-1.2008983152072696,
1989-11-16,0.58815176496920318,0.50026149362506445,-0.35461380950208943,
1989-11-17,-0.25054802474349674,-0.51732545516419426,-0.16502011612872441,
1989-11-20,-0.27765832519814737,-0.047673576048427979,0.22440948308517852,
1989-11-21,0.32074446490419223,-0.16440692069332277,0.54685643860906374,
1989-11-22,0.0035828250562747544,0.36623277128542525,-0.75772766455547924,
1989-11-23,0.79679649451184431,0.21222814183420013,0.0033898583078029259,
1989-11-24,0.18959393191914192,0.1530184593569088,-0.10113646332273601,
1989-11-27,-0.38666466325152221,0.3720877638024736,-1.0612597509698396,
1989-11-28,-0.058212317801286349,0.06297689823669704,-0.39707415310261501,
1989-11-29,0.50715618985171085,-0.13767221797473922,-0.19476091975631341,
1989-11-30,0.73479087501253748,0.10343115099026266,0.76534388770815009,
1989-12-01,-0.16925426203937846,0.10311081941258549,0.46862074391736425,
1989-12-04,-0.3691694699822361,0.92548339439370475,0.13183469956780877,
1989-12-05,-0.18445965967012462,-0.089359808436436886,-0.086103681828001571,
1989-12-06,-0.13927881244153226,0.075415232394816262,0.20649513689053686,
1989-12-07,-0.044629581578953768,-0.51313117809198383,0.29964147086320814,
1989-12-08,-0.24571833887420019,-0.50992414162067179,-0.62453862913778235,
1989-12-11,0.73170898780068938,-0.44811937559864051,-0.11888852380443227,
1989-12-12,0.12182472384333673,-0.015962514387120603,0.26646596792800897,
1989-12-13,-0.56056896106543752,1.0362914679995425,0.45052744095135716,
1989-12-14,0.63641449229044855,-0.14942206829749058,-0.28393745133282788,
1989-12-15,-0.002919491590667924,0.3047618482965006,-0.4141825511493667,
1989-12-18,-0.3562098565211409,-0.14300053235186708,-0.27884790353444849,
1989-12-19,0.55992124736005511,-0.0048776790569665896,-0.30430651301911926,
1989-12-20,0.15727249167393748,-0.21428556551740971,-0.041852778973228852,
1989-12-21,-0.33207468339752305,0.48280155511786338,0.1441973662207541,
1989-12-22,0.099432379753539066,0.037896634801653478,0.014858437606844202,
1989-12-25,3.2908022978907003e-05,-0.00026057851308121399,0.0042920006422816617,
1989-12-26,3.2898024312637999e-05,-0.00026050010405691797,1.0152634188085659,
1989-12-27,0.90587383789684606,0.73947192200941692,0.59751385089266273,
1989-12-28,0.22891033327673058,0.18957333230040735,-0.20567946332346265,
1989-12-29,0.71579608328797062,-0.21134854641896264,-0.55992913875790484,
1990-01-01,-9.9999999999999988e-19,3.9999999999999995e-18,-3.0000000000000002e-18,
1990-01-02,0.58743369867282835,0.021801765996452158,0.0079310348109481975,
1990-01-03,-0.6770106073216754,-0.11282156716668271,-0.0018441599036347961,
1990-01-04,-1.2804364480806318,-0.35400349216784111,1.5039437681303109,
1990-01-05,-1.2496827711330447,-0.38012449609040133,-0.01874952508480808,
1990-01-08,-0.021642003668671132,0.06932259912525382,0.053961829074569298,
1990-01-09,-0.13020940281541249,0.39712729044850958,0.70412187049275266,
1990-01-10,0.065506849011707322,-0.79364512837660028,0.87966808539214536,
1990-01-11,0.48759177618590216,-0.63015346224137814,0.22323795811033989,
1990-01-12,1.1594096248217647,0.64035814126257162,0.32506569748093678,
1990-01-15,-0.024960164185924491,-0.77572420588526703,-0.00061513640198599697,
1990-01-16,-0.39959905756392755,0.66093333022095679,-0.19439831019311504,
1990-01-17,0.038895034120699487,0.42838565342843277,0.81171186192335143,
1990-01-18,-1.1494026210480228,0.46501445830732685,0.67800217908444982,
1990-01-19,-0.091065279240048952,0.28120572747433031,-0.592864150936388,
1990-01-22,0.11551807337513864,1.0534734632203433,-0.16276378618024104,
1990-01-23,0.095503301543284957,-0.41711469325580358,0.35558402580205184,
1990-01-24,0.49515951930140001,0.066797583625797533,-0.028912832367711454,
1990-01-25,-0.38121734749530523,-0.38254609370378628,0.44368947513149221,
1990-01-26,0.17838115574333777,-0.48088543466712314,-0.22718868791114927,
1990-01-29,0.1115068957357441,-0.052467177369326115,-0.21494007830137785,
1990-01-30,-0.52730167672155026,-0.71228870411478828,-0.71164323898903259,
1990-01-31,0.91482928390274154,1.8108884691820153,0.26058651903788177,
1990-02-01,-0.25561360470660116,-0.43545504741288044,-0.026837303615039682,
1990-02-02,-0.25847743881771529,0.094378404022072732,-0.92135678936755072,
1990-02-05,-0.31572947913204635,-1.4859541339481288,0.070784849643587042,
1990-02-06,-1.2505053344818846,-0.14058118174200612,0.071291175557064254,
1990-02-07,-0.1593954396294292,0.15385456998888045,0.064995635583757747,
1990-02-08,-0.63746770414953757,0.36961512449930828,-0.19162357822274365,
1990-02-09,0.19350301833270611,0.63285502076908196,0.1608261118686394,
1990-02-12,0.14346229311673742,-0.13146228488221828,-0.0026841772861720928,
1990-02-13,1.1835429421829566,0.14925019665382233,0.23304863839130682,
1990-02-14,1.0401298638917571,0.19091066058020767,0.12048619442734645,
1990-02-15,0.63751679582262422,1.0321515407753743,0.47997391794783739,
1990-02-16,0.60346042037627567,0.19819367274179703,-0.46503256598436021,
1990-02-19,0.22647699467161514,-0.59127588152096622,-0.40108726780673787,
1990-02-20,0.017866455780362733,-0.059398302776261284,0.049428758792729122,
1990-02-21,0.76744187465905778,-0.25385475810604746,0.085328125334014654,
1990-02-22,-0.95351183573071951,0.3886853266296777,-0.0028045024344134539,
1990-02-23,-0.45567364850559577,0.24244819031790668,0.12375583239534414,
1990-02-26,0.16417490997168238,1.0201252029294952,0.83702518931884529,
1990-02-27,-1.1056938075944169,-0.23551319927538372,0.95865055911875297,
1990-02-28,0.24315732579777041,-0.56005823061541404,0.35424452622102409,
1990-03-01,-0.42633975934430762,0.080034573760912095,0.6667133286672039,
1990-03-02,-0.80360206591828542,0.7100742517220775,0.9569124175080882,
1990-03-05,-0.76307293050538405,0.11796234359268679,0.15231897777135553,
1990-03-06,-0.080605624582604771,0.13016409124500727,-0.42752030042147743,
1990-03-07,-0.060461676839096985,0.41037803129397016,0.12685118734181594,
1990-03-08,0.77658930586195951,-0.19009869854747899,0.099795709609988403,
1990-03-09,-0.10864802032213804,0.10826458410274631,-0.49232563498207982,
1990-03-12,0.22797084001291001,-0.12254591191493579,-0.043601739988362309,
1990-03-13,-1.0956577843416064,-0.060664193088288562,-0.044020500115677201,
1990-03-14,0.71310450844938256,-0.39564797980843092,-0.064987256313096167,
1990-03-15,-0.21607988173868964,-0.63661757783766093,-0.070163499702523183,
1990-03-16,-0.72134616662942641,-0.38509999994009092,-0.45388124648475542,
1990-03-19,-0.64901535738009342,-0.25289634194914851,0.53937483683367038,
1990-03-20,-0.558618564671853,0.8533742769096393,0.28424095611536015,
1990-03-21,0.26729430431749807,-0.11255872825502031,-0.052095645324065763,
1990-03-22,0.44410494006754725,-0.33432207400021485,0.97674549406176026,
1990-03-23,-0.16759571308117102,0.63368641329222009,2.0162971396294296,
1990-03-26,0.30384113976015326,1.6907707971177486,0.88763249065561789,
1990-03-27,0.30789455592303122,-0.26445929739613139,1.0526412067479676,
1990-03-28,0.40061208982352148,-0.26756121075929257,1.1248796203487927,
1990-03-29,-0.78859600006506259,0.045470558348294887,1.5025112135809895,
1990-03-30,0.37050326125530797,0.2643036042644733,0.35922930237788492,
1990-04-02,-0.16153412495516251,0.35473315650241288,1.6043101203467773,
1990-04-03,-1.3203760344125073,-0.4814863678227228,3.3046992513440108,
1990-04-04,-0.40787705724519113,-0.08904772840198244,0.10203701444595577,
1990-04-05,0.67419182330772987,0.085523492853514155,0.66143300046887554,
1990-04-06,1.2698255736818254,-0.55655602934621273,-2.0942197428184253,
1990-04-09,-0.090532031497460391,0.69378878902198649,-0.99490356723486129,
1990-04-10,0.49741248351216766,0.002004348110124011,0.020359096256924503,
1990-04-11,-0.77939987035109037,0.024373825375310791,0.19868340805267354,
1990-04-12,-0.34674811073496586,-0.27143060382961348,0.16198946531915961,
1990-04-13,0.000215949178331045,7.6286008015153992e-05,-0.004825477872910525,
1990-04-16,0.0002158813571536,0.043011291390125272,-0.076707355295363697,
1990-04-17,-0.22939378934649832,0.057962977770539999,-0.33301909113287187,
1990-04-18,0.11279016342346396,-0.28130559073121358,-0.38872941963589613,
1990-04-19,0.27781705184585215,0.015227683184132083,-2.5909110138693481,
1990-04-20,0.07575104738627722,0.23286887099866951,0.021819951276232194,
1990-04-23,0.17285567698168647,-0.98883504441763215,-0.36609521668674821,
1990-04-24,-0.52276395571502543,-0.060984528510924979,0.084534560197876751,
1990-04-25,0.64877423085249375,-0.17639201279668629,-0.32092549983403823,
1990-04-26,0.83421559849021099,-0.20053505456036785,0.74600542171258288,
1990-04-27,-0.69754348468931704,0.28750704634595808,-0.25418274335734881,
1990-04-30,-0.26711552814696665,0.86023711424525107,0.00019626361386400999,
1990-05-01,-0.47132290746720473,0.57289086953860424,0.30570917516832569,
1990-05-02,-0.50959021823692141,0.5834193362570842,-0.60573220190029364,
1990-05-03,-0.56204571868933306,0.18349099459305077,-0.00039308518727686399,
1990-05-04,0.71704126057129891,-0.25921296876870997,0.00067043030878386205,
1990-05-07,0.00026040093554921697,-0.46544445280441427,-1.8416426100865069,
1990-05-08,0.45775888065534365,-0.47009041061716572,-0.22422754518511601,
1990-05-09,-0.049443142452965022,-0.63117052262019313,-0.92412311120472768,
1990-05-10,0.11495402118918541,-0.89227731655263076,-0.044156734795952876,
1990-05-11,0.14799863028070354,0.15102644874627169,0.0087203754255959446,
1990-05-14,0.013522432077530018,0.45867037084157558,-0.97844909818937853,
1990-05-15,-0.76523647420176744,-0.21621698934591271,-1.121909602741878,
1990-05-16,0.29727112516168919,0.4204598547467237,0.44480488534150048,
1990-05-17,-0.46026808981670003,-0.073867492147043468,0.75810899611344218,
1990-05-18,0.34981146428562682,-0.95416794928176085,0.43020526617471128,
1990-05-21,0.17892797135288255,0.00050602245760446502,0.51530845634588429,
1990-05-22,1.1511631936829778,-1.0231631253637647,0.094779880153943258,
1990-05-23,0.36694460235005028,1.4978181414866847,-0.33904214522058168,
1990-05-24,-1.0881111573697224,-0.25691882322122139,-0.60059135081062742,
1990-05-25,1.1087850052157933,0.19265536504912967,-1.8679115456223285,
1990-05-28,-0.00029949694438025597,-0.015661691373575915,-0.63296148730103874,
1990-05-29,-0.32124302212274641,-0.68654319246648587,1.2617340214026422,
1990-05-30,0.23119093614233505,0.20149183943579496,0.35474137682203516,
1990-05-31,-0.40158481571626897,-0.18085159695478009,-0.17350888707236825,
1990-06-01,0.64371738203571471,0.98011119117896361,0.26718142523648131,
1990-06-04,0.29416273996946768,0.39229905324575265,-0.18500100994710372,
1990-06-05,0.23349140472107513,0.26496334698116952,1.0822540985643587,
1990-06-06,0.43228103490318864,-0.019602502386979932,0.59375674679380019,
1990-06-07,-0.041256045583211789,0.48272053034776885,0.52261667945468604,
1990-06-08,0.61019287810087719,0.25175986218101126,0.028707038061176537,
1990-06-11,0.016479318672445231,-0.028916201182858026,0.35863162985327757,
1990-06-12,-0.30522213800137465,-0.3370382242619816,0.18416377427624681,
1990-06-13,-0.34743478203080452,0.44643996483337667,-0.070373929572510277,
1990-06-14,-1.3177077122492376,0.42164261259603114,-0.10891104556483722,
1990-06-15,-0.58445588094645484,-0.16035621373925477,0.12632522169965338,
1990-06-18,-0.067313111017803545,0.28573128374982543,0.12699753794882357,
1990-06-19,0.5746909293887037,-0.24136850637804991,0.21503938956112392,
1990-06-20,1.4201113657814057,-0.56492989119307702,0.48916012008968934,
1990-06-21,0.096871464571459037,0.26938536295930748,0.052257276716313729,
1990-06-22,0.66839327434936491,0.57308864937974668,0.56258638701290031,
1990-06-25,0.37044173247175788,-0.65938680784053616,0.370873702428274,
1990-06-26,-0.16209014289848078,0.28068193951251125,0.037642823033362256,
1990-06-27,0.17159746479669444,0.045837331931220873,0.76774054358540733,
1990-06-28,0.33221555193584118,-0.34430703673126867,0.66881941566728875,
1990-06-29,0.49492957664998949,-0.59127737401617975,0.55990570605482493,
1990-07-02,-0.55569861081862237,-6.9999999999999997e-18,-0.64104170907041491,0.21552377583419399
1990-07-03,0.24922248258674981,-0.66014481937438263,-0.40899867043663179,-0.50294005553245913
1990-07-04,0.087493219945684278,-0.20286268760605786,-0.090242143760830104,0.20812349267981203
1990-07-05,0.22846769640490558,0.053231693896668549,0.69603056414267583,0.24616994164710104
1990-07-06,0.59735770178755554,-0.17141069785260493,0.88425223546414089,-0.2594871431771289
1990-07-09,-0.47693307566364967,0.18430010439858791,0.68747720177319771,-0.25111950235806924
1990-07-10,-0.05640944230916646,0.20783130615973242,-0.0948300863222033,-0.74867173937340215
1990-07-11,-0.099552216442360536,-0.19686784288210335,-0.57851856023457249,0.27286784229608019
1990-07-12,-0.097397980989429006,-0.67174436484467404,0.093001321543200718,-0.20957307465540453
1990-07-13,-0.090270317293315597,-1.0976075574067066,0.21845047600650719,-0.69764239762981439
1990-07-16,-0.24026727285326685,-0.035110524971115456,0.8079756399132042,-0.43625123705278235
1990-07-17,-0.074997510708425238,0.2229505727038214,-0.77998108866982829,0.50549376629391207
1990-07-18,0.16346151412292928,-0.068838696223029197,-0.6749282035245292,0.12951955078228136
1990-07-19,0.17873119679430977,0.52182250888580162,-0.27010301503319928,-0.34278572031967131
1990-07-20,0.25180340680338786,-0.057804563825051766,0.50426139278937188,-0.29728322975252813
1990-07-23,0.26816266733936617,0.29555839701665398,0.32007170965001835,-1.1604979356153904
1990-07-24,0.87901462036658229,0.51799845380900655,-0.52444409139407544,0.094127794654421448
1990-07-25,0.2739160445567862,-0.77422842869793118,0.7362857311669958,0.21196050076930459
1990-07-26,0.16257111450386422,0.36053041036414801,0.38835382381634126,0.032653301617782529
1990-07-27,0.15765925143568368,0.55887034609749786,0.14488895075005778,-0.29521071266146043
1990-07-30,-0.079859101870373636,0.012093300316022591,0.15521407079785302,0.082777690982241345
1990-07-31,-0.0051569471632724644,-0.75234046841107105,-0.35416020035824963,-0.79881095703808402
1990-08-01,0.59585266905843737,-0.44335445583123928,-0.28542540854812704,-0.096312124412457553
1990-08-02,1.1947714938081004,0.4881579110881159,-0.32119411482339277,0.29942593241177817
1990-08-03,0.60307281212437702,0.8923879615388528,-0.70021624115729542,0.17571405705231993
1990-08-06,0.43335440803327846,-0.00027756873462436601,-0.37591091489920458,-0.96058423611044685
1990-08-07,-0.47566086679996777,0.75638026080889431,-0.33636640504513848,0.66955383913821531
1990-08-08,0.1674207222047043,-0.63951539523731993,0.42289233530515391,-0.66293715082366711
1990-08-09,-0.58387024495082107,0.39193860358873039,0.6209923626291487,1.3249905794007442
1990-08-10,0.36932534258905275,-1.5496866682197159,0.18672421432377984,0.11221705681296659
1990-08-13,-0.0693479006746342,-1.3237887369757018,0.25038485603629601,0.88754633828837104
1990-08-14,-0.30226430953369871,0.34813628461162582,-0.0056565490803948664,-0.18674830771334752
1990-08-15,-0.068997334875111907,0.53022057536069089,0.59449521204819256,0.32890917119074148
1990-08-16,0.47729068308752753,-1.0535513079711927,-0.28839367863655285,-1.5446776837325946
1990-08-17,0.4104260485342916,0.18063363140012131,0.083716208759309754,-0.19509433401712117
1990-08-20,0.2718930045980974,0.33607312786684979,0.14047714988379045,-0.28179547533814964
1990-08-21,-0.073507539581235598,0.89477188280170739,-0.62128638364347133,-0.13170819922596616
1990-08-22,-0.016163420006129338,0.03668720147363707,0.55369073786418022,-0.77787019116433453
1990-08-23,0.16146769594107591,0.96741619444719129,0.92405855170321205,0.5020623526356307
1990-08-24,-0.12812279077386557,-0.22342909266970826,0.68537689803622803,0.15085339635099046
1990-08-27,-0.00393473698767697,1.1216961007868367,0.22248867786968918,0.57626630234065612
1990-08-28,-0.66798385970746743,-0.047392000435817858,-0.13155420160225703,-0.21649046784737463
1990-08-29,7.2528370739490005e-05,-0.14182072915036534,-0.26352152053942685,-0.57191846888097486
1990-08-30,0.061676211580468578,-0.15313511273766706,0.74905240758838509,-0.18186010553432405
1990-08-31,0.12096055505342893,-0.28594634169432914,-0.58117155064824011,1.1341674610881465
1990-09-03,0.033132964749198676,9.9999999999999988e-19,0.10175065490338066,-0.25637611391620119
1990-09-04,0.11247817475169788,0.31897701629280001,-0.086083562519328416,0.66482918391224632
1990-09-05,-0.11478351035189961,0.14856310205263118,0.18454559624814312,-0.15761774663320827
1990-09-06,-0.1997210650612472,0.40072970664452817,-0.36233454352099004,-0.92190834645345765
1990-09-07,-0.49997440059002857,-0.10125451838016457,0.90569431891798169,-0.088206324371780137
1990-09-10,-1.1119768827076488,0.30143735138695449,-0.51228458919565034,-0.61448678756415709
1990-09-11,0.29079627463331154,-0.75871039854892608,-0.29301159820713241,-0.31683322047384255
1990-09-12,1.0226727794773367,-0.13252614685759928,-0.86716624814221954,-0.93657225720651349
1990-09-13,-0.55660224549009352,0.12216829034683423,-0.8411524741620775,-0.010122097770230459
1990-09-14,0.30452970128564705,-0.64440328136897673,-0.62014363141992368,0.70725183063960373
1990-09-17,0.051937093313999115,-0.66388599686726257,0.45155101020317046,-0.44190370338346652
1990-09-18,0.64253735093739561,0.36407856613251288,0.54841388370864286,-0.37913089299330216
1990-09-19,-0.38216106162578156,-0.038351051419603176,-0.222217174946232,-1.0384724113831574
1990-09-20,0.16387514399046205,-0.67617118881097005,-0.23409778792416175,-0.25341247999472355
1990-09-21,-0.12383363696965961,-0.020238810457107952,0.16236130041368035,0.016138546563651223
1990-09-24,0.12589037880136569,-1.4516674079498824,-0.0012497385932168439,0.62668534246457608
1990-09-25,-0.33841472092969865,0.61223813518530779,-0.40311435528006445,-0.12163388244901703
1990-09-26,-0.39427465120633548,-0.58985617779561195,0.72904762353859187,0.72186735270203317
1990-09-27,-0.2010213201980999,0.5540549913346019,1.0630471343001437,0.96984934320943483
1990-09-28,0.54769616097367257,0.22943185365573129,1.4189536320686857,0.3956702674727533
1990-10-01,-0.44064852455178266,1.1087037719785415,2.3601664793858066,0.58329660260128813
1990-10-02,-0.76609093161967112,-0.35470778396352437,0.84865845466850531,-0.47719378662284789
1990-10-03,0.07379047430494004,-0.66840452607742717,-0.79740067351431687,0.020182792204963461
1990-10-04,0.033032403730100378,0.29627385141067442,0.60787544810194016,-0.38679926003010406
1990-10-05,0.92159335001682618,-0.3350480630352391,-0.72255779119284835,0.16477164935843028
1990-10-08,2.3611813445220156,-1.0517718275204999e-05,-1.4097646426100527,0.91523404999930458
1990-10-09,0.17810723197098263,0.52523851535810928,-0.45200811596766372,-1.4381407018110934
1990-10-10,0.051270668278780997,1.2880816577904586,-0.001021758821958274,0.36041526170680133
1990-10-11,0.31070294175978258,0.7498872302664028,0.5462254483334501,0.18803881553316618
1990-10-12,-0.065209527960594163,0.6236545970581151,-0.2796074815136671,-0.75552057531008732
1990-10-15,-0.62889345697840826,1.3141939591951286,-0.59098473661715745,-0.62117535430833881
1990-10-16,-0.093888101553537009,0.95043749816166967,0.22621061010663904,0.037994649018363601
1990-10-17,-0.02399142066287982,-0.63816840981597822,-0.77510167074120428,-0.97221538625055592
1990-10-18,-0.24464537556284469,0.31175933447393062,-3.7264307415615616,0.16361556447228481
1990-10-19,-0.27521280396413633,-0.86400690895794796,-0.65044662480556392,0.049982198609109733
1990-10-22,-0.19425787730187552,-0.28885589709860066,-0.57556459894359902,-0.76516022698058894
1990-10-23,0.23981338936064373,-0.077414857927697187,0.7403553921992434,-0.44879327567024369
1990-10-24,0.40451244551977028,-0.63218531018392854,0.21901585027666756,-0.75337631158059803
1990-10-25,-0.025276943667763743,-0.56629206206381644,-0.070987686558766694,0.75078049514726186
1990-10-26,-0.23509843487142471,0.51685127530011532,0.62824581961086712,-0.28610916236441575
1990-10-29,0.23884764740426453,-0.094884326160033408,-0.14420712014675127,0.098718856489808396
1990-10-30,-0.30099010251422637,-0.44791822364347994,0.36381579559734889,-0.23314216749883432
1990-10-31,0.38004773653207008,-0.015287923609628398,-0.16922150211792303,-1.3119241657314511
1990-11-01,0.0109378584815831,-0.52234503784577158,0.42449472657674903,-0.69105603438180263
1990-11-02,-0.011181759551914592,0.52343218641857403,-0.13492182774657882,-0.029721770537945003
1990-11-05,0.10573393957945104,-0.29477832981123159,-0.75270506460150211,-0.64111359688917102
1990-11-06,0.48056029420276825,-0.024877567747679821,0.064436971466369425,-0.84638524270573534
1990-11-07,0.48956883010556324,-0.21309402078842116,0.25312954711370561,-0.46154158357740249
1990-11-08,-0.25765479738899194,0.16191210267064021,0.6129112149571343,-0.42097752255834164
1990-11-09,0.6797357999373439,0.13361504659673684,0.57160486771826635,0.91639152657901002
1990-11-12,-0.20937636547817481,-0.12425581455617765,0.00047934491598967797,-0.1961217184033073
1990-11-13,-0.21773064283463855,-0.38841925865357696,-0.84490812199032217,-0.25205660588874285
1990-11-14,0.00422910134890663,1.0642342778443434,-0.42998412838797423,0.060089877288033167
1990-11-15,0.15973643199059706,-0.77728011461366031,0.69399619030012549,0.47540073497438684
1990-11-16,0.43020499802281431,-0.56118878276474005,0.33303735989920696,-0.01774402314298686
1990-11-19,0.48783537368064539,-0.77022775307372804,-0.214064441010864,0.7992097435106208
1990-11-20,0.16458495557141672,0.66864312198057585,0.31505022622995776,-0.60845914967476888
1990-11-21,-0.16575994746624742,0.30814815598428524,0.4164913997275434,-0.0066767756269418884
1990-11-22,0.082087629778773971,0.089379437246477608,-0.33110766690493526,1.3427584898587763
1990-11-23,0.83389954469650662,-0.66665067237638453,-0.000227704358763175,0.094003539574663592
1990-11-26,0.014000302915854725,-0.83200637409011535,-0.43050892749241798,-0.49247291908921587
1990-11-27,-0.34902251198685097,-0.34286500349327614,0.41210162581413451,-0.32229359509096606
1990-11-28,-1.1289357079014162,-0.34928558756241901,0.9676949382252289,-0.88287158922534281
1990-11-29,-0.28441476918860847,0.26909750420341949,0.41333450028020902,0.13705328550233092
1990-11-30,0.099752086868015274,0.56232528166457318,0.47043125927036444,0.58964893909043048
1990-12-03,-0.49974631809437181,0.13278158685452926,-0.014454842704597213,1.0307563418400896
1990-12-04,-0.66440683241761511,-0.55984140370190472,0.83869740713524021,-0.80313908562448821
1990-12-05,-0.46039183399865818,0.23994430666071329,0.68005961743972432,0.12593350604501713
1990-12-06,-0.42217104683988027,0.45495038775596175,-0.77046465248747265,2.6770244699374253
1990-12-07,0.38292609777604442,0.0045575357586117114,-1.8366830151693776,1.377196702494951
1990-12-10,-0.31962279657515708,-0.48335192898390567,-1.1010597719017272,0.022383142342310959
1990-12-11,-0.82485929755229648,-0.053428319826020768,-0.64050978712878526,-0.77255483563350291
1990-12-12,-0.18777677777414284,-0.3536796284103253,-0.52381000125099197,1.3935161100320608
1990-12-13,-0.45042526615807993,-0.11493476900497358,-0.79539137454806963,1.0267934501927849
1990-12-14,0.37533826719598196,0.21103261673707197,-0.064400028860127786,-0.82363957618143879
1990-12-17,0.076096638952054485,-0.03901155397108913,0.66976654023384552,-0.43591414845249865
1990-12-18,0.32682145657114475,0.40720708561202223,0.21309349926581564,0.30668212642548087
1990-12-19,0.31673039455747853,-1.3339767003242671,-0.33171194932218107,-0.20463041237050944
1990-12-20,-0.21351538392586053,-0.54078155164072028,0.46221923149416366,-0.65923388979361486
1990-12-21,-0.062862316630619253,0.023499037797447445,0.12160861392198484,1.2770212441956603
1990-12-24,0.32591435680991832,-0.092013501119980176,-0.003562421556813401,-0.018875800323618463
1990-12-25,0.00065767046667422407,0.00059960182135912802,-0.025469941903430146,-0.001484471470657938
1990-12-26,0.038435664710156574,0.00059942990724853006,0.091780420433219823,0.0065860828177226206
1990-12-27,-0.074584587150015813,0.064680083255507573,-0.25874717885666748,0.12750551726459425
1990-12-28,-0.28155479008081691,-0.28838408374274821,0.22932261181567939,-1.0905564246181121
1990-12-31,0.083696412414490357,-0.16508214633214011,0.002828970668777657,-0.32056575886513439
1991-01-01,9.9999999999999988e-19,-1.9999999999999998e-18,9.9999999999999988e-19,0
1991-01-02,0.23466301938745185,0.042264972975719586,-0.0027444460308396128,-0.27907786912922949
1991-01-03,-0.43450641287492275,0.20649460334447395,0.0012871888227813291,-0.1629279864690425
1991-01-04,-0.44509378830475721,0.89957080817539992,-0.47353969878272145,0.49239322821390125
1991-01-07,-0.068800004913816964,-0.67650667711865264,0.72431709100098229,-0.49484254063375793
1991-01-08,-0.1660694157030945,0.052577211062656191,1.1231756077310311,-0.46212753088175029
1991-01-09,-0.096220863893191427,-0.46299042358741149,0.5126911107604073,-0.075801437634372262
1991-01-10,-0.070651419688382275,-0.43696501230165891,0.37284889476594529,0.57555297908051151
1991-01-11,-0.24506402477563333,0.43127111886157243,-0.34521535352913862,-0.25279773795031474
1991-01-14,0.21927666389851083,-0.54848987222471768,0.29794533631334319,-0.15947773575372171
1991-01-15,0.027845830273185074,0.04560684700491581,0.0018032505812528897,0.5277650668457825
1991-01-16,0.024548810621324066,-0.43396197051965846,0.86278297928222414,0.29111746700143426
1991-01-17,-0.33788437207683786,0.68675270313632475,-0.44094886067964106,0.56922606943736564
1991-01-18,-0.16279554882838343,-0.71659297281317225,-0.45567308269430906,-0.15306836909186222
1991-01-21,-0.27496710837454869,0.15560017983651447,-0.13687370871570056,-0.42334891978063788
1991-01-22,-0.048520388896325102,-0.66278977004488893,0.15961995615519431,-0.47886816953495515
1991-01-23,-0.24843725788488208,0.085574108861402293,0.44151155396398856,-0.71879872482943619
1991-01-24,-0.1949987426353737,0.4519474767651176,-0.21398908526319912,0.8878793310155304
1991-01-25,-0.52335286193899744,0.1446099097531709,-0.16867100882839856,0.011892860210553788
1991-01-28,0.28464558416249536,-0.22919007306182876,-0.21111316606327327,0.18748092940096225
1991-01-29,0.34434746175139397,0.46123400302183137,0.87152813637484272,1.102359888049486
1991-01-30,-0.067336753031022975,-0.36685022618238972,-0.28592670891452593,0.32169640821569262
1991-01-31,-0.10557127974656179,0.094255817977714859,0.18442786243862389,1.3594506381435798
1991-02-01,0.022019224127702238,0.49963666819230823,-0.05623877839992425,0.41465421321024015
1991-02-04,-0.25036136448003249,1.0990873460494459,-0.23215061225547823,1.1880017193472496
1991-02-05,0.036567762419045843,-0.22844628526231203,-0.35386040222048759,0.52931130036901264
1991-02-06,0.18674707235528379,-0.37655469763708488,-1.4251895953501399,-0.90318556659609373
1991-02-07,0.58913678056616081,-0.040209786142959142,-0.76217121686329803,1.2387302363137573
1991-02-08,-0.071604751788490378,-0.23170251380794918,-0.22484353250418962,0.52738802525220518
1991-02-11,0.0028624608468510921,0.29713568726190914,-0.0021617976698522809,1.7251393882916035
1991-02-12,-1.1198521046833008,-0.4586274512969315,-1.0414216451461105,-0.89409071505399895
1991-02-13,0.32936572787933177,-0.0031462763199629692,-0.82140448755362994,0.28772292165223773
1991-02-14,-0.22815434150752212,-0.00068906725752659393,-0.019926786412033555,0.19406456070897496
1991-02-15,-0.34036875086680074,0.050933490548475679,1.9855597512493888,-0.95994338614838925
1991-02-18,0.30721651354976776,0.64994816221511165,-0.018890372288843077,1.651926378859039
1991-02-19,0.43657047585890707,-0.3283873230157196,-0.70209034777869173,0.3523584529898105
1991-02-20,0.26667261865964798,0.90891958465880196,0.24563508253501679,-0.78581318685741663
1991-02-21,0.44830872137431016,1.0500734385739499,0.062792664045057345,-0.43424003961957913
1991-02-22,-0.14724442579296573,0.42832373959202952,-0.49054412467194797,-0.9994703470704287
1991-02-25,-0.41487158516566053,-0.38004429579389681,0.37853742935696105,0.97472777716787373
1991-02-26,-0.12310327953070092,-0.55897015474782374,-0.035467112952521515,-0.84988345810442611
1991-02-27,0.99152167152187154,-0.39851438047928567,0.31049646629614636,-0.075536424188814386
1991-02-28,0.20568139623515219,-0.23049860888749327,-0.3675022656698162,0.33767408090890844
1991-03-01,0.37961352742367188,0.200124859592617,0.43704309029037652,-0.35013249555630471
1991-03-04,-0.065070325123341266,-0.3069115754296643,0.80700069562198651,-0.47642524681452275
1991-03-05,0.013744992090139652,0.60990842957293401,0.50478457150461409,-0.63119424091187937
1991-03-06,-0.6561336143209211,0.037520227249617885,1.5406355788048238,0.97879178246002585
1991-03-07,0.014497767995101142,0.81446344679127103,0.042767252458287497,-0.20636468270632749
1991-03-08,0.3760797607469884,-1.1439851656491733,0.046977815600599895,-1.0621924096231656
1991-03-11,-0.079707977022460602,-0.19830262003211852,0.10034531286056791,-1.0350935005506294
1991-03-12,0.25315429827192343,0.33016311344558841,-0.55230624776367876,-0.26470083864694283
1991-03-13,-0.39218815161658838,-0.12762818694217257,-0.57894518565428998,-0.29769737028703536
1991-03-14,-0.23819736278629919,0.86059604579544946,-0.056443712483925046,1.0307278900142194
1991-03-15,-0.33501037795222988,-0.56178311126355795,-0.49136490866400534,-0.24588281636971093
1991-03-18,-0.17222583849751361,0.15227784345504913,-0.095989761626826375,-0.17546265270225264
1991-03-19,-0.22932436872711401,0.083168847890823266,0.091424424634740778,0.03556453762470016
1991-03-20,-0.27390747444354013,0.27529800209927918,-0.52355056036669512,0.25002492334719417
1991-03-21,-0.13458476978905914,-0.93881425641611227,-0.0037392744334393121,0.30928350139298721
1991-03-22,-0.34656455658612129,-0.50409987210209528,-0.43782176540664558,-0.093142096777041813
1991-03-25,-0.010319935924865459,0.33723669991900673,0.21336498512534219,-0.12118824032707141
1991-03-26,-0.2152958305038403,0.095311513064110329,-0.062557182953249191,0.35078003231057736
1991-03-27,-0.38568955975772901,0.37016075955739586,0.49603031691968968,-0.37016519125695907
1991-03-28,-0.47695694192404753,-0.59896544960281672,0.41982600890766114,0.08994590814282391
1991-03-29,0.046779404043401279,5.8548370373464004e-05,0.23540225548619978,0.52061084209659536
1991-04-01,0.025831059095803462,-0.86041685461574291,0.1376989996999301,-0.00076416517739880401
1991-04-02,-0.025350243958008844,-0.096701911513619676,-0.082560583727087161,0.71935339283702271
1991-04-03,-0.52405334242478141,-0.77569242151943352,-0.25951477486965979,0.66047423951431594
1991-04-04,0.15970682864666622,0.24331786130181715,0.70436266350438692,-0.30623309202701221
1991-04-05,-0.46448970424466601,0.44697770312850887,-0.37337694559728557,-0.93509211431297634
1991-04-08,0.17315765540845759,-0.21994153605331457,0.16814407232882667,-0.26544527684634978
1991-04-09,0.23381284000482794,-0.19368225453241839,-0.098997976443043187,-0.30838378748308082
1991-04-10,0.14884417175920189,-0.18742451738060734,0.094350972512213888,-0.0053035222136557725
1991-04-11,0.53569940811979999,0.52800470533903243,-0.29735849842689771,0.41856345007924317
1991-04-12,0.4031671466191934,0.31766943427040367,0.38185500341944595,-0.28782705691387001
1991-04-15,0.10781765862817834,0.25856940935021799,0.15102997848880048,-0.10762232898578596
1991-04-16,0.34466297411919944,0.5236352179503625,-0.16265965983697936,0.80516828727424383
1991-04-17,0.15705658112633278,0.76640276841954502,1.2755447823654371,0.56968196279614547
1991-04-18,-0.067070760357364465,-0.22528817719923172,0.032998649582666767,-0.82208901138897372
1991-04-19,-0.047910594983617161,-0.25904428740874069,0.60826662613171334,-0.2685402580365488
1991-04-22,-0.043045506991957715,-0.24461765945537586,-0.13435755623193604,-1.1728964944732456
1991-04-23,-0.34630873362181491,0.77071190465904782,-0.013289508361026938,0.36346276114858173
1991-04-24,-0.81259756106423553,0.18765632065130058,-0.055644496456950687,0.49902185197948101
1991-04-25,-0.29703777576792983,1.1734038992076465,0.27678187799400927,0.57947741989760193
1991-04-26,-0.16337000760032255,-0.015138932371188926,-0.46532949492021386,-0.33189467331898187
1991-04-29,-0.031025226049349139,0.52944053959275128,-0.0024095735700176979,-0.11368906244599274
1991-04-30,0.12795564279759292,-0.4978761553492238,-0.0094476253351888535,-0.28212281576817699
1991-05-01,0.77073882526537296,0.016425954155992888,-0.39316547956350306,-0.00054155349251363801
1991-05-02,-0.043154998491278004,-0.063068403554997432,0.32023565979762897,0.088045903779865597
1991-05-03,-0.31090156727717527,0.04435892015152007,-0.00040456607366293304,-0.58385103065716781
1991-05-06,0.04767245393792334,-0.63119323993630883,-3.8362529794059996e-06,-0.35082623751615782
1991-05-07,-0.15134464906680065,0.046727699278972301,0.82282226337496434,0.40026142752793392
1991-05-08,-0.10631882649164329,-0.22426168479752276,-0.12011848833167572,-0.3191056067967884
1991-05-09,0.14851536313918867,0.19028073213723443,-0.17382149723809859,0.00065869250546491602
1991-05-10,-0.23182591087511811,0.61410015941455531,0.39818063200609161,0.44357759417555748
1991-05-13,-0.15976279658595008,-0.38542481164331149,-0.50001872375764655,0.38286946116434861
1991-05-14,0.16368604014397947,-0.36508079207371913,-0.18996200974479238,-0.3923584509415905
1991-05-15,0.59592594603024873,-0.33927267304332515,-0.031185042713397948,-0.29084455809776949
1991-05-16,0.58466750880760521,-0.062754662432539271,-0.5612014707422156,-0.55831483173999641
1991-05-17,-0.71223696816456361,0.23181090652641995,-0.28763098665201925,0.06778522303908037
1991-05-20,0.012746005022284594,0.00020676791487287001,0.023143439943341223,-0.000169563423776644
1991-05-21,0.033351530018197531,-0.47343942903805375,0.13387512444737143,0.67126164776939656
1991-05-22,-0.43012164448998602,1.1208074578218623,-0.275837186856077,0.43467263049310217
1991-05-23,-0.12929153324384118,-0.40641945703730709,-0.14842254153703349,-0.25622448628911615
1991-05-24,-0.49785848396722349,-0.12419562709025074,0.5388338968853168,0.4493519816698921
1991-05-27,0.021857585785762253,0.090811326491018959,0.062140333994159525,0.46627518557319669
1991-05-28,-0.29883577289693769,-1.2267281774310042,-0.10401423014198109,-0.15828850809578762
1991-05-29,-0.24992452010429186,0.37597998237708263,0.61798253493325106,0.32460439771583566
1991-05-30,0.37929023570624937,0.74774535812898801,-0.062359259575590499,0.000354521810126223
1991-05-31,0.33770580920476162,0.96381084525750049,0.13864937676283964,-0.6702210252298203
1991-06-03,-0.087280898083552036,-0.64836221254369275,0.16055354825094767,-0.98009149735776824
1991-06-04,-0.23978813758180534,0.12532009578029435,0.69316670259078805,-0.50418629849198671
1991-06-05,-0.81751855770258641,-0.18965304782210557,0.48232434596619095,0.35802150619128748
1991-06-06,0.12887095144438956,-0.54312765247355943,0.43348285321429103,0.13854434927417214
1991-06-07,0.4544333644959721,-0.2574499690645351,0.11955092320945551,0.044476598315340281
1991-06-10,0.054861109834488699,-0.30083426292417897,0.45123613603195634,-0.49065279213854512
1991-06-11,0.36614487240457538,0.14468183140153065,0.33113812762049993,0.47447468951049948
1991-06-12,-0.31332416612289493,0.23158687306091319,0.27760068439863794,-0.018340956509472432
1991-06-13,0.05661834917946116,0.46595763032690662,0.30576097849184225,-0.11643308062942198
1991-06-14,-0.37050346752736324,-0.0055182464645447092,-0.09609411734128033,0.378005079563979
1991-06-17,0.08743032153402823,0.30924046848526887,0.032217512257646241,0.1717317885186265
1991-06-18,-0.20948951134412899,-0.36424181428166291,0.37197832899422356,-0.90786721338488729
1991-06-19,-0.026725067335383518,-0.15947504926482828,0.77739032249257978,-0.18012332541942713
1991-06-20,-0.055614666528359384,0.023902911548792344,-0.020955409308082016,-0.95100013625628166
1991-06-21,0.057934191775290418,-0.28971259385282988,-0.22630132942131229,0.28765233924976641
1991-06-24,-0.050488163369225993,0.25886699226555632,0.63591286987103246,-1.17578858369527
1991-06-25,-0.51594447316983572,-0.68944902886881743,0.13861509484925702,0.029976696229337751
1991-06-26,-0.91003563494237816,-0.40965864107921268,0.26928056158175084,-0.41565310802815192
1991-06-27,-0.015254914726465736,-0.19027044146388816,0.040031888245352941,0.93382280433777043
1991-06-28,-0.12758381859796136,-0.3170935821045518,0.45254712453068902,0.80583000424164219
1991-07-01,-0.50606425903144936,0,-0.52547865499178137,0.127033987634845
1991-07-02,-0.10409022531488026,-0.83317386696482409,0.440218128193542,-0.44490435393078132
1991-07-03,-0.014519861292154211,-0.78220466284802648,0.79443647485322555,-0.25334528111221172
1991-07-04,0.25705847468473958,0.13056872043568724,-0.20566476729346825,1.2753257726481597
1991-07-05,0.57838632317897121,-0.23571072299061985,0.89781773285371758,-0.27015395222413258
1991-07-08,-0.44948452883165918,-0.024687680850169869,0.43184427938774644,-0.31307006688924238
1991-07-09,-0.64031097083544541,0.48221182794399575,0.54045895471688288,0.084703155299097721
1991-07-10,-0.022149962711499317,0.34967109000812491,0.063427186244309014,0.65001624778072464
1991-07-11,-0.18229478548691108,0.34474535729060241,0.21187882996870763,0.1909506656965336
1991-07-12,0.34338176878713933,0.0036976290281810803,-0.3870774456348664,0.98891261956834398
1991-07-15,0.083556458070590714,-0.4427677352142172,-0.53067032393171676,-0.26379988836873886
1991-07-16,0.17398211708796948,0.23568139722833101,-0.11953833357769153,-0.039195251174859502
1991-07-17,0.48535144832578198,0.65536508409233463,0.21579444448909324,-0.43920545418356988
1991-07-18,0.30694924741561086,0.16106167034723845,0.17810071873760114,0.40730625245643803
1991-07-19,0.1422876629488406,-0.26332280026629556,0.33504148787366261,0.36803385252830911
1991-07-22,0.028726699133792145,-0.15054001222659544,0.42001896269234229,-0.36165462673468501
1991-07-23,0.61757734138010201,0.4163380610491843,-0.078495437357976441,0.22579197802668527
1991-07-24,0.29864680406706823,-0.45767511937231203,-0.66710859259603172,0.58617227944026651
1991-07-25,-0.0308491989094886,0.34341780676830314,-0.36043278008268226,-0.14259899483992661
1991-07-26,0.239316496403532,-0.17983232332513358,0.25060502601583179,0.63219575615969381
1991-07-29,-0.17835845777748957,0.2959879077913467,-0.16922293279431466,0.01121520495346081
1991-07-30,-0.67900901641797917,0.04266186022124193,-0.48149145459103809,0.94278296849805709
1991-07-31,-0.38105779488869657,-0.30321666735841746,0.11559452468023017,-0.36762151668165249
1991-08-01,-0.36796654089851233,-0.22723723139484678,-0.26205488642378127,-0.1964594321280749
1991-08-02,0.067184315016092719,0.56690886360577264,0.28258003029013995,-0.40568124432482039
1991-08-05,0.17139402848415092,-7.4581602599662006e-05,-0.15887548217199787,0.8707049086289671
1991-08-06,-0.034004336446372303,-0.22995847522939641,0.23733368615101016,0.30223094270320494
1991-08-07,0.19370967349338269,0.21701638206758481,-0.6451675377345889,0.022865069954102667
1991-08-08,-0.065707561902671172,0.14588464597116182,0.19423618645511459,-0.023225051218705398
1991-08-09,0.36587145418575584,0.06970747691883987,-0.084640463257643767,0.25620966452807642
1991-08-12,0.23352766728152022,-0.16118122125807663,0.39005850788762481,-0.28004894962925808
1991-08-13,-0.053225017533670413,0.2151255941883593,0.036516798583696893,0.26176715755691515
1991-08-14,0.47282245817421786,0.01796549370545477,-0.50804918608362537,-0.57118521373907627
1991-08-15,-0.07080190509539902,0.35864307097057785,0.00096899280214958103,0.3914413247609061
1991-08-16,0.019821346062529121,-0.024531574570638062,-0.61235386215343479,-0.53033232894423754
1991-08-19,-0.55922009857714139,-1.19185858800595,0.18494213558912162,-1.3619508719567892
1991-08-20,0.019059756638420151,0.27345330622326597,-0.069587430856586766,0.89059876290030049
1991-08-21,0.18419092292615166,0.3178457886552094,-0.03594202316085171,-0.81948955250069089
1991-08-22,0.30324107892807095,0.50552567353130573,0.81989891796486247,1.2383401242883734
1991-08-23,0.016530759302444374,-0.33937213037977609,0.1227735828597072,-0.27168839525962007
1991-08-26,-0.018839630768209464,0.37376922910332105,0.59044968055436109,0.025478643871566571
1991-08-27,0.1272055378725411,-0.13242450986142587,-0.29244027517055565,-0.44351123104040951
1991-08-28,-0.0016224257774385621,0.76170367778253234,-0.19734428260218254,0.46611816991678873
1991-08-29,-0.12100547631745526,0.59792384473319382,-0.47917073292425627,0.33960077207416417
1991-08-30,-0.61597818148900152,0.62852932746670154,0.18532477384514667,0.648052684058402
1991-09-02,0.7842823428931448,-3.0000000000000002e-18,0.03413226641152288,0.12479580518728216
1991-09-03,-0.20337316390849175,-0.5697724137000425,-0.33227130212139833,0.11034329508569093
1991-09-04,0.63151481098544204,0.21484793549167019,-0.074286769529676847,0.46660423834836212
1991-09-05,0.70969191933155351,0.070406104761294691,-0.22560729507284319,0.23674710477796954
1991-09-06,0.31701522739249088,-0.577930560075676,-0.068887462037206373,0.36260474956859223
1991-09-09,-0.040537117482406307,0.062705069010628375,0.35681378795925439,0.068673382358847734
1991-09-10,0.10875773373831678,0.23732874699558268,0.2201486641071925,0.24700205556051313
1991-09-11,0.080727724737092679,0.69348558210768141,-0.060149949364206742,0.55600191370217444
1991-09-12,-0.16658421231527568,0.24677422091740975,-0.69502528585398426,-0.12775105551224225
1991-09-13,-0.0041555990140808349,0.047374097316743441,-0.46375858518148771,0.61501331370792356
1991-09-16,0.27323105455594893,-0.12459577257665966,-0.0044483057397043911,-0.21972751420153677
1991-09-17,0.23897902040889507,-0.26182309571143564,0.42842628001198546,-0.32030315049134361
1991-09-18,-0.33687145471950042,-0.47898179338012775,0.59741573423101524,0.30309911317846583
1991-09-19,-0.6185813417037439,0.15223477702947136,0.26031165377477544,0.096713041972040448
1991-09-20,0.34666078839491837,0.097251483269784819,0.28914047521679048,-0.41198582608783907
1991-09-23,-0.43428849616791987,-0.56508677897167225,0.0078098243216722235,-0.089166510036454871
1991-09-24,-0.02898092061517784,-0.34624457498000621,0.53105329089473274,0.49975067154123037
1991-09-25,0.42278350694517525,0.45786159821272054,0.25668462764452005,0.40661693002354687
1991-09-26,0.34710426013072015,0.022740885412843397,-0.60774464936734429,0.062136427187111674
1991-09-27,-0.66224002268582149,0.7979695483145427,0.22871023294343773,-0.42147472772455463
1991-09-30,-0.070192078721329543,-1.0481996906102984,-0.27421011524792482,0.53169933784877021
1991-10-01,-0.005108905537284025,0.077023945069719907,-0.4779285159169448,-0.085186558319907221
1991-10-02,0.10533551863548736,-0.43056093572048554,0.028318234893297746,-0.53350638025428332
1991-10-03,0.059405837673163979,-0.26478730482912138,-1.5538333638336903,-0.0048601492209270894
1991-10-04,-0.10410819731516854,-0.20411111290059455,-0.5245050733309512,0.37760952125800523
1991-10-07,-0.39243428041202522,-0.40670101393280045,-0.4472974606430617,-0.063426107695249395
1991-10-08,-0.28390153083020797,0.73995969116933458,0.37475279107974069,-0.22811856596794888
1991-10-09,-0.9747549255103195,-0.6940467918967117,0.020261443668109065,0.1074170865937744
1991-10-10,-0.16580410331681675,0.27155417957333833,0.0034069406506329739,-0.19533011777759668
1991-10-11,-0.4628485041462525,-0.2909551161999086,0.29723625068402171,-0.61142936958273786
1991-10-14,0.0213068962821218,0.00024896284944494801,0.20874898051190302,-0.060831663892155524
1991-10-15,-0.77741222130512222,0.69773532595490817,-0.49585592798121519,-0.4318482494562027
1991-10-16,-0.25335466729792144,-0.98699202650693807,0.40488153233005947,-0.24272194594856869
1991-10-17,0.25206802955800056,-0.26353113424362368,-0.21650318624307641,-0.92913811919777212
1991-10-18,0.54554553103799319,-0.061827232164322767,-0.15795368678316146,0.047196904868645161
1991-10-21,-0.75294123121202916,-0.89423406851725806,-0.37440727136073398,0.20046801309674153
1991-10-22,-0.53981932767200058,0.56890559297527221,-0.2406005965626492,-0.10970416415072073
1991-10-23,-0.38764385630013382,-0.11771643467731466,0.060384188461473212,0.08283803422688614
1991-10-24,0.60488799730453002,0.027045230262125262,0.24471836169940969,0.1810541590836876
1991-10-25,-0.090674322872536697,0.32390831551566346,0.12202083608565827,-0.1829977377010174
1991-10-28,-0.40707012265205966,0.17567591073302741,-0.16872671754053176,-0.067329564921877014
1991-10-29,0.13478885069226884,0.64942832240884008,0.071118330772646815,0.56709247264002749
1991-10-30,-0.34069234007111915,-0.37780053029379246,-0.074146461913095943,0.61371726657934089
1991-10-31,0.11432194692531739,0.18813377876728268,0.24023988774748931,-0.26230023790220508
1991-11-01,-0.50346164907694979,0.7721674074004039,0.0050933381185316682,0.052444906600344107
1991-11-04,-0.033405141596711506,-0.19561753985904662,-0.015081725099673949,0.83657394008107233
1991-11-05,-0.29822669172587934,0.63242331358503134,-0.21824400415749423,-0.86012890888351856
1991-11-06,0.014336137906868312,0.62664738071032611,0.046342796256339261,-0.20184186630639278
1991-11-07,0.064887494950693944,0.21391066305987932,-0.29682834339340136,-0.0046459015702181089
1991-11-08,-0.77885856681284837,-0.057026948081351961,0.0050865800553783619,0.23603958682532589
1991-11-11,-0.63364473570254998,-0.12635860614959379,-0.11628528827187262,0.37142093791015035
1991-11-12,-0.95030682585660764,-0.51992100197540114,-0.38008896471673836,0.098061676996785432
1991-11-13,-0.32557042193224722,0.62912790315820033,0.040633333440329503,0.14633292829282049
1991-11-14,-1.2534059279947976,0.58929840057513716,0.10431785517330736,0.15348364421675084
1991-11-15,0.22889809458384608,-1.8779848889517603,-0.093439567025095482,0.42957681542926607
1991-11-18,0.63323396468172866,-0.024987645920722522,0.36488766106651932,-0.36099547764249568
1991-11-19,-0.29138266408748209,-0.56326484980742086,0.34282128942056878,-0.31370419041638886
1991-11-20,0.63678538271914975,0.24258097127324643,0.105320779367598,-0.0032308205688475382
1991-11-21,0.69945653208429892,-0.89417592130745727,-0.25334397261606961,0.52782027786136332
1991-11-22,-0.41776683725829739,-0.11949034617841595,-0.31253635439416416,0.50525727353103689
1991-11-25,-0.042211654581887852,-0.011126735923140993,-0.07983165946959396,-0.15653686137119205
1991-11-26,-0.2368267981384134,0.39570373733502823,-0.23043193688534969,0.23858371841394108
1991-11-27,0.0094138817973508926,-0.2151785939045448,-0.082067650412459558,-0.69697888082770587
1991-11-28,-0.30931480324323907,0.33004599967732479,0.18818327237618188,0.60199501404959321
1991-11-29,-0.80269534112788454,0.13494005777398613,0.41527843648300339,-0.27952501920308992
1991-12-02,-0.18054741267526736,-0.34344891913156472,0.52251091131926586,0.58079940983378431
1991-12-03,-1.0039830683345012,0.41212365943136836,0.53865970072189229,-0.098688452435449742
1991-12-04,-0.46639527831036548,-0.52946231806618349,-0.69852756724251552,0.51546083956407529
1991-12-05,-0.53892773725076193,-0.63751232006231506,0.6277254158679143,0.35809456889369717
1991-12-06,0.24432364631991679,-0.57056101405595061,-0.16448919370285428,0.58318340762241427
1991-12-09,-0.21357912742491239,-1.0903785148707845,0.085540833251067233,0.82059659923102812
1991-12-10,0.59902104692698477,-0.48725064258493334,-0.034095690428950512,0.065621611667766588
1991-12-11,1.0286924019437826,-0.16927058903329234,0.49030056379155385,0.66899361011345071
1991-12-12,0.82785112683020967,0.6086360342762801,0.038730209466904468,-0.088106891864245834
1991-12-13,0.64104528292742535,0.15616237957040394,-0.40412089934338724,0.41645729545463628
1991-12-16,-0.37633728097619479,0.17860347569893606,-0.027056636112029239,-0.080395406031549391
1991-12-17,-0.99125241637516104,1.0369120124820259,-0.065548010767535539,0.39341311785008032
1991-12-18,0.28559892095081496,-0.47106805924820921,-0.22516897626820875,0.25412073754603498
1991-12-19,0.58002535952956813,0.18640793784261939,0.2649103108410954,-0.4322988373775612
1991-12-20,-0.47571599466083986,-0.14480997991052288,-0.26960437481234595,-0.52714231389354615
1991-12-23,0.23438869835980292,-0.20800912848578496,-0.013192796541924755,-0.29140507987384112
1991-12-24,-0.26279659586438303,0.35629446396105147,0.020090693026526454,-0.011301466102811348
1991-12-25,1.7211427506323e-05,0.00030538684291669997,0.0029836614746714639,-0.00015766940840917999
1991-12-26,-0.02580600430794712,0.00030533278256638903,-0.5680461317906218,0.0188772965852246
1991-12-27,0.043651488096056387,1.3088629564209748,0.16579854549296902,-0.34764037955887844
1991-12-30,-0.63772229447955686,0.77632069392300318,-0.10158464980896163,0.44483805444205926
1991-12-31,-1.013834251841597,-0.91746449699922716,-0.017515975449165801,-0.56514321538533385
1992-01-01,-0.00539533409478264,-1.9999999999999998e-18,0.0046934685879901341,0
1992-01-02,0.18021137953037572,0.35320420562580379,0.0040464395456293019,0.17930450969793654
1992-01-03,-0.62257002008980344,0.43980132284068701,-0.0040431133909511431,-0.38313407831187574
1992-01-06,0.1650981469143819,0.49786095501737504,0.27147444785017805,0.25363647737336409
1992-01-07,-0.23156828439874605,-0.2807874643939049,-0.15746915399663608,-0.48109129046664068
1992-01-08,-0.45022726764810256,-0.36440650122822971,-0.15953336402200385,-0.30169394620607465
1992-01-09,-0.60338187077531169,-1.1439051176506834,0.12116208448279395,0.39262176366071022
1992-01-10,-0.32928106105236027,0.48459977459403647,0.079084774353234411,0.095867966469456584
1992-01-13,-0.59825390557381319,0.09887226550906543,0.68036872447092733,0.56112791457313582
1992-01-14,0.036755275900320183,0.64527685622863418,0.30333070316703087,0.39158492501695369
1992-01-15,-0.37311560319147147,-0.35103271229762362,-0.018020095979819788,0.91344077243108324
1992-01-16,1.5183845484794345,-1.1703950986576761,0.96987280817850374,0.49164259622694018
1992-01-17,1.4754775721066493,0.89325943317494638,0.037836564426926574,0.21015246406175608
1992-01-20,-0.74848799203526417,-0.61580878633666369,0.88039773244420783,-0.61279952852661923
1992-01-21,-0.071424106511523228,-0.19072276965631565,0.36730190917290989,1.1441503778863087
1992-01-22,0.22144491815154055,0.52975931180530411,0.2815796876204707,-0.17278763812704734
1992-01-23,-0.2351240412991713,0.77345005031192604,0.079706121611811814,-0.78033919035234633
1992-01-24,-0.63120658338277869,-0.0083814607101827983,-0.02427884177460915,0.44537449476467006
1992-01-27,-0.58088947428338245,-0.71731707268633693,0.072152592434383128,0.74318261245878903
1992-01-28,0.46830946835455278,-0.10620436746764318,-0.20086112816472917,-0.022780273313115034
1992-01-29,0.64201607264046323,0.78252807845582473,0.19580487528352697,0.25518075307515198
1992-01-30,0.28884408893350993,0.71538957313263773,-0.21384099134653883,-0.62254532003629548
1992-01-31,0.41636934309815032,-0.50979710070660433,-0.46474878747546328,1.6147524976405221
1992-02-03,-0.15742981411610127,0.54427680159613878,-0.23072484548686761,0.47463162821868332
1992-02-04,-0.4457946203889106,0.462746918007644,0.64435793737860569,-1.0044032853532479
1992-02-05,-0.43004476303933353,-0.10626414012570368,-0.15716658253079019,-0.086857181905286296
1992-02-06,0.033993163494481747,-0.15325292753486153,-1.4439101037884199,0.14387860805061667
1992-02-07,-0.025371957037415016,-0.005938740722195056,0.38573497364906595,-0.50570484785198611
1992-02-10,-0.34674830622563474,-0.17881798991046893,0.4255578408282697,0.30328640517638528
1992-02-11,0.71271028301184203,-0.34870088487706696,-0.00036084727153393598,0.11502257739919594
1992-02-12,0.049603829157021551,0.043026697052273646,0.22119330533370771,-0.66532700034926207
1992-02-13,-0.11047217197344705,0.38663745147034612,-0.17475296703154852,-0.35548795706800246
1992-02-14,-0.20787757378713054,0.56680651827150674,0.24834799651634623,0.54378280136754098
1992-02-17,0.36730909023279368,-0.1970990847813319,-0.20444004630761184,0.13702130998045492
1992-02-18,-0.17699562053840137,0.33167208310033924,0.19626711818194778,-0.16542723214882904
1992-02-19,0.46565373987370562,-0.080532157501712262,0.020739500153077246,0.6470636945006254
1992-02-20,0.010082239257653312,0.16015903711440554,-0.14173709525418138,0.20330045570241584
1992-02-21,-0.50218226140942035,0.83416231509113492,-0.56856550614479917,0.15792826282732245
1992-02-24,0.45016171111394304,0.62151166467562169,0.37578079333653547,0.075305615003417953
1992-02-25,0.5855642633525685,0.26449476801991939,-0.40474278277986814,-0.135573917629083
1992-02-26,0.46901175163323783,0.13859458551426859,-0.6841182042138233,-0.42329770397232991
1992-02-27,0.56083092394582823,-0.68792043095915256,0.2364183497122295,0.20061514130073477
1992-02-28,-0.23155808751364548,-0.067168889974678694,0.68701332320318331,-1.0897248795884924
1992-03-02,-0.31643569127880955,0.40135456637756373,-0.34670918182219357,-0.30078713128108214
1992-03-03,-0.18085387668047082,0.45045974569973063,-0.11095525129681473,-0.23991857353401649
1992-03-04,0.36490609556282694,0.15714632997908276,-0.15552709680099236,-0.41495395850740735
1992-03-05,-0.48685852482401654,0.17700126961386037,0.1254906856766291,-0.025471308209805973
1992-03-06,-0.27335122713397325,-0.21167177194293907,-0.42039659991153144,-0.062882699342191789
1992-03-09,0.85498669056426235,-0.067581598977535823,-0.055094682703258298,-0.14146588945024641
1992-03-10,0.26739015414693867,-0.50087158925915842,-0.21826457358736129,0.49799156079197665
1992-03-11,-0.90208454267007088,-0.26036851791675347,0.060092989646570463,0.0014216397744391729
1992-03-12,-1.1003688029947398,0.061433863670252019,-0.28696790131175465,-0.38729719032798926
1992-03-13,0.12041703982367648,0.18019046028026822,0.14400201850809441,0.71078306647341483
1992-03-16,0.05979275324116233,0.59189576532703581,0.39436517117229092,0.041070176254448074
1992-03-17,0.451503624234317,0.47494126544263182,0.48104269528793009,0.5985735894000257
1992-03-18,-0.52441839172531268,0.21644689563639785,0.015737768375010393,-0.055030317347188565
1992-03-19,0.50469360193591795,0.52755917165966493,0.26959005454309387,-0.92999868534304164
1992-03-20,-0.38509659135701341,-0.017142713505432311,-0.0016559691300019861,0.54414180808330792
1992-03-23,-0.31288293044235527,0.25841923216186802,0.26216425798882947,-0.39708111080013675
1992-03-24,0.23703755866186482,0.20364570972282522,0.70301964193066646,0.15890225214818246
1992-03-25,0.21205041353079901,-0.19165620645447914,-0.20750690733194768,0.62061124514071808
1992-03-26,0.44701223786607081,0.10015976074873043,0.22638456511428934,-0.30491607501987367
1992-03-27,0.36103057541386535,-0.61084733371260713,0.3563085563649816,-0.28441083594982552
1992-03-30,0.076838763830819043,-0.20752773684009806,0.67470075089222459,0.13617774093681875
1992-03-31,0.35911720862064256,-0.024661064801663305,0.75607376358858991,0.93352281887290611
1992-04-01,-0.66208245572038726,-0.56985076608272456,0.97457505235636965,-0.053921380567247358
1992-04-02,-0.24737034433155997,0.78231489236065888,0.038223425332170886,0.13818159665600879
1992-04-03,0.3198165305182552,-0.095225101112511812,1.1447262101149418,0.24237212657531432
1992-04-06,0.19338028897186021,0.42124260849745992,0.19104207790585157,0.11641524897050914
1992-04-07,-0.20589908776045365,0.15233825250632543,0.99956617743573417,0.075334352373975746
1992-04-08,0.37285978115086055,-0.15165520793768233,0.79960892564384989,-0.17173630886500141
1992-04-09,1.0994111158930122,-0.52606781002276903,0.81122130308392726,-0.23002640231541546
1992-04-10,4.4030806365689736,0.0038919292413474183,0.13578242170478733,0.1652936555330862
1992-04-13,-0.27681398490346881,0.52208175229340603,0.27790576384656906,-0.27311862037601214
1992-04-14,0.098517086534152379,0.17442502673755556,0.044707362843266013,0.82770207776278126
1992-04-15,0.87135057255162263,1.1201358336644365,0.42891552292820145,0.27764517816275064
1992-04-16,0.41295878713833056,0.58150964378711478,-0.75566105695419794,0.28950796690379138
1992-04-17,0.017970064212876311,-0.00038387257828594403,0.38531610811329836,-0.0052802718977415942
1992-04-20,0.0034777816102771076,0.097846424595277731,0.3909483411407404,-0.00472122486929213
1992-04-21,0.8093442067162665,-0.94343260170732712,0.30891371741946833,0.01897967952195484
1992-04-22,0.291824982580351,0.20762517669069563,0.16856842439792805,0.17786471872925078
1992-04-23,0.085083866051781323,-0.043371484838822749,-0.28424881377049299,0.3566239740865787
1992-04-24,0.21058529707048348,0.24433028934275478,0.84105490764286917,0.10117450081585705
1992-04-27,-0.23404527367391381,0.19654720917773741,0.19331315467545485,0.41464041203318469
1992-04-28,-0.48324909000283695,0.1282199172383468,0.095951939884243054,0.43689025317526253
1992-04-29,0.30086363879913469,0.54083909677016628,0.00040965678807511102,0.20576553277533022
1992-04-30,-0.13469845061200975,0.04742378757238859,0.24458374181988204,0.44370979509675496
1992-05-01,0.48458926158490895,-0.05968262047386956,-0.79679562868802367,0.018815070560448326
1992-05-04,0.025339480268880436,0.47852850884365428,0.0020018821608277239,-0.23720467242055276
1992-05-05,-0.13259442652662073,-0.27395498467980967,-0.00098184585216679987,0.062523280118991886
1992-05-06,0.38696458793043575,-0.47011108712212474,-0.63154422345415628,0.63297729104114175
1992-05-07,-0.4580059920225662,0.3503940605160844,-0.65609269219604804,-0.23593835933172616
1992-05-08,0.053309377150705127,-0.51052587041373876,-0.14621275466502609,-0.3192373251430321
1992-05-11,-0.12144351092697801,-0.22042769861248596,-1.0607586968049851,0.24212136337920359
1992-05-12,-0.73970850906046381,0.24558659717217571,-0.57872601386473888,-0.063597892312020413
1992-05-13,0.27387061604336688,0.47054426465907839,-1.1905843581014806,0.31472970687132912
1992-05-14,0.018527996051879166,-1.0708637385869535,0.17133789647967054,-0.56621170135663235
1992-05-15,-0.5107634309525424,0.67755260788482796,0.52882171243913023,0.04738150788138256
1992-05-18,0.10614723997126796,5.8898159254318999e-05,-0.47468872046490301,0.93623017823785226
1992-05-19,0.62211596063489494,0.27223546646611801,-0.046886079258698629,0.14208715554201182
1992-05-20,0.61161252651782594,-0.82055296849534975,-0.24030885523049936,0.15759552576263608
1992-05-21,0.17851197742048111,-0.17504315894893011,0.18181833738476894,0.36991753299739433
1992-05-22,0.38604768356977259,-0.033622676479123058,0.3832620768345672,0.28153561946541594
1992-05-25,0.002674230017171448,0.053473983320436208,-0.36372390649271163,0.10730934448023303
1992-05-26,0.53834517779820634,-0.13947892207668439,0.43192965903946795,-0.52249173505644697
1992-05-27,-0.083809843367913833,0.28030445809108229,0.2269749234147812,-0.15833000294066901
1992-05-28,-0.40784717312613789,0.47887219012432858,-0.12460277402790373,0.016110979860752422
1992-05-29,-0.46688567147639493,-0.032901819554276894,0.057242790953183131,-0.83791519736498898
1992-06-01,-0.078042607012889273,-0.11599412565685462,-0.023164926738433213,-0.61530729294592201
1992-06-02,0.11238664147370553,-0.32856936651622221,-0.17815977543094233,-0.070668904287215062
1992-06-03,0.32809907966500651,0.5792757008799343,0.48337499967114311,0.40027340126949257
1992-06-04,0.656115424797302,0.18963080467863702,0.52445839341989564,-0.06350801743079558
1992-06-05,0.043200610646003078,-0.12514940405436265,0.20381061363070391,0.26904839839034789
1992-06-08,-0.11645825091981246,0.31935607766707741,0.07412108425435629,-0.002489965123149359
1992-06-09,-0.37093496243726121,-0.4249186160857365,-0.47253349162996677,0.14549381010198098
1992-06-10,-0.34542510091136813,-0.66287144625885663,0.098743558739499096,-0.51584710750323093
1992-06-11,0.33539820991688368,-0.5801936704941153,-0.082676090044274356,0.72881704854271967
1992-06-12,-1.1363588820229082,-0.276170053736571,-0.27401071439985381,0.017143082475731798
1992-06-15,-0.32075866506519207,-1.2313660789978029,0.14813109198854624,-0.18975849722675966
1992-06-16,0.16956222343451843,0.12296767650151522,-0.020735008040178301,-0.1037434045853816
1992-06-17,0.097708529027636104,0.084676037027963849,0.42569955512395291,-0.4544646615218334
1992-06-18,0.015192375838866078,-0.50076181465724923,-0.076531779927423549,0.025403241809788309
1992-06-19,-0.22413915876721155,0.48373281446719152,-0.40689282184113612,-0.071552200947091596
1992-06-22,-0.028990149753648348,-0.56816325751073193,0.43440627166434315,0.52626817979596296
1992-06-23,-0.036323454128118701,-0.055131155733910649,0.022628254392497087,-0.29842929156368408
1992-06-24,0.23052565569750688,0.58524792764198286,0.44150666828753626,0.21386873109238069
1992-06-25,-0.067772331146054951,-0.27470365440842093,0.8821653642937658,-0.10186960753031092
1992-06-26,0.33280540006417025,-0.55503516550164056,0.45441611779937724,-0.47575073291054965
1992-06-29,-0.031528839531860545,0.46655054965738768,0.045397476128344688,0.56270784021497078
1992-06-30,0.058008974878773295,-0.23188734364409819,0.32654984138293597,0.24406804750545641
1992-07-01,-0.1396015035721794,-1.9999999999999998e-18,-0.51865608344565284,-0.34997921157481948
1992-07-02,0.29177202681838349,-1.112245033459847,-0.64085625551760839,0.20558651227703434
1992-07-03,0.11297647338148414,0.11175480315144609,0.071481136898357875,-0.30188154641760684
1992-07-06,-0.2256714847668525,0.54338667415079345,0.49248263538420906,0.035760889135129495
1992-07-07,0.059400024546586716,-0.094569574265934458,0.27983735907508983,-0.83162444259690693
1992-07-08,-0.42365827383086718,-0.60708040235533911,-0.26039102947315673,0.059345503163644703
1992-07-09,-0.36106388741749701,0.93593730249274032,0.16640261093938064,-0.43822114501048082
1992-07-10,-0.61259818507936581,-0.089430438832181436,0.46626785062888754,-0.22114683911745123
1992-07-13,-0.16158497642452735,0.46742518705779368,-0.37786228202482341,0.063524215119531713
1992-07-14,-0.32844116977241328,-0.50009506937543935,0.13392260743084308,-0.12965840168933468
1992-07-15,-0.12326006439772139,-0.826310923606562,-0.135539364047081,0.42818063139708035
1992-07-16,-0.67351319940978494,-0.32694033406241313,0.01141881655733765,-0.0039221999702889684
1992-07-17,-0.6762746955841219,0.059885817682766324,0.33407016283637198,-0.15919009502043074
1992-07-20,-0.32233428705044315,0.10891299229979538,-0.74657036673488764,-0.47969192581369957
1992-07-21,-0.76992426599900055,0.62243624459579328,-0.24974669695930768,-0.88664156164541452
1992-07-22,-0.55329037343219478,-0.30071690721323419,0.65087183900902379,-0.48658251956612641
1992-07-23,0.37529678437911995,-0.044014148995217904,-0.69125554304191283,0.43751758202009855
1992-07-24,-0.5084603142805677,0.058061697503138131,0.67672952945969,-1.0552823591314562
1992-07-27,0.03291560116338646,0.12700873669057128,0.07348677583886723,0.68346804036740194
1992-07-28,0.27976251586038947,-0.07635033417955453,0.23940325646982022,0.22873559165316346
1992-07-29,-0.18455518077811003,0.22652025324196726,0.72864600126319712,0.041530342999679386
1992-07-30,-0.026634430798659819,0.2431907176313016,-0.66690563411625736,1.2749647974221492
1992-07-31,-0.46700345758980477,0.09002372011995062,0.28235286101937951,-0.69950801240271743
1992-08-03,0.094579573698074265,-1.9999999999999998e-18,0.098537038079495043,-0.028414210746679915
1992-08-04,-0.39220649747499436,0.81598916166354674,0.29824520101715757,0.75438130324531683
1992-08-05,-0.50867155187960345,0.32908980261435522,0.13179287835618486,0.42848919228570442
1992-08-06,-0.66567912042255384,0.5039270336193834,0.15603029579502239,0.35293477156210673
1992-08-07,-0.65022346967364963,-0.01679630404138225,0.77160077634188873,0.2205374409999748
1992-08-10,-0.085154182451228105,0.26175106885126775,0.71943439084954153,0.41807699243500174
1992-08-11,0.26579784524262134,0.5725118967582481,0.89307293851215097,-0.30349533653024957
1992-08-12,0.19576955874897908,0.23367298834132796,-0.019515423378433251,0.34208722808653302
1992-08-13,0.43860234728884562,-0.072019525039786383,-0.38420091464634554,-0.21309648972247089
1992-08-14,0.29334929409478688,-0.024520391096756813,-0.43589948077237867,0.22160882756464934
1992-08-17,0.15681512094593109,-0.050650880703828845,-0.70282695160988307,0.16385316940098177
1992-08-18,-0.5168067169099736,-0.025428648726016325,0.36062947980089866,-0.29672614196064101
1992-08-19,0.37618266969296149,0.22231113998086136,-0.82228673409150754,1.0510306400310574
1992-08-20,-0.29063563040655532,0.22552419090300629,-0.42982545328664606,-0.13520698817661006
1992-08-21,0.2569321536866005,-0.26786395795077855,-1.1455815872615827,0.4707078500405531
1992-08-24,-0.16819245483458914,-0.38595362656315352,-0.90516181388433026,-0.46957505818511475
1992-08-25,-0.048111835723661053,0.17867122000658281,0.17035611586362515,-0.060376749815060818
1992-08-26,-0.13225681908684686,0.35706736051658999,-0.37338385335693025,0.1351616693608832
1992-08-27,-0.34375538082863288,-0.093734402913700193,-1.1284797110993381,0.20977435916257808
1992-08-28,0.069731612791690392,0.16168335119238489,-0.018021789550990222,0.09067216935947689
1992-08-31,-0.011954278453727278,-0.71605095677273845,-2.234156634097515,0.76035836804738233
1992-09-01,-0.14785772642073422,-0.10099959661232752,-0.29646325491544917,-1.4434074365664507
1992-09-02,-0.57380201661811348,0.1455761267050753,0.18353276513535072,-0.17559848893852295
1992-09-03,-0.3180413363843953,0.072086118240963157,-0.33909010754662122,0.52021562061142534
1992-09-04,-0.26805153715108898,0.36119149307914189,0.81353967898356427,0.05440358843602669
1992-09-07,0.24241768922058124,-6.0144243498738993e-05,0.047352155215951326,-1.0924564619313797
1992-09-08,-0.2038786438124314,-0.20769839525113082,-0.18008554645478453,0.5111162147640087
1992-09-09,-0.60482256175428817,0.050249419475455019,-0.75608895729884984,-0.20350935372659401
1992-09-10,0.5381711541548222,-0.32397056907921568,-0.13184752781951459,-0.48859954413600221
1992-09-11,0.39112630407228216,-0.19452978195780415,0.31752336963328504,-0.61970850503578101
1992-09-14,-0.22651421509872283,0.10778970856396872,-0.44723684760733268,0.72104258475274441
1992-09-15,-0.43528126779648607,-0.28356412676073933,0.00031830472746168198,0.19728528411751406
1992-09-16,0.011535135030565479,-0.60423736459893052,0.66631459168808327,-0.81978748074235719
1992-09-17,0.13213186773098715,0.65627614757107244,0.037256651985291066,1.2070095431414205
1992-09-18,-1.1143431102967405,-0.14765280875213244,-0.3257004792776298,-0.75954263533337008
1992-09-21,0.41694280128836225,-0.27132574226870537,0.70826101322255708,-1.1845928357206599
1992-09-22,0.22305799820710975,0.054769501166136061,-0.26435203012015507,-0.75072715714698801
1992-09-23,0.61707640337803915,-0.1311265758588567,0.0024837034215844508,-0.10361249738010307
1992-09-24,0.93629254201468126,-0.33997070353263459,-1.3159255865472432,-0.93608557235521017
1992-09-25,-0.26688482245678824,-0.067423994042622573,0.16575191420940216,-0.90865197272516929
1992-09-28,-0.056215850172983618,-0.13541178949577559,-0.02688611669513943,-1.1467775335067167
1992-09-29,-0.017977748680430769,-0.38687116132258986,-0.23332373022434666,0.066412803143464483
1992-09-30,0.44025801886525395,-0.28542291856568852,0.17163792216421808,0.87977778719506228
1992-10-01,-0.75910427414237724,0.55910007707166665,0.28886149596198885,0.34499806324455928
1992-10-02,0.2469717588087699,-0.36157387002617913,-0.16497307145053536,1.0366098246148769
1992-10-05,0.19272797323051405,0.42464594617533546,0.61992417184461024,-1.8679597918768072
1992-10-06,0.065647770142947481,0.43173284324965788,0.05083621794233846,-0.6777094399346697
1992-10-07,0.38819456202678693,-0.14555719805365291,-0.13662442364116623,-0.3710309989098573
1992-10-08,-0.11805263346296943,0.0080536507103992298,-0.10154151749810197,-0.38123265360235714
1992-10-09,-0.29823320198554282,-0.19297404657825226,0.7259955456759275,-1.3157769810851954
1992-10-12,0.22900291212633092,-7.7088747339418992e-05,0.54554132551075685,-0.37458786653313891
1992-10-13,-0.43813203560533565,0.6512074136351107,-0.40612650505190234,0.81853414972111149
1992-10-14,-0.41977739620136423,0.015219866169899322,0.3442134554700193,0.13136009780047805
1992-10-15,-0.35408157865600409,0.16034314105687775,0.27503261469983015,-0.55739800962345643
1992-10-16,0.35741231237364246,-0.29321232151798654,-0.40191058677533931,-0.33686074621183593
1992-10-19,0.17989151176745743,0.1855191273363338,0.41803576995389335,0.14440428534704747
1992-10-20,1.1626045271276724,0.16174385741558783,0.11868054191550219,-0.11190929290256113
1992-10-21,0.21084990905259582,-0.22871514013241881,-0.29065681451595243,-0.67249156615604766
1992-10-22,0.12393675076766281,0.12397115346573391,0.51445708686973735,-0.026779784771573459
1992-10-23,0.61036271545100629,-0.25968153622337681,-0.10092140986002847,-0.13293661911504312
1992-10-26,-0.39485318939717429,0.12896633044259587,-0.081447907318651966,0.36193877847493994
1992-10-27,-0.22600294172837798,0.85762845171137403,0.088365977239345195,0.20273036451946849
1992-10-28,0.7829294976395671,-0.64978421114868745,-0.10743960164768772,0.36576103986719005
1992-10-29,-0.38590326567543048,-0.91157854320495779,0.17990144403469355,-1.0905878330503869
1992-10-30,0.54593085981312162,0.61483562932266356,0.68477752758206312,0.6353257859638658
1992-11-02,0.79684074413928396,0.23708159991837024,-0.04578122876278358,-0.46110028871264447
1992-11-03,0.028813645237034891,-0.99946902641623925,-0.0025706388069532231,0.52512974974913984
1992-11-04,-0.35556801090270934,-0.69886487544720399,-0.41718540245289665,-0.27330927514834363
1992-11-05,0.29335023818080441,-0.78132620137781672,-0.11358661738169731,-0.13766775435683129
1992-11-06,0.74963591973536015,-0.36976358379155383,-0.14875741967661799,0.64689229851034602
1992-11-09,-0.14614153319887807,-0.31078094539360335,0.11092339055566282,1.0542303976791254
1992-11-10,0.2872999076901529,0.54194050831328222,0.50317333842813117,0.20269428236979742
1992-11-11,0.09224336808286375,-0.36300429612522378,0.19726649011892775,-0.064286363567613455
1992-11-12,0.9325225988020176,-0.76221952359989986,-0.19690449245840336,0.91079365737718276
1992-11-13,0.056172493682535185,-0.30692613651352113,-0.071157002342042447,1.8146821727575622
1992-11-16,-0.68815338049014318,-0.57259364584564643,-0.18822314559196898,-0.5864428184195023
1992-11-17,0.11195319385078842,-0.21946731418614882,0.17180236958199541,-0.20149938198118283
1992-11-18,0.36867493262294121,0.33285107308333522,-0.62463101182830205,0.001755936023194863
1992-11-19,0.33882544371386009,-0.54747903668443731,-0.15678127053349927,-0.14419878880887224
1992-11-20,0.31643745754495334,0.17060349912537903,-0.45204457544871202,0.0013204597856133261
1992-11-23,-0.01082391293698011,0.2017362603745122,0.00017553602985062,-0.5465802484616461
1992-11-24,-0.5884904054035619,0.41103091082335741,0.033091036596910421,-0.24361956647449928
1992-11-25,-0.53488478955054131,-0.5285337193125289,-0.13866582496448518,-0.044340946840055934
1992-11-26,-0.05115348119453008,1.108289506818507,0.62676131066609198,0.087751819476465959
1992-11-27,-0.43087176900058244,0.32383524412857023,0.35415941916663612,-0.93154121146641655
1992-11-30,-0.042429245947432422,-0.35417299354223947,0.10804534285808669,1.7311530287396653
1992-12-01,-0.15861483237030191,-0.12087794939443967,0.022150691482700213,0.25610895028638492
1992-12-02,0.2822831576070528,0.17961227126741877,0.015116442682742851,0.57266358713534005
1992-12-03,0.20622920365874109,0.21305117701891749,0.053162921488267657,-0.94578460793252916
1992-12-04,-0.62717275893940838,-0.45845312468605365,0.19891021419359287,0.21380458999151064
1992-12-07,0.33470758124073652,-0.53715335353353999,0.48363857375321295,0.35467584720318929
1992-12-08,-0.63347261772168795,-0.78496387507242316,0.29552191693002511,-0.43979983001626355
1992-12-09,-0.5089131163403966,0.06754062287737031,-0.013779535629360304,-0.232606959292744
1992-12-10,-0.16621362978641821,-0.54693144995858078,0.59534569018144623,-0.12779088047658699
1992-12-11,-0.10575350294033339,-0.33779011297343675,0.40782278623256979,-0.71057898022279342
1992-12-14,0.37325049329198151,0.044472352418254181,-0.21728309761757442,0.53728271272247918
1992-12-15,0.55873412358456442,-0.18118969471370075,-0.65432987480929461,-0.76038268528577069
1992-12-16,0.20585314701427335,-0.56486360174455419,0.31821719565704393,0.5557565070737821
1992-12-17,0.90602165356797548,-0.40716919263561102,-0.0030213846642030639,-0.41786954465578519
1992-12-18,0.66265136082509035,0.16854825867510564,0.10469740806463244,1.2940272625415257
1992-12-21,-0.12133832357477131,0.71297213360783596,0.38920330211749099,0.4785483597544361
1992-12-22,-0.40148759018276226,0.096000256032618247,0.16147977487195292,-0.29138285045168527
1992-12-23,0.30019871195882897,0.38060066768707929,-0.00027800445195087998,0.23220640086733826
1992-12-24,0.41371202294510862,-0.097521461311907115,0.23340958281871915,0.0065753272066292126
1992-12-25,-0.012411436578928183,0.00028935471875604,0.0094486577165861126,-7.1393030117572999e-05
1992-12-28,0.037264923888796292,0.00028931603906851998,0.082559901072161601,-0.058942457531484332
1992-12-29,-0.2212974541849691,0.72601694559976648,0.0011590895095495032,-0.42419161074916406
1992-12-30,0.24227734565333342,0.50853851364619218,0.42943302096424224,0.19717213226877342
1992-12-31,-0.15579020316683814,-0.20967900168676618,-0.00045410633892097404,-0.22858487283705428
1993-01-01,-0.000730205152223577,0,-9.9999999999999988e-19,0
1993-01-04,0.0036821772215976534,0.21980554637601896,-0.22296919590292,0.020150001757746276
1993-01-05,0.32031950991022851,-0.32278588064884278,0.33529234696478766,0.66925703068115949
1993-01-06,0.38400326803518525,-0.97154020004091723,0.27844018951275085,0.22328925988428097
1993-01-07,0.16901132100187563,-0.049335427945909283,0.13000551596105561,-0.62495300405222587
1993-01-08,0.19247250565661506,0.17043148905476163,0.0033401835447091034,-0.51520443825113915
1993-01-11,-0.25790693347196797,-0.1917128354849631,-0.29767953140632436,0.30029740333060329
1993-01-12,0.27880392469169324,-0.49868176033876788,-0.25714524615017814,-0.33373363589927652
1993-01-13,0.62369321330194438,-0.4142707915043965,0.19738211385455745,0.27516855445832689
1993-01-14,-0.08178884840136505,-0.33899508568397668,0.10710976908510407,-0.19538577744352623
1993-01-15,-0.32999974573439633,0.038175318352180784,-3.3395420692119e-05,-0.25800769503646059
1993-01-18,0.24636259542412417,-0.085065043629295387,-0.01071737700124438,0.53329146538763605
1993-01-19,0.62462672080071802,-0.064296138569618577,0.20055827818168565,-0.22034503059677368
1993-01-20,0.018035269195174369,-0.4438285432807838,0.32645414695133573,0.3709131103759199
1993-01-21,-0.61241697432700792,-0.7151101723986073,0.37584766631583227,-0.062050896199263628
1993-01-22,0.098502116741151946,-0.26164740187109364,0.10591602608900973,0.99675946737525356
1993-01-25,0.39907821234137447,0.22766093345530539,-0.2986158619271792,0.17840834904996486
1993-01-26,0.85419876666010597,-0.35455059515358078,-0.6016051640906368,0.11827790754402828
1993-01-27,-0.12307675539300406,-0.39777128683447655,-0.06225434618844037,-0.19171594075832243
1993-01-28,0.098079441464641329,0.26422130781777037,-0.36758073562267396,-0.52872311216741585
1993-01-29,0.31776982364907941,-0.67697918422721737,0.45186194427222148,0.079911490909195568
1993-02-01,1.2496355185882104,-0.35646292998153617,-0.17050518284962668,0.15238326515598236
1993-02-02,0.48574141556879791,-0.44117670557942351,-0.16688963571173504,-0.12448016197574062
1993-02-03,0.4912077516581641,0.43058100497612994,0.18002983625416616,0.10971767507386675
1993-02-04,0.35555098457859385,0.2333405315044659,0.087522925354266548,-0.44905961618373952
1993-02-05,0.4623824935378707,1.0979375444349853,0.1146425378772192,0.15930137870236652
1993-02-08,-0.11846280250394053,0.092798410669134093,0.52714103851605731,-0.67949480469545509
1993-02-09,0.35414125158619425,0.10235136878291107,0.11363242611914037,0.44183723417822268
1993-02-10,-0.53657937365151032,0.070760937617975264,-0.66902902482455107,0.24842098952906916
1993-02-11,0.3731881722272376,-0.55734250763823023,-1.4262685292619999e-06,0.082800055187539578
1993-02-12,-0.45628130235306935,1.4014359439013975,-0.52727317368550319,-0.07784159087637918
1993-02-15,0.029784616616919779,-0.18172353185448309,-0.26546791490304666,-0.54325240775685202
1993-02-16,0.76603349807315757,-0.24312706629158073,-0.16576891147019793,0.18348253880935006
1993-02-17,0.44615533068249857,-0.35961002842607936,-0.31228310625447425,-0.76474368253048064
1993-02-18,0.2768075768780307,-0.36152330792280823,-0.015488914563442799,0.046882146712600326
1993-02-19,0.78633951878336661,0.062810015996296209,-0.39408430759595559,-0.1325341523244076
1993-02-22,0.33883179359191529,-0.018998158849315619,-0.16742480707825505,-0.091648702738551927
1993-02-23,0.15861064056378074,-0.2696451233124002,-0.070800570040448374,0.21845752664579124
1993-02-24,-0.3863179404759588,0.30354529461347396,0.14540232553484581,-0.78883266394108953
1993-02-25,-0.02410384637049931,0.051619345578765269,0.046666516666835321,-0.21665289129997686
1993-02-26,-0.52166921238920338,0.42107633108842224,0.26463775147394114,-0.28995460070907303
1993-03-01,0.17684715951429728,0.096824037078989636,-0.12929890539740282,-1.0936227732188468
1993-03-02,0.16081572121711679,0.26813705774570806,-0.24989734908192224,-0.22749688216556738
1993-03-03,-0.13491790197033299,0.2780065427688172,-0.53601211430344409,-1.2753734072019538
1993-03-04,0.26687965798838592,0.9747084783951967,0.029680503134454521,-0.50081178051355701
1993-03-05,0.08386033297556271,0.017441863856393378,-0.24986861823593406,-1.4198746961856419
1993-03-08,-0.25539176587970441,1.0683804604261498,-0.3682386277675998,-0.14686619110178853
1993-03-09,-0.36081299674058476,-0.30270204020440888,0.51346005619362434,0.43091256367083786
1993-03-10,-0.40717261499354201,0.10319186364674471,0.49020567542222621,-0.76396790485733868
1993-03-11,-0.17247074512689106,-0.18578756620638834,0.4683243664097208,-0.4010858714751967
1993-03-12,0.047408276661313087,-0.40601403278792525,-0.34004739808962747,-0.64277659830791933
1993-03-15,0.14856088827070382,0.15024735927649716,-0.36189768672513639,0.21614532823741764
1993-03-16,0.70271185592333829,0.67894261013962054,0.17518997480460127,0.2737515766649582
1993-03-17,0.5166660858190022,0.11442558430591687,0.32524592412677916,0.29107123696586873
1993-03-18,1.0258972391071768,-0.080525337990050253,0.42626934924512572,0.77198384798219766
1993-03-19,0.71353147267669303,-0.53604062588904033,0.24839975282780671,0.9225954057490503
1993-03-22,0.00264643526645393,-0.13573387374965515,-0.33044102877824194,-0.15429637686900735
1993-03-23,-0.37356568172341281,0.25174249768585166,-0.075997489676692981,-0.22621914762162221
1993-03-24,-0.023125232406160386,0.3934472994248514,0.099554642398534759,0.865925476195616
1993-03-25,0.37044884676870032,-0.51027509278535266,0.47076705135245073,0.65342037099834549
1993-03-26,0.20579289156788466,-0.5335215138641588,1.5035118386540482,-0.26523404331703265
1993-03-29,0.36850483685094448,-0.34638742245529069,0.96546825881380383,0.36612115149187052
1993-03-30,0.72158719507808067,-1.0054370887828263,0.10534948797063363,0.11278526689055862
1993-03-31,-0.54279653825467344,-0.19677970959449265,-0.5922087187786661,-0.6325476443910788
1993-04-01,0.24146192628998045,-0.32876025776072726,-1.2859459890464973,-0.69356739550346513
1993-04-02,-0.17340875666047725,0.4382613035256645,-0.71792800311484828,-0.45593145810161201
1993-04-05,0.11805026417939946,0.15930374477111472,1.2835481402302988,0.53298894713717215
1993-04-06,0.86833363080605841,-0.4279592930770641,0.16399890520864449,0.72022399114286206
1993-04-07,0.65039797233696595,0.41017582836885497,1.3836407838167821,-0.5904255417539398
1993-04-08,0.55252952288515578,0.18866081298303883,0.35843997615182244,0.49509163742710338
1993-04-09,-0.0030574915205538603,-5.0300076505539997e-05,0.22217945524336891,-0.001026000503170579
1993-04-12,-0.023686488955554828,1.2541179559195335,-0.50690560850262079,0.02510808735749263
1993-04-13,0.57524324023603235,0.42918446943706839,0.13894016591025116,0.078125096869653854
1993-04-14,-0.6972536948495025,-0.34828222420719995,0.66852534634638905,-0.68821635158508332
1993-04-15,-0.60180128906380448,0.34029232142198818,0.22699947745557827,-0.32255420505231724
1993-04-16,-0.071690353838637116,0.29957543217569504,-0.14849163013570285,0.39852535054308291
1993-04-19,0.52660228103018003,0.46057009881669014,-0.41941487080271039,0.45968489657945993
1993-04-20,0.047937133804307155,0.37809238920066751,-0.20133378095415574,-0.10286021618642947
1993-04-21,0.053458982456243281,0.17162404410261869,0.1985850251215473,0.025028760871501021
1993-04-22,0.44800703422447907,-0.049465450528626623,0.46484042766780692,-0.72558677970564323
1993-04-23,0.83907431955193146,-0.79918945044369272,-0.0937551694223374,0.12329525692567461
1993-04-26,-0.11131940231894916,-0.50139075289758972,0.56359699309114608,0.28148870095711165
1993-04-27,-0.25062905884134024,0.067029601529503172,0.24171561660729768,-0.10218665477641155
1993-04-28,-0.39211570644560012,-0.54181359631688064,1.1539144027126784,-0.45524279111443355
1993-04-29,-0.2385299657319771,0.36140821138302787,-0.0034483876785501139,0.26522285208074275
1993-04-30,0.51645309499005343,0.39814008512440374,0.53106249099073677,0.38202906131943759
1993-05-03,0.021971126200130697,0.41814879811887495,0,0.043599073592246816
1993-05-04,0.24123272691752473,-0.56985154669254601,-0.003382039906121338,-0.2481373542469639
1993-05-05,-0.047863423068732786,0.32597359460178849,3.9363693869099998e-07,-0.34972782975201311
1993-05-06,0.15429052460097847,-0.11827162125027271,0.0012739035443363311,0.78504755054872999
1993-05-07,0.41109955367298284,-0.48400780647358682,-0.49653462885734184,-0.18261781926109616
1993-05-10,-0.22492741380551801,0.2377554915416617,-0.62173219676880964,-0.11410814001759488
1993-05-11,-0.38741138362637512,-0.49023186206826636,0.039671753285445172,0.34459180530997913
1993-05-12,0.21996856144669569,-1.023472568462245,-0.039518516358556882,0.71043154338965409
1993-05-13,0.50572285084361268,-0.66246197703085841,0.23908927056998266,0.28706860781679677
1993-05-14,-0.50042309994228595,0.40551589337116101,0.23466802131022763,-0.43176316444730295
1993-05-17,-0.31556608374739342,0.10449794542869999,-0.1198420779120524,-0.34669694650232868
1993-05-18,0.42739957890181218,-0.32828170684056923,-0.057431002894530167,-0.35830873806973779
1993-05-19,-0.50936861406709077,1.0298529391446722,-0.19578395449101957,-0.15868613848063906
1993-05-20,0.18415523303939352,0.40094724204060761,-0.39608890396572632,0.020523918063118186
1993-05-21,0.039625154904219473,-0.14865142590910432,0.21328076439378879,-0.70620390249077569
1993-05-24,0.045192211858672768,0.000107965636447724,0.50534245570739611,-0.10220983386304465
1993-05-25,-0.13187334021621994,0.13011223488432791,0.15398706009621158,0.33472822571043565
1993-05-26,-0.33209769972755004,0.36655769019699619,-0.27761047144000062,0.30473472567324655
1993-05-27,-0.34709481487725941,-0.81455999918718913,-0.084660636683876161,0.78743084472556524
1993-05-28,-0.067947680245818223,-0.44782899386888869,0.11774388729588764,0.054280527188759878
1993-05-31,0.015178777780963236,0.048813979914289221,-0.14254851736018112,0.22667160062466069
1993-06-01,-0.33060498857314924,0.27287025267252696,-0.087341237745307845,-0.810027358844018
1993-06-02,0.47342629212833209,-0.71683860678729505,0.38924925691794615,0.92672159377575314
1993-06-03,0.53415000003072444,-0.63702546626868217,0.63009871815979746,0.60259486006284968
1993-06-04,-0.068826166401076902,-0.58305738376032445,0.2972836557870383,0.00055665762300825599
1993-06-07,0.23728980811027414,-0.78441039488658637,-0.21419951058217709,0.10354583037311257
1993-06-08,0.56897180500630573,0.077312130374467686,-0.38451580788789991,-0.32375950021778388
1993-06-09,0.63309759087654249,0.74421156003407696,-7.6421558466670999e-05,0.32439375397472364
1993-06-10,-0.49906614951249345,-0.60428743696106768,-0.094206294434144897,0.037484710653156297
1993-06-11,-0.24574126205950259,0.0019459790586637959,0.20768114337879981,0.92803273016537879
1993-06-14,-0.1765369553169906,0.10453048890601137,-0.40651018930935279,0.2974278770339796
1993-06-15,-0.31331014639872157,-0.037711238942395295,-0.44566620521861078,-0.036127935300150495
1993-06-16,0.42580764257923914,-0.30323648825498056,0.1872358040158125,-0.2587747961703471
1993-06-17,-0.18583188490297031,0.1359911884209809,-0.0077666701937403378,0.67352569674534346
1993-06-18,-0.27204334024411392,0.35063569007763251,0.094435282127166426,-0.034694983099753864
1993-06-21,-0.35366841855926157,0.51550500497966989,0.84030436331120828,0.28012964250418509
1993-06-22,0.032257788144526692,0.26657958176393626,-0.55376202714052625,1.3282846252128517
1993-06-23,0.040005313865741618,-0.90368223861376618,-0.071787758383711694,0.78713288047311103
1993-06-24,-0.012723753805276216,-0.56909148045663549,-0.36493144042854514,-0.81823330470402122
1993-06-25,-0.041751016300555943,-0.43413450583181967,0.015812256238624794,0.11870974116824301
1993-06-28,0.13939871081351413,-0.27439222036279276,-0.43832224199786163,1.4594432771329597
1993-06-29,-0.002641063009841977,-0.086241987004784651,-0.05962990230467162,0.26355553020878952
1993-06-30,0.092866920814250714,-0.14907390687926991,-0.27233582514044402,-0.0011593593612215221
1993-07-01,0.37306459025329536,0,0.34894770637042594,0.076653543868792168
1993-07-02,-0.48141570007862983,-0.55604906715432523,0.046950301987112211,-0.69518995117760674
1993-07-05,-0.010491334372591293,0.32723586333789928,0.056456379997588589,-0.048556751192237263
1993-07-06,-0.31433039534267471,-0.71797500809692161,-0.13139797929904179,0.10163028080420618
1993-07-07,0.33171064365361391,0.62296595130436816,-0.16533962207791503,0.47378901358590825
1993-07-08,0.27090683386847642,1.3318498308090689,-0.010529242355958725,1.6752999594086351
1993-07-09,0.45001373674350603,-0.0060872647700496215,0.34111493949105798,-0.042965850956498589
1993-07-12,0.045807456360859394,-0.12730256240015067,0.2260112831269383,1.1327531524434216
1993-07-13,0.10777948828581158,0.50799402934347104,0.15654860899058498,-0.4378034684202059
1993-07-14,0.14652899977596356,0.68172645421861611,-0.3817037922525936,0.53457675324514153
1993-07-15,-0.29574553453318009,-0.30568364157914329,0.040186201189707338,-0.080977606382822115
1993-07-16,0.05505251848352917,0.53467268197998929,0.42794294255274035,-0.050114810645572584
1993-07-19,0.58471139979377817,0.18031644191043925,0.24542923407040998,1.1396319607019427
1993-07-20,0.02276023540136525,0.0021344753126669499,0.050116688170511056,-0.28006127301490219
1993-07-21,0.23021902322502807,0.20538466626807411,-0.30123890149123761,-0.044646562692911673
1993-07-22,-0.43206502632914878,-0.19961467193247606,-0.057779581363490498,0.81612604992129278
1993-07-23,0.07321414269508203,0.04952396333285549,-0.021394467620735724,-0.27996161296272692
1993-07-26,-0.091728958140595132,-0.84910762069297563,-0.20075747284390441,-0.55290002957174789
1993-07-27,0.42110583630478421,-0.37567577200877017,0.1154246394633611,-0.66066327765685429
1993-07-28,-0.044947686117544225,-0.49451114128744711,-0.037765755570064286,-0.13382496576732295
1993-07-29,0.87900936290953724,-1.7750320857909994,0.10295920750507909,-0.63186870984807131
1993-07-30,0.70437689690739136,-0.49028969347272466,0.31489837368116957,-2.0027729963441656
1993-08-02,-0.18451218453584001,9.9999999999999988e-19,-0.18382110654953224,0.61469682660038261
1993-08-03,-0.37013968921239832,1.0828616704801615,-0.2448481790758841,0.92391054954517948
1993-08-04,-0.42840808822496551,0.72644541881892555,0.26479787837502883,-0.04159914142940592
1993-08-05,-0.16839055180159598,1.9185219457663591,-0.12376469875633525,-0.21435659401426335
1993-08-06,-0.0028877964017014288,-0.27222341456995724,0.064040168322808788,0.11457133809061396
1993-08-09,0.280643298769641,-1.1199979684279291,0.22914534057278477,-0.15379823043083779
1993-08-10,0.56067396923954549,0.75546962095183168,-0.048025302611705394,0.58972455943456614
1993-08-11,0.46140495807829063,0.27322047508678321,0.029062980228743585,0.032996745030878419
1993-08-12,0.71841834449609909,0.10405118465658947,-0.36349852101467978,1.639641577612734
1993-08-13,0.59533605565272174,-0.28491069262322705,0.013579677712518548,0.34701658654481699
1993-08-16,-0.25145818731089314,-0.66934806618327913,-0.14863914297985761,1.0039632246727972
1993-08-17,-0.61835352747561811,-0.15365277602540234,-0.061032624763044788,0.20250974732026603
1993-08-18,-0.64077937210483449,-0.63148457388891477,0.060166796480551649,0.79284461622270863
1993-08-19,-0.26953573417660348,-0.12967553585853148,0.084130942630211092,-0.78894864305263934
1993-08-20,0.008360319221056671,-0.47244755919209891,0.10587759762137393,0.31173903123519026
1993-08-23,-0.019568641697169962,-0.065472980862489982,-0.010988420146712833,-1.0241983810623292
1993-08-24,0.57262490690508949,-0.46412816626214254,-0.12337771152609781,0.31078854103383879
1993-08-25,0.20499750963604702,0.062302739041785363,-0.032860562615381742,0.84972328904898731
1993-08-26,-0.32178778874600195,0.75582301357364234,0.097168652486080462,-0.21022368938097258
1993-08-27,-0.21872480948546513,-0.59368570033343127,0.035442266819526044,0.19773042069855104
1993-08-30,0.030463532117638262,-0.10715527912837777,0.0092474020909479714,-0.20208924714416862
1993-08-31,-0.057275606662440824,-0.0022786103570741623,-0.051692186415169351,0.50752875715738888
1993-09-01,-0.23944708082343935,0.14358459754717401,0.38490936436612533,-0.75471859805730013
1993-09-02,-0.010353156808128712,0.69806787574454154,-0.17158195310466334,0.41721973350852692
1993-09-03,-0.12224731287803674,0.56613894144251098,0.2195458462233654,-0.23249409218573952
1993-09-06,-0.0010977723182258451,-0.00016780088599793199,0.046759260541524114,-1.2283252667154148
1993-09-07,0.19239725580118999,2.0668963854268432,0.15646048972459553,-0.28669095436908859
1993-09-08,-0.12320974199788187,0.64105254899413322,0.096038585857837963,-0.69288477477916277
1993-09-09,0.30526887146720955,-1.2094671668141574,-0.12991711128867409,0.40471891581696517
1993-09-10,0.099965930303927725,0.85770595844447062,-0.19174656007521945,-0.41777927304567275
1993-09-13,0.43164812448983747,0.84452283888716506,-0.20354262963735392,0.26395055632176695
1993-09-14,-0.05872794587324498,0.10686997123268727,-0.27627647665920313,-0.071039322771024538
1993-09-15,-0.025914410252802535,-0.37899932628824179,-0.0028285826153733361,-0.4330339572624281
1993-09-16,0.15931025561307105,-0.68716486409468669,0.0037923345954245322,-0.67831506090722216
1993-09-17,-0.33804444427103575,-0.51540586268532285,-0.046009280671414216,1.2081847136278598
1993-09-20,-0.37751882264033698,-0.53765514673708281,-0.3038665830012145,0.92814352424915447
1993-09-21,0.52551318349980014,-0.8290579807479489,0.086334980409482051,0.8395933665589278
1993-09-22,-0.16766482566872798,-0.2492976287999551,0.38783066404974331,-1.3025072154779911
1993-09-23,0.66663998426757032,-0.60816116525551411,-6.3158824974680004e-06,1.180918075615081
1993-09-24,-0.11106597659818146,0.25100246873367621,-0.16824537638554021,-0.53003363464780051
1993-09-27,0.63784680027496554,0.16294625949735514,0.34041010718250375,0.82054500328885027
1993-09-28,-0.16025812059644501,-0.14132025582259791,-0.5190911862018196,0.25788481989243994
1993-09-29,-0.040226280748296116,0.15497712304827302,0.36918561029917107,-0.31171030810871619
1993-09-30,0.3970004490334092,0.19639295676344579,0.038728291203187347,0.42932968903100238
1993-10-01,0.18410361888536039,-0.065769675677129033,-0.040260412263071282,0.68074224148961737
1993-10-04,0.001068895102357501,-0.5026099592969121,0.28353926392792006,-0.0013789526446716682
1993-10-05,-0.20369603957128332,0.7102678008240535,0.64558948006397809,0.23201546042641072
1993-10-06,0.24819579168035966,-0.81489415794784825,0.25502526615951965,0.20582275174665113
1993-10-07,0.27905256314893212,0.20806973910667365,0.46576443098549292,0.062010473018564438
1993-10-08,-0.36662888205406197,-0.37386147270311326,-0.1361997128103006,-0.063633590715682711
1993-10-11,0.04795316509779346,9.9320605355325998e-05,-0.00017036009327645401,-0.81275133934473986
1993-10-12,-0.073369478958715525,-0.34158726940155382,0.5429574546219319,-0.70706295985468215
1993-10-13,0.080300181245951591,-0.33875754807852698,0.17820571864121348,0.30727458166123978
1993-10-14,-0.29691191096949782,0.56520565037256942,-0.085554628931290344,-0.34365569174737465
1993-10-15,-0.16979958674203355,-0.060999306396881066,0.13698625997419786,0.95420646471261106
1993-10-18,-0.20450881290073539,0.31964600294295276,2.4733217716173996e-05,0.16779293826464037
1993-10-19,0.1164173241978383,-0.16088045461662689,-0.23458482897150543,-0.32837126851315879
1993-10-20,-0.2135976618171897,-0.64827783453425447,-0.031778140135717628,0.32265499551126281
1993-10-21,0.091047844048662049,0.97663110597443059,0.028573277159774785,-0.39539058513437164
1993-10-22,0.37997964564613973,-0.39887158851949861,0.20177577536718205,0.28534191663431691
1993-10-25,0.052904293463057341,0.093758492191270776,0.1307290263742478,0.1504612266016836
1993-10-26,-0.2638069756024301,-0.34628721098887549,0.17109763676731352,0.095575595004654956
1993-10-27,-0.10220029715298831,0.37105760960643963,0.32064250984074427,0.096961907504137426
1993-10-28,0.2837966648764696,0.77490462316937969,0.26807857814984187,0.22127378119327018
1993-10-29,0.12948143261385511,0.17584818143025868,0.42072276457949781,0.65283572398124656
1993-11-01,0.075668555888728714,0.38260672969066872,0.3724114124599337,-0.19566860282982085
1993-11-02,0.22665965854373782,0.90996833885855377,-0.11529106371127337,0.96520733500965672
1993-11-03,-0.40143195111529234,-0.82543274853880066,-0.001571719843452155,-0.47659575491694428
1993-11-04,0.17261822856002029,-0.31499710345250265,0.64870743555941057,-0.26093456039120955
1993-11-05,-0.02244672895771703,0.68107361409631328,-0.020112111731114331,-1.3263266012438946
1993-11-08,-0.29905826287113457,-0.08344084570226519,-0.0091470346823076948,-0.35862288133546988
1993-11-09,0.012998740172108916,-0.6205313518430422,-0.18221220337611635,0.41901359263742388
1993-11-10,0.1212609434253724,-0.56056488705428764,0.013137386321541555,-0.1910868439848632
1993-11-11,-0.22639961473841994,-1.2083919156825169,-0.75901519579091492,0.086208568343624711
1993-11-12,0.27988468412711209,0.11220227407767015,-0.16501768411514625,0.20576802576754255
1993-11-15,0.10954119029340195,0.27660375048186292,-0.040358739526028843,0.68889946887910281
1993-11-16,-0.40771896970265376,0.48423285858568993,0.22877764921836458,0.56872104261878553
1993-11-17,0.70045356239786305,0.50957664459093555,0.27859522888424443,-0.0069859661810616125
1993-11-18,0.11282571907555569,0.97538771322036399,0.064378484554284049,0.27675923645309553
1993-11-19,0.22794974742485824,-0.21161023413890123,0.03150948765529276,-0.27711400834317379
1993-11-22,-0.1368260478248913,0.33566217726887343,-0.13548905958122467,-0.32263228840348307
1993-11-23,0.46659706811687152,0.26040762581023974,-0.00081797545844823204,-0.17583121931281023
1993-11-24,0.040278238065765512,0.32168029442145496,-0.50699866043143726,0.3610105474837354
1993-11-25,0.014216058482368982,0.20137903379539779,-0.013224440531076596,0.27861063495282667
1993-11-26,-0.47403739478681045,0.33020087022029826,-0.4943734688578445,-0.034383497502069101
1993-11-29,-0.74039945478983049,0.91295746950555146,-0.45925481210977737,-0.53788541662415668
1993-11-30,0.23191179189609015,-0.30230932636794244,0.31652122980791464,0.13922748057548973
1993-12-01,0.13873349252042835,-1.1550385921652981,0.66011866566652277,0.83925095753883983
1993-12-02,0.21101493273029012,0.06389790480605205,-0.32510243527200849,0.69508122592176702
1993-12-03,-0.30581377785284203,-0.093987396787289845,0.50693314470098638,0.665381367774184
1993-12-06,0.0077630129343298094,0.87271623315064417,0.042395264561951619,0.54277248371918685
1993-12-07,0.44757086989198319,0.063402277670739693,0.63062607217220246,0.20310461470914357
1993-12-08,0.060156767780601562,-0.59886010069639062,-0.30782877648801288,1.162436111234711
1993-12-09,0.43777381844920804,0.2922472439730483,0.1614922619594972,0.55681089786953608
1993-12-10,-0.13013578100926976,0.024385523883365453,0.72153699575957264,0.56868473565323918
1993-12-13,0.69144396815003528,-0.69306172605299299,0.79513817089592265,-0.16463788064140669
1993-12-14,0.084098210804124038,0.011061140431591239,-0.34149444462882117,-1.1201529805866048
1993-12-15,0.49126459507205494,0.025295365202293998,0.31941954470131378,-0.8031413495526234
1993-12-16,0.3894737873504508,-0.022116420717831736,0.084180893653592992,0.49919314956371214
1993-12-17,0.1405024476391587,-0.44517621085137171,-0.41214052867055984,0.63690987664060927
1993-12-20,0.26576076038245927,-0.20861252670090921,0.23621298159433815,1.1249160896427886
1993-12-21,-0.57801717172444289,-0.29421563453706134,0.45589249898731476,0.074747338705828295
1993-12-22,-0.28927103462766179,0.4046479898055847,-0.25775889163755422,0.64632724762789029
1993-12-23,-0.001366390498660792,-0.088064856315938453,-0.00036599868870086302,1.1797948752262337
1993-12-24,0.033043297017095317,0.00023567249577732398,-0.36242419660406411,-0.006309868485314952
1993-12-27,0.0066951861110967582,0.00023564234375475499,0.11487834609587283,0.6891488806930367
1993-12-28,-0.0045642240362372116,-0.11807718011957039,0.15539224949186992,-0.55497246036679082
1993-12-29,-0.58610997936621545,-0.36349962494080895,0.31909945617695068,0.13973140105463566
1993-12-30,0.12116498777770862,0.26253461403484885,0.068908835265455312,0.73256601735723226
1993-12-31,0.065990778060002808,0.11497924428147291,-0.011136058924559687,0.0071671239925924475
1994-01-03,0.001703199524561173,-9.9999999999999988e-19,9.9999999999999988e-19,-0.70201401383309558
1994-01-04,-0.10682776771574677,-1.0652180980837045,0.68307696677171981,-0.10968079200161414
1994-01-05,0.28536139568767949,-0.30345897525528631,0.32881720900973566,-0.0239425406003069
1994-01-06,0.66397901489821332,0.53141104927041083,-0.0049942582206702751,-0.11396565122220191
1994-01-07,1.0897790601474395,1.2539293667381073,-0.04878090033267838,-0.073958399526477467
1994-01-10,-0.40000753495265318,0.54755228744260909,-0.28926211388408124,0.54511068469812596
1994-01-11,-0.23712570177902345,-0.61623329868346877,0.33979438271996254,-0.060623309912553124
1994-01-12,0.22989048157057132,-0.33145080221208684,-0.068166810639058439,-0.072215913122229733
1994-01-13,-0.22031757018024112,-0.082169185495608199,0.14058606869342158,-1.164873342801555
1994-01-14,-0.13769418505947717,0.1618019058467427,-0.40429672334952765,-0.13344596708632223
1994-01-17,0.23892179776935138,-0.23954152675412679,0.78821875347289683,0.81632595067007674
1994-01-18,0.61478004070247472,0.51175733688520186,-0.21849180300313689,-0.64189783200556627
1994-01-19,-0.068000890559924004,1.0625657621440909,0.023093295831565393,-0.19117627649549873
1994-01-20,0.60638440951050376,1.6015406543280768,0.16920393827153593,0.19138621098145897
1994-01-21,0.29245857134781805,-0.27033763484141105,-0.18635448941009849,-0.64020045623308708
1994-01-24,0.028347622667543402,0.065148029415402375,0.28303551000492638,0.13930021480172375
1994-01-25,0.18212387105686936,-0.53587599089293447,-0.070631156984190049,0.82268412939701041
1994-01-26,0.068149654005218496,0.32119034770945437,0.17645166335615295,0.074450501063110824
1994-01-27,0.22156427027218012,0.95412617483603501,0.068240342732417344,1.1171587944671384
1994-01-28,0.42801447859693553,0.092838643540591334,-0.11571541838718535,0.17949053251747166
1994-01-31,0.52914400586158117,-0.015966347966497006,0.77614266333848381,0.87805277928754766
1994-02-01,0.21375331966960739,-0.57191075712916239,0.37592057980148197,-0.015276308697723378
1994-02-02,0.33725428176042727,-0.08516163981641782,-0.026777237430443107,-1.4145403405052916
1994-02-03,-0.13943168958459107,0.067786880301169861,-0.0095289058605573553,-0.028752451044141824
1994-02-04,0.14198156478937923,-0.055977578046835161,-0.031259806265190954,0.45748193567320899
1994-02-07,0.024173610915908628,1.810788130256237,0.32949822381016231,-0.60972115335607768
1994-02-08,0.32157334732653631,0.2621326208968095,-0.0047160988361699858,0.8151767358651526
1994-02-09,-0.068037712073169443,-0.31581371390381086,0.29779970346230888,0.20048024086389971
1994-02-10,-0.43394989264732653,-0.31204971965216377,0.070511414150329021,0.97583719327168894
1994-02-11,-0.28635628876908759,0.16761308390357713,-0.00011776387912654201,-0.16011088050457903
1994-02-14,-0.27706205008303392,-1.0482027390300357,0.67844140141887432,0.66131036689605294
1994-02-15,0.152254826684731,0.84747845530677712,-0.50400485093473557,0.18729284301274096
1994-02-16,0.27463332177347893,-0.07680203751486013,0.23161557578147424,-0.039851820507326982
1994-02-17,0.240483576016778,0.23708414708745029,-0.025843571579029032,-0.61923894146028324
1994-02-18,-0.0022235405155772501,-0.049537136410380642,0.0055609477023421472,-0.013071530153945611
1994-02-21,0.17219230570151167,-0.14391504870579305,0.13029385960238127,0.12825561053669943
1994-02-22,0.19018823137502056,0.69932115313623877,0.16519387046921372,0.24577333236946988
1994-02-23,0.15345494155694725,0.24035606765959674,0.08828090979418006,0.04539952985918639
1994-02-24,-0.72356018520951493,0.1095876337267393,0.206557114092705,-0.19485281581749053
1994-02-25,-0.22158610453892735,0.49543078755363923,1.0797466284869228,0.29586342686634115
1994-02-28,0.32232708513756991,-0.26233840903498334,0.099081843843977113,0.36954401068333359
1994-03-01,-0.14598793394345672,-0.41604765089104084,-0.038064744356523295,-0.066535018426616077
1994-03-02,-0.36023224377457763,0.85386218795321911,0.11354699476041394,-0.65577422547347264
1994-03-03,-0.2922433560185822,-0.3364004146572222,-0.26616375493192473,0.24053193317053206
1994-03-04,-0.41139317389874974,0.049128597271701692,0.3169413144707196,0.62354410990685638
1994-03-07,-0.039133283611907752,0.072340604708908421,0.66749507192404278,0.73797072183916013
1994-03-08,0.25877815184736008,-0.093958787649095918,0.064277200701411547,0.56083821539132683
1994-03-09,-0.11227398485225203,-0.46130055644506485,0.075279909574975504,0.51229544409316274
1994-03-10,-0.080026386583700218,-1.3420161035647364,0.31160789878619882,0.47873758093015423
1994-03-11,-0.17219902439422033,-0.20252516636647708,-0.16885008895704146,-0.33213775540748097
1994-03-14,-0.011314489379681745,0.56306897154250779,0.37590774872218485,1.0193683269124589
1994-03-15,0.0054287416263144655,0.0012879798921900569,0.079537238071606731,0.68810921341529652
1994-03-16,0.13230340661976367,0.0075817870103976875,-0.1620337757913598,0.02883226895369843
1994-03-17,0.095074446006352273,0.31839711091889938,0.39106143745145172,-0.29515397873313665
1994-03-18,-0.045426639500690313,-1.0464478000964461,0.14720191889183934,-0.52067480916165487
1994-03-21,0.24733521408494583,0.5015168854956088,0.0032831444257472842,0.060556444392968409
1994-03-22,0.29621691491436597,-0.65016801355329745,-0.097639715633095078,0.91692762028813291
1994-03-23,-0.082142775097966567,-0.47878662878353528,0.12145889750304791,0.41193736777038731
1994-03-24,-0.45368669667461609,-0.75849706388331994,-0.061481996570465214,0.48705220191394533
1994-03-25,0.16790114761693339,-0.5553080543781409,-0.072546580753659939,-0.40910376288374861
1994-03-28,-0.23827576186529553,0.25268105909385075,0.31352849388033199,0.55108919936864031
1994-03-29,-0.47900810767598906,0.19597811462910797,0.016965770137074787,0.15453540126702212
1994-03-30,-0.083797849753614234,0.29663611606542251,0.056346595698412064,-0.52481743768650357
1994-03-31,0.44958140651731265,-0.51934864868695452,-0.21942027930445424,-1.2984496588976275
1994-04-01,-0.012748979748504198,1.9999999999999998e-18,-0.1259647123205207,-0.00076136152968373297
1994-04-04,-0.004622572726719335,0.64709314798578133,0.24649280166055099,-9.6204354379151013e-05
1994-04-05,0.12852164212710104,-0.069884731323379023,-0.28575332503404233,1.1987479079098533
1994-04-06,0.15099156536887551,0.60590144622347664,0.25324278654956678,0.75527676213204975
1994-04-07,-0.22926210798623231,0.29728520163661143,-0.1355923395375771,0.23718633088233076
1994-04-08,-0.18741308387564934,-0.23157916171738963,-0.018239009844152176,-0.1062727146413478
1994-04-11,0.22671329399651385,0.90158827829444677,0.13455689685624772,0.18537321420294608
1994-04-12,0.58060542012865712,0.48227028680281547,0.5389434723806934,0.2469473582534879
1994-04-13,-0.031699501613843516,0.38534392330827544,0.18661012799273027,0.8766908184896387
1994-04-14,0.42179855912415182,-0.30229943764981182,0.28865098530850147,0.1685042445887871
1994-04-15,0.57802564544198098,0.95886356238619153,0.091915180894161938,0.5381196939364532
1994-04-18,0.11201001981239787,0.46640581518739904,-0.039683727700196937,0.59565246331703414
1994-04-19,0.38706819656077662,0.57159091953040453,0.29495945397931583,-0.37479472294257926
1994-04-20,-0.46333922108133485,0.51935313419916829,-0.251096608551864,-0.1087870779989482
1994-04-21,-0.14354616239511936,-0.077053425018329708,0.066446623888408857,-0.51477874470196083
1994-04-22,0.20315366963600673,-0.026454614411132015,-0.048962322200114511,-0.64728445311093896
1994-04-25,0.32343012138748689,-0.43722968090807135,0.16070373245120148,-0.82510403616021744
1994-04-26,-0.36628521376126499,-0.33524791501825646,-0.30729960617480423,0.97018348646439667
1994-04-27,-0.12435274063181299,-0.02404511471741912,-0.12417860281128336,0.18324475578930738
1994-04-28,-0.96740438357939762,-0.50854755378024474,-0.20224893517576853,-0.25674994601785028
1994-04-29,-0.74884200187866967,-0.54745734040771654,-0.0034577120724427484,0.58339109566893155
1994-05-02,0.0042270049222557253,0.28790705607774664,-0.097408880921346266,0.35604568869819336
1994-05-03,-0.43166727690607404,0.0055975183184859773,-0.0068188734737392627,-1.3947876674097872
1994-05-04,0.60974582499217078,0.032199697549258589,0.0089221470865202355,-0.39228050361509759
1994-05-05,0.46962675884469279,0.58608833709320129,0.0047988382363021009,-1.0037859073062625
1994-05-06,0.24900390785559257,-1.5515859103639285,-0.21628638762060887,0.37887588867303856
1994-05-09,-0.14446265377294354,-0.94866672730411006,-0.019753995433434403,-0.23056402815609658
1994-05-10,-0.58269029456908628,1.0904551736842889,-0.021773308091848492,0.32087213905634743
1994-05-11,-0.50896068035876552,-0.031418845921226422,0.64790669234792186,0.3302045660037296
1994-05-12,0.26134367355767968,-0.28530691553345705,-0.12384211096179906,0.0034237891359626101
1994-05-13,0.070680033854840243,0.41941331011855504,-0.083279032513653442,0.87541792079345526
1994-05-16,-0.30421889580848388,0.53419042157505803,0.27718701540210089,-0.0091798920414019117
1994-05-17,0.38655820901437621,0.28618584257473906,0.52330012787905544,-0.18831639707073172
1994-05-18,-0.063971330799763748,0.54196034676130822,-0.08342541294492907,-0.042671124039657414
1994-05-19,0.28402269432542859,-0.77679562637986377,0.07553232450585462,-0.55494887298735696
1994-05-20,0.23331723882949718,-0.62736305059980413,0.17087995650639387,0.2940064760173306
1994-05-23,0.067237268757011664,7.3141504767440001e-05,-0.22726174910530703,0.1794840953647435
1994-05-24,0.39779919052608093,-0.44432215794059815,0.44386387472387351,-0.49526402720785573
1994-05-25,0.12348981713130418,-0.024164212021380228,0.37446260280571908,-1.1222630814126946
1994-05-26,-0.38804925667252138,0.27416561557635788,-0.0407008060616912,-0.98592783552591856
1994-05-27,-0.20483812199032395,-0.60102291592348778,0.5041492465287154,0.10466766511018671
1994-05-30,-0.000178827732234331,0.091179365844352905,0.44791530260928725,-1.305146055286126
1994-05-31,-0.08299259213572481,-0.70140848265480904,-0.14717588219332378,-0.18982344694661463
1994-06-01,-0.087425509168500892,0.10005343943125322,1.2811735761819047,-0.5604914121300546
1994-06-02,-0.3227749624827021,0.11676397011063382,0.13540777944103327,0.5990759217647581
1994-06-03,-0.26393775512393791,-0.19229316610896455,0.0012565336198310051,0.43326720568741289
1994-06-06,0.12557799391055349,0.40902222579099434,-0.018969460979110585,0.62512660557600386
1994-06-07,-0.11728382182688482,0.33031110891857995,0.32066901430867373,-0.58137937160556485
1994-06-08,-0.14796996921710395,-0.25975136872460419,0.90039414345695867,0.46065531319412423
1994-06-09,0.16236940963335258,-0.22040144580457782,-0.041304624221933421,-0.79401991666525795
1994-06-10,0.5131993964461794,0.44968770527169233,0.12988231907846423,-0.25059640617308482
1994-06-13,0.26375155437768638,-0.33650949150598075,0.16620230129109342,-0.30384382426212669
1994-06-14,0.095503251336008552,0.13902010322731823,0.032522726931994886,-1.6358633569891194
1994-06-15,-1.0624684992070532,-0.46375596207625658,-0.10436220499814537,0.80219143279369876
1994-06-16,-0.34385056498369959,0.43868661941546139,0.12000599180343907,0.33094744208173577
1994-06-17,-0.28958592226066571,-0.6361916453559987,0.36466602670253334,0.012336370175475319
1994-06-20,0.67989818286639347,-0.2946957650567088,0.19997821858587531,-1.9557729969295996
1994-06-21,-0.25122578721474309,0.086982757015931,-0.46236435255649044,0.78818072618990853
1994-06-22,0.38958600246238417,1.7464586229895742,0.20152507424359359,0.56934028380499646
1994-06-23,-0.42315469364820996,0.34146039297138786,-0.066003567085310313,0.67154874606345372
1994-06-24,0.1242900639612628,-0.21971595423310578,0.51491594054776046,0.20376161937434215
1994-06-27,-0.058669446494383,0.041564670227647309,0.12083289018467781,-0.39829151806399959
1994-06-28,0.37735029215124377,0.33958891683155196,-0.55707608316054269,0.76045128871502221
1994-06-29,0.47524561195284065,-0.055499899211678749,0.36267362231862876,1.2457877221783438
1994-06-30,0.044812196144230439,0.063183185226394031,-0.0152783923394628,-1.3336357539326511
1994-07-01,-0.23056269061714962,1.9999999999999998e-18,-0.32110488089093309,-0.33703805605167075
1994-07-04,0.36927535865686145,-0.073708997226694342,0.33312661193731102,0.4774163187682568
1994-07-05,-0.32156771521720923,0.2335710880926648,0.58408987814194657,-0.73386896504430477
1994-07-06,-0.21610224136212522,0.46041386595698619,-0.079799896010842364,-0.11275257959102072
1994-07-07,-0.054103365293499836,0.45605661212344839,0.22388370338309393,-0.062485099669612153
1994-07-08,-0.55432909011439679,0.35278611603374621,-0.025873060082268289,-0.18270816914491975
1994-07-11,-0.25664389817718686,-0.67990220752223729,0.0059483523262397753,-0.058201596900750309
1994-07-12,0.89020190674858157,-0.3060017863203997,-0.31513250614148264,-0.58042565171664806
1994-07-13,0.39702953608746788,0.49536052763367899,-0.36964182769170362,-0.00072477495168921807
1994-07-14,0.18374473715280962,0.96393524162331146,0.36796805194442711,-0.60417574307452904
1994-07-15,0.44677395502888773,-0.31966043582008835,0.017583130878300969,0.37763128032499965
1994-07-18,0.10990202227370131,0.34182440148877319,-0.26616301790761121,0.092083331331767035
1994-07-19,-0.14892694867116021,-0.39456609777566726,0.054291664128057901,1.4924250079577057
1994-07-20,0.20587034327863118,-0.2428163372356188,-0.077203113872076276,0.27591898630998307
1994-07-21,0.37881346674865152,0.42267701650261907,-0.0032254209810087821,-0.25375759910595452
1994-07-22,0.27332947663021395,0.11813965879445588,-0.1046700742001419,1.1547079780616123
1994-07-25,-0.13782294157520367,0.43093887740757592,-0.48393494152893424,0.28320402377883064
1994-07-26,-0.16189504610242431,-0.1421874938368998,-0.71157968847309916,1.0657375275678176
1994-07-27,0.27349106422339092,-0.47356758038241054,0.041534064761508303,-0.22980777927416371
1994-07-28,-0.10908974152277943,0.54078770679979382,-0.26623894209102433,-0.86527224633662481
1994-07-29,-0.056086673210076016,0.40487936652406681,0.22522061967956511,0.0953978307690867
1994-08-01,-0.038807833537764867,-1.9999999999999998e-18,0.4388533314263009,0.00011097865087312
1994-08-02,-0.30932508217094301,3.2078612595300773,0.098900259520593933,1.1864234847815851
1994-08-03,-0.54291331199915349,0.71355181079553565,0.020136137072215295,0.38141596339768802
1994-08-04,-0.32314066578363859,0.22908782159463034,0.042850536008329207,0.16241965272982622
1994-08-05,0.22566660293585014,0.00925172209619257,0.0093025848798265563,-0.16662248668809138
1994-08-08,-0.20560774997780465,0.13993358232784545,0.068944489279267995,-0.0066587619088905956
1994-08-09,0.021612311462113717,0.4378553622398591,0.083258562829559485,-1.2307627009927955
1994-08-10,-0.41448001653928129,0.15460155813050727,0.11424234622572363,0.35198980410610897
1994-08-11,0.13026461705916015,-0.56249654861747189,-0.1024275020234733,-0.40365915356286663
1994-08-12,0.0019699695891757601,0.15752213585300667,-0.20877212262573266,-0.30620503366468249
1994-08-15,-0.073343521320479665,0.30182231380101981,0.086598705376224092,0.39850737986783913
1994-08-16,0.024918538663288817,0.65760757785351154,-0.15257209386563636,0.42524104308309912
1994-08-17,-0.43231910257855338,0.095156735807897255,-0.29310862292804207,-0.44682829370765209
1994-08-18,0.13910434752648126,-0.35753213077812257,0.2070191282472777,-0.26288117306508341
1994-08-19,0.67555057425361098,0.3573869903173183,-0.044858665393769259,0.00064788156376421402
1994-08-22,0.32278724839612399,0.37348473728018772,-0.16012280711635712,-0.88845974091437652
1994-08-23,-0.044939858260543454,0.40895815436299937,-0.071732000636460153,-0.45916036276911182
1994-08-24,0.26938482105306888,-0.18588647974446512,0.067399925519229215,-0.027596490878188093
1994-08-25,-0.066545626772001765,0.11989112474479839,0.055839413802164908,0.02450178394436147
1994-08-26,0.05145850120239015,0.72523904264418271,-0.1953304110116561,-0.34154593090082874
1994-08-29,-0.053466028826975459,-0.27135489344003061,-0.099538107475719784,0.081297253981637452
1994-08-30,-0.016258427003802353,-0.62551371444868353,-0.24604529412649878,0.10291504780381329
1994-08-31,0.24908960668697991,-0.23742462750792659,0.18981086018915239,-0.23163137560096964
1994-09-01,-0.041318714163502746,-1.1006750942702916,0.19695094058857351,0.019965046513668042
1994-09-02,0.10081620047034143,-0.59327706677360781,0.22725786629906419,-0.35784852074607593
1994-09-05,0.40898556205876313,0.000313010732609343,0.40240636528375318,-0.2067362559243085
1994-09-06,-0.21429810334788946,-0.82475670250596322,0.159469580546307,-0.242216803694457
1994-09-07,0.28636774566085743,0.079943227098886724,0.045507241825361616,0.23501619225387485
1994-09-08,0.64571485106976101,0.54960611681676197,-0.45115447224179078,0.094237536899395846
1994-09-09,-0.027822734149886025,-0.77094987215580091,0.2130831084794132,-0.34264877609419603
1994-09-12,-0.24893944398530612,-0.32974400764929612,-0.035802481009315039,-0.53957363066286257
1994-09-13,0.1089898275979093,0.87944115353960284,0.00012590146570885702,-0.50230320424759189
1994-09-14,0.15638710599450065,-0.0055292657873429862,-0.47736678003706712,-0.39995464622939303
1994-09-15,0.43335619258837293,0.47158826466199583,0.00045648315470264402,-0.24773921251145339
1994-09-16,0.26824546345413397,0.047635061615403811,-0.048946329512461556,-0.14621194388431219
1994-09-19,0.26620373208940723,-1.3584296255674813,0.010588357644308335,-0.51237952531002529
1994-09-20,-0.011342552354889228,-0.70326983810709509,-0.016788294815538694,-0.75260616366147437
1994-09-21,0.17516904704183586,-0.093997344174823416,0.053621693273047839,0.28504111430608881
1994-09-22,-0.38915053281394835,-0.59390615145944248,0.42534042893778384,-0.25057872405815923
1994-09-23,-0.50840098966493008,-0.25316734215906883,-0.0024202565252979952,0.38814690173162875
1994-09-26,-0.07774425323791595,0.50060848464921393,0.21743344413488122,0.068559049849893985
1994-09-27,-0.43718934284844918,-1.6386072262796851,0.020193718939008447,-0.63666710065967869
1994-09-28,0.28862746399020239,1.1721177244928871,0.29735125133602436,-0.28234099199392981
1994-09-29,0.049172666591125569,-0.11611428195799195,0.10335555958400586,-0.39491677646286355
1994-09-30,0.24637055408539477,0.55311858384689294,-0.010157475028367698,-0.031359596729894051
1994-10-03,-0.071623284051297587,0.34723725981462039,0.49250749962757251,0.001887132071421926
1994-10-04,-0.27992103472880653,0.59804162321809262,0.25955414096924545,0.49252863381433937
1994-10-05,0.27993996264649518,0.13814855286190184,-0.20917776579846012,-0.024248038136918806
1994-10-06,0.20202484368689505,0.12964327632513048,0.1310102226333674,-0.4312586630784116
1994-10-07,0.3900532439831999,0.8939484090894747,0.66269393970275381,-0.28272751202809854
1994-10-10,0.15672153749769396,-0.00038820694063496601,0.0010652519183757042,1.0456203522303908
1994-10-11,-0.36465487029124566,-0.45780151268178787,-0.13530304456320441,0.51337032849351305
1994-10-12,-0.73118919262746851,-0.5685649331209226,-0.24736758176409185,0.64200196462916326
1994-10-13,-0.72716898030950394,0.55761128077944044,0.13346407257088097,-0.36848526752680433
1994-10-14,0.020031267785810117,0.79808111670113469,-0.0022972323450468402,-0.050770338176130962
1994-10-17,-0.047983929925019139,-0.30741196613982674,0.024339043032308556,-0.41079886177979708
1994-10-18,-0.062633015693126501,0.15706066575074884,0.20969463860816906,-0.62060282029092095
1994-10-19,0.48561844018466865,0.46679351092294086,-0.13071334199660423,-0.17070615110340556
1994-10-20,-0.080120762368951215,-0.23572534222907793,-0.16890109539077025,0.054712006203846295
1994-10-21,0.35810396744856332,0.098842410358817634,0.42599704874480882,-0.57400792332156447
1994-10-24,0.31965763463546154,-0.23449633345138166,0.086974576497334477,0.11103999422643306
1994-10-25,-0.041143939363568395,0.091800568964002613,0.13908051996735016,-0.53382206171746194
1994-10-26,0.45179360073932034,-0.042884504817829315,0.061742684359076247,0.96189491932832794
1994-10-27,-0.003263169069914315,0.93702996922099924,-0.085458087716416664,-0.24018631514212532
1994-10-28,-0.17057237678064729,0.30352382637146669,0.034384243885223834,0.76836148279692484
1994-10-31,0.4003623032719435,0.53018589026591434,-0.079922094989546652,0.18035778244996883
1994-11-01,-0.095716140968606214,-0.45187716212097101,-0.0032196758732678642,0.16024934472288255
1994-11-02,-0.13466988948816808,-0.16182511904866384,0.054304628145211219,-0.67322768303100811
1994-11-03,0.080677283856627341,-0.38880355837284464,0.0010687466384430441,-0.064909517680485265
1994-11-04,0.014781837286647158,-0.52267435199076107,-0.27153029606269269,0.39704035798560078
1994-11-07,-0.0043772030955119522,0.51488060144889991,-0.038876769799770935,-0.29397609146535836
1994-11-08,0.20530264392058148,-0.69830212163851069,-0.020881821471586917,0.49263558644408623
1994-11-09,-0.36550050722483562,-0.067297274292713746,0.42831177004870308,0.54605241102958124
1994-11-10,-0.14804497776189243,-0.29064808562152111,0.35953321368339219,-0.186496672202726
1994-11-11,0.1561787628580352,0.17489615747014658,-0.32103006146508312,-0.3856808056928499
1994-11-14,-0.31939764138577553,0.76341907117031715,0.15463035475249198,0.087798047472965615
1994-11-15,-0.013312033429383526,0.01800167373670334,-0.11165496856527517,0.2827032223535475
1994-11-16,0.15963053966690932,0.28702466061954035,-0.1427690726993453,-0.001380224496001759
1994-11-17,-0.15589334925034032,0.65564323268491465,0.16415201524766007,0.40628798899729879
1994-11-18,0.068117514631955381,1.1926601744558123,0.1122657398858069,0.043900133234970773
1994-11-21,-0.18170693638507651,0.43514305562303324,0.16596858246659277,0.34691989502779541
1994-11-22,-0.56982571191129028,0.11110161857523369,0.1799103243670202,-0.30625799879876509
1994-11-23,0.19580099526847888,0.58047178927102405,5.8445557104783001e-05,-0.21294454164928314
1994-11-24,-0.048312213295883741,-0.45856980413791504,0.21355151635867312,0.57619256576001243
1994-11-25,0.082549887276751402,-0.40094532801562943,-0.069969357497734599,-0.51232491683517933
1994-11-28,0.3030178628923631,0.72830945780185652,-0.047656391429734567,0.55925428683185341
1994-11-29,-0.11001562609365498,0.014166173273334444,-0.1039921119649497,-0.46057645044724749
1994-11-30,-0.24535962044585241,0.80021508643035311,-0.25343572131827397,-0.0011524344154960988
1994-12-01,-0.077755510154233209,0.31330662212961735,0.30618084627062436,-0.1394747593236946
1994-12-02,0.037366743847056676,0.75257037308639785,0.12619589678954504,-1.01219231721814
1994-12-05,0.0025307665666884482,0.83728109584539201,0.19543250698717202,0.76657121254375904
1994-12-06,0.021168539290099698,-0.39329776058340538,-0.080641857148688337,-0.34719382934303744
1994-12-07,-0.15814683629788667,-1.0780467707573567,0.14965417747002355,0.77900086970022742
1994-12-08,0.2971380285055461,0.089992152522618149,-0.2107893699590826,-0.033703848235170024
1994-12-09,0.18084898010502595,-0.4735457383385473,0.22751856004035198,-0.45919075779005086
1994-12-12,-0.01824676670023383,-0.29387735751514038,-0.07644973879034711,0.0053844412066268738
1994-12-13,-0.093528256962478115,-0.84145576320117166,-0.047378148711843128,0.40529946831589547
1994-12-14,0.47739116420561312,-0.71296713478501539,-0.1342747025369623,0.0044351637167707632
1994-12-15,0.089084322932526452,0.63635742089793323,-0.068910001378836266,0.5260435998177303
1994-12-16,0.53149392666572759,1.0710449101078741,0.2429737585922481,0.081144056790982508
1994-12-19,-0.14785236888514589,0.18388657845748382,0.087438700692658619,0.16190987879295651
1994-12-20,-0.37594514623836267,0.16275732995545789,-0.23274458877203585,0.080979342815242814
1994-12-21,-0.22322959718880167,0.29098273759519266,0.034876667709831416,0.51244630326737117
1994-12-22,0.40375560528617976,-0.32428522381099084,-0.4663694484759503,0.15532429768000153
1994-12-23,0.025954189371151536,0.033038322728752914,-0.00047458629060935297,0.32438989257670364
1994-12-26,-0.000213921531601324,-4.9672595531887999e-05,-0.31019467204744766,-0.00039533302611741698
1994-12-27,-0.001738918322255598,-4.9661575465696997e-05,0.046708867152689036,-0.14832648643496857
1994-12-28,0.045649511587500295,-1.6955804698020029,0.097753629821190458,-0.27855501949387829
1994-12-29,-0.068434183529760703,-0.13395368129756449,-0.062804795608202041,-0.35368874097208958
1994-12-30,-0.19585995764853301,0.14459412360082954,0.29860793160967009,0.52664218226221238
1995-01-02,-0.027526697101416867,9.9999999999999988e-19,9.7694705275708999e-05,-0.17661894790870913
1995-01-03,-0.14992659378833315,1.020286874197045,0.00076574035931514794,0.035579309554609063
1995-01-04,-0.46114830851855032,1.2544081197147738,0.011133884070924463,-0.11292356477169878
1995-01-05,-0.032362820492641164,-0.17863114895133686,0.072704182184255714,-0.27904136546996106
1995-01-06,-0.29671068539146456,1.1879458799005513,0.29953242654895712,0.26594138214412377
1995-01-09,-0.40398891666878645,-0.36186258386856041,-0.20327359192196942,0.42628609925444844
1995-01-10,-0.19709792365625689,-0.41558517464876793,-0.44096173705038455,-0.31609305651613018
1995-01-11,0.11469395196838923,-1.1560769400017796,-0.076555115807955654,0.30223657855886737
1995-01-12,-0.019373293890664851,-0.89160336335472945,0.1798723499974603,0.31234992524538996
1995-01-13,-0.12410180801781948,0.68091283948002113,-0.30325250410852989,-0.018536174406811445
1995-01-16,0.16638564681178789,0.34292468555479638,0.00017588939231623401,0.7557182256937186
1995-01-17,0.29517802543768529,-0.016090058904074028,0.14260472107169719,-0.11118606828361977
1995-01-18,0.30290194159751183,-0.42353144508467389,-0.11257895101623495,-0.17751283120964922
1995-01-19,-0.043139529935823678,-0.29423745355932462,-0.061444135993806534,0.55271887026852629
1995-01-20,-0.11944136621290073,-0.10397607126119007,-0.36010312654096749,-0.36469805045126719
1995-01-23,0.36600808719292438,0.41262938455690235,0.37985195446079917,-0.14886653612978862
1995-01-24,0.13276235781400364,0.12579939275830632,-0.29217730890203053,0.017096195636249183
1995-01-25,0.76379619199584159,0.77720617879617826,0.37097885009878567,0.68732678965597049
1995-01-26,0.0026354604825401698,0.9194242680177499,0.45447919681500837,0.68623897245652121
1995-01-27,0.017445391710018635,0.90473238284165103,-0.062986348306556847,0.25765042180800463
1995-01-30,-0.23636398552986806,-0.21296031828380207,-0.6951062415242889,-0.19674427179547246
1995-01-31,-0.10829568272255041,0.73803026982890996,-0.66199861005711413,-0.50904142568876665
1995-02-01,-0.3698069817830289,-0.30346826065051491,0.12798305822868256,-0.40959723672701254
1995-02-02,0.031803541173879672,-0.22140515639664832,0.65957546877173323,-1.1198966600374072
1995-02-03,-0.039093929696637844,0.58423033402457514,-0.51512542722538379,0.23889033039286431
1995-02-06,0.001323944424529416,-1.0042621159029697,0.14376911603952858,-0.24602745063260867
1995-02-07,0.032551538665838861,0.23507571817947595,-0.10432994857713705,0.04190866843521919
1995-02-08,-0.35356555507935317,-0.45040389494926547,0.54146193706200385,0.050133171894979262
1995-02-09,0.019699160870275581,-0.38375201107465468,0.0444966194053147,0.46466717670208757
1995-02-10,0.16680208548389297,-0.34193421980069377,-0.28299189664812285,-0.37286450909112706
1995-02-13,0.52655083760035226,0.58994087346040169,0.24323502666706054,-0.34365892706604767
1995-02-14,0.023953028607814245,-0.051010949270963578,0.052416530205510709,0.062584098830433268
1995-02-15,-0.071833259960961279,-0.080096323743654607,0.12924936841653403,-0.78459491337151788
1995-02-16,-0.29435769237648129,0.11987550619978043,-0.13023088122468576,-1.1466198256316464
1995-02-17,0.18162591429717484,-0.27518176163020142,-0.11782544001781713,0.020400265963306904
1995-02-20,0.11810037104592859,-0.20549382736554656,0.16647936612780079,-0.44381895181355469
1995-02-21,0.20546988025361587,0.36665387568520158,0.098142434364047834,0.10832468926744382
1995-02-22,-0.15267574278817012,-0.37071509526551077,-0.28368954163047039,-0.037455835835005238
1995-02-23,-0.43186523207955663,0.62092433426580396,0.12177274173185747,1.1126936517518966
1995-02-24,-0.17761923472607355,0.7307536545190656,-0.18777998423429118,-0.89088561380644171
1995-02-27,-0.12616430359591171,0.024516309490510403,-0.73911817112858735,-0.62793562067532138
1995-02-28,-0.14104387856739115,-0.60537353134677263,0.66167844791235864,-0.56952538041138268
1995-03-01,-0.26598368260541572,0.42599105915344276,-0.44215833750704192,0.17227152022186706
1995-03-02,-0.2461774828002031,-0.48171992401905622,0.44674861335440957,-0.46886111258649404
1995-03-03,0.23537352140387216,0.594294008619766,-0.62170954520086985,-0.055392691622477612
1995-03-06,0.66847075604291595,-0.93685977559972655,-0.36922568840744541,-0.57170284767142054
1995-03-07,-0.89154362967120004,-2.3722575428516341,0.32375200011921962,-0.27590081435285374
1995-03-08,-0.53504370018740088,1.2780577331305143,-0.25004334165555209,-0.73037181196057765
1995-03-09,0.20893727124405162,-0.51094547060553541,-0.15304897498684636,-0.55015461526194032
1995-03-10,0.050432838905934474,0.49274026143287275,0.02669997519873786,-1.2029671465553555
1995-03-13,-0.42982788029986163,-0.031308600228187988,-0.16316848760997987,0.53523637963429449
1995-03-14,-0.25749888635660745,0.69750465420668761,0.10984652285558408,0.045054477312758856
1995-03-15,0.17488937049478381,-0.24705245195128905,0.088467358858641737,0.41035821848941206
1995-03-16,0.093731144711177494,0.095553172438744061,-0.058514007743502808,-0.80859065855879364
1995-03-17,0.11444011176199322,-0.65339885780272666,-0.42694443457159548,0.84209437347223437
1995-03-20,0.12308509920138269,-0.24791567445088336,-0.026802396157411486,-0.58964956339887775
1995-03-21,0.070552124394129209,0.83733542425328567,1.8109961921585e-05,0.078989112851563612
1995-03-22,-0.1733336683296513,0.14266750504581738,-0.0938477115055186,0.23698714898831441
1995-03-23,0.5216016756642744,-0.099527163657148504,0.04237423049864137,-0.49897672591064446
1995-03-24,1.5222102831458e-05,-0.078553778643771943,-0.20676542586345587,-0.20018476410351635
1995-03-27,-0.43345635410683259,-0.032990660987598265,0.61931105334184566,0.10888158946196533
1995-03-28,-0.048891780638189983,0.33137380695250007,-0.72738563033270831,-0.75262219470372849
1995-03-29,0.035735729789336361,0.48874481406053605,0.031821873556848033,-0.026543005581802934
1995-03-30,0.31497620452390773,-1.5769347802050664,0.012378468473800853,0.69497354404380052
1995-03-31,0.34838572049933575,-0.30530406301745594,1.4717064384405236,0.36470355701893098
1995-04-03,0.13646199473258017,-0.16156121199847917,-0.67152858063583898,0.15749077540264625
1995-04-04,-0.22652430536452303,0.91545292524803001,0.23609206544356948,0.58070982838703211
1995-04-05,0.24910337058873119,-0.41932589245540358,-0.18266234792154351,-0.078643389664559291
1995-04-06,-0.11510519039993228,-0.087746236602464403,0.056588094699622858,0.54365273456167573
1995-04-07,0.042519757935206196,-0.22544514731016374,-0.23275225489796433,-0.46052732676832109
1995-04-10,0.14656317507476688,1.3929218142803381,-0.15882867621584404,0.0019187535319740842
1995-04-11,0.16901286183988307,-0.39976326153400266,-0.35638188664201753,0.30278556635210557
1995-04-12,-0.065896241422747151,0.14476453635006903,0.10899343436516526,-0.78054288315722875
1995-04-13,-0.11702506320904089,1.0282762930430818,0.20256759989810322,0.70374112044410586
1995-04-14,0.19109343006091922,-0.00048850366408846092,0.10240570524153647,-0.00029778701540908003
1995-04-17,0.060196040553118363,-1.3106548623065193,-0.24439042006481915,0.001589441340385152
1995-04-18,-0.23850243367861684,-1.0777604716930229,0.19406861447934892,-0.37003336957517019
1995-04-19,0.16398800265417274,0.24503403779353525,-0.49490376311854478,-0.5093654605341541
1995-04-20,0.24796230399904323,0.85223814612619786,0.00064488581668480701,-0.017062977348180186
1995-04-21,0.092889047380375095,0.31657662860516667,0.46061013851757432,-0.27043641324960099
1995-04-24,0.057638881410127005,-0.29901521953086951,0.001281161159162733,0.038470647658569231
1995-04-25,0.023653232737961095,-0.38601062408089493,-0.05832385571078974,0.16207168729339988
1995-04-26,0.092125234536280756,0.87231646677383279,-0.0090705845210474478,-0.38246286428350879
1995-04-27,-0.056417678930711167,0.15902880457220586,-0.1436785044760977,0.21443696836900306
1995-04-28,0.0014425300262476981,1.3450908301886242,0.15218111780502053,0.28480173768811029
1995-05-01,0.21753318420841897,0.0086778779252864417,-0.20828829842903088,-0.00079363206790710502
1995-05-02,-0.14689495175840195,-0.10654484020655136,-0.37105081818309515,-0.30240606970288136
1995-05-03,-0.11030731928879174,0.65448052365347598,-0.00060858514540408995,-0.29503872374111573
1995-05-04,-0.16649609761336917,-0.14139934364531798,0.0029243680316426521,0.65305569638804961
1995-05-05,-0.11667081903020138,0.6822788810975815,0.005566282838655753,-0.40456932776874427
1995-05-08,0.027338241115230651,0.43882265151457572,-0.28482499774801873,0.55348925162732499
1995-05-09,0.14691196761011988,0.38813830579904846,-0.2604713517023996,0.049115450446034714
1995-05-10,0.21074814200627467,0.42471129082313536,-0.46682896058523127,0.03054975563611341
1995-05-11,-0.22337392782659074,0.90310781759153935,-0.21831315199831888,0.34971258510211506
1995-05-12,0.19760832654485599,-0.16898393694376759,0.65853556148099046,-0.24600189138039966
1995-05-15,0.16368959465238661,-0.29992598987991548,0.24938009914422318,0.51508670663264622
1995-05-16,0.37890833375815158,-0.35763600972150394,-0.061649859364731302,0.071525593057011019
1995-05-17,0.013450932821932726,-0.69042783601862778,0.011068231018199964,-0.045973285586200896
1995-05-18,-0.085480910488211923,-0.79798244905463556,0.5620642085304719,-0.98602520674533012
1995-05-19,0.085001467925990101,0.49480834452764788,0.36955985734174429,-0.37982687663925929
1995-05-22,-0.21007917214716754,-0.00031922224932539304,0.20370938962285767,0.5781517765019184
1995-05-23,-0.065884114423748613,-0.10240353821844966,-0.50324194357581875,-0.076608411622674871
1995-05-24,0.30469915556789506,-1.1075255097062535,-0.0037545431997688863,-0.28481069349339377
1995-05-25,0.29292883418794879,-0.18502635674608889,0.31447579555876398,0.0032864682129921377
1995-05-26,0.056342530545500515,-0.091025691245535223,0.12426682663906533,-0.46925719117822501
1995-05-29,-0.036461470069724826,-0.000187509567213171,0.16637114169777747,0.20162911951099022
1995-05-30,0.21072087635933423,1.2031779501597377,0.0718693643197542,-0.23242977462673628
1995-05-31,-0.0061881668756287719,0.13792303540101103,0.24497771452262965,-0.59068906942997068
1995-06-01,0.017510109621470534,-0.40225027921006218,-0.36082537466044423,0.95664349744856458
1995-06-02,-0.3256801297885813,0.027495515214804554,-0.023589869681113963,-0.86464830859527342
1995-06-05,-0.43468425515423215,-0.093432075294428055,-0.33743416893382294,-1.8834959912273e-05
1995-06-06,-0.11149154002837104,0.210618345590212,0.18173202007563471,0.058546958313533543
1995-06-07,-0.14657569146875968,-0.31334527071439044,0.17764217236824462,0.43389542828958388
1995-06-08,-0.10864452107834997,-0.87289870135690684,-0.1959390046336025,-0.45775136663555921
1995-06-09,0.21508343089800941,-0.30001603988897474,-0.39474622328911974,-0.39820175936421676
1995-06-12,-0.34691388177891763,0.14424852264208635,0.49039423365203522,-0.3860551009512343
1995-06-13,-0.013160044557403952,0.36408651010609411,-0.090152766069653306,0.044682113721007007
1995-06-14,-0.41110837559170338,-0.31038929874712645,-0.15388050355088692,0.031930046034417368
1995-06-15,-0.25217193562503448,-1.2448311290118879,-0.15400695536580605,0.039038779541593335
1995-06-16,-0.27493932952016509,-0.23230551774785319,0.54794021118013791,0.071240427619303284
1995-06-19,0.031423755522731134,-0.73909331065239003,-0.060943994900781659,0.19006982861447197
1995-06-20,-0.032632169265954213,0.83622441057585772,-0.070944417032759347,-0.13756050163458339
1995-06-21,0.071253913763783067,-0.39660462401016017,-0.31257318501529735,-0.22693041531363628
1995-06-22,-0.23933187144597026,-0.87059922233449527,-0.084127126959527593,0.05277572854536447
1995-06-23,0.033776252507323266,0.12910750777232319,0.14651643648828269,-0.15828832783898308
1995-06-26,-0.27915161808908806,0.60549262918584423,0.41208653049479743,-0.2610414289269804
1995-06-27,-0.036927119023027075,0.54732378814920524,0.3526089920258535,-0.052206190857157039
1995-06-28,0.31486047103790754,0.51473441879048143,-0.20622467939125055,-0.17541815549523401
1995-06-29,0.20342172420771393,-0.51200833852838523,0.20351688337324297,-0.04091883256418017
1995-06-30,-0.12172562505116857,0.49678493533988388,0.18698369317044766,-0.15800907939808306
1995-07-03,0.18361154372709562,-3.0000000000000002e-18,0.30746847591492749,0.90410047705838259
1995-07-04,0.57992873439015358,-0.10495215650589314,-0.29349021315158252,0.28249437753243994
1995-07-05,0.41460747974684509,0.10886363367428953,-0.45674974266242646,-0.34545271944320355
1995-07-06,0.42200754086170755,-0.64146731245288358,-0.59677946005485238,0.32855643318579297
1995-07-07,-0.001458216110008506,-1.2329792290192012,-1.0133169230659176,0.333983542602104
1995-07-10,0.02452895072257473,0.19509518140962365,0.83887369880898743,0.28752536548660967
1995-07-11,0.28152280052970485,-0.064098149543778765,-0.19216918524883583,-0.21254160905040631
1995-07-12,-0.59194060487461009,-0.6664378879731665,0.23982774107824864,0.013258369529883601
1995-07-13,-0.023731432021249891,0.91769315022135345,-0.43096246466154087,-0.44193314834166297
1995-07-14,0.1383313531537963,0.0094777615368260727,0.019354204513657103,-0.37038383344821518
1995-07-17,-0.20459880909849992,-0.12092406776937448,-0.62343513252180305,0.28270460732620295
1995-07-18,0.1743970338557839,0.52553107095573082,0.61826777088153462,-0.072401967490090036
1995-07-19,0.048261889059951407,0.59828757544158462,-0.27970358273358015,0.30625401634878385
1995-07-20,0.3706275949139804,0.50837770748808675,-0.014645302560063224,0.12601595309032332
1995-07-21,0.14561552374782744,0.43760504924081672,0.11762569842452379,0.1361171918837896
1995-07-24,0.013729133445616404,-0.1711647892603663,0.26493031318797244,0.043160711717337971
1995-07-25,0.03179207491891814,0.54685467618362238,0.4540998540663938,0.14210487737750951
1995-07-26,-0.47153653732372369,-0.41720753094917062,-0.1223235804274375,0.20915881660737756
1995-07-27,-0.098914507079310265,0.60066658498034553,-0.2600874010916126,-0.21122524122297853
1995-07-28,0.01945534997191483,-0.18856703438946315,0.024991624983925733,-0.31901404214034468
1995-07-31,-0.054628943750480025,0.048657097658105795,0.051099811093787618,-1.0555045711704938
1995-08-01,-0.42596162743397759,-0.89087630307210453,0.42982272458550153,0.56982526645955733
1995-08-02,-0.25655238394258623,0.067628186755661804,-0.24252930868886546,-0.9001731590962615
1995-08-03,0.039522508891756833,0.13782821951872315,0.45836014634019301,0.15824626113778095
1995-08-04,0.00575997949780127,0.33062862756535011,-0.13022545252870743,-0.15922151364246984
1995-08-07,-0.13434430785759094,7.8051035583970004e-05,-0.11652378886732376,0.4102474214472015
1995-08-08,-0.50186198155334072,-0.64349103060003388,-0.0095140507228219789,-0.15581956163672864
1995-08-09,0.46392375329518704,0.17861040446715237,-0.26141274478188936,-0.069466466232088492
1995-08-10,-0.30540536916288574,0.69227133512672046,0.11830830155492096,0.2643301976801275
1995-08-11,-0.51496728090745503,0.14633267343307829,0.075966025738602144,0.83068003438174398
1995-08-14,-0.1350302214510147,-0.26529286748313569,-0.10902178350395145,-0.22444974850391583
1995-08-15,-0.27790789969257396,-0.7817722851061556,-0.61339880455689488,-0.37071326724158921
1995-08-16,-0.11964583252763381,0.10701581021234594,-0.40894994644997978,1.2000295259653988
1995-08-17,0.058346516846950018,-0.57043856185133246,0.41782134566863149,0.057193058347274194
1995-08-18,-0.27943067803334876,-0.34016998402884274,-0.15082949226483,-0.04815087034279715
1995-08-21,-0.097365349595034234,0.95012889069653028,-0.1302355119077051,-0.27438163334980525
1995-08-22,-0.16831008595179076,0.37036263187596508,-0.0026783480708389169,-0.039365501233016596
1995-08-23,-0.12716900991409372,-0.14506694627480046,-0.033641865332316181,0.23486983156205898
1995-08-24,-0.37563126071376085,0.041550783688209025,-0.62119026721801818,-0.46496581545681259
1995-08-25,0.13730788995658436,0.19586694151640505,0.22187740423703872,-0.651651003401162
1995-08-28,-0.0023717039159136303,-0.0067527809136211326,-0.4228772957331286,0.11897902580586631
1995-08-29,0.2308919508121286,0.28302450296012777,-0.38534365936897597,-0.57021460398319435
1995-08-30,-0.58006220480213289,0.59408594711096596,-0.067446616649656246,0.62592594953639313
1995-08-31,-0.14466383848892977,-0.39052856177261774,0.23241814899736876,0.023764331750501633
1995-09-01,-0.2674522669106067,0.078567723728018679,-0.51495235615931134,0.019242622540237262
1995-09-04,-0.15860111401397639,-1.6608367194299998e-05,0.81699123202251034,0.22781106387882899
1995-09-05,-0.038043060643767737,-0.61245565582421446,-0.026965122486941266,0.24848293289752654
1995-09-06,-0.3797160118942266,-0.79130032423093877,0.073220498175135929,-0.10723953600142336
1995-09-07,-0.19944621836965681,-0.33826811191399236,-0.31348549887854882,-0.77919706887334705
1995-09-08,0.42472065330260877,-0.27833336829597533,-0.32937204129174869,-0.42594822321205827
1995-09-11,-0.11300487774535961,-0.56811219844161687,-0.78176273060739243,-0.44530860504557596
1995-09-12,-0.28638364864858257,-0.32206623831595693,0.059366348732800923,-0.12216056319267815
1995-09-13,0.092412272588373867,0.34043105643029548,-0.31648672738018085,0.44993849694936905
1995-09-14,-0.16917094656297604,-0.16585494243494697,-0.10352409803944942,0.57176211260409082
1995-09-15,-0.20100771871345066,0.75596528170110822,0.012010690975491872,0.26323759536479358
1995-09-18,-0.15997114697738138,0.091178640010402087,0.62115329678525033,0.45773802440822065
1995-09-19,-0.29729127567103841,0.63126853410217576,-0.19478393550839651,0.1868798269603433
1995-09-20,0.17106385706413688,-0.082526091808182794,0.2822570789351756,-0.15015027322729796
1995-09-21,0.24421815052050844,-0.42374803816081974,0.0036135556368453326,-0.015492840234626451
1995-09-22,-0.29315107089252801,0.49419449433193213,0.34083684689952726,-0.95926930412920419
1995-09-25,-0.49961151006023446,0.35863365735896874,0.31890159869989448,-0.26267046861898474
1995-09-26,-0.16334652710086034,0.11129580196827539,-0.38649625177674507,-0.60390174639687866
1995-09-27,-0.15087189886591845,0.33404574941291099,-1.0010462097379793,-0.015323620182758433
1995-09-28,-0.16873047391465396,-0.76883023963834751,0.65788563671924094,-0.039839589210681946
1995-09-29,0.42716182567157712,-0.41301886649043285,0.52076174300099976,-0.014112220731762947
1995-10-02,0.37593161552817556,0.50052830134577875,0.35628391072975868,0.4186026080667371
1995-10-03,0.30506693432174964,0.89716823402996426,-0.4166576816865224,-0.071502961418832167
1995-10-04,0.066721485670433248,0.41388071915904551,-0.19651170158230249,0.30100270369903687
1995-10-05,-0.094584529323221284,0.22201811768074475,0.38479182076332824,0.65872878774482357
1995-10-06,-0.66152357602319045,-0.095475843639874075,-0.14506383588511609,0.013050438006139179
1995-10-09,-0.19834460726094591,-0.00040092090595347503,0.039893700564602251,0.0219706088935669
1995-10-10,0.042598414695998447,0.14510426152005099,0.0025899388820201162,-0.20026800509331324
1995-10-11,-0.34117732171544868,0.10573811681241913,0.38407426008857659,0.031178646732902902
1995-10-12,0.14850325058141314,0.16577928955685889,0.14402534462156288,0.22136736888771846
1995-10-13,-0.44168026035313074,-0.14579835311637485,-0.23130516264077589,0.25390703726655317
1995-10-16,-0.26713332172533999,0.60970788992155733,-0.21188571064134823,-0.092643044839020111
1995-10-17,-0.13834827423144619,0.036933718454144629,-0.11144801589185746,0.81821679807821923
1995-10-18,-0.017207694941036127,-0.15933608663914037,0.057008471210039761,0.60820898796558476
1995-10-19,-0.40902956670212309,0.50407635403851403,-0.3279263617914927,0.057672099589213606
1995-10-20,-0.49916759784170062,-0.62448886321025754,0.13221103751120616,-0.47972326036698038
1995-10-23,-0.89384476218606679,-0.55719097064739953,-0.12889677317392484,-0.73173499842431833
1995-10-24,-0.1231553150295872,-0.52872427454349546,0.15309017898546343,-0.4573082819986708
1995-10-25,-0.14554401738853562,-0.48470120048731352,-0.15881206693846064,-0.43936158494582939
1995-10-26,0.033579007909701676,0.47508413185032466,0.41997579781184247,0.27674420833523811
1995-10-27,-0.1508494181880185,0.65293024200671301,-0.24315301239216597,-0.26297342356158987
1995-10-30,-0.25706973455609844,0.32387132474582447,0.11598397309451024,0.27645577933595883
1995-10-31,0.023259711931443296,0.97259268812659549,-0.20869301926258119,0.23514410580072631
1995-11-01,-0.13269132778978882,-0.18608287340526072,0.5952257090609101,-0.606010536251127
1995-11-02,-0.12881159885941049,-1.0085308367775305,-0.06974455191357376,0.47153499653800163
1995-11-03,-0.17497155936592856,0.16377593360928977,0.00098961977000234895,-0.22136618073814907
1995-11-06,-0.85686923424456252,-0.050796155703549319,0.040667115242572827,-0.11502375200031366
1995-11-07,0.026001645535587693,-0.70412421355890409,-0.00064792500741903006,-0.8231899354174963
1995-11-08,0.098385931930468074,0.055754624450521893,-0.034751847290719146,0.082861915882496973
1995-11-09,0.26238764420362531,-0.30662635023903095,0.18938980123964355,0.18385190107352226
1995-11-10,0.12329542600103525,-0.71015061066574092,0.19858196278061735,0.79234032918188646
1995-11-13,0.29299914631834739,1.2393255948656863,0.34156398354568251,0.29005203546672348
1995-11-14,0.068222475734875249,0.32114835451027746,-0.145782874936837,-0.92429465193414706
1995-11-15,0.083968326121196091,-0.40893492374496848,0.039790389153052302,-0.5376280689598063
1995-11-16,-0.11734541174814213,-0.14924453475456886,-0.20629474295133654,-0.42855982320241703
1995-11-17,-0.3753424734255642,-0.91270617606772853,-0.23387501494362678,0.056796651312339429
1995-11-20,-0.32463707954676452,-0.34948755157030631,-0.12393639294762436,-0.63074288048533378
1995-11-21,0.70982378234272592,0.9940024677451843,0.14885789425130991,0.20004941424243192
1995-11-22,0.28164197774584132,0.74208349870651102,-0.12878796416957186,-0.6248703862913928
1995-11-23,0.35902491389349123,-0.21472730257301934,-0.0044220089228211093,-0.67260576224227242
1995-11-24,0.26142087881130227,-0.11969865528349304,-0.29224249418311876,0.15450707705914438
1995-11-27,0.077460684503798505,-0.82874922814498897,0.013571642075745093,1.1540630746566163
1995-11-28,0.31724316148996562,-0.85920837501208547,-0.0097942030865061976,0.14707674648169305
1995-11-29,0.0037298744042164531,-0.016805680502510842,0.17007175114880566,0.28014363765005612
1995-11-30,-0.6556111609016223,-0.061272554166681766,0.14410494123518153,0.46302419081941304
1995-12-01,0.13759977717674393,0.44005862445097055,0.25769068504892517,0.10035998385287014
1995-12-04,0.072027971105449423,-0.87237927459745579,0.064632067195015408,-0.072929593475808727
1995-12-05,-0.72076252265406293,-0.095759179067350417,0.078081514711366221,0.28852846065523308
1995-12-06,-0.44530022620011034,-0.58853191864428189,0.37624082023195526,-0.21389545710903238
1995-12-07,0.064696811021551504,0.45789163404778993,-0.074424834207404936,-0.049782795422238388
1995-12-08,0.32420583101484673,-0.50799176499691234,0.48575320046731274,0.34869320521378272
1995-12-11,0.024700754918992623,-0.37637613383662072,0.047817910981918732,-0.2889455272994968
1995-12-12,-0.32470355216249791,0.14861058964131063,0.25700900930111159,0.16192584907376217
1995-12-13,0.20636488426827171,0.43018585807262238,0.040108137097220803,-0.57477707653485177
1995-12-14,0.36031438761562407,0.74314564426884433,-0.0021478807895396971,0.10598495702459382
1995-12-15,-0.10857117437528016,-0.24622505695187313,0.56678863367473964,0.26862505653929447
1995-12-18,0.9830548326758819,0.22915066331580689,-0.1633733031988269,-0.23751829029025123
1995-12-19,0.82324574156359476,-0.013407779577582568,0.38232353334227948,0.13440980895064916
1995-12-20,-0.0088786138417188288,0.086719111131174934,0.19591609686669414,0.73017114116163162
1995-12-21,0.56568740261513772,0.19100509803058424,0.10001178788237682,-0.01147887560597478
1995-12-22,-0.40966184024280922,-0.2183696649988528,0.044031038522932157,0.97071281968497158
1995-12-25,0.0011199638988868769,4.4022671861632999e-05,0.085111458016886285,-0.00069221336238514198
1995-12-26,-0.048668168054464687,4.4013286458449999e-05,0.02701786715535795,0.082629025351769178
1995-12-27,0.34168472566634756,1.2976593002360992,-0.40911242201028142,-0.19879774103214792
1995-12-28,-0.27476189211300978,0.055729236489177825,0.061948552025063934,-0.74501107899025554
1995-12-29,-0.25841289721505672,-0.10438296974108967,0.5268483014834654,-0.29701651956106373
1996-01-01,0.0036101807571978324,1.9999999999999998e-18,-0.0035401770453199304,-0.001612788182801365
1996-01-02,0.26899976445209806,-1.1972102007717489,0.0089743816213321663,0.029680265269480692
1996-01-03,-0.005262667000948692,-0.8955827534062677,0.0044129628033336143,0.39119543997115958
1996-01-04,-0.22640845055156505,0.82973224325917672,0.82975025564063121,0.22029904544779294
1996-01-05,-0.080384980919273707,-1.4665358770609003,0.22257243192154147,0.53960465655903689
1996-01-08,0.26819297614582888,-0.85676321284483825,0.1000972926981497,-0.0082012842000530831
1996-01-09,0.1010306046875768,0.074801202736518219,-0.022012340046819932,0.43988473869342565
1996-01-10,0.19001504318919119,-0.59740401948759869,-0.032938891617818614,0.6402836335599783
1996-01-11,-0.17333904066457992,1.0358874777055771,0.3286287797258392,-0.11486863907112339
1996-01-12,0.001771043613589107,0.76630299501088983,0.21918275060594239,0.21687649257300587
1996-01-15,0.17964859288141288,-0.55105698916404311,0.00093414726486944406,0.37582613501065393
1996-01-16,0.059628673284992564,-0.2836587855700598,0.17891199228344501,0.47298086322436173
1996-01-17,-0.41693549102258359,-0.40334654151711924,0.01387153956757519,0.27725653872079353
1996-01-18,0.12112891562931186,0.33409556777008809,-0.27673363517877886,0.24761491732691931
1996-01-19,-0.15994016609449904,-0.79995310260339481,0.051446343061660224,0.19099356702551537
1996-01-22,-0.20620556080931199,-1.9041349388440301,0.17325379182288447,-0.52372506753268822
1996-01-23,0.12059378350973603,-0.068114572484077401,-0.08242182785375704,-0.251790359390556
1996-01-24,-0.43481149386721196,0.81730538711054723,-0.31455347692199126,0.65889788006449956
1996-01-25,-0.47151025832386911,-0.26130590312983015,0.28994160250995032,0.24183098329236472
1996-01-26,-0.26624145137919653,0.4144142105396974,-0.11470502378119123,-0.88550190325205125
1996-01-29,-0.12127028889354781,-0.66419653479306562,-0.24073722554928237,0.73281026073611344
1996-01-30,-0.049413657468973311,0.74244119051175927,0.032659881498382989,0.71711668659272154
1996-01-31,0.17234144406062293,0.43050481125878443,0.54851999579417143,0.51543469802728081
1996-02-01,0.1240116147462855,-1.8136610302053502,-0.33224268760025422,-0.66065093799415753
1996-02-02,-0.044418667365057334,-1.7337032234179279,-0.20425607956774386,-0.040744444845413286
1996-02-05,0.34677826008689344,-0.57694960196219791,0.14845040169500615,0.10213744414592765
1996-02-06,0.28010952340923134,0.47221665125624857,-0.25664522351045838,0.32641742808353624
1996-02-07,-0.013368844454145386,1.8995748578471576,-0.043766900576806628,0.5181723751213575
1996-02-08,-0.073423788046775074,-0.46282148795877431,0.088728860726868544,-0.66542231230072291
1996-02-09,-0.23644395034205451,-0.039491704356381448,-0.076410869606450285,-0.64617043722168088
1996-02-12,0.091961709750288875,0.57515569331227445,-0.0042455308456111141,-0.49352913368982965
1996-02-13,-0.15236015479314063,-0.34665534674397497,-0.027826258475240496,0.095638946960925453
1996-02-14,-0.016104119121039779,-0.95805024220692403,0.12639878451243292,0.031480370217479278
1996-02-15,0.038538644120809318,0.92565061970746076,0.03309533019461583,-0.31854532063297114
1996-02-16,0.16561081303527889,0.022352848821432895,-0.11137498128122642,0.40762480382281485
1996-02-19,-0.18031140560155409,-0.75463232606911446,0.21258221497315785,-0.37299173112679657
1996-02-20,0.4040577964077377,1.2916425215743645,-0.2590961140929528,-0.46782257882364775
1996-02-21,0.22685705244393012,-0.558249425161358,-0.21482612574085105,0.094391504595514375
1996-02-22,-0.17062571396144371,0.04467246690898112,-0.0713952686185437,0.81926233623405742
1996-02-23,-0.00075078125474619501,0.0084061378152918125,-0.070932998487139534,0.54061743160958387
1996-02-26,0.069807768785973709,-0.79384966196491669,-0.15371181107188395,0.11732355438593468
1996-02-27,-0.046736163787106294,0.16051837568068142,0.014376277383553078,0.026507854755149534
1996-02-28,0.49144973272482512,-0.013366334536399316,0.05840319213349101,0.51265332971264488
1996-02-29,-0.22444386734001362,0.38599518511146796,0.0075774380041475744,-0.30487263444697954
1996-03-01,0.1492472730872319,0.30086138742086216,0.34781944246464669,0.54609169074150876
1996-03-04,-0.34457005929710904,1.6009679950011988,-0.079026805463822819,0.76041036730247547
1996-03-05,-0.29223469740169239,-0.048827552707362921,-0.27483922074875522,0.1452284570882193
1996-03-06,0.038272006731183389,0.094506740547643173,0.12316406045932728,0.8916075872211342
1996-03-07,0.28249748996207846,-0.57538697078194057,0.038964434848659656,1.5739190386788264
1996-03-08,0.062280920807338783,0.78571017122235964,0.092955728155453804,0.75212892269294518
1996-03-11,0.43545385176471912,-0.066936992372592388,0.36054060643924601,-1.2749451829582801
1996-03-12,-0.11135723953723817,0.53102742880130893,0.040103364483655403,0.66239333168594461
1996-03-13,0.5842471265182364,-0.71383248869339766,-0.11973431703175277,-0.27633613237597227
1996-03-14,-0.34368224261069769,0.10028260794193895,-0.15045995501297033,-0.24763116333571131
1996-03-15,-0.30277532561661208,0.099452588403845701,0.0041020215141637697,0.74410274066521942
1996-03-18,0.14778421549009121,0.61985723166968665,-0.092921700032168,0.095506941726646186
1996-03-19,0.044660119808008471,0.080659429666825114,-0.034512323103775881,0.57531721270178426
1996-03-20,-0.24266283789854648,0.039304517008091004,0.0057126122228532451,-0.71643393307697512
1996-03-21,-0.63797809774432179,-0.49686650253280928,-0.104549099691099,0.40545245935002278
1996-03-22,-0.47661675020253802,-0.52679158049699537,0.077633234109467264,0.96037480922870477
1996-03-25,-0.044544655548695133,-0.62666412737628885,0.26717121946184091,-0.23669800569155602
1996-03-26,-0.30182267096198168,-0.51984199065531789,-0.41318159799924559,0.2022336944972784
1996-03-27,-0.014513550610147238,-0.060700746318249073,0.54948150965450693,0.21305864884428902
1996-03-28,0.70891914887907692,0.59595340775162708,-0.23864001823610986,-0.44828835330718358
1996-03-29,0.513538012189096,-0.19658081672214089,-0.21997954133772929,-0.5154554810994374
1996-04-01,-0.037265326498609322,0.38028587915215617,-0.15230633286550158,-0.73054851110416408
1996-04-02,-0.2178231789712842,0.36371666322242335,0.021297869094820458,0.82558281028387048
1996-04-03,-0.16079583557666541,-0.45171084719720733,-0.32137351741378939,0.47491989845998483
1996-04-04,0.062740134864857341,0.51236204338375391,-0.26002684637683104,0.10707331167988611
1996-04-05,0.0014590353162366361,-0.00015951681895686701,-0.021900464023618987,-0.01396319204235842
1996-04-08,0.0020994933224009358,-1.1151834926201882,-0.10375616548216013,0.032333737753357503
1996-04-09,0.1482598928263274,0.11575774464354804,0.063376558795139759,0.16477836127410678
1996-04-10,0.1058363216433308,-0.037325106767026592,0.13351726388829618,0.97087127326761802
1996-04-11,0.33267598046124003,0.28934366814931251,-0.080074127200935596,0.49194127878093169
1996-04-12,0.42162374675528841,0.66054309698441604,0.10683172731955118,-0.221491405739908
1996-04-15,-0.29850480440183041,0.84590428440482723,0.17112714405811122,0.17515627550389901
1996-04-16,0.58760790414326536,0.29935779342639263,0.05930213105136508,0.88970625045312712
1996-04-17,-0.013224362770854876,0.083801104581907898,-0.059174373869187682,-0.94214244905384026
1996-04-18,0.38381778901667407,0.093236416617507034,0.12175652986630194,0.039608584054273657
1996-04-19,0.0078856536293750272,0.28740054677426918,0.39108647518459988,0.53730125049268518
1996-04-22,-0.044786138066036943,-0.30248637353026053,0.21894724907426111,0.95147443163848522
1996-04-23,-0.18744851344721147,-0.77596638679315544,0.19688451029139759,0.091312791001073201
1996-04-24,-0.046897566630790248,0.30250752283758714,-0.044837621173450103,-0.59400912861674315
1996-04-25,0.056849530806300133,-0.9149928582256559,0.11982547861665967,0.3171499788252839
1996-04-26,-0.64145766017269668,0.14189360316722366,-0.085659400570267497,0.93057397224785388
1996-04-29,-0.52357990146038336,0.30006163224703247,-0.0073191288179087349,-0.016669619598918453
1996-04-30,-0.29497644239193616,-0.74537693186811338,0.45299653138244511,-0.31795248929944359
1996-05-01,-0.62587050044354176,0.014425898707647955,0.072335337135532446,-0.00039064691841923294
1996-05-02,-0.34480989737718365,0.3122690913510463,0.045628063266247645,-0.058251227054359048
1996-05-03,0.10788319676789451,0.3184563555101953,0.000435383728858081,-0.95458924392094535
1996-05-06,0.0051419303625845417,-0.92893581675049697,0.00066384531372988705,-0.75808386809098327
1996-05-07,0.11089985456437812,-0.89180162295793386,-0.04231899527944985,0.25754462809707945
1996-05-08,-0.21011037463816068,-0.34106107471648905,0.15767873398357712,-0.29788590471512782
1996-05-09,0.06567115715202404,0.001280847615279634,-0.051106277287391012,0.1587762293159527
1996-05-10,-0.014779413824432541,0.66473576023231251,0.0034368462948051745,-0.090765060847220178
1996-05-13,-0.67684226384380919,-0.42143736078004213,0.14733501722714054,0.058056463264329818
1996-05-14,-0.60566808955347806,0.12672966430504035,0.14194679944503047,0.4337005819062526
1996-05-15,-0.35425899827381352,-0.1871049814865903,-0.34406231734429693,0.53217860862234623
1996-05-16,-0.74520897690514076,-0.073488447296090637,0.11992861391494311,-0.017996528739650939
1996-05-17,-0.0088019580656058978,-0.017229386870713619,-0.010785212355474333,-0.14833346288376745
1996-05-20,-0.1522300129003834,0.00028988371758214903,-0.16232460513995495,-0.34535175339180751
1996-05-21,-0.9181888199714896,-0.13283468191238584,0.016792085256786549,0.94996709005147362
1996-05-22,-0.15032358875468488,-0.51066035469436866,0.17543773286260089,0.50982433587889542
1996-05-23,0.071108812676824312,0.14664623035250376,0.091235092028044862,-0.060259987944169036
1996-05-24,-0.20403548282916989,0.24909019493608331,0.2833001715386434,-0.26656507989006428
1996-05-27,0.00095694725961114908,-0.14066968354170373,-0.058397807072043104,2.3271822598766001e-05
1996-05-28,0.35199196584239045,-0.029900806087268916,-0.31486358242944024,-0.38045171525624366
1996-05-29,0.92801162962402994,-0.15240435704202962,0.32139483515591016,-0.1061972905463708
1996-05-30,0.12835327527163154,-0.22524566508902411,-0.27036004464562718,0.43707168913178462
1996-05-31,0.10896820731696978,-0.70033658047489711,-0.1637073961504483,-0.32695359630238158
1996-06-03,0.2994362399605171,0.4740504955855403,-0.048237133595766889,-0.58000604581088266
1996-06-04,0.17495218706371155,0.94199769798461275,-0.41360315506711887,-0.002397058941614382
1996-06-05,-0.1683994591786355,1.4620355732635255,0.33964872295424708,-0.29286220224389253
1996-06-06,-0.066425337576002996,1.9016501721880776,-0.021616741443413065,-0.0062802731917652784
1996-06-07,-0.13724150423499196,-0.32305347923471534,0.027318958514263539,0.15725590769008652
1996-06-10,0.018631849863788227,-0.13944905397392024,0.12103013823664037,-0.14150986910663738
1996-06-11,-0.12718766883064114,0.45479938789374247,-0.10962372354340409,-0.48988516307957414
1996-06-12,-0.39057334621898315,0.34281896146223112,-0.039597499490090178,0.54067955138303359
1996-06-13,-0.45362975760000124,0.12774717599741744,0.31827754147820653,-0.014393953840222486
1996-06-14,-0.2851626526185051,0.25214999085847656,-0.15432616317090372,-0.23655346695102483
1996-06-17,-0.1884413801065673,0.33030446809572422,-0.021046794315781985,-0.059921143664738469
1996-06-18,0.15087259640592787,0.46071646132483934,0.25322311829570671,0.13397569088695213
1996-06-19,0.62045866230078062,0.068813803226776923,-0.099029974212196031,0.37123192377619268
1996-06-20,-0.17664407785989614,0.39334843505965156,0.25445585479405181,-0.0031367580130549962
1996-06-21,0.029376313809473947,0.52740736269737543,0.01854611564037309,-0.50161308593421372
1996-06-24,-0.16037744114162505,-0.64319411556775807,0.16855939649329946,-0.40753058164109768
1996-06-25,-0.19786427323442635,0.076736966648528859,-0.13267080586013791,0.004398753778482551
1996-06-26,-0.11755490271343914,0.61833323777105098,0.0042479009435830795,0.16759726165349512
1996-06-27,-0.19490114135210249,-0.012022169912910052,0.41892222728553991,-0.010813907068730838
1996-06-28,-0.017109418541262786,0.1842657929108682,-0.03418330885500602,0.077319134872558981
1996-07-01,0.42288335941370753,0,-0.27336351894742389,0.23220369671531033
1996-07-02,0.0086117061962596997,-0.41827355395324028,0.0030245100897376711,1.0141624806681593
1996-07-03,0.062300444106981115,0.39065666253562659,-0.00059382630642535199,-0.27334514566469553
1996-07-04,0.08657418283801592,0.11612106153375423,0.14692541893791777,0.015134039719064803
1996-07-05,-0.31310138458655373,-0.91119213870027649,0.12737653981260308,0.1667987938997223
1996-07-08,0.34744901189560817,0.6522385619907245,0.013972925097174954,-0.43267471241778888
1996-07-09,0.2156961350371496,0.14300274230182244,-0.078312005117525535,-0.058087581583885592
1996-07-10,0.16797843292286924,0.58764992593955856,-0.11852115942966406,-0.025414027026007771
1996-07-11,-0.14301513710343672,1.0845465248709081,0.15255940824017883,-0.016561293044172309
1996-07-12,0.37018203142618133,0.73806839954670722,-0.27273873400717341,-0.31992888815721143
1996-07-15,0.0032585637567462233,0.69986686559240363,-0.082381981054996015,0.02332265533124242
1996-07-16,0.52226987658655655,0.80216942239046785,0.19502983835028392,-0.74570173192082512
1996-07-17,-0.22867568076208208,-0.12024752694260343,0.0012741237807789168,0.47998578941132775
1996-07-18,-0.081510213283433414,-0.89774758056248272,0.094785455380872227,0.459262596940128
1996-07-19,-0.16087740190846508,0.1115100141074933,-0.28767072825049311,-0.22458393665562709
1996-07-22,-0.046344755985277861,0.61551794895421119,-0.090851774919627593,-1.0056063933034272
1996-07-23,-0.24466702142433441,0.189884321797264,-0.08563502364933101,-0.067519206807428692
1996-07-24,0.16549545330232074,0.51852407048500815,0.046890237597235103,-0.43756371419949963
1996-07-25,-0.18334874548981867,-0.26958607478827751,0.10423738090883858,0.54881000077972819
1996-07-26,0.1495799976144801,-0.63490543195440785,-0.057289599149997004,0.055423523754638486
1996-07-29,0.052088394561214856,0.59517035084209624,0.27082317539290485,0.023398888080628292
1996-07-30,-0.0035539107382053059,0.10273446479599298,0.13953845763586034,-0.42165664571105332
1996-07-31,0.10885941195860396,-1.0848374402331862,0.37108504360911149,-0.38950916989406453
1996-08-01,-0.28444546350553229,0.22543009530487157,0.025591690055336347,0.093095701043283213
1996-08-02,-0.78726139188645472,-0.76044369276398693,0.011833495956794511,-0.049664134609805684
1996-08-05,0.18403586179438289,0.00011178676845856199,0.27430967046242877,0.18051732803948181
1996-08-06,0.17807896135457918,-0.34168678822217347,-0.012413916436878118,0.45384536627811778
1996-08-07,0.22227953821282714,0.057196302030202331,-0.057898483394840224,-0.001148045716624986
1996-08-08,0.013505211775442783,0.2833806387757633,0.055893207868411156,0.82421113375613053
1996-08-09,-0.17115460794062087,0.20579406454731447,0.40439382427375342,-0.41978009577375525
1996-08-12,0.038603545841291304,-0.2460322673172434,0.18163592484963928,-0.13963969097443227
1996-08-13,-0.17618276466318716,0.21908338516069434,-0.46944495676080583,-0.25477489167950573
1996-08-14,0.050104972747142137,0.48588540279541087,-0.68359058786890303,-0.032267393719440249
1996-08-15,-0.234979491913859,-1.4928864286120744,-0.17114096475882337,0.61006658083672471
1996-08-16,0.0087759620418743581,0.30275001584429645,-0.27016043023550018,0.56370032653694235
1996-08-19,-0.19800925891002866,-0.87980873580896024,-0.067827274926838071,0.30411291704140675
1996-08-20,-0.21100800838450687,-0.14814715852073376,0.36702694961484283,0.14179844047699358
1996-08-21,0.11965035147553398,-0.35140077992086899,-0.18951485006407964,0.06851136461657685
1996-08-22,0.26793648551033639,-0.43736447606333506,0.27928810903749335,0.36577797965047559
1996-08-23,0.15403213054257292,-0.4660663214369265,-0.28263476942090443,0.2918952368221695
1996-08-26,0.001655765913363156,-0.092386387856782187,0.13688663206304871,-0.17305195763807071
1996-08-27,-0.095177022368086936,0.21220275129363353,0.011144590074636699,-0.28402841635478232
1996-08-28,-0.47156483478545586,0.044505310567610597,0.065245135514566191,-0.41444605789090683
1996-08-29,-0.59672330442812815,0.48858932467266442,-0.076362172521727695,-0.57746001708161177
1996-08-30,-0.12936377813933872,0.39654240960367382,0.21669434742093119,-0.198101551907224
1996-09-02,-0.1323675996648698,0,0.044684128585684685,-0.45153587768066206
1996-09-03,0.14554684325779013,-0.15020491481789092,-0.1161589024916778,0.021312865940001528
1996-09-04,0.32920410625227525,0.058937390414088305,-0.31816157946166373,0.72112120266998536
1996-09-05,-0.68874224032185594,0.22428909241592196,-0.15433884671141998,0.31191564154138651
1996-09-06,-0.24064335288543739,-0.011822940008024651,0.097165926327161062,-0.14474457349346109
1996-09-09,0.010664420914282928,0.70113782663090618,0.17703074258445098,0.17249534888583931
1996-09-10,0.66088811326731611,0.18500237471260525,-0.040730066831592075,0.68009322314288156
1996-09-11,-0.22121816174079856,-0.019377330363845615,0.2065126777949608,0.1884017260470891
1996-09-12,-0.14993281386274937,-0.24356740129200155,0.23293127501563068,-0.0057093028799444986
1996-09-13,0.044383159536847003,-0.86459317555405013,0.27748731915498315,0.18194093829511634
1996-09-16,-0.168809230930416,-0.62436688472780966,-0.00047107716743377505,0.75511910266069737
1996-09-17,-0.044042579257828042,-0.32914359914636254,-0.091942192715322169,-0.032879564260595295
1996-09-18,0.047325079956599882,0.16843681069968161,0.0047786946761172481,-0.047076762315069152
1996-09-19,-0.23425748360196585,0.24537266938511212,0.083349922973233723,-0.090319668014652868
1996-09-20,0.0063479030458337225,0.1691380256160856,0.020625206443773639,0.47217600021219219
1996-09-23,-0.001767755753717715,0.077138625297403798,0.000215180624798096,-0.01269513535253166
1996-09-24,0.13670832925160317,-0.72083605035610898,0.30820364677727979,0.70456546479386339
1996-09-25,0.082765771428579091,0.30385626876699445,0.13156874360137652,-0.010843727399956357
1996-09-26,0.053094629896972695,0.48539771504352519,-0.085789278422675155,-0.33788921950113698
1996-09-27,-0.24013362567208754,0.33846937462127991,0.16057832462859017,-0.16476697959648459
1996-09-30,-0.48520662287564048,0.42345028939972557,-0.041215903494219469,-0.17453821776862735
1996-10-01,-0.25977311449807367,-0.82483554931070313,0.20012817406293795,-0.27786074241587766
1996-10-02,0.033139574624358015,-0.18606632586704536,0.13828922146368786,-0.20151446842583207
1996-10-03,-0.31372540365817675,0.50013108111685078,0.016210086677411646,9.4473140241434e-05
1996-10-04,-0.28237373822615613,-0.17327583229384846,-0.12534756908027703,0.26559302396773077
1996-10-07,-0.10121893185268843,0.12819915087555983,-0.1982197099347372,0.2017698248431502
1996-10-08,0.002346677979733286,0.27959748479375945,-0.025898172645233725,-0.58279323505707614
1996-10-09,0.21391269985341624,-0.12778835605681346,0.19573158273498897,-0.097037481412093493
1996-10-10,-0.17077917736302092,-0.23897206509560223,-0.001424415499252394,0.11355874205958545
1996-10-11,-0.07832014090501771,0.24935993462893746,0.15726061735606414,0.094567914523462554
1996-10-14,-0.08389869855749757,7.8660504846057004e-05,0.17701058544329412,0.1341064440093952
1996-10-15,-0.58100729757130709,0.68098861809555922,-0.1108002156056945,-0.31180390874105274
1996-10-16,-0.12989695580174165,0.52462508501057759,0.20242061721563723,0.08295322849980738
1996-10-17,-0.28369927629695124,0.31063383123273075,-0.008018046050809708,-0.35543945985106717
1996-10-18,0.068357559894954831,0.46834244373506334,-0.39926544900919253,-0.19959034308303122
1996-10-21,-0.80964195690453233,-0.24995281508643849,0.35467613038363438,-0.15264034684293454
1996-10-22,-0.28034311006748597,-0.19696325954370689,-0.30344289278389791,-0.35782863717331959
1996-10-23,0.011020088853551289,0.093605216441210837,-0.16889717903940388,2.0286787445226855
1996-10-24,0.32154606162276689,1.0033207631803531,0.054770081531785385,-0.075529175227440237
1996-10-25,0.02761054318443391,0.53128297949782421,0.29901140869665971,-0.61426481612122019
1996-10-28,0.54068011172090158,0.32704786389982177,-0.18442536686232242,0.27189029325429953
1996-10-29,0.19408465890262683,0.79068654668396254,0.10413695575995602,-0.070365132635926822
1996-10-30,-0.056225310669124805,0.22222444245697287,0.29124157987077826,0.23745571120183984
1996-10-31,-0.042477413863466346,0.93708707232978239,-0.059171975278173014,-0.16816557508417695
1996-11-01,-0.22790354642386784,-0.018461867332174198,0.34253096264731947,0.38199733525301793
1996-11-04,0.54666461319964199,0.718028850382881,0.001360054845535922,0.11163918292944888
1996-11-05,-0.01880263131542681,0.75100076111644676,0.32810910346086974,-0.16712184753089893
1996-11-06,-0.58084828746602823,1.4886258660045433,-0.37899177750866897,-0.25047986692579255
1996-11-07,0.38658830860470633,-0.17641263614218433,0.37452919762904369,-0.34424237277435515
1996-11-08,0.10064305493783965,-0.2503114334129547,-0.20467521272986969,0.014302744789255591
1996-11-11,-0.23483763996909116,-0.90656040451646214,-0.14688035439005945,-0.03979291463039776
1996-11-12,-0.12388448350268182,-0.5625058169744479,-0.1612289534368091,-0.051448421791788268
1996-11-13,-0.040057282991512219,-1.1753734204742736,0.24687943271762711,0.23594697102763515
1996-11-14,0.71159509786493214,0.84871321745416139,0.04438753455505582,-0.69618694284335303
1996-11-15,0.25709312176352572,-0.04925257397651743,-0.027255285249347394,0.40387712916503737
1996-11-18,0.32189829537339448,0.53861499216669928,0.29223628536059637,-0.49340656899512553
1996-11-19,-0.2048325985677365,0.14537055473567326,-0.16238350372660101,0.58977085317145628
1996-11-20,-0.21113680638256013,-0.16248237105850399,0.11625852523753041,0.85930467643662556
1996-11-21,0.075013150811701318,0.52362508036817834,0.41562191260366094,0.48038532805600753
1996-11-22,0.067473996557754143,0.16714113564184588,-0.55693963315526751,0.61645318204089938
1996-11-25,-0.13650473311222211,0.5823968765355233,0.56982041702043928,0.12117881599897844
1996-11-26,-0.15860214115931026,0.18625734180840334,-0.45539455267345635,0.2118305181637416
1996-11-27,-0.72470890982817304,0.06266419550281721,0.39236493064714589,-0.37321782332778214
1996-11-28,0.31835402501531102,-0.50641511912514281,0.32565926602075179,0.26156302235038398
1996-11-29,0.26367875792592738,0.73782607985204729,0.032766667130377639,0.053829004821061274
1996-12-02,-0.15890760309103452,0.50713092274064275,-0.025603464402732805,-0.14968462884213352
1996-12-03,0.38939857179661863,0.72921937293418493,-0.069352909928366221,0.53093063776198779
1996-12-04,0.16547391677155071,-1.3996435542885983,0.57897793846711676,-0.17362678881541654
1996-12-05,0.42745994686652478,-1.0688411393829933,0.092949964810034855,0.88049766905122595
1996-12-06,0.2780440406538302,-0.70892975007119097,-0.080093606585498994,-1.1411903240365493
1996-12-09,0.14959739787267579,0.29916749786255059,-0.4088126655415445,1.0349094208128333
1996-12-10,-0.28211289587716726,-0.34248812473091822,-0.78572695526464287,0.80382670173242998
1996-12-11,-0.34861633487508947,0.80120284738912206,-0.15251239920132109,-0.044050189077831682
1996-12-12,0.33413462801370353,-0.20208227562150716,-0.094694305843258234,0.52397768080227869
1996-12-13,0.34252004996037089,-0.31637011095920842,0.18116499070551903,-0.67984086825330525
1996-12-16,0.32081991851355424,-0.34149504026308486,-0.10696094409464155,0.77607789787044812
1996-12-17,0.34186269987085732,-0.36289877144739913,0.17704305985555185,-0.21102750491022235
1996-12-18,0.3122252486203223,0.097630352985594054,0.32482777927552647,0.36097760690479613
1996-12-19,-0.071146150194742186,0.19796634626981238,1.1099864563642965,-0.43137669987026633
1996-12-20,0.030251675157324871,0.18031717345116829,-0.051593221913616157,-0.32190738955198789
1996-12-23,0.33297156381460097,0.2764533697094102,-0.0053998265045118029,-0.9534767030862239
1996-12-24,0.10566956749115608,-0.016749369155382859,0.17519885653730163,-0.00015353946321363
1996-12-25,-0.0011154875580825989,0.00034272814622972797,-0.038900693751236726,-0.00015350899711109899
1996-12-26,-0.0026559678584703928,0.00034265844015477599,0.11062506369368166,-0.00015347853700705899
1996-12-27,0.035158880225977913,0.20060318122843562,-0.22055009973552664,0.35000402022161237
1996-12-30,-0.030927821992914724,0.68609189968963313,-0.079458360301940159,-0.19832281145389269
1996-12-31,0.15477979901389163,-0.012907393919985905,0.001084576722412973,-0.00018336268772434398
1997-01-01,0.001326331425233411,3.9999999999999995e-18,-0.00020374301254152998,1.9999999999999998e-18
1997-01-02,0.19453200846253052,0.41298456847215703,-0.0024109456827922471,0.17515773196301523
1997-01-03,-0.26869240474737033,0.75902024005260527,0.002683294919147523,0.23203851491386296
1997-01-06,0.13088370488921677,1.0500297877667668,-0.014072843582135076,-0.20168616911672418
1997-01-07,0.13501611752359463,0.22361695449389041,0.45862668903789322,-0.7725235660298243
1997-01-08,0.63845255989207816,0.71992544108803902,0.036819607454252001,-0.64809295149811585
1997-01-09,-0.039980007072180107,-0.9172960673707854,0.76582205679810489,-0.49073867079090633
1997-01-10,0.66197730295537294,-0.59811437556113556,-0.54097528300600239,0.017094201289271433
1997-01-13,0.53864322271323117,-0.11500752100628391,-0.30656948603907574,1.0151120455753622
1997-01-14,0.5409659026153022,0.936684148786189,0.12683571458935408,0.18392621704673562
1997-01-15,0.19507984901350467,0.26355638748549859,0.001595373226236636,0.026498131310473558
1997-01-16,0.071388457028046068,-0.48632936233242102,-0.40854475850752953,-0.065542284029852807
1997-01-17,0.075411602730121888,-0.58345515043001051,-0.39086730832084027,-0.6928981018288638
1997-01-20,-0.0078336437766550193,0.074340561880057277,0.27655580925662238,0.10393860292366776
1997-01-21,-0.21157081926918195,0.19883479642307922,0.23055085627728547,0.73261441024628082
1997-01-22,-0.000711268460540978,0.41960381490182302,-0.37449708420876848,0.37855214761288691
1997-01-23,-0.39916697090738057,-0.2191177875573882,0.1650372664451632,-0.041282929462386986
1997-01-24,-0.21102299610917089,-0.53062977029401481,0.25458350264390717,0.54348111995991011
1997-01-27,-0.067868793868108193,-0.25218906903434746,0.047134608617415842,-0.06070736589798522
1997-01-28,0.20047587152384605,0.2795596008113469,-0.45015529988365288,0.61230202524518496
1997-01-29,0.19186846779303166,-0.49551973799712234,-0.47775990424388454,0.28738798044133601
1997-01-30,-0.18531596438396156,0.47396184615294684,0.030144728455447325,-0.054743749777338965
1997-01-31,-0.34507772082297827,-0.080805683409480841,-0.3711624267817894,-0.40933418569371838
1997-02-03,0.097245717063356885,-0.28224634688247874,-0.29749083937127191,-1.5101548068173822
1997-02-04,-0.13034730443728804,0.83214802202497207,0.131120136719904,0.03269717293374079
1997-02-05,0.46383882000885551,1.1488305025948653,0.47176945769877726,0.97230585239050826
1997-02-06,0.24847279888161947,0.62011303220535463,0.24231257657529948,0.31556070736952102
1997-02-07,-0.052879026899050913,-0.1232009394244527,0.59135958763677399,0.30828305507545289
1997-02-10,-0.049446709875679742,0.90230292275178503,0.075663014015091096,0.52829009131006432
1997-02-11,-0.29727457450729766,0.54764045513839454,0.02190784795439963,-0.52109693683568092
1997-02-12,0.044148037188813202,-0.87351763001290039,0.03184644295340891,-0.32740351488565878
1997-02-13,-0.26563296713180395,-0.58220987942930447,-0.20066274664303024,-0.28685772063951004
1997-02-14,-0.55677608423268998,-0.75575554289666991,-0.40811100908950865,-0.5018215650608373
1997-02-17,0.56097709645511407,0.57225557699841156,-0.12009839734873963,0.86044007537754685
1997-02-18,-0.072164455857513271,-0.064235321911219057,0.024335813983474088,-0.20447043910081183
1997-02-19,-0.53670337726797324,-0.067401342696864722,-0.60837257806749911,-0.25566325714068983
1997-02-20,-0.0071818379756806482,-0.80943431331845606,0.062048764435959622,-0.25197678247430977
1997-02-21,0.10381197119742223,-0.5673901295556083,0.24553312117467324,0.35365618090850964
1997-02-24,0.52009230526851047,0.25722375972485112,-0.086081441093276367,0.43459469097856918
1997-02-25,-0.12133227637788964,0.43891324106297114,-0.52183961130892453,0.2650940243142253
1997-02-26,-0.12239510622165133,0.69265156884910162,-0.39916629994979602,0.40374166025924779
1997-02-27,-0.11863850851014283,-1.5706169281949505,0.018776228940723897,0.67460579728084391
1997-02-28,-0.017791608689366217,0.38969514816098361,0.18753290986669574,-0.41368715144807888
1997-03-03,-0.030734923231999136,0.62155953661260466,0.019952654907394934,-0.27633289572583203
1997-03-04,-0.018246736041344233,0.82022629026830496,0.18684657210891495,0.092925047834802835
1997-03-05,0.13907854908307624,0.42480645672328726,-0.23060890993208652,0.70191413593561802
1997-03-06,-0.0140860224531112,0.46146573304348393,-0.047264655621910831,0.059893814412755889
1997-03-07,-0.56882582830882644,0.52877566310818169,-0.21888162469253336,-0.993360301998372
1997-03-10,-0.32071234222739414,-0.40182701845742741,0.35382686351869191,1.3102720499213527
1997-03-11,-0.10235087597623511,-0.44378481063955721,-0.06904569536181579,0.25599770201491812
1997-03-12,0.31450944484465559,0.17998830656987808,0.75333870903353495,-1.2847954145286804
1997-03-13,0.48219405084592065,-0.1928611883267832,0.28970791038139476,-0.28845808862269956
1997-03-14,0.091982574394481237,0.15961652948555041,-0.53996788060452117,-1.0093991084104623
1997-03-17,0.092601031418175619,0.85341427702127715,-0.20640726757321939,-0.72734939200012316
1997-03-18,0.35665682394667286,0.097458901762427344,0.11087499903824749,-0.25849969859477395
1997-03-19,0.6541134487955983,-0.79960717918033841,0.023475911192237943,1.1274120908390952
1997-03-20,0.052504453498820838,0.76595029237172108,0.0044145440251712386,0.52506718028617583
1997-03-21,0.12371500109646048,-0.46830697262485133,-0.13045773038379413,0.52843594240455871
1997-03-24,0.029831903916269463,1.1000709038224903,0.13860319823352632,-0.1816079961516229
1997-03-25,-0.26493503716436978,0.28020218654001439,0.11248397073252321,0.37535543719681702
1997-03-26,-0.21674255179982832,-0.77520164598498087,-0.16970591444896341,-0.0018650330677278141
1997-03-27,-0.087640722551833666,0.82082771579604152,0.68358904141239307,-0.75660859792726298
1997-03-28,0.012303775579222706,-0.00079781855640995397,-0.06757718975213059,0.00017322294336061098
1997-03-31,0.022133672525103319,0.28456135984231479,0.42137935280556543,0.00017318738240927102
1997-04-01,0.5420776360349232,-0.37437173806413709,-0.068902093656574265,-0.81520505814442534
1997-04-02,0.53308268001738224,-0.74821559067048071,-0.53881170738821726,0.45892348095191765
1997-04-03,0.49914378005086468,-0.20960544343402973,-0.019956777431120409,-0.053067659188760337
1997-04-04,0.090262332331201955,-0.76894570295898546,-0.21775962126627429,0.019711333301716445
1997-04-07,-0.10057769567444556,0.262590536795892,0.93105339010633792,0.23520709263250536
1997-04-08,0.094552478400897269,-0.13281764279494418,0.070089755131854559,0.13501605357759669
1997-04-09,-0.31460449144486285,0.32370041095635671,-0.25245706735294532,0.20511088605226496
1997-04-10,0.12167616235510836,-0.46447373615864068,0.16742262768264293,0.28496047229587168
1997-04-11,0.27730442540402511,0.47669904022292697,-0.37900561410070782,-0.19330885043162366
1997-04-14,0.51996273993385866,0.45620174293219484,-0.08885607963126442,-0.29305711368704473
1997-04-15,0.062154291375552055,1.6951793974316014,-0.29560341291467829,0.021369092550278412
1997-04-16,-0.09674699616589344,0.65784028155956598,-0.10395413345264111,0.64342126865859206
1997-04-17,-0.070652310806986876,-0.37928666563103719,-0.32880811429825285,1.6849036201358132
1997-04-18,0.081368312781739366,0.76234506858414819,-0.47753553181215075,-0.22980835910715816
1997-04-21,0.040666555687463406,0.36739236581360124,0.08762353322990378,0.85305632640556506
1997-04-22,-0.41443462683887317,0.51964021393357518,0.1936552471064992,-0.072239335047864825
1997-04-23,-0.021650500149313079,0.053466928929117141,0.052794540647401821,0.099422538099464386
1997-04-24,0.27858666353624395,1.0718348253807293,0.76120967179687282,-0.1785047036256453
1997-04-25,0.099540893651937537,-0.47333853127848785,0.43303916351829913,-0.43502749586473005
1997-04-28,-0.094192819242942136,0.72872388776794272,0.29479634018223383,-0.5659939180216631
1997-04-29,-0.34527989128369546,0.75626760839874518,0.0011493984989357589,0.050719286513686346
1997-04-30,-0.46029668344751462,0.2414977854797217,-0.14350829701623394,-0.34531423857098426
1997-05-01,0.23530794871718749,-0.19180838296364211,-0.54668056355273997,1.9999999999999998e-18
1997-05-02,-0.083811049847383468,0.40054397608272729,0.50472392477787198,0.14957098779587499
1997-05-05,0.018062571657457477,-1.454269073252392,-0.0095236078356858763,0.072454703522070257
1997-05-06,-0.026020761517792406,0.082805065683347542,0.46625894996450717,0.68034627492094812
1997-05-07,0.51367313555292127,-0.55253751771758863,-0.20445501824355303,-0.086884313162728807
1997-05-08,0.33837560529494176,-0.5231192486054993,-0.19115766944152582,-0.00016644281347198001
1997-05-09,-0.011723089309735498,-0.79991224620875634,-0.61759246626375641,-0.23797604511383089
1997-05-12,-0.080712736474877464,0.1391868265610314,-0.76859249030909194,0.14032263864904679
1997-05-13,-0.085334628749837452,0.28317875053937797,-0.72991412543294698,0.17479988040933023
1997-05-14,-0.025016271831691701,0.31875157487814049,-0.86491663858625656,0.20723478639679116
1997-05-15,-0.039850515942035314,-0.037564966935447808,-0.40133203306134768,0.44078599914881095
1997-05-16,0.26976264858212279,0.77903079629069316,-0.72789812235259754,0.48858374829008311
1997-05-19,0.58542641843400511,0.00032685006528014598,-0.10147837253338125,-0.00041180437988226301
1997-05-20,0.15944943681740037,0.62073071532470103,-0.27258391108421876,-0.096449170398164627
1997-05-21,-0.12839379721143232,0.1532087166591482,0.27502995245854395,-0.60417794729833418
1997-05-22,0.43441015730957866,-0.27313161105600281,-0.24991589207380102,-0.29803635310267657
1997-05-23,0.17440680137185233,0.47670150096745384,0.38259187276510731,-0.22960475323748558
1997-05-26,-0.0081555129831547817,-0.0046788263379915285,0.97462815940025094,0.87270570709435946
1997-05-27,-0.18306189242112747,-0.65502894570446546,-0.3691536509980336,-0.04137464986704318
1997-05-28,-0.10405470306029443,-0.20900559856919274,-0.58892066238527563,-0.66056537817901662
1997-05-29,-0.19167076685303439,-0.43831176656173509,-0.6325117422492077,0.033794808689787605
1997-05-30,0.31424968704242684,0.95099522388734925,-1.0386050092822487,-0.82205550792617244
1997-06-02,-0.33861417053940052,1.0012931031847836,0.98130461418594261,0.57325099772593846
1997-06-03,0.65247570924056064,1.3080347154514935,0.1153445328111721,0.39009023313105629
1997-06-04,0.28277913363820023,0.37944523416985459,-0.15825627761886196,-0.040044987749886504
1997-06-05,-0.019201824257898539,-0.90310653049346357,-0.08202448443717647,0.71435571240891071
1997-06-06,-0.0012625030747837811,-0.43674333461142861,0.18646469597649049,0.18356278921315433
1997-06-09,0.028547659489869849,-0.11748958647864614,-0.24612845035902417,0.13306358321797507
1997-06-10,-0.28920948010710157,0.37111687926811843,-0.094967321043334746,-0.37743629857344585
1997-06-11,0.20303077975064748,-0.22461101292800112,0.067632372864171619,-0.30671224422188287
1997-06-12,-0.2058593530303863,1.2617477466754241,0.028905196309203237,0.089918911415577576
1997-06-13,0.4438395373139758,0.41112277928085034,0.19421833166599836,0.41869417510616402
1997-06-16,0.1571218654918973,0.47234718046506913,-0.047149678595216453,0.96640753459173545
1997-06-17,-0.15226372372141447,0.58731634251523024,0.28258314637158871,-0.38757279747198142
1997-06-18,-0.20068094188690527,0.14297714556544266,-0.085462282618895255,0.32870929765061774
1997-06-19,0.088524098840142618,-0.42167800198278621,0.072922289807506424,1.072078955790033
1997-06-20,-0.2234279014238118,0.70954510666291326,0.50136468606391793,-0.22298400182659256
1997-06-23,-0.22575759820364613,1.0062673862759008,0.02036627337188758,-0.24032244589898819
1997-06-24,0.39462041027604028,0.91820099812539491,0.36293942308100274,-0.13090229494932443
1997-06-25,0.024401521248521744,0.25030443475235425,-0.091430696649596396,-0.11002987560118542
1997-06-26,0.33074064271771147,0.097868705580159795,-0.31818171478682494,-0.62430491650939912
1997-06-27,0.061949389510617001,0.24318835288735197,0.17576412052181359,0.15007079807794932
1997-06-30,-0.32747718042016766,0.048419890779264514,0.071220058370053935,0.25200429955952375
1997-07-01,-0.1701718305863939,9.9999999999999988e-19,-0.051634198068006211,-0.33046628573290859
1997-07-02,-0.059034990892111207,0.76333750433979042,-0.19904593221813119,0.5785940257557266
1997-07-03,1.332405707629825,0.14299358444082771,-0.042777657011710143,-0.23504889866092799
1997-07-04,-0.16150444749383308,0.87618271360740352,0.031354077983498693,0.013579779302209884
1997-07-07,-0.11654209693898743,0.96316320485810314,0.67353326561096671,-0.25172492201800611
1997-07-08,0.12215274513949034,-0.049537974573621607,-0.41669018952349224,-0.53462299184315909
1997-07-09,0.44487932972529004,0.29737788563833623,-0.3113909771582386,-0.31166330087464572
1997-07-10,0.43967285266189782,-0.13342916250721967,-0.50850027167097167,-1.0057836979332719
1997-07-11,-0.5161026612331574,-0.85169230023215758,-0.43342816064037032,0.59505956160546514
1997-07-14,-0.51033762168678476,0.50347398005449895,-0.3436549599616382,0.42676921711502258
1997-07-15,0.21617829147811024,0.59801313996129235,0.14819090742918067,0.38519398539063837
1997-07-16,-0.10562710765775882,-0.1972132094829718,-0.94535156132552944,0.25563889354039693
1997-07-17,0.80891868747029694,-1.5763953473903543,-0.35104453970323546,0.35296119531848602
1997-07-18,0.033010858038756384,-1.0039890116771746,0.48729398531469886,-0.92686710329806932
1997-07-21,-0.052314470246531249,0.66097491956639143,0.00081670566181532101,-0.5927190670217366
1997-07-22,-0.062750426300484705,0.21037382575888586,-0.22498480398651646,-0.20051049595992224
1997-07-23,0.11073576310673232,0.78850378864564596,-0.35245924924697153,1.0522848978454604
1997-07-24,-0.43255711615517306,-0.13002485460196941,-0.25491634704914906,1.1426047531979757
1997-07-25,-0.057505108557140298,-0.80532805436491428,0.093597393736062212,0.030132444349998972
1997-07-28,-0.15194115936177524,0.15862231662406687,0.26593065090761475,-0.27905504583783319
1997-07-29,0.01226099986193792,0.063164914927017327,-0.39805374900522905,1.4672013706803069
1997-07-30,-0.32102780101661499,-0.13664462561011345,0.038536012317611515,0.12569575883823711
1997-07-31,0.27025914508059462,-0.29523683857721084,-0.48546843352186375,1.1603222454651572
1997-08-01,-0.33874600075658562,-0.47964542541600647,0.14212047433163183,-0.93026745295274016
1997-08-04,-0.22011229949589042,9.8491804665645994e-05,-0.34952000219672802,-0.92148505549606485
1997-08-05,-0.53546005928344287,1.0600578084041885,0.36390559901265596,-0.36520794406325219
1997-08-06,-0.28548105185950645,-0.0093820147708740479,-0.71012620384912939,0.54330787146511639
1997-08-07,0.45301150025096137,-0.43459477556803772,0.001050294491896828,0.51799021619860042
1997-08-08,0.4436883325794968,-1.050224696671209,-0.29553205572054975,-0.31254183959281473
1997-08-11,0.5312235824870446,-0.62783176506544103,0.87288408429377962,0.24213628329729842
1997-08-12,0.15566605263714525,-0.33091552244844818,-0.2268297710201421,0.31483866261614779
1997-08-13,0.48005003380430805,-0.38117539800441597,-0.14959801773573156,0.124667676267292
1997-08-14,-0.45217069707434532,0.33324176272767841,-0.57868892130457972,-0.09851797320914403
1997-08-15,0.37710962130093711,-0.44531199268874183,0.032650181621780537,-0.28086665211262724
1997-08-18,-0.0070872695377952842,0.86541254250236643,0.14782278646211866,-1.2728607970032577
1997-08-19,-0.6954575718773649,1.08281436577245,0.21015811774658186,1.3608755891719477
1997-08-20,-0.044475301870850865,-0.54234327348264055,-0.34524922188777246,0.22803980172513169
1997-08-21,0.466708756506238,-0.34381375402358183,-0.20674570397488273,-0.015374692869547844
1997-08-22,1.277949454979876,-0.3005833044408045,0.85451112795567274,-0.81096410398395113
1997-08-25,-0.001533526234795492,0.35396244705662333,0.51380250880247302,-0.32197676935240299
1997-08-26,-0.41689473673920641,-0.4581833718952889,-0.13081435529744773,-0.17369836376112802
1997-08-27,-0.45161760979970822,0.15376927078439495,0.32466034053020454,-0.11671186549118075
1997-08-28,0.21322348740642813,0.022087748870019876,0.27992016782061141,0.09127265337012333
1997-08-29,-0.33926848241587415,-0.70696086850735762,-0.073276720671952927,-0.19710878445504867
1997-09-01,-0.50582703635173809,0,-0.15299445976059767,0.60046228177419902
1997-09-02,-0.39353398306728071,0.32679408579414004,-0.25310135791458138,-0.71621733811213717
1997-09-03,-0.00032945139274346099,-0.28844220391005243,-0.68921189206546352,0.28385851679842994
1997-09-04,-0.081465135623771168,-0.78668226724193346,0.2309389745836444,-0.51593277518399749
1997-09-05,-0.16160815357814418,-0.17131123396176942,-0.19227820939990381,-0.13264102555207946
1997-09-08,-0.098694171947309256,-1.008995122667095,-0.72322727310769108,-0.9078757847464014
1997-09-09,0.28359498212211992,-0.2939788886224019,0.10569886160987883,0.53367212777138806
1997-09-10,0.37248083900301682,-0.018989051771814865,0.032797181889597606,-0.78317965097909237
1997-09-11,-0.083992363794074654,-0.10339090949626163,0.63149725502445864,-0.039148399691788176
1997-09-12,-0.24560152835302243,-1.154009976123294,0.59036999522267952,-0.69402567186938513
1997-09-15,-0.17063158597518333,0.58490758549061317,0.0070564584999167094,-0.62389588441695543
1997-09-16,-0.50213267303781228,1.8669429064320973,0.0015753269144527648,1.54122566594045
1997-09-17,-0.69938292123003765,-1.3449688946406393,-0.32063057943131862,-0.57115418208653224
1997-09-18,0.024385528328729006,-0.39314006537195767,-0.18878053898439992,-0.2290654538421775
1997-09-19,0.24030251119256779,-0.4350563989634873,-0.55103426442985248,-0.057909213567058374
1997-09-22,-0.002623736004510237,0.21059517897016469,-0.11756378181896841,0.7219122676609343
1997-09-23,-0.047954564590141073,0.10756181495550007,0.001270585512226431,-0.17503853322643159
1997-09-24,-0.40244262720833901,-0.62821581408290317,-0.77252971869673559,-0.34548195086665839
1997-09-25,-0.23981017307275776,-0.55572491695125448,-0.1005489672113085,0.14253691973853624
1997-09-26,-0.77782222492055486,0.14297026483558437,-0.090221194395081916,-0.1845628418313523
1997-09-29,-0.24882353685051162,-0.02825394397000415,0.18523205298367548,-0.18622473818779237
1997-09-30,-0.38640567752138233,-1.8719451750405558,-0.079638084679350296,0.23594404235987593
1997-10-01,0.53191270115207978,0.077300323179025063,-0.59696720412619331,-0.26510514090420378
1997-10-02,0.56116164661714174,0.072787478321204607,0.052529013711538577,0.47502079591144408
1997-10-03,-0.2776777142429217,-0.64766051032018745,-0.024744197563668791,0.028245835093777524
1997-10-06,-0.28261442252751534,-0.11756330811917101,-0.22266256108808385,-1.2937243381983554
1997-10-07,-0.10823218493603366,0.27228227756388418,0.19421142356429361,0.42069255468805028
1997-10-08,-0.26557103200104459,-0.49380900672740213,-0.68662240667199281,-1.0569145880208983
1997-10-09,-0.13822310407898508,-0.065879447888384166,-0.13496539554052864,-0.78723926078760698
1997-10-10,0.48007820839862869,-0.58076930356748091,0.0029656946239674949,-0.55321887241698664
1997-10-13,-0.078777668323628272,0.000295739060592067,0.42100306046160324,0.002786445065491644
1997-10-14,-0.10109704348033968,0.64225099830682952,-0.51244463173913046,1.0600584655847511
1997-10-15,0.21038620974421449,-0.23083700075233826,-0.29916434268656561,0.23428405266139435
1997-10-16,0.28796486956751211,0.91517056585510259,-0.06056378970594431,-0.26938647862047416
1997-10-17,0.44477854473135758,0.39343115656540256,-0.16451210255028051,-0.73549960580643792
1997-10-20,0.16829199351296253,1.3416613984460561,0.085149385922969598,0.62593587638402337
1997-10-21,-0.31249729376270896,0.36105663241223462,0.26448914686987945,-0.1726672267174145
1997-10-22,0.29663494221741793,-0.33970833849814969,0.072823145866980563,-0.92060158574990503
1997-10-23,-0.077261097415561253,0.044956214711642961,0.53487148656902561,-0.80894316499718066
1997-10-24,-0.13215557069826034,2.3436275930839372,-0.36534499227428835,-0.32591528234401701
1997-10-27,0.53603758193577067,0.491444205266927,1.2359935987277304,-1.4379530198553516
1997-10-28,0.41343283466976755,-0.82278007017959998,0.75045670620788285,-1.917652690754897
1997-10-29,-0.30801626634942048,0.73817126588551207,-0.47754318520880462,1.4376297896104397
1997-10-30,0.051839894705221962,-0.71070199355266428,0.30252416984553027,-0.14594038485054506
1997-10-31,-0.40514450057965101,0.33339192099322101,0.081863425452256874,-0.86043404682864078
1997-11-03,0.09492132588889482,-0.23983222246175351,-0.0014036826901727909,0.89256860581898478
1997-11-04,-0.31552643227599797,0.78374114523663496,0.38677537058413669,-1.0508134619443368
1997-11-05,-0.17442982549053837,0.27997958104331772,-0.31588926182597554,0.21909893758948543
1997-11-06,0.42534758043859655,0.7035114759282296,-0.55330680186617354,-0.22526827491369375
1997-11-07,0.44056543417104232,1.1206523179638301,-0.1328745025247734,0.67184586664547818
1997-11-10,0.18098140994338574,0.10954500273844853,0.7068897390740756,-0.63612094494636839
1997-11-11,0.15691549779740549,0.3804893028381901,0.078057447499992855,-0.28463669367214089
1997-11-12,0.873089080571815,1.4171365633504662,0.16669367470310026,-0.16398869077764827
1997-11-13,0.47675547389658274,0.54603098980894837,0.42634017530199336,1.2966354772725905
1997-11-14,-0.22482426178452525,0.49830574530006289,-0.10322567417150195,-0.072588373664662059
1997-11-17,-0.45199843443664239,0.062882570322727677,-0.897722457676145,0.24606578327423684
1997-11-18,0.087280380564901963,0.85132642757699772,-0.78049914387485031,-0.71859018267278252
1997-11-19,-0.52650743712293013,0.68461708271299049,0.19660395910273057,-0.01573094717440926
1997-11-20,-0.41314698069495626,-0.51587317123619647,-0.8162845736788491,0.29176898656506423
1997-11-21,-0.11967682837356898,0.29335226387857416,-0.3539176107405374,1.1332685446295221
1997-11-24,0.13029342519958498,0.68286963340955475,-0.0019071460003783262,-0.83719875241545649
1997-11-25,0.0862741728408081,0.74031206704569508,0.940894854135509,0.62783809889271747
1997-11-26,-0.37362712431689526,0.28001747229639873,-0.91574367735044548,0.79906274483860407
1997-11-27,-0.48214184239446095,0.4497300042781962,-1.0240612355462655,0.015694145785846356
1997-11-28,1.0986355247141575,0.49886806185572979,0.034305651123193039,0.082302759615622709
1997-12-01,-0.6907151226927245,0.45548570619797735,-0.15549711701533528,0.39117048103545243
1997-12-02,0.091860830859875578,-0.30684982537779798,-0.32161643122132039,-0.59214610263901546
1997-12-03,0.054044341349397243,0.53565511081736839,0.37156624795250814,-0.53213981001046484
1997-12-04,-0.38441820559442297,0.79315249981599845,0.027632420044387634,1.1244612701108434
1997-12-05,-0.068148493932451509,-0.69279714018849126,-0.21753543488502833,-0.46222041148536719
1997-12-08,-0.18814147321883504,-0.02271288047744445,-0.3475558932218813,-0.52994405716079029
1997-12-09,-0.33775519947646893,1.3723376073890154,-0.50077549145791833,-1.1746728539379396
1997-12-10,-0.035202385018490878,0.42647045242954829,0.15693555913877838,-0.19038323870731846
1997-12-11,0.069864481666980324,0.17817996457979732,0.40400660079868855,-0.0077121090688238693
1997-12-12,-0.074181798475892083,-0.20124223837670335,-0.025408626618827763,0.33148556941022966
1997-12-15,-0.40754227040897567,-0.32912553842271941,-0.30016510075267511,-0.7206850784036497
1997-12-16,-0.30127447741700364,-0.12728920939144597,0.098692340306385254,0.30142173291583119
1997-12-17,0.24626301668395748,-1.2601643165339911,-0.64428533443406744,0.077704333293311542
1997-12-18,-0.08278267634351455,-0.23775316464170246,-0.45756117167069382,-1.1637921589415547
1997-12-19,0.41951182297282974,-0.089732569893962888,-0.098085027716499226,-0.90956136806338816
1997-12-22,-0.22070798498175773,-0.083662628966184427,0.31178654006761686,0.37245268614396299
1997-12-23,0.1022000643306967,-0.35127534538314331,0.0017952576597709121,0.29093129297540321
1997-12-24,-0.12703927372119495,-0.70395371633510528,0.057844864534908218,0.0060289238851875893
1997-12-25,0.000338183873307584,0.00013789162500722898,-0.60962732883074755,0.00070748485216270995
1997-12-26,0.0009294246228017109,0.00013786342105795898,-0.21625387753545761,0.00073678556801501903
1997-12-29,-0.039087845550559497,1.0106810299196161,-0.0032131782104201142,1.329229403626393
1997-12-30,0.15390635751433018,0.06976705030370571,0.13961212838904383,-0.15505832418918897
1997-12-31,0.053205200758313947,-0.51220013099398687,-0.00010466438222081699,0.00046362369585825495
1998-01-01,-1.9999999999999998e-18,1.9999999999999998e-18,-9.9999999999999988e-19,9.9999999999999988e-19
1998-01-02,-0.32644638539090592,-0.68965402073038717,-0.0016474961758170712,0.66080803994840842
1998-01-05,-0.11679194392821511,1.7886155653567131,0.64207159006577696,-0.0069270303806479722
1998-01-06,-0.19856490576131477,1.5723319165843599,0.12782781689831324,0.24049676719105653
1998-01-07,0.045003723122461356,-0.20203024670812836,-1.2700751851608527,-1.4671976934974573
1998-01-08,0.018505265749155547,1.7143952858775111,-0.39652787887936891,-0.041403809686495541
1998-01-09,0.44485194293407632,0.59039546997810555,-0.58854774867606641,0.14647875901038979
1998-01-12,0.5342458873626329,0.69445891360495837,0.19321659818140832,-1.3562649183390558
1998-01-13,-0.10754420658586035,-1.2432680479281553,-0.20360491603379069,-0.94065781175768048
1998-01-14,-0.06362894983296663,-0.22555550312845354,0.035088921852017077,-1.1016472587625417
1998-01-15,0.40060286387716076,-0.9635139340935166,0.00117297334504119,-0.13435247752500987
1998-01-16,-0.31480667770456461,-1.2059258691172368,-0.43567273025100184,-0.1498857943608396
1998-01-19,-1.4818539904730599,1.1533605363690826,0.35267078797216717,-0.10007230280450242
1998-01-20,-0.51160783838171253,0.59138393416201096,-0.18492426189187586,-0.11667449940365848
1998-01-21,0.60965103109603813,-0.44810700171000856,0.81118937670457048,-0.056727454963009682
1998-01-22,0.2145223407700198,0.30970872173215769,0.18833651787183242,-0.74783716427221347
1998-01-23,-0.17673028975924773,-0.67571996620605901,0.44776722883219311,-0.48229315034300468
1998-01-26,0.28610133952402511,0.7335158921694912,1.8365574411911014,0.44342630249291448
1998-01-27,-0.49462583782112968,-0.30052486719303984,0.70611430592220148,0.07386623224988173
1998-01-28,-0.3859720172929465,-0.018251123595939875,0.67052685672037016,-0.69964482958168428
1998-01-29,0.090104869119681269,-0.15783810819918015,-0.11261856120958025,-0.95613295675389809
1998-01-30,0.4006637911217823,0.34064558252738547,-0.66281449515198254,1.2684684682570768
1998-02-02,-3.7189074535785807,0.33743712539206111,-0.51751653463007941,0.73128306844281166
1998-02-03,1.109800009206124,1.7731922822206454,-0.079354515117127045,0.2093702956278089
1998-02-04,-0.42339554253265288,-1.0846950550047478,0.36116457485413023,-0.79529325102515225
1998-02-05,0.17298024078504526,-0.44842150327213459,0.34812250428617197,0.21816764493555324
1998-02-06,-0.075891666135162128,1.0483038639778195,0.36930362720956883,0.42107549469136907
1998-02-09,0.20038141707227802,-0.56524049337904747,1.0202142905171288,-0.33427139532228461
1998-02-10,-0.60772342844975447,0.33297144538792556,1.0084251199318064,0.054901528661610036
1998-02-11,0.5326039102332415,0.37642511544290241,-0.00022746187104898401,0.41459548391421785
1998-02-12,0.19340344717113978,0.21034961799992971,0.1792875252366164,0.11532644508979839
1998-02-13,0.059566768400699278,-0.63120022250967922,-0.53654218453918467,-0.10568525037365993
1998-02-16,-0.23124281104210481,-0.23564578764191418,-0.58884256810341962,0.44971250642766331
1998-02-17,-0.18057735507266384,1.1088938807725284,-0.31082261235445957,0.42160357666407233
1998-02-18,0.96175178722475463,0.020609456446700671,0.20643595692255418,0.52133991701952043
1998-02-19,0.6009518969620028,-0.35796430037616944,-0.4393505704365866,0.6837405539074648
1998-02-20,0.10351813954952707,0.39914554303515276,-0.059886892774067349,-0.73455384991693229
1998-02-23,0.1389611119093821,-0.0031349420664593518,-0.027850121578028249,0.036244474549561229
1998-02-24,2.7725923359594793,0.21654657611319583,0.025124859710889361,0.34015839750946086
1998-02-25,-1.0353710473643258,-0.41800232345820598,-0.14968297582925424,0.18887061016469164
1998-02-26,0.6569952732110218,-0.59500687880480507,0.080102591441372287,0.62458475129175861
1998-02-27,0.17787231779142809,-1.5611030221236915,0.53858513465915747,0.32385704289125949
1998-03-02,0.80328176859545319,-0.81370280569991638,0.3530936455489187,-0.38432836694734807
1998-03-03,0.031987409494320121,0.69627056971098333,-0.51464891535155632,-0.014416259500180974
1998-03-04,0.28847492629415139,-0.47100903678920714,-0.22273882851849375,-0.32570920681542914
1998-03-05,-0.23884944827100738,0.52344405545795314,-0.12629109486648574,-0.62730766063183707
1998-03-06,-0.89016738523527272,-0.54405367579148989,0.27483140876824136,0.37717715629845261
1998-03-09,-0.65617135407392779,0.46409625749226313,0.23178600826988305,0.11383282562080727
1998-03-10,-0.34577841845621993,0.11128294363933022,0.16152148479808337,0.42337001496178023
1998-03-11,0.61333462099611857,-0.52822312331893206,0.53040586961868608,0.019961857126624485
1998-03-12,1.2568998351314384,-0.45503599780447535,-0.1987281404293654,-0.35020221104656024
1998-03-13,0.36688653482248679,0.14110327615294169,-0.015507844875007443,-0.33759062141342205
1998-03-16,-0.048412852740766316,-0.43306540069466193,-0.15671319432801989,-0.062016566382602639
1998-03-17,0.35506696315590258,0.6358297421206921,0.34219701559157595,1.5677879124256979
1998-03-18,0.61211120898674432,-0.37727589958768892,0.32884769005925951,-0.3003948590498946
1998-03-19,0.99422930899081885,0.65860823687381975,-0.057843115642053335,0.17784969569106526
1998-03-20,0.55094648097366394,-0.34219418761782061,0.14395422470809913,-0.3875759167350139
1998-03-23,0.6812910641558072,-1.5833788834951887,-0.11995634203783763,1.0712167876327561
1998-03-24,-0.14052112735645456,0.51899401043715088,0.087465692383379368,0.19093512673539872
1998-03-25,0.13925354514249524,0.54521042193219349,0.38245442961232679,0.049847051163757997
1998-03-26,-0.40507102941322315,-0.72317146039078439,-0.47698507554165581,-0.70259540046926638
1998-03-27,-0.0596694967662754,-0.70118093211440724,0.30468322202337683,0.53932087938276829
1998-03-30,-0.37796187097786527,-0.21187364839414516,0.99944278493026861,-0.51531658996295471
1998-03-31,-0.51340145399733039,0.39626372361149176,-0.33379812370126066,0.1043617516173124
1998-04-01,-0.3118000690318371,0.30946323017869898,-1.5296809092078498,-0.20957001275280501
1998-04-02,-0.77952539716324332,-0.77430822267376431,-0.43680023252189171,-1.7469527671645926
1998-04-03,-0.60797138022985531,-1.2475445627987278,0.68544820348768054,0.0077772636938240255
1998-04-06,-0.35088752128789102,-0.076729669447516483,-0.020777007574551892,0.28839591697781941
1998-04-07,-0.2239252904365916,0.69241835020539211,0.16985646500674326,0.43349908969897449
1998-04-08,0.4287733733569129,-0.068889862369969551,-0.018484382404826818,1.1319003272239938
1998-04-09,0.21083471934745024,-0.58539621177010359,-0.43500232142796008,-0.2578432341837123
1998-04-10,0.000332348491031089,0.00035778852086098802,-0.27705408752722727,7.5726678784866002e-05
1998-04-13,-0.0046769613327568415,-0.1621809487793649,0.02463868149666272,-0.028662018185453969
1998-04-14,-0.22941058525633365,1.0762998123122713,0.43628760462377669,-1.2976107966823958
1998-04-15,0.45107464960826094,0.097860921718934513,-0.077810852486350918,-0.56285189446981121
1998-04-16,0.64494215077016992,0.12909928386090733,0.15237253937206516,1.5658419069881107
1998-04-17,-0.32592627579718764,0.10918501618497549,-0.15421550586991054,0.26754586536781788
1998-04-20,0.46579950247225094,-0.50154317337872178,0.18751028630872213,1.3774996023106558
1998-04-21,0.77315933620746635,-0.63329132719296943,-0.38606122382400332,0.32040286268144741
1998-04-22,0.48012365370928967,-1.6467179372487866,0.10645380425821595,-0.55817806190974706
1998-04-23,-0.16741274774629286,0.22664663737618806,-0.33087186574085165,0.22431482952231613
1998-04-24,0.52133412779281929,0.79192687419976349,-0.15853254196905464,-0.53205665173315464
1998-04-27,0.035934059249891556,0.5963369577648101,0.64093644240615311,0.24796487630413919
1998-04-28,-0.42319333192099878,-0.40958490825241178,-0.70179001698888943,0.80594781115134007
1998-04-29,-0.11165149539227597,-0.49293783082014841,0.0011604518720010721,1.3384156062147046
1998-04-30,-0.87432851812365331,0.50719604071103785,-0.30710517708565233,-1.7100874205777514
1998-05-01,-0.18099413486844285,0.55487034820593606,-0.028014983318021363,0.068518280682255892
1998-05-04,-0.00013741677031399899,-0.25827361367878693,-0.00057165113867760201,-0.61148233298180821
1998-05-05,-0.24919743179025342,0.15153894001035748,0.0060415213013887917,-0.46877243274441466
1998-05-06,0.30732849780748844,0.65996844194718052,0.38329606647378051,0.94991600321816905
1998-05-07,0.046349848747941111,0.095349718645895157,0.14520426741812301,-1.2443800626297186
1998-05-08,-0.59923500651902906,-0.072391031647490195,0.1869194606452112,-0.13805944400608453
1998-05-11,-0.40304281826264077,0.7678390132738413,0.17154255804221838,1.7920127423942052
1998-05-12,0.31101929706387466,0.05909866237843784,0.030614010604227533,-0.29259750378289606
1998-05-13,0.30617176977603644,-0.12840186960682679,-0.24728611017512525,-1.0247058861868674
1998-05-14,0.24046836407489811,0.25826050136703277,0.25611197310574318,0.56624812380535194
1998-05-15,-0.33483977514259627,0.15438297298015138,0.17849571090460989,0.99084061177092797
1998-05-18,0.50487659654868333,-0.00043037746450312104,0.46266428923489461,0.13764150858167512
1998-05-19,0.28835324075023661,-0.0069014868449077133,-0.17093041831915856,0.7028841997842501
1998-05-20,-0.072255656204133753,0.1548730423783736,0.24567501975171221,-0.33537620650558786
1998-05-21,0.038643600329461278,0.79054753318120885,-0.42592013992251604,0.063932780093675423
1998-05-22,-0.014749895079647083,0.60284501645126498,-0.15770677311350181,0.23237358985900733
1998-05-25,-0.0046051845953559763,0.31907265908532562,-0.076669718204371018,-2.302084207526756
1998-05-26,-0.47507241734399253,1.1133201499236927,0.041820614253160443,-0.93982990289150048
1998-05-27,0.90653147092685216,0.071886723633278846,0.23172166114681908,-0.05000340811082693
1998-05-28,0.10399185120824514,-0.7538110039204442,-0.24782297092677741,-0.37139810376051596
1998-05-29,-0.14669205783342615,-0.12314049493748636,0.044428938421383679,-2.5207418435113085
1998-06-01,-0.026159483991760157,0.33442660764739285,0.07616351669080075,0.011451206219482177
1998-06-02,0.76168259973779817,-0.72542775925925118,0.018296297472116713,1.0035580467077951
1998-06-03,-0.4251904531122192,0.16345627347372954,0.11906006775051214,0.37297350499667298
1998-06-04,0.68037763727682432,0.49189752373447193,-0.35330403338481497,-0.65593406535853849
1998-06-05,-0.47952470379343215,0.078084629189853469,0.32292662294938473,-0.035794814609704136
1998-06-08,-0.23806354878158908,-0.90710100466103472,0.34273629858664822,-1.0779388242528327
1998-06-09,0.028830729906594438,0.37090624749741463,-0.05945421343911967,-2.0289680086979782
1998-06-10,-0.39101546989721042,0.63839678116425591,0.25125948935232084,1.2815101921058514
1998-06-11,0.31542675870336512,0.596270776152658,0.23061711869373372,-0.02545123562571287
1998-06-12,-0.69627677345377215,-0.37642197369685965,0.52019326568478252,0.61198798687196032
1998-06-15,0.64013253477345622,1.3349006792018585,0.43576467937882563,-1.370050875413805
1998-06-16,0.51597080641247273,0.23366675608755988,0.28403146378849436,1.2459776934365447
1998-06-17,-0.18259435032807395,-0.47365256117596188,-0.40904902429239143,-0.59690662940840544
1998-06-18,0.17693152149995056,-0.29668748890900787,-0.50907672763203971,1.0332569637828535
1998-06-19,-0.21615936059847449,-0.97846471018868642,0.32694234059334959,-0.34475294762408942
1998-06-22,0.40735329463929842,-0.098847081456964483,-0.017549572980493686,-0.83878441210404431
1998-06-23,0.49183032765016615,-0.72393368018279325,-0.21094905252821081,0.17669534743364254
1998-06-24,-0.54286588726472618,0.46123128148806442,-0.040512465691984606,-0.60509770812859609
1998-06-25,-1.0470797998496701,-0.068081804680185154,0.089414492347961547,-0.053229486644594801
1998-06-26,-0.0026375592725126629,0.6301217839097496,-0.34859273758857284,-2.1019978192393109
1998-06-29,0.053096824944664653,0.15039878827998726,0.21717288999145695,0.093280323903978862
1998-06-30,0.25720205039243826,-0.47178758192791331,-0.09525798448593871,0.23769336197296873
1998-07-01,-0.26926156363638398,1.9999999999999998e-18,1.8348276988890129,0.96063044869219105
1998-07-02,-0.079176741655205829,-0.043169052548467278,-0.090025020455157159,1.0739937553974646
1998-07-03,-0.30191421465487012,-0.42040678539470933,-0.55355182407899606,0.41328426802054208
1998-07-06,0.47392059253711744,-0.16859858628803262,0.86043096991447654,0.17617345411469978
1998-07-07,0.063450688065132849,0.13312597442314761,-0.11795120493589559,-0.98668519591761672
1998-07-08,-0.15177430656570468,-0.20190806195359184,-0.1813693501132245,0.68716753454584789
1998-07-09,0.1919443192309509,0.41213294268123751,-0.81055428771790949,0.28087157007201469
1998-07-10,0.55467589267481554,-0.35886943344293737,-0.48942248624944856,0.4018526691438733
1998-07-13,0.060816030889322845,0.14073545901819642,0.32593412759737578,-0.41155566410602501
1998-07-14,-0.91141698108619662,-0.41995148366538082,0.41964072838787719,-0.39203951482339461
1998-07-15,0.56547371224575194,-0.34387597409927806,-0.065120204969115525,-0.8488784844614875
1998-07-16,-0.39129821795763875,0.16690512407818942,-0.69851733581742881,-1.5270896557135574
1998-07-17,-0.25248716379684449,0.010449983068220708,-0.15696872732839481,-0.23868210235783335
1998-07-20,-0.38349824951466122,-0.98943632192789732,-0.00073705117103791394,-0.34608816086050542
1998-07-21,0.16427432083548349,-0.11758683962164568,0.047157502462555727,-0.90932099281043466
1998-07-22,0.62046759475711311,0.66386832540005869,-0.87587105341405125,-0.025694688962566055
1998-07-23,0.25541899240212318,0.40326691228801964,-0.21500073705565675,-0.14345224702484771
1998-07-24,0.60700695894049439,0.12429722706323906,0.039046579136177678,-0.12898083683043912
1998-07-27,0.36459735341924121,0.82408727663798897,-0.26143813144340716,0.79697718652122651
1998-07-28,-0.26764424974400181,-0.10644817467995263,-0.14336532232497473,-0.66102468509479217
1998-07-29,-0.56400306403313683,-0.3581459176476165,0.14388056091388909,9.4389908496684004e-05
1998-07-30,-1.3631847362083349,0.29320735255754576,-0.03485931130346074,0.18792272249070935
1998-07-31,0.52542284824493546,-0.11010699493184373,0.00013984808554016101,-1.6696115428697695
1998-08-03,0.12095170818294579,-9.9999999999999988e-19,-0.14439334627072156,-0.15712344790886795
1998-08-04,-0.45496634376100598,0.95427665489701063,-0.038614077703540972,1.1022485359147429
1998-08-05,1.1449916874312245,0.41177525117760821,-0.31705260739257846,0.31685200023376886
1998-08-06,0.42565615005294283,-0.0010959966350424699,-0.11708611889408513,-0.81216429682137192
1998-08-07,-0.45486376591895711,1.4194965454606172,-0.83695221275127352,0.25960210124086008
1998-08-10,0.01811542046719964,0.20791988439153408,-0.76561955144414051,0.26256218587347752
1998-08-11,0.1988231980420081,0.69505374121290842,-0.37166396063618878,0.10818356262581835
1998-08-12,-0.56930155976238606,-0.56295606415577759,0.25636465434375416,-0.66170867080574425
1998-08-13,-0.88212868754089824,-0.032948466637538372,0.96270901395535502,1.1196290139479834
1998-08-14,-0.93752548043996053,0.39889252820962334,-0.050593674078773944,0.59282763915094949
1998-08-17,-0.32606422415687031,-0.55750610291560554,-0.29781153165662722,0.36556212729290616
1998-08-18,-1.4296440955747458,-0.8370211030618725,-0.092517054502265175,1.3737944048098205
1998-08-19,0.29238199988337349,-0.21840401379831773,-0.50618153994525195,-0.3377228065143113
1998-08-20,-0.62599288803088293,-0.19054836873518075,-0.085652101068906542,-0.78553818214743032
1998-08-21,0.73603623826771192,1.411202414218407,0.0014748754054869631,0.16690429252598382
1998-08-24,-0.37569829097932023,0.33992025942040621,-0.45435100158292796,-0.21695291724204827
1998-08-25,-0.31359003101102029,-0.15321737113808859,0.022253081348187039,-0.080397323539068671
1998-08-26,-0.063396556502646154,-0.1487240045385263,-0.52003759189023335,-0.51673254601099006
1998-08-27,0.064660644679548032,0.78544531197562106,-0.25697415741258967,0.35918525102738086
1998-08-28,0.72634574977296407,0.74038967639316,-0.17802958284744258,-0.46039598157590556
1998-08-31,0.016237941694932787,-0.26901645656107326,0.47661454555449945,0.56727069441160483
1998-09-01,2.1283253804077256,-1.0171146749774171,0.73784855889754586,-0.22297309488194006
1998-09-02,-0.4815572905835403,-0.83426041872165535,0.38532777540226526,-0.57596802582750317
1998-09-03,0.073619205967033405,1.3828914566516561,-1.1766739686251926,0.24014874691759366
1998-09-04,0.17147247820825073,0.86248661726079345,-1.5700741922732619,-0.031300450240546181
1998-09-07,-0.94071286914164964,-7.0856373414303995e-05,0.92524592724627674,0.32383256203933275
1998-09-08,0.59589827391696015,-2.1763055381353369,0.47265960793033168,-1.1111696911334881
1998-09-09,-0.37824631798196073,1.1325405034957616,-0.32693822320069527,-0.27860335732015679
1998-09-10,0.98036343712974638,0.60990804172692081,-0.15254147004595586,0.52205906544336567
1998-09-11,0.66972142150314695,0.17124834998576743,-0.29544126277145299,1.0707832400698805
1998-09-14,0.14892972727948917,-1.226795777707707,0.35638581401920516,-1.0018574967871252
1998-09-15,0.25210589134932199,1.6001765392808958,-0.0011881924573952649,-0.91943743612292861
1998-09-16,0.048224758722288479,-0.49665899260344831,-0.098151863598131273,1.2248925443502277
1998-09-17,0.27891125154448471,1.719033725869253,-0.87266544563414683,0.70462581635417298
1998-09-18,0.4555839646112948,-0.67528573525114544,0.48866042984098568,3.0676637617560316
1998-09-21,0.4511931271999628,0.32641341975460514,0.027582388541152636,-0.41177182944705881
1998-09-22,0.052878517768131808,-0.077921993209050897,0.57065038131787238,0.63799585051900298
1998-09-23,-0.48358352346749184,-1.7056314265226993,0.0042406464240538847,-1.6615921925827202
1998-09-24,-0.0057524940277008801,0.75811190518203253,-0.30872459887348203,0.10465839291833162
1998-09-25,1.2051923686347894,0.8231747950735564,-0.33153442831755747,0.75660700303272388
1998-09-28,0.48119940516081589,-0.48652582505430542,0.041379185802904894,-0.85943082589892561
1998-09-29,0.23275187188941437,1.5891742068792749,-0.60429109086311805,-0.48042985367202706
1998-09-30,-0.039882456337057358,1.2354821422717202,-0.95037284606029115,1.6496447710407207
1998-10-01,0.98204832348742555,-0.35394324270467098,-1.4896292900308927,-0.94129165207182142
1998-10-02,2.1833261091739975,-0.9888118745924841,1.8136461200374285,1.2496464300606591
1998-10-05,2.5937313409559777,0.9348979604531803,0.44557154264963128,1.8323733528175217
1998-10-06,-0.74971790809036931,-0.13263546083501007,0.72134760237165518,-0.293492824857777
1998-10-07,-0.15516337285814491,0.32920259175540711,0.49771310479901942,1.1636780472024015
1998-10-08,1.4566227015049844,0.79790536947179391,0.61853849246888493,0.0747982355608863
1998-10-09,-0.26941261094086033,-0.49793990918100983,2.1358223960734626,-0.99740574500840096
1998-10-12,-1.2640606054770041,-1.2559678113434999e-05,-0.42137857678171253,-0.28853335596638574
1998-10-13,-0.64413178030183504,0.30006111350215764,-0.69731582915241286,-1.5433147529535312
1998-10-14,-0.34146060367878028,-1.4254654500342885,-0.83705633029519877,0.76455487140138634
1998-10-15,-0.41917629704190396,-1.6890943109863863,-0.051963652901684559,-1.558814713440106
1998-10-16,-0.443397279324034,0.023770443756477758,-0.87815465643977375,0.3878475246829089
1998-10-19,-0.30246774625077782,-0.31508595387318278,-0.38268544728650455,0.84937877231470293
1998-10-20,-0.2892742028669254,1.7043509065257696,0.0091532344087925654,0.20485556613049619
1998-10-21,-0.24047010758985213,0.025797868456880785,1.1847873118484338,-0.21643511209945421
1998-10-22,-0.54637563173939063,-0.46909893055916202,1.9898608318469739,-2.7018102725886433
1998-10-23,-0.57378752401579802,0.42524213027631708,-0.66604768406374848,0.24574741069385933
1998-10-26,-0.28404841988139556,-1.4637275575242157,-0.36760127847542629,-1.0218763784789264
1998-10-27,-0.18971115900662355,-2.4247015808066417,-1.0625788768198772,-1.7567364184120562
1998-10-28,0.2088093273758401,-1.5037844129794915,-0.074463407069692483,0.6638514160459984
1998-10-29,-1.718444291206972,0.83962834277911746,-0.42429705574768795,-0.72118959471014532
1998-10-30,-1.0817601942854942,-0.68299071051456373,0.32693205166654249,0.26386955576332105
1998-11-02,-0.58960837727318627,-0.2891549969347027,0.31136124978172997,-0.70350068866259052
1998-11-03,-0.11718488045463697,0.65787175352538074,0.0038135566712809411,0.42658509816070544
1998-11-04,0.51437997458062812,0.081614409303730096,0.52728008230068213,-0.10885628592793996
1998-11-05,0.5869223258407007,1.2832224812585804,-0.84411124875716204,1.4491773786284115
1998-11-06,-0.042067957013845213,0.71198103903795817,-0.4360273880472062,0.079275772083842955
1998-11-09,0.54521978310614061,0.61040086798279525,-0.107078009004638,0.0028195098907258858
1998-11-10,0.47424572526374165,0.90895820251296122,0.31156460042250306,-0.450074150355252
1998-11-11,0.23622004262306306,-0.70232592668525606,0.56612765134528764,-1.0310745954158702
1998-11-12,0.3531077444359314,-0.54550339621152966,0.036172702918377535,0.51655390888058461
1998-11-13,0.51087092263026135,-0.0071025243326053389,0.31085339915468679,0.70796545962694823
1998-11-16,-0.87367956556216386,-0.13846071872395715,-0.10701772788239308,1.563171229778201
1998-11-17,-0.49804128338893422,-0.65640705309634528,-0.28988477166460969,-1.027727412649601
1998-11-18,-0.28041194706220796,-0.72396776591258871,0.33550876444122107,0.13089523885244972
1998-11-19,-0.042047152697995832,-1.4069038256395034,0.6881402390530672,-0.73345367170021258
1998-11-20,-0.68168123600386787,-1.033331403324679,0.26119402952321497,0.98166320263041362
1998-11-23,0.66459926842297967,-2.0076296918902088,0.0067075120279234748,1.0254354536874251
1998-11-24,-0.54845290757740395,0.44040699096448099,0.39971883128874725,-1.1678117346532564
1998-11-25,-0.11270698478768129,-0.31176066480268555,0.17076059876919192,-0.21090360466044472
1998-11-26,-0.19845590636156113,0.04945230314522521,0.23117608154667588,-0.54508228773682987
1998-11-27,-0.57806279584418185,0.37948246044377459,0.50737072840386799,0.78327623210489483
1998-11-30,0.19571274447245979,-0.9284258903103545,0.061028657220857083,-0.26634523002117605
1998-12-01,0.56097554188876986,-0.49529532239407559,-0.40792477422516077,0.80236597477928895
1998-12-02,-0.24177580634745158,0.25606218192499569,0.73138334745524014,-1.0715035410009759
1998-12-03,-0.16575256661516768,0.66057122469983265,-0.75496965435140639,0.15667008768120311
1998-12-04,-0.35820661778253893,-0.4624222550803852,0.097748010488018247,-0.81108878288945663
1998-12-07,-0.76671450307005484,-0.15764827859139258,-0.43376899668953134,0.94505318451036802
1998-12-08,0.0026747965448343631,-0.65486688135275417,-0.16230440809327057,0.4166375922938873
1998-12-09,-1.4860844485594098,-0.27828425552120867,0.3496849176342342,0.72815644135463353
1998-12-10,-0.19057875868245402,0.26226252742608847,0.19529685274294706,-0.13878377810479986
1998-12-11,0.1438224038954915,0.82434202269735901,0.15053346601909923,0.25358201234310423
1998-12-14,0.098371730081830713,1.1008779100379829,-0.33560607580282809,0.94569631801121745
1998-12-15,-0.32747949779086988,-0.42165009716055807,-0.45242132070947166,0.040040007202401619
1998-12-16,-0.36427653004959748,0.084543217640441023,-0.68042352573115428,-0.60822064419440081
1998-12-17,-0.28195190345665611,-0.41342961346073132,-0.63871146598312123,-0.39990488417179537
1998-12-18,0.11277378996229631,-0.32216088895133799,0.11830803401716243,-0.99808722603692301
1998-12-21,-0.69332806469459807,0.024844237199479716,0.45549864615527608,0.14427791477804325
1998-12-22,-0.23799689596000964,-0.64961917112111311,-0.66152251293442099,-0.5884519730563057
1998-12-23,-0.88199411120752325,-2.2021706651974617,-0.006502501590424036,0.87273164398033953
1998-12-24,0.10998748880278807,0.37619324128913684,-0.31430041850554347,0.0036686781738987672
1998-12-25,0.00090499806406438591,0.00045017222028880704,0.49191940564152364,-0.00011528579257322501
1998-12-28,0.0041078461456918198,0.00045009061808459999,0.17666085930120545,0.87603762335168178
1998-12-29,-0.73037134643824853,0.16261010478455853,-0.15597899797579678,-0.62879724566278761
1998-12-30,-0.27438608909088286,-0.15648926697367818,-0.22253321461908715,0.27943021382343558
1998-12-31,-0.016118594204697901,-0.10936222813485766,-0.013522828317920545,-0.0041068893697616257
1999-01-01,-0.011913987414723288,-9.9999999999999988e-19,1.9999999999999998e-18,-1.9999999999999998e-18
1999-01-04,-1.945197796477391,0.0018735747035830458,-0.043172339870078201,0.024799636267869817
1999-01-05,-1.7685298439235244,-2.1118675989541846,-0.15119655094438972,-0.359108236744626
1999-01-06,0.32094154558305521,0.55354710003547114,0.64593769698021997,1.4054319887948388
1999-01-07,-0.14830419803833422,0.1068605178489731,-0.39896075650546786,-0.70800565539596594
1999-01-08,-0.38493850327657686,0.19692887739018156,-0.37989695390726985,-0.22679810567357547
1999-01-11,0.27653496163238522,-0.41132659220393375,0.64095566995204467,0.3399360257322212
1999-01-12,0.28556658277533542,0.54632480593519217,-0.44123236149793255,0.58149219990718903
1999-01-13,1.214660842836101,0.35437984796782751,0.56716009223984731,-0.57261485621695574
1999-01-14,0.40845630764587937,0.052526453437400089,0.23660032347452889,0.4879863034079891
1999-01-15,-0.90021994747697376,-1.2544844020089494,0.0046156019678707146,0.38843705217580349
1999-01-18,-1.9378517479358421,-0.94854331375445322,-0.3585371773039332,0.50996662033221529
1999-01-19,0.14342064592437112,0.75544647302724333,-0.18001601667904815,0.013134148699700966
1999-01-20,-1.0402664862270707,1.0071027238421908,-0.40366277402320894,0.094290475735321788
1999-01-21,-0.73245744823965653,0.80675758766648242,0.03188851198851389,0.52794240096096323
1999-01-22,1.0219421764157868,0.62992552673930113,0.034159461631254828,-0.77025682796187889
1999-01-25,-0.42694636426872951,-0.28035170502495926,0.31414092185719489,-0.80346354098402162
1999-01-26,-0.086456862026894274,-1.1455361141859985,0.0031606228041447444,-0.050266401331617402
1999-01-27,-0.19993948618313406,-1.5555109952445445,-0.41324095907123981,-0.72083635515570665
1999-01-28,-0.02713564448810794,-0.41040586357400471,0.090564113368927585,1.8829056202840537
1999-01-29,0.86166330309162853,-0.41707540224311562,-0.1997191179609891,0.92516259260998313
1999-02-01,-0.020978458503986896,-0.90692813992220689,0.1291199109542748,-0.97938619391665127
1999-02-02,0.98587654470325825,0.1478971700858448,-0.020953428963648716,-0.35446018831482401
1999-02-03,0.46075084597780558,-0.65391856590276465,-0.094202197496145612,0.42685241558998377
1999-02-04,-0.74600660757418269,0.96673554997253852,-0.10118221904046364,-0.31804196678476748
1999-02-05,1.441423511798924,2.2507427108524767,-0.19093215119434412,-0.37680938177227269
1999-02-08,1.0673762583643442,-0.096522068357329072,0.18175266137574633,0.6255134337620275
1999-02-09,0.17390225676833068,1.1916837201609471,-0.53334644006560161,0.12950808549937948
1999-02-10,0.50391139735074864,1.0068887203481716,0.26499640370063143,-0.15613244421673855
1999-02-11,-1.0390230635911701,-0.31942053662477737,-0.0021864344743089221,0.46130049404203399
1999-02-12,0.058345991484422696,0.86845853934013251,-0.14029266010261424,0.95496807305296016
1999-02-15,-0.4847678150934574,0.63206520204789673,0.19518830703316825,-0.79133972259085916
1999-02-16,-0.4869400771728139,0.050613808798616933,-0.14755287084173399,0.38813863046634245
1999-02-17,-0.25643431988732807,-0.78648037083517974,-0.29357383680984267,-0.1373995352304084
1999-02-18,-0.21428523973896357,-1.0079191293054484,0.09168485286188445,0.022289730236960292
1999-02-19,-0.074725094162945982,-0.63430921700213927,-0.31165728931159081,0.15646645875542173
1999-02-22,-0.42344333753510549,-0.84175926359475772,-0.1585498018784938,-0.97838038558763896
1999-02-23,-0.80985006785462221,0.27604630974437216,0.21307228533479361,1.3235011647465529
1999-02-24,-0.82548175764546561,1.2534028597220885,-0.64407221419006422,-0.0065705527920551458
1999-02-25,0.82158602213609233,1.3611178382888123,-0.030744073874282074,0.16221651314035271
1999-02-26,0.56985785352777341,0.98814866937556745,-0.21314235272731932,0.35128032024369227
1999-03-01,0.38091235200454049,-0.16664112044136445,-0.1417211299264767,0.78431986066395332
1999-03-02,0.03952036700367012,0.24317202889581621,-0.053107416293076998,1.5406643472657204
1999-03-03,0.27975154221963017,1.0264580984902505,0.05378962882899873,0.15882494091330285
1999-03-04,0.10674663962615578,-0.33995691442317344,-0.58453152276164921,-0.76186131769260435
1999-03-05,-0.11132932391360156,-0.54484537186380844,-0.18367009345742275,-0.050543235624317048
1999-03-08,-0.016464250329932654,-1.5258822256276927,-0.61772845833665468,0.36605759808103139
1999-03-09,-0.39717552094565001,-0.75173755745813398,0.34580576618460951,-0.37083429750760094
1999-03-10,0.17788304173180911,-0.73083119387862272,0.46666584138789147,0.0052109382428332978
1999-03-11,0.43644524492241915,1.2629665069376326,0.59933913578850273,-1.7915226932870478
1999-03-12,1.1777006890450383,0.65633557173318713,0.49683269019865778,0.4421142504646744
1999-03-15,-0.14504731613467201,0.23185198331017448,0.27157989355850515,0.83021630478087172
1999-03-16,0.12453556062262919,0.57029054957382141,1.0915135204235835,0.6212673662098479
1999-03-17,0.32358651401876209,0.20834263780384685,-0.35078518439721906,-1.0966455954738008
1999-03-18,0.38723533993106141,0.11309472025889872,-0.17254993829598611,0.92637147660669406
1999-03-19,0.019330057812149477,0.50569857611219549,-0.63119892777026876,0.057798518394463039
1999-03-22,0.23283062951986311,0.1620116766639538,0.003151028540039427,-0.69806905064752967
1999-03-23,0.93487697406129822,0.057749776458355939,0.75541795868286721,2.9748784922646974
1999-03-24,1.4190860376617667,0.95523245167112392,0.46852883045832838,0.037930972097191498
1999-03-25,0.5679229557721438,-0.049160469953676844,-0.050589587275551587,0.72890462566282554
1999-03-26,-0.30180887303014825,-0.38228025493021606,-0.67155229311015929,-0.17913282418078108
1999-03-29,-0.63129231543241371,-1.0423010172375935,-0.46277198977573752,-0.36817480398922325
1999-03-30,-1.3734007990411963,-0.1152664294811805,-0.79964018455279451,-0.66986726816185804
1999-03-31,-0.90719946855606226,0.45990166225296658,0.86495834469719179,-0.33887405147402261
1999-04-01,-1.2283917631757817,-0.70888253989243677,-0.67237413482958719,0.3144114794614008
1999-04-02,-0.0021257606897362429,0.00012477536803697,0.43688607847327221,0.0022453858286361787
1999-04-05,-0.005534323318858789,-1.55858406276174,0.28466389139195708,0.0062135263542346802
1999-04-06,-1.1242273124733191,-0.79179672893422681,0.76923881619427226,0.1226596509585804
1999-04-07,0.41448058365668955,1.3022785179173593,0.59721555365747336,0.82136180036284923
1999-04-08,0.75709028468476758,-1.2083093924927581,0.71531453026690561,-0.13497140192101076
1999-04-09,1.4477468780715466,-0.57736883590672372,0.570461790313471,0.7737628299231547
1999-04-12,0.018382836073146575,0.22795683517060472,0.35785714349846276,0.27409398118538947
1999-04-13,0.090422321753330301,0.42704019177529146,-0.083840914616903781,0.74524704325715541
1999-04-14,1.0202990679236201,1.1104172686162816,-0.26452258493745051,0.97008867460207093
1999-04-15,2.3818625229166246,0.72098042130527229,0.040874067809532955,-0.13951119033963932
1999-04-16,1.6588585907884268,0.36878945891465287,0.56610174226745658,-0.37172623935295801
1999-04-19,0.066599600767494244,0.26204215345827558,0.92567414861284003,0.32163042986719992
1999-04-20,0.63797375754129071,-0.23144757968941712,0.43997781980860501,0.56258306966736948
1999-04-21,-0.6720600724167527,-1.1497716793827566,-0.43896971303114329,-1.3709844714566017
1999-04-22,-0.58944520719609284,0.41870975028467788,-1.0035240225652677,0.26402099006213514
1999-04-23,0.47472063467740683,0.13054703430969342,-0.087151349542895315,-0.14772362146868931
1999-04-26,-0.29549425556413378,-0.59993043506153032,0.45864669717635531,-0.78636078736509929
1999-04-27,-0.38149992760356394,0.52330896926024939,0.20265290129307542,0.048347053288953862
1999-04-28,0.39457188418266681,1.4194762241849357,-0.32144245735620453,0.092048482475365609
1999-04-29,1.3989541220801067,1.2867286057155507,-0.00082925327279263609,-0.039491807183804656
1999-04-30,0.21911650585949247,0.056063155692390003,0.24184703501943208,-0.78905070972296965
1999-05-03,3.0000000000000002e-18,0.67794264680764016,0.0022548563223163563,-0.45988692320226393
1999-05-04,0.76138325867820356,-0.619611639376764,0.0023672047713026978,1.045401617611061
1999-05-05,1.2716268422737333,0.75458681767926394,0.00033709038322413701,-0.43307384981642189
1999-05-06,-0.001354880886595788,0.71472270944461791,0.63787699168375467,1.2409584505322342
1999-05-07,-0.085143913404421095,0.44668384552526608,0.63140171951740265,-0.621593583450325
1999-05-10,-0.36161761530323977,-2.0623165361608486,0.83880391775282648,-0.19046956958600789
1999-05-11,0.10507106090683897,-0.053104187635746675,0.084224504164950753,-1.4815886644038434
1999-05-12,-0.24085322287406616,0.036925459104082098,0.46841715391759992,0.42519415454040099
1999-05-13,-0.76435689507399585,0.11848658566905755,-0.13694746379359002,0.0041202972750728232
1999-05-14,0.0954515514967582,-0.40373178365708207,-0.014611135573386325,-2.0967190443668402
1999-05-17,0.65633573188674732,0.37517314787626393,-0.51898776566906457,-0.093934245723846427
1999-05-18,0.10276992726590786,-0.79933090232589232,-0.9788411720168817,0.60069744688125326
1999-05-19,0.039339829920362626,-1.4344534497688151,-0.49865139699197231,-0.80903049219042733
1999-05-20,-0.92581632184094709,-0.58339858293615332,-0.68686887692602161,0.53480959787121185
1999-05-21,0.20308046572164884,-0.055029675286661806,-0.29615248309648362,-0.41952508673778011
1999-05-24,1.0477388959760079,0.00052779079312201597,-0.28954264995432544,-0.0010816538437879802
1999-05-25,-0.52853932483467003,1.6855804510127519,0.15857175555575387,-1.7046022617480137
1999-05-26,0.31178306108130893,-0.05399538463634284,0.032437494015575247,0.44343536502449277
1999-05-27,-0.34993830318552088,0.27265235299686391,0.089965828297921421,0.47222032864087787
1999-05-28,-0.3659240854938165,-0.94323561260465505,-0.40287166498827137,1.3256521808834802
1999-05-31,0.0019147404605268199,0.30474632851588551,0.13799847781065372,1.0935924592129225
1999-06-01,0.63641404900434928,0.37983637936234488,-0.20143458045216917,-0.67759398598315024
1999-06-02,-0.27835765198229995,0.50057320913294068,0.45090929604677871,0.45300672694226263
1999-06-03,0.085529991603025601,-0.27841368749676404,-0.74479581453082733,0.0032192955923488601
1999-06-04,0.27464281989455264,-0.73778240572132803,-0.23175353923739228,-0.46305848932099114
1999-06-07,-0.34601446379332135,-1.1021566687385667,0.10358975373282772,-0.076122931185963874
1999-06-08,-0.37287695236677876,-0.035362908340242021,0.043706060063224444,0.68187111861472716
1999-06-09,-0.06638062093718726,-1.2868387327050788,0.52577957941898612,0.30422995102346218
1999-06-10,0.47197012042227793,0.70913600628991136,0.7968525512024528,0.68517581007001382
1999-06-11,0.58786694955285534,-0.30569010541524844,0.4143103870367098,-0.65849086282379876
1999-06-14,-0.11974682240508028,0.66636213899111141,0.42349505895506684,0.77373405117451854
1999-06-15,0.13301210558471213,1.1449246736723555,0.2370288196066655,0.52177918893426056
1999-06-16,0.50854269817613329,-1.4004267510760215,0.15490098313325876,-1.3496736529684132
1999-06-17,0.087660808987749986,-0.38083247297390294,0.12042377596237991,0.46130407755539532
1999-06-18,-0.45364185879705987,0.53100417713797854,0.024810696410356929,-0.74968628668876491
1999-06-21,-0.03645852568627439,0.32969787178068388,-0.4967413725010606,-0.56534165012455162
1999-06-22,-0.77648293794341006,0.066252052290315985,-0.84440273691171652,0.45275443632753687
1999-06-23,0.30786901230849367,1.0261441173691754,-0.17038805247303443,0.51291417656136773
1999-06-24,0.66183374432820308,-0.46287704513895678,-0.34747214125510872,0.11035235407368757
1999-06-25,-0.9599397153212671,-0.35978832325496374,-0.51003123642203396,-0.9532967939779704
1999-06-28,0.33019263451976211,0.98448620885907745,-0.33284606117500887,-0.67588928392524938
1999-06-29,0.77218154102536896,-0.33083926947239378,-0.46381324790608291,-0.56196572318108784
1999-06-30,-0.21377190957126885,-0.57746099438974552,-0.48241288238338942,0.52155878329011363
1999-07-01,-0.97408804064840793,9.9999999999999988e-19,-1.4932898189941664,-0.82407345019365041
1999-07-02,0.61077977382973558,-0.40248576688185,-0.5206363783009893,-0.28261495510369733
1999-07-05,-0.1234054267970629,0.087307939005302967,-0.47352774925283231,-1.5710143485376984
1999-07-06,0.46476921043707614,-0.171856311130788,0.64328429685981092,1.0594942277246564
1999-07-07,0.059266257188320015,-0.31899211940414807,1.2125458649625844,0.87019024459738592
1999-07-08,0.74232192120116336,1.7471165174094108,0.59302293808949924,0.35994809718723836
1999-07-09,-0.15735747770171785,0.12875408526146409,0.10526015058154747,0.95052023500912985
1999-07-12,-0.18314378742661028,-0.2598450573394081,-0.68447266421341713,-0.45146501158784019
1999-07-13,-0.047512269755028834,0.63119363350506674,0.30838650189436723,0.78922981349819876
1999-07-14,-0.4616827140924285,0.017584283199393494,0.91796279515455115,0.13492960262787992
1999-07-15,-0.54608807160928319,0.059911842177796513,-1.0719804497869345,-0.67123623687583966
1999-07-16,-0.015219619721257134,-0.27941669381021778,0.096958103279935412,-0.8966109987074582
1999-07-19,0.093823663897685233,-0.14863335671434905,0.20933390354752357,-0.058898317557033904
1999-07-20,0.37838728659211629,1.1019464326513868,-5.9773188157971e-05,0.78210059788605713
1999-07-21,0.16633030097666021,-0.30167586120139278,1.1346182588927678,0.28752376161311505
1999-07-22,0.53093098847092524,0.35753353780949554,-0.10734756780175518,0.7334059190715666
1999-07-23,0.60821015631360342,-0.16263319493184109,-0.078096114622962523,0.22563652468199275
1999-07-26,-0.0076708484968689974,0.2058288627313094,0.38778411639932497,0.64945826771191317
1999-07-27,-0.86561378804618605,0.26358568082231704,0.11230462094106958,-0.65568810064522054
1999-07-28,-0.45043894781484878,-0.9276180195627759,-1.0187172333930192,0.82250128772723452
1999-07-29,2.08364560914243,-0.66996155779930611,-0.33962779325917497,1.5608071493734856
1999-07-30,-0.31637006989272165,0.16012548272547864,-0.23855228708737344,-0.6804109296952654
1999-08-02,-0.096274296714613489,0.018193678962291508,-0.50178195723360475,0.88754168166766456
1999-08-03,0.46132716276606001,1.0602404989211804,-0.71087653055619404,1.3592349993573327
1999-08-04,1.1916102115684857,2.0361085170005095,0.16452139448995323,1.2604147777371046
1999-08-05,1.4223620592535935,0.99515110136916851,0.34171963975497233,2.1739094173650506
1999-08-06,0.11578751048398012,0.58787394193939335,-0.3003442784081945,-0.51036960721268421
1999-08-09,0.12550194345446505,0.28018533067515894,-0.28807673128385747,-0.67813000835218396
1999-08-10,1.3675842836960583,0.45105798420582027,0.23388699568329141,0.018073632061126142
1999-08-11,0.23162259085240305,0.82477282245726102,0.090531180004889883,-0.8760921778621602
1999-08-12,0.059121421379087755,-0.0062217225588522083,-0.024113969575822947,-0.32029942588387456
1999-08-13,-0.85008712339897285,-0.55179427379162893,-0.54274454292543528,-0.82917641250315255
1999-08-16,-0.26060126507973963,-0.024098609777071199,-0.11302624252226565,0.13390479574161693
1999-08-17,-0.079387241945537632,0.081565140137681208,-0.62440871573581669,-0.93854575444642752
1999-08-18,-0.59142473676381957,-0.31954979123682498,-0.90237740201618932,0.071322605341605977
1999-08-19,0.027366479169762051,-0.26480488837703142,0.012271628091397891,0.49412268240014928
1999-08-20,-0.20042358188231935,1.2573338156016796,0.23818233180570919,0.09063218872570572
1999-08-23,-0.78098053273703061,-0.019595600808411304,1.289821486306914,0.24081296951637002
1999-08-24,-0.6045783337894407,-0.48030062229877468,-0.10472303985349762,-0.24368413687185819
1999-08-25,-0.74388576354381653,-1.7047808925318189,-0.35656254022023492,-0.4666638257499095
1999-08-26,-0.71418796172668664,0.06261382704659664,0.50354406674784813,-0.23646851290922946
1999-08-27,-0.093180779588936946,0.0038095418501735688,-0.58955753318936754,-0.67451111462882041
1999-08-30,-0.0037394730358318549,-0.47685448870864333,-0.66384369773937246,0.24829073096880139
1999-08-31,0.73080793696483259,0.44935992671695113,-0.20355696962344777,-0.13688226841443257
1999-09-01,-0.069509963359827828,0.95556943957373786,-0.14806408001797622,0.39316042261496353
1999-09-02,0.68055912777404537,0.52321261971826594,-0.61511508903287815,0.73021045302736431
1999-09-03,-0.72577712010458095,-0.21625574834486283,-0.50156125041037158,-1.5447226230239026
1999-09-06,-0.65239611728462688,-0.00024166948936198902,-1.3073152302504696,-0.49648382989280054
1999-09-07,0.57553768362898095,0.16808062759002387,-0.26355493743214009,0.70419810043218056
1999-09-08,-0.10583088652347758,0.0036954480452199142,-1.0619514423694183,-0.057482117544890077
1999-09-09,-0.35428345005341655,-0.038352344564981877,-0.090915304705819988,-0.2183673437996087
1999-09-10,-0.49635272100419731,-0.50701137373835525,-1.2831447086134247,-0.1597311225063858
1999-09-13,-0.75074131225506713,-0.10406032390402251,-1.3523674511422916,-0.19179642316670478
1999-09-14,-0.29674995539634208,-0.46735071971971087,0.01707486318503704,1.2202596615057177
1999-09-15,-0.65595547953247713,-0.02892975981757169,0.0058048798311001208,-1.0504198279974934
1999-09-16,-0.58073111540619227,-0.46001407922807835,1.1715600910205701,0.79325569105533156
1999-09-17,-0.39355202512227921,-0.39992180121912208,0.48572090543661806,0.77601499420905973
1999-09-20,-0.89930994174903822,-0.21079983172332212,-1.0150570622680672,-0.10678232001036356
1999-09-21,-0.30782220870880583,-0.57201180692782683,0.22866333910787334,0.29255924406998579
1999-09-22,0.025625434005176959,-0.085917273588414458,0.49079652918430017,-0.0057965184458167807
1999-09-23,-0.55699386401283801,-0.09687442194838336,0.000233999823064989,-1.7974054338083003
1999-09-24,-0.010012901067905002,-0.17663124481255718,0.99661794699857864,0.2066141088678389
1999-09-27,0.12562541289192114,-0.14663333245302951,-0.16778468544062766,-0.30569156034506673
1999-09-28,0.14204367084738337,-0.26471574200804965,-0.59774301520062145,0.4451133813011543
1999-09-29,-0.67582768430250928,-0.54110149556311693,0.068862462256616783,-0.3582213234787518
1999-09-30,0.011072917563999174,-0.8875751342093976,-0.033040099054510261,-0.05784711253910349
1999-10-01,0.53445329495507532,1.0372015862470594,-1.3201178922844916,-0.50647023554109605
1999-10-04,-0.053287134568392493,-0.7497138395155567,0.14418581596203681,-0.044924663128502983
1999-10-05,-0.53057375311834931,-0.48361344802549389,-0.50162368276921698,-0.80757321298799267
1999-10-06,-0.69195034156783697,-1.0426438910543754,-0.052856953196568919,-0.84056415620526359
1999-10-07,-1.5576781969848794,-1.12637849279479,-0.00105329586778175,0.76184121742883593
1999-10-08,-1.5533257608042501,-1.2234601770025513,0.068185671736695527,-1.7426485684369897
1999-10-11,-2.0152244597610518,0.00069827120725883594,0.0032360081786937563,-0.5387935701359281
1999-10-12,-0.50467182490959217,0.057708828054961969,-0.66017722993745986,1.6918568316142406
1999-10-13,0.42578672284968416,1.6391857972844945,0.56618282981988532,0.52205193337280142
1999-10-14,0.0058162733670279456,0.96165043266869288,-1.2436995535092559,0.34502496828114176
1999-10-15,0.040815740204724255,0.46256712363111507,0.86439083084614132,-0.0074977431148704789
1999-10-18,-0.075746548717096226,0.45291346248965858,1.0813226908647788,-0.14091770915099847
1999-10-19,-0.13732883261485562,0.67750489455266605,-0.73757906466095802,0.60654987715629272
1999-10-20,-0.15468642604821242,-0.96949387693462297,-1.3839767415157238,-0.026295168947552874
1999-10-21,0.10014668770864997,-0.0097784835429901105,-0.51947003339721021,2.1860082055790584
1999-10-22,-0.53519920674483268,-0.67733431161085444,-1.0832663172124886,1.2647903763130914
1999-10-25,-0.21944081156467393,-0.7695275020114507,-1.2051046107524475,-0.031328861463394843
1999-10-26,-0.23351761666663939,-1.378731587159054,-0.25236068009699725,0.14152230263659279
1999-10-27,-0.56238990352612239,-0.67190531181388446,-0.10877929163574855,0.49532079131240664
1999-10-28,-0.19158896869453604,-0.98716042356686329,-1.015144944728106,-0.4219634799680157
1999-10-29,-0.9924533524846455,0.99382450463781269,-0.58880366807890161,0.34685197982043819
1999-11-01,-0.68170385518137333,-1.7270353509789103,-0.29171038146877964,0.64884741072723773
1999-11-02,0.59703399515083921,1.8227996665645816,-0.033151857316586923,-0.25584614379174597
1999-11-03,-1.0165386908070526,-1.4615870359704495,-0.00051902798717956805,-0.42228191283277494
1999-11-04,-1.4014427299235526,-2.0714752725748706,-0.88297833382215452,-0.50961984108650704
1999-11-05,-1.4643507633352635,-0.52333572261234607,-0.89278922793911542,-0.42985280998715764
1999-11-08,-0.61069872706101913,-1.2854458013360497,-0.59567641706950647,-2.3219559945863875
1999-11-09,-0.78900395525605871,0.2474197413773451,-0.33140419886035688,0.67778033188717002
1999-11-10,0.020473759158782759,0.055836556748680939,-0.35688126975883738,-2.021926289310958
1999-11-11,-1.5524495532888996,-2.3419315015875126,-2.1205312518604922,-0.96029498604319907
1999-11-12,-0.16174269215193385,0.2619608838892028,-1.9092995901248115,-0.61583231426628426
1999-11-15,-0.53587750812657942,-1.6382488693850161,-3.7538438814941628,-1.4763288571548667
1999-11-16,-0.002962509437649221,-0.98602872713192469,1.5006869255744391,-0.088457306317887063
1999-11-17,0.26518027429111651,0.72642113205720549,3.344994897925528,1.4099564143525989
1999-11-18,-0.58020048293452953,-2.8141095408958434,0.79670358547237718,-1.9467235899175217
1999-11-19,0.43089421962705821,-0.89395871408003402,-0.69725708106416628,2.5928935422270394
1999-11-22,-0.64380345738230227,-1.5424587725810814,-0.7007670866752379,1.2102259046460513
1999-11-23,-0.59592497084384577,-0.33566255752394814,0.0028918332110007341,0.25387452548645884
1999-11-24,-0.65455864833014565,0.37143617516276312,-1.8407061094344801,-0.92722982507066809
1999-11-25,-2.3003931659394548,-0.650432347188174,-0.61531780245434853,-1.8339904887685479
1999-11-26,-1.0970815156151692,-1.8730023690856314,-2.1744283343359512,-0.70007313690260631
1999-11-29,0.18649791873040833,-2.1432924368062412,-1.7585556204298289,0.33475627434028687
1999-11-30,0.051890534339058499,3.2683381151309745,3.0854279537035025,0.076269385553364308
1999-12-01,-0.021360937010371707,-0.57020245876386755,2.2287831488929202,0.45957281041761994
1999-12-02,-1.0659580230648866,-0.20829548099556705,1.6533197033491789,-0.2699075701512661
1999-12-03,-1.4477777271729961,-1.3434267481648452,-0.97435969775910514,-0.89061116025920473
1999-12-06,0.1104541122016553,-1.1454066121649593,-1.295771757101335,-0.93015191454609847
1999-12-07,-2.027754619755501,-1.0822443626372342,-0.055829404743553586,-1.8837324292714273
1999-12-08,-0.56601694702097527,-0.0099578994137808977,-0.64375151638567374,0.64115268146203219
1999-12-09,0.3947595807482816,-0.49592786670936245,-0.26249136562135195,-1.5289693904657009
1999-12-10,-0.40071754714781749,-2.27438725494626,-0.046179576644026228,-1.2443068430257773
1999-12-13,0.2365186559202061,-0.83933908108632627,-0.11601887674720915,1.7369682073962951
1999-12-14,1.0271058485242657,0.48273007039565219,0.32545209803272257,0.99843679640955718
1999-12-15,1.9347423907499686,1.8954222390608504,-0.98129303545823576,2.068912042209583
1999-12-16,0.43170784414978064,-0.13081861217584362,-0.38924744782825554,0.48285994464082604
1999-12-17,-0.64440888729734558,-0.5265358763954503,-0.862247454673011,-2.2299109029161315
1999-12-20,-0.39755787699795447,-1.470675116395312,0.47683729155709065,-1.3975427389324824
1999-12-21,-0.046196654450313332,-3.2663675303729525,-0.55942149588515633,0.40688580716469008
1999-12-22,-0.56202307044483291,-0.5961975733450442,-0.68938139961865397,-0.28422158582517798
1999-12-23,-0.63725661592561034,-0.29498478424865759,-0.0022434024966221668,0.0067200024131741642
1999-12-24,-0.4500449557374685,-0.068088891459102463,-1.4996357475496258,0.00083745473722731604
1999-12-27,0.032576385506987889,0.0026461319637358862,0.71606484377123369,-0.6888934377586079
1999-12-28,-0.054560838139995044,0.0026455169833668091,-0.84358102645389188,1.3096268314492321
1999-12-29,-0.39910468357260281,-0.36905493263663913,-0.88469849483560836,0.23253724987999674
1999-12-30,-0.043369887692006164,0.66416420729711978,0.13184600872024801,-0.073418786893825458
1999-12-31,0.00098461004770683297,-0.92920120759396529,0.00084406415991309801,0.00067315830370146305
2000-01-03,0.2193749664196448,1.9999999999999998e-18,0.011514774101538099,-1.7985954592906881
2000-01-04,0.11788945066656749,1.6884450291102704,0.04998936728327593,1.1473530441115165
2000-01-05,1.8925689845120677,2.7982503674431358,2.6137426531279009,1.8836874080423016
2000-01-06,1.2086419087798443,2.3195366896648935,0.42156648578421696,1.4557650879024744
2000-01-07,-1.2083590704982243,-3.3284480140812622,0.80828474669870365,-2.7186950327698987
2000-01-10,-3.4257806193616318,-1.820299268453365,-0.00062052074623440603,-1.9553082866885163
2000-01-11,-1.492910834113351,0.098154496989936044,-1.2039749140344838,-0.49166637228511745
2000-01-12,-0.79435570213005413,0.4644624447529439,-0.38047204945626512,-2.0569944234078799
2000-01-13,-0.84466096904081944,0.28049383812772855,0.94496730873748247,0.21604904909426756
2000-01-14,-3.5423104749682923,0.29347324746085551,1.5412405721583833,-2.4432537638119984
2000-01-17,-2.7169835268683293,0.45584258283369838,0.18704310280096456,-1.3606918448705294
2000-01-18,0.7753082945370805,-0.97432285574950772,0.88809217130619356,1.5710310905428084
2000-01-19,0.3666187698425894,-1.5886559163901557,0.44847776777315407,-2.8133302312929827
2000-01-20,-1.8608698518049367,-2.2538960030964512,0.60594237341569113,-3.4987025041689881
2000-01-21,1.2129934417868498,-2.106482252546261,0.2286145290060867,0.95180483467737043
2000-01-24,0.33836801130798089,0.34141445310228508,-0.47730177362117643,-0.34755490050003901
2000-01-25,0.34303764257385067,-0.35359404970383185,-0.44818524376514868,0.62992159022018346
2000-01-26,-1.7877051847433365,0.17017700190147861,-1.2803730778643001,-3.6555672404975308
2000-01-27,-0.053192985454925297,0.43240499390348353,-1.1537793112983445,-1.3232208215782844
2000-01-28,-0.23919054615489116,2.1366625140059465,-0.052000991288765737,1.4913350707039019
2000-01-31,0.4844202879472474,-1.4274652695361447,0.29097797865123032,-0.72078073799839781
2000-02-01,-1.3766378436786162,1.0023426240724596,0.25975812457905678,-2.817843918605563
2000-02-02,-2.5269225838717206,-4.6740198158225095,0.38424883427248552,-2.2391896629564183
2000-02-03,-1.1181142642647623,-1.0472444672321799,-0.5727365490680254,-0.056649307730265511
2000-02-04,-1.4647779799118723,-4.5073567000981827,-0.2272315238287618,-0.36899312044984839
2000-02-07,0.19125182619984848,-0.03116151166072912,0.18445221148204427,0.76046828072632544
2000-02-08,-3.6923888034633436,-3.6401469021559474,0.18227319216108157,-2.714544008012767
2000-02-09,-3.5058885291095709,-1.0504674823789784,0.0032410825192990549,3.8277957410654895
2000-02-10,0.87856579251206002,0.41976259494070739,0.0027978927120833898,-3.6971248678039497
2000-02-11,-0.58865771617614659,3.0258111606391616,-0.0011487451482792611,0.90954446053163085
2000-02-14,1.4222580295305898,-0.33498576412065351,-0.29173104142323797,0.90160856910730525
2000-02-15,0.097549315924747346,-0.021503181721895925,-1.0253471283435323,1.183820163067558
2000-02-16,1.4138808759299026,-1.6948467178486686,0.22249136990076757,-0.47282367283651239
2000-02-17,-0.79353616511904579,-0.95345084729611052,-0.16392249746186222,0.68834224351135542
2000-02-18,-0.96878317996212726,0.15661928710598338,-0.37226632835548501,-2.2716527349686908
2000-02-21,0.89058161258990864,1.906624328063133,0.46357658925673256,0.30641554392163672
2000-02-22,-3.2868976410406527,-0.18180163204900482,0.86854326785149261,-1.9132967533389862
2000-02-23,-0.10287622349632947,-4.4473843560475377,-0.59759774197065296,-0.26683855564056486
2000-02-24,-1.5150699390264375,-1.3407665447145793,0.41604409005055076,-1.9827335739291809
2000-02-25,-0.67156285134711191,1.0478313752275956,-0.7645427289899116,0.06745450336330637
2000-02-28,0.19754399461814476,-0.58763168900247376,-0.63523347505481798,1.9613580112659457
2000-02-29,0.34454957932224062,-1.2808816174437319,1.6020239502499762,-1.1735218406496402
2000-03-01,-0.18270456323615172,-0.99690854664270612,0.40908553744094289,-1.5174609932382392
2000-03-02,0.70574928869305842,-1.8425180140393831,-0.69831240167955866,0.37757981547882064
2000-03-03,-1.7161749394877281,-1.1831302525891585,0.68298230391513237,-3.1263427728845099
2000-03-06,-2.2325776822371375,-3.2413471982390156,1.2717431395979384,-3.6649933115923594
2000-03-07,1.3161648713321892,2.4583641467713342,-0.59372060783700664,-0.38830417843446913
2000-03-08,3.1448021786845684,0.58992799022649312,-0.12515780180111546,2.0057188259376786
2000-03-09,-2.2130521429763683,-0.90521652758885507,1.2065517017177996,-0.55883916231299735
2000-03-10,-1.3477320522230176,-1.0755701073283803,1.0873663870304677,-1.0366879508073352
2000-03-13,0.22868459436155611,0.92497617279760602,1.3570701466661224,2.5152028373299973
2000-03-14,-0.19242839150318344,-0.49625152065788447,-2.1188242964476305,0.29162015492033616
2000-03-15,2.9026923091467469,3.4714300254898625,-2.1301371625682695,3.327515674829634
2000-03-16,4.0563454949188937,2.4020606319852122,-0.54166144910957814,2.0460996031254126
2000-03-17,-1.9401659235757513,-1.9935528212497384,0.45018478521794386,-1.2374072140779926
2000-03-20,-1.5021735671607426,0.10425402656501108,-0.0019458670576838969,-1.3284169413922586
2000-03-21,1.3466982622712949,-0.6457589207222334,-0.75168452840766364,0.8771561358837332
2000-03-22,1.361279984990776,-3.0537719968831554,-0.051306823169636077,0.58829002084558935
2000-03-23,0.099249609575237263,-1.169173234849451,-0.43811721139088555,0.50775469762558001
2000-03-24,-0.27919144799227219,-1.4096547655409302,0.87776308497466704,0.24806649962186827
2000-03-27,-0.67068194770332756,-0.73235969470688889,1.0603424157245558,0.22092848003615492
2000-03-28,0.6003756453652791,1.9620440935603702,-0.90006518050728435,0.22588121270009201
2000-03-29,1.0945115791484572,3.7378093682869715,-0.3694724382053749,1.3075874063781547
2000-03-30,2.3971008076731195,5.0209896454976919,-0.42154793252458334,3.5473504008035563
2000-03-31,2.0616977100471172,-0.7172290972802956,0.24611338737605698,-0.85142019400128077
2000-04-03,0.56699617011742443,4.017365296409273,0.96915393500682456,2.4348372402384286
2000-04-04,2.6873407332198966,0.79211517345749261,0.73160911823473052,1.0579648088080646
2000-04-05,-0.27924533316580674,-1.4374010081282527,1.4042094745850773,0.73554422816774168
2000-04-06,-1.6554677281865806,-1.8812005754197791,0.57869569310775493,-2.8033801336646467
2000-04-07,-2.0135151232702264,-2.5398176413302211,-0.39107569653113444,-1.5078965224011234
2000-04-10,0.4145995170728502,0.44983510294248841,-0.82706898932882278,2.015934199266777
2000-04-11,3.6199462509707092,3.1918613325004253,0.21188512671797932,2.60929466874726
2000-04-12,0.030389941051192505,5.7710356092133352,0.66900216874615515,0.43170324863226484
2000-04-13,0.729072661852322,1.3631246678103022,1.2517622238310138,-1.0095344249176308
2000-04-14,2.0238339067708102,1.8053326796120921,0.0065243831560494519,0.91174244218089273
2000-04-17,1.2296951370409084,-1.9167352496581576,0.7648287548424948,2.6644001182557027
2000-04-18,-2.3487999469869947,-2.7654164118496594,-1.2207400324502051,-0.85720872854455799
2000-04-19,-1.0915588854304792,1.0997452267262013,-0.39407353414116464,-1.2350748955736517
2000-04-20,0.838756463191353,1.0866660574056128,-0.20873966419143242,0.76484080347750438
2000-04-21,-0.0010169381139803631,-0.0018824531878396701,-2.2933728021938236,-0.0013345851702566639
2000-04-24,-0.0058496031464282446,2.1697741249172471,1.2953946796230222,0.0014093271379179699
2000-04-25,2.351890100038498,-2.6873707514922414,-0.039897456520629926,1.0149011060988944
2000-04-26,0.53397929169984837,-2.7191279404911874,-0.49671255068292153,-0.17487046980284088
2000-04-27,1.2116470258832963,0.56881049870173939,-0.39392021105353969,0.38977275863340205
2000-04-28,-1.8122580761514782,-0.46582539655728017,-0.18898176245205178,-0.7343476085160181
2000-05-01,-0.22283068117833274,-2.1263717852438386,-0.17690501943542219,-0.058611044694921031
2000-05-02,0.47721934175656539,1.4980784584016096,-0.017731801184999518,-0.19439821647981459
2000-05-03,2.5711401995381959,3.1209370875463387,-0.00058412066543373398,1.2632310067099748
2000-05-04,0.27321569595961964,-1.3564204753494515,0.0036069608077813047,1.2223179040682846
2000-05-05,0.97974798585387246,-1.0336561641776403,-0.001897481847869307,0.40259320869651999
2000-05-08,0.48990008074999397,1.2592887061159332,0.65057353692862585,0.94867536391967655
2000-05-09,0.6478282353051924,2.6479170357428012,0.93111767564513348,1.667209479474278
2000-05-10,1.4615661673973244,2.801197809655104,0.14691891374816593,0.43507902100709328
2000-05-11,0.42887616851367083,0.34525009689396269,0.91628202581226448,0.37955876167528702
2000-05-12,-1.2560506466929184,-0.87394141610062459,-0.29729424213874767,-2.3852520934018964
2000-05-15,0.68451354240639739,0.91769075251223886,1.0444117796324772,0.28243260820482996
2000-05-16,-0.22121407155890269,-1.9313352971930682,-0.50922689113223696,0.039842201019379096
2000-05-17,1.1811984235912798,0.35327069713608794,0.027712926515010328,1.229181037776828
2000-05-18,0.77162591326101471,0.61369926867733782,1.0023115313989985,0.71556623657563934
2000-05-19,2.7297861652625013,2.0085024908829898,0.95913866830144201,2.1192902851789008
2000-05-22,1.2217085986405398,-0.0017438181005686711,1.5295398845236996,1.1781854300740118
2000-05-23,-0.52131856473541927,1.5565946916088151,-0.42617672157443554,-0.36357040673283564
2000-05-24,-0.40245194164842107,0.17980771167489576,0.48300364784881011,-0.028005040219906182
2000-05-25,-1.9209145034279052,-0.45379671139065259,-0.62340433716921517,-2.0779482278833328
2000-05-26,-0.17107159709819736,-0.74008151591454641,-0.26093384532799252,1.0307109578624827
2000-05-29,0.11387720737321112,0.53440620003247008,0.75822702917523865,0.82878399083905863
2000-05-30,-1.9169661048867928,-2.3816171673347686,0.53861005632783399,-1.7784642013541803
2000-05-31,0.42154771161509774,-0.032354901121661686,-0.21501300076019078,-0.35355676564692207
2000-06-01,-1.1929682616699668,-2.7724092375056002,-0.22059927834613768,-0.25527703970154025
2000-06-02,-2.0030502876762819,-3.3591802773248505,-0.17692159113785064,-1.4618366024512692
2000-06-05,0.65411400089013361,-1.8537590258107792,-1.1507397250422775,0.066229568703605135
2000-06-06,-0.035301700790829532,-0.0071788284298791687,0.41052558649039433,-0.53504249547903993
2000-06-07,-0.77958431252076987,0.5263945745579065,0.20327349689288596,-0.26024377834437412
2000-06-08,0.72947097553988161,-0.014464559557551555,0.56212640152789539,-0.68568156226218158
2000-06-09,0.96477488667775202,-0.31137887456722019,-0.080449387186151203,0.73145298708064765
2000-06-12,-0.17581428827695963,0.69115112284133062,0.2824554752244241,-1.1347726982081114
2000-06-13,1.1631517931381643,-1.8574689693728033,1.148394604121628,0.7956405057449828
2000-06-14,-1.0901662791448694,-0.54184503651238414,0.72247053953632356,-1.6622079761070527
2000-06-15,0.35691923220299138,-1.6172513433695337,1.3312342787435401,0.90905860971807884
2000-06-16,-0.72679478319618329,0.90841012597467163,-0.035542013317137855,-0.77517534755922868
2000-06-19,0.57417896827439963,-0.86173379428478303,-0.39577345900046912,2.009614589375571
2000-06-20,-1.6856982717296716,-0.80700799258819189,-0.97164324459320539,-0.44552494712946578
2000-06-21,0.65373955468700196,0.277697266940511,-0.40909498424955348,0.52341488945718251
2000-06-22,1.1392752962945407,2.2804884473604088,-0.078251208172980535,-1.0400831281530805
2000-06-23,1.4467351506539279,0.56816927129462302,0.82825513120421168,2.1946692981879692
2000-06-26,0.53463637703146794,-2.5756487065078555,0.84459578579797767,0.37467921386683567
2000-06-27,-0.52687204778552177,0.60173735845260146,0.075034599998395887,0.63022565374510398
2000-06-28,-0.25507167280355664,-0.50760507968178037,0.68541448390856197,1.1150908175584897
2000-06-29,1.8718918862635423,0.74282646149829057,0.36042069150099426,1.8126663302920638
2000-06-30,0.032693202065028848,-1.2746816013821503,1.5299140735594507,0.081446971501858589
2000-07-03,-2.5540085346278354,-1.9999999999999998e-18,0.6389081594211955,-0.78045821612838751
2000-07-04,0.77804168081585312,-0.74443002676762604,-0.45597433091560818,0.16470548683241784
2000-07-05,-0.24945070784734338,-0.3284828070872523,-0.7215168045223096,0.79247390493740566
2000-07-06,-0.37866520001539289,-0.18174816707955985,1.3903546376754168,1.26431550044529
2000-07-07,-0.93205805699413735,-0.97639016600136463,-0.42396697626263613,-0.20151686554883488
2000-07-10,1.0691760390938574,0.39685739646346868,0.18561257676667497,0.36052850764280658
2000-07-11,0.65455674813048981,-0.36670523843869607,0.70150799565084665,0.9090024980356427
2000-07-12,-0.62977311860683627,-1.9232569098596659,0.28232673064076724,1.2384998324600711
2000-07-13,0.18660767121617883,-1.1319740258467321,-0.35322666820911131,-2.4148179512682688
2000-07-14,-0.69419860285826496,-1.2107503140976219,-0.13680386894805158,-1.8852837020410671
2000-07-17,-2.3473240912617661,-0.82653669815897535,0.060007322069395186,-3.6822247890827025
2000-07-18,0.96985752664281344,1.1909131804387807,-0.44168651312728163,1.4867562224744484
2000-07-19,-0.25899047401012143,0.50947192918276374,-0.052954630893249158,1.4251179288142961
2000-07-20,-0.22561697599548899,-1.7665542849108391,-0.00020664168661297698,-2.6575140708258269
2000-07-21,0.61585506665298406,-0.86535342107476965,-0.2049428643537709,0.094264080564961994
2000-07-24,-0.093765280833276454,0.75525363199971451,-0.0011456757584061038,-0.21079245662722276
2000-07-25,0.063129101060228149,-0.75951484077718734,0.81510783879186388,0.34787400459347573
2000-07-26,-0.20081250461191089,0.36132053634014127,-0.024004833630876542,1.5555609487323296
2000-07-27,0.52513679293887172,3.138981133587853,0.31712103309418621,0.670292548511915
2000-07-28,1.1953470426820405,3.197566536839854,0.99136630946181514,3.3095672202364543
2000-07-31,0.052514063475665229,-0.92268134881861286,-0.52780945786764177,-0.51765215735118997
2000-08-01,0.17292462338330294,0.91723944567388482,-0.60667970085673739,-0.33691196843855964
2000-08-02,0.68832670285997133,0.3863384602260756,0.23854932341148971,1.2439297040156752
2000-08-03,1.2829799990904815,-0.041456973798783346,0.59489521480411001,2.5902524236393463
2000-08-04,-1.297223530465708,-1.1675478915508248,2.2397787372462994,-0.16946465505308406
2000-08-07,0.899075397080497,-1.9951649588397997e-05,-0.17364319391544833,-0.49996977380234697
2000-08-08,0.85114679460394216,-2.1014098067991998,-0.86206045543339715,-0.18721412894287881
2000-08-09,0.12275539870403604,0.14209355112988409,-0.19426727178695902,-0.51786941549292298
2000-08-10,0.56203335365598084,0.60402937562222814,-0.62449233970777218,0.60629779728747946
2000-08-11,1.0030429249348531,1.162740117764496,0.89696305722997227,0.087485325667918057
2000-08-14,0.14836082010576049,-1.097236864879469,-0.3903706447068328,0.20202749682741464
2000-08-15,0.15733894488131928,0.04194017383092781,-0.15583319404582008,-0.44050733342804349
2000-08-16,-0.88686286108699763,-0.25017118760899465,0.30834356009557046,-0.32106154708277268
2000-08-17,0.92985786048432728,-0.30413564871343413,-0.28819323031029515,-1.2093574911867899
2000-08-18,-0.39947610341017836,-0.14192316979430031,-0.30995270404089875,0.19443613640736593
2000-08-21,0.37882168010714357,0.083080033321031921,0.36919274947573394,0.47768716940280348
2000-08-22,0.14054248054512586,-0.94325444960196658,0.58305643942364693,0.38602388746510213
2000-08-23,0.3813254066101982,0.39641969060010196,-1.1399307904939457,1.4709492328994407
2000-08-24,-1.0273876805715665,-1.1228467096362105,0.14555254973939769,-1.2784907907255918
2000-08-25,-0.87660212007776106,0.11642350911739781,-1.2084112948271228,-0.45342067470935044
2000-08-28,-0.021359122373199018,0.094778775618526268,-2.2968259047353072,0.27434223614973835
2000-08-29,-0.58089827055171095,0.67457520735452836,-0.38928804509971204,-1.6894514044222158
2000-08-30,-1.2134507275397333,1.2222922366330446,0.32475048734654055,-1.2018176135110956
2000-08-31,-3.4096980820796094,-0.89286311236994775,-0.51574581100702988,-1.9192488929886231
2000-09-01,-3.393266216919705,-0.24546814717393445,-0.22828596681374341,-1.1102515148097256
2000-09-04,0.20609405050800983,6.0322070183453006e-05,0.45244369813397201,-2.6578801157446015
2000-09-05,1.063010694001929,-0.0094726684794802628,0.49410731849848399,0.58622529161056536
2000-09-06,1.3529553773480034,1.7605764105679149,-0.087599568085318019,1.5810729760559039
2000-09-07,-0.84854925892914479,0.43306984402830728,0.18153709049560221,-0.47929572012798649
2000-09-08,0.65689341131095935,1.9463145323812654,-0.59953892091906791,0.29585569207913998
2000-09-11,1.1168230006846354,1.803693286398022,0.5138006013207862,1.232780070774707
2000-09-12,-0.52104538189109872,1.8038485863754143,-0.11929069740995459,0.89450465758448028
2000-09-13,0.8388179082982774,-1.2198046538023544,-0.44377880053692248,0.64425416998303253
2000-09-14,-1.8811879846095634,-2.06786540510676,-0.58880795025225008,-1.1110097329739068
2000-09-15,0.18312724911797948,-0.41556025934521307,0.00020460460924491699,-0.065434079094357361
2000-09-18,1.3450016225233687,2.1031147698071648,0.41185472522390248,3.0249600616448999
2000-09-19,0.60738714067888555,-1.0811325997402692,0.6687527047800137,0.46545806506138582
2000-09-20,0.86404606076555468,0.72859409653076712,-0.022335058348142766,0.6213878965777887
2000-09-21,0.65483424551552383,0.63202175036318642,0.019432597622018911,0.79338076986616091
2000-09-22,1.0291053567430741,-0.59539840529837029,1.5932628460712024,1.0666518234498867
2000-09-25,-0.90602872695115344,-0.4693696689121441,0.0687213133558887,-1.6045035070096998
2000-09-26,0.45229118215911812,1.0933292933686465,0.9096820385830181,0.51480061709279834
2000-09-27,-0.7667746156205042,2.2159661045506107,0.43695797168258482,0.059114244565157535
2000-09-28,0.21794850266987092,-0.95295980544974679,0.62258640318574154,0.035990670574697486
2000-09-29,-0.39802891315261241,1.5564550797825594,0.1577079053809739,0.64312163456168214
2000-10-02,0.6806954276469096,-0.26409127764614043,-0.18173026807925724,0.39807361662187885
2000-10-03,-0.14920234633924084,0.14492177991278299,-0.019540848482296168,-0.01712405089879987
2000-10-04,0.61733594796672842,-0.74015147303942352,-0.37282346218056189,2.8655335782115583
2000-10-05,-0.60731755901128615,-2.0988237664010905,0.020694014072610251,1.6048845427269858
2000-10-06,1.2237638567584557,2.0252460845588969,-0.21906936531076732,3.2750956311045938
2000-10-09,1.3414429155313476,0.00023794258101433898,0.00023097537069495302,2.7895199219804931
2000-10-10,-0.33897876113222497,-0.53748300074595112,1.1141834573446463,0.83054479509358237
2000-10-11,2.4349740850174939,1.8305266517490129,0.80925594934202694,2.7711078594400762
2000-10-12,0.47182222464562695,1.536078216233373,0.35957700576824009,-0.52977075674170171
2000-10-13,-1.7140294007404684,-3.9694132870808723,0.069235178517543974,-2.1442163131443892
2000-10-16,-0.26276854742616096,-2.1348774915005126,-0.69435322912165387,-0.8079990917157186
2000-10-17,0.71086949040061753,1.6680655583069144,0.48952846770123548,1.0277216461459084
2000-10-18,0.88079830307039098,1.7161299612301042,1.0388243776333472,1.5420359596796676
2000-10-19,-1.9902934311156022,-3.7228620019255505,0.22937357222254934,-1.5918368620953776
2000-10-20,-0.57417372803918376,-1.6528425460109588,-1.2398431350631249,-0.97435790773127173
2000-10-23,0.23451743624078794,0.46830124051809635,0.73721721262690243,-0.44078118265704547
2000-10-24,-1.2301065559361148,2.4766149748763002,0.67139553021833898,-1.5185367934747875
2000-10-25,1.2659525015886799,9.8131343198091017,-0.0926618009025236,2.2057904574881029
2000-10-26,1.0526512150565548,-0.032270857780054701,0.58515257711208213,0.72656698627097283
2000-10-27,-0.61700770113961045,1.1179319372010685,0.012128642771054942,-0.94615367193734357
2000-10-30,-0.16558441844345279,1.9548256817921061,0.94092134302336083,1.619928776954739
2000-10-31,1.2351438358948055,-1.8516970024728863,1.262123825515856,1.5392910254758141
2000-11-01,1.086610366790981,0.50424905380816232,-1.1932489119904441,0.83782726622918491
2000-11-02,1.5698526101381338,-0.55567943439248613,0.50962632359246485,-0.28960240534371218
2000-11-03,-0.38651364741160388,-0.90224433972423357,0.00028696291285636497,0.61249979039265201
2000-11-06,1.2716752711491046,0.20152285399536043,-1.0302842615741681,-0.10159250449741188
2000-11-07,-0.024755479329327652,1.4679579039769213,-0.93879986846396646,1.5647328028872396
2000-11-08,-0.015711909859467302,0.46545635211500203,-0.36763707924817984,1.6580219621439594
2000-11-09,0.96523705690078843,1.9112576711911085,0.38225642931931175,3.3504242473778389
2000-11-10,1.7512865608833097,1.5136639231060494,1.1586881175400641,2.4811507908702319
2000-11-13,1.6448987536268784,0.17621570985171467,1.1425057640360632,4.5676411044399181
2000-11-14,-1.6496692013623311,-0.62047720888994107,0.40193095179228155,-2.6173697875073438
2000-11-15,-0.16787414577699911,0.95289921307156489,-0.90084672581267289,-0.25443073952689332
2000-11-16,0.61630495038550193,1.7100581123496081,0.93835153068219912,2.4289054819380715
2000-11-17,0.026785172800270665,0.35349665448975104,0.47352175120151374,1.2484702220481445
2000-11-20,1.9329083477105335,0.18798421660850584,0.85953834041682964,1.4163064853418761
2000-11-21,1.1110856537308134,-0.58066246687360112,0.45339935640039486,0.98090460399837764
2000-11-22,1.6523914306333092,0.95590742910132909,1.0462681700259338,2.9829495586533943
2000-11-23,-0.62158272378235435,-0.79617554829600912,-0.00076845074877171201,-2.1207794516609222
2000-11-24,0.83756484219998684,-0.99788350074801335,1.1725450480382826,-1.8820020856012278
2000-11-27,-0.19792497617324048,-0.79829029736551727,-1.1183433246739238,-0.7744793689861702
2000-11-28,2.5092660848709274,2.7572905687865816,-0.57198489501352101,2.6299638309685487
2000-11-29,1.0909318349540742,0.77861657415863261,1.0329133882823869,1.5207674492350898
2000-11-30,1.1744835930820055,0.086443510472611951,0.7234257586927868,1.3777828539155121
2000-12-01,-1.835720318366739,-1.1289032754943042,0.95667435989102345,-1.5669491889661329
2000-12-04,0.72539342607948298,2.5578146978431868,-0.15026126695731087,2.7981472864046295
2000-12-05,-2.9465210730095777,-3.4927518133874993,-0.2544182345394651,-2.3591594114343239
2000-12-06,-2.0146002536619259,0.034986528828996374,-1.4949693232951982,-1.2745046461626184
2000-12-07,1.7773292168721513,1.8033995314704594,0.43694959239186881,3.1431044285582028
2000-12-08,-0.35330910310887653,-4.977992040050319,1.0980200879719142,-2.6174290345406277
2000-12-11,-1.8861181140614875,-0.5006165757671216,0.15064259298560756,-4.418698097986165
2000-12-12,-0.64872461555725791,3.4258104588092255,-0.11080849946728331,0.67632979413838434
2000-12-13,0.12208406982911796,2.2373404524582328,0.26574447095821352,0.93422159285704143
2000-12-14,2.6756358595937102,-2.2369593337526164,0.4330510939754979,1.2996381629355014
2000-12-15,1.1469540023352236,2.0767483652545655,0.84131474970707865,5.495390693338682
2000-12-18,0.49393090840799464,0.86737014758595699,-0.1908441550154738,1.0904011327413654
2000-12-19,1.2947737559954924,2.5525178823223591,0.29770682611691052,-0.27147389213493694
2000-12-20,1.9638685064111312,3.7807229182168207,2.2381156788763157,4.827944032920219
2000-12-21,2.0894175664645411,0.78486762244221409,1.8398186712694053,-0.029373627246315138
2000-12-22,-0.15139668198520106,-1.8588903963191441,-0.34150869777781145,0.35969253919596356
2000-12-25,-0.00053419691622424601,-0.001273187971744134,-0.16913749702860173,-0.0017504180761956311
2000-12-26,0.025600191239718753,-0.001272897155323745,-0.25841306050138824,0.0099272650510200833
2000-12-27,-0.2618480908385335,0.48476417136763245,0.65773051424132734,1.6333220324821005
2000-12-28,-0.012694918557318611,0.29321047595234695,0.43872946133256002,0.22479827426335305
2000-12-29,-1.2095547197587815,0.68497056355797026,-0.043408898887097314,-2.2413736415706693
2001-01-01,-0.00074081084161755695,9.9999999999999988e-19,4.9999999999999996e-18,3.0000000000000002e-18
2001-01-02,1.2010638034011989,2.090752988037524,-6.9587091028885991e-05,5.0667499338991897
2001-01-03,2.8086741277087448,-5.1187311732631944,2.6808708315141002e-05,-2.9819228411197383
2001-01-04,-1.5927207592446972,0.069405784248928792,-0.91410705655003632,1.5234508502032569
2001-01-05,0.21541972373491039,3.198496645286133,-0.62716173902503347,1.0048771000173107
2001-01-08,2.0789983216563375,1.5528420081390222,0.014287110237862652,3.2030985205739619
2001-01-09,0.46470803274343864,0.52826577480876291,0.99187756316825948,-0.7444399914695532
2001-01-10,0.16770364502182261,0.027296979458374872,0.89676751913883368,-0.89684357169985074
2001-01-11,-1.2755949069102093,-2.1202140468722841,0.81637990366507529,-3.5341358681908441
2001-01-12,-1.4408491339700236,-0.91447506724993466,-0.73166386979081366,-4.3614979302928383
2001-01-15,-0.20503140972342176,-0.37070107264132707,-1.3986055367231809,-1.6546830492177589
2001-01-16,0.95083451313151823,0.026476796914255481,-1.8277494849283766,1.4691134794939282
2001-01-17,-0.66645850127158823,-2.2506071158045335,-1.3833866333927802,-4.4203774232568396
2001-01-18,-0.57310600925555821,-2.8863139435413574,-1.3412983071125499,-2.7610211123098196
2001-01-19,-1.2882374014947564,-3.4448977135290595,-0.87817847049711695,-1.7238586144428816
2001-01-22,0.34144406292059037,1.5222326974774232,0.30811852812935292,2.7355229202788451
2001-01-23,0.93551957176500766,-0.71706892550708901,1.2383731031715837,-0.11590738496522676
2001-01-24,-0.96169827541568187,0.17360459170864659,0.34358034473555499,-0.032567412551594808
2001-01-25,0.6654687840898893,2.688350840505632,-0.70903593415963628,1.6601850814997048
2001-01-26,0.47204772564847636,0.32622460555768562,0.54544523374322018,0.27355921222571988
2001-01-29,0.8985567283465109,-1.9278090739641156,0.49746276686390395,-1.4029203717632597
2001-01-30,0.0022079747095951961,0.25676876095623646,0.13732579971809197,-0.8154553715865811
2001-01-31,-0.036796639258868918,0.80063905556087156,0.12293206077494181,0.98559963963789421
2001-02-01,1.3711163254058913,0.71554436573186608,0.20169420632108692,2.4381251644624955
2001-02-02,0.94101112477682358,2.2138744824263283,-0.079110536340349036,1.5326414582240058
2001-02-05,-0.24777490710646749,0.53660085953121661,0.24847480405463893,1.8336651048653125
2001-02-06,0.027988717856963156,0.60356773972412614,-0.12540274371004886,-1.1555038110673741
2001-02-07,1.0319115738774132,2.0393327215849939,-0.72590992070702298,2.380134059459353
2001-02-08,0.17020205706940872,0.29513876865940858,0.65795165572320202,-0.54198584514891279
2001-02-09,1.3806697548602498,1.9252962248470709,-0.10601785455829167,2.1884391693360912
2001-02-12,-0.79889115224835872,0.12196034329032598,-1.2935254328695e-05,-0.026799903606628872
2001-02-13,0.45481292572127863,0.70861570618672931,0.65420303582489991,2.4615909750821139
2001-02-14,1.4105983098657588,0.51746666703145927,1.5116028752313069,3.3497238130804465
2001-02-15,-0.80413647040712066,-0.099878799870018034,0.17067953448526182,-1.2543543628749609
2001-02-16,2.213171130467686,6.5631821913147332,-0.6323253893585965,2.9853995934161048
2001-02-19,0.99259346079018229,-0.43931767756927631,0.46114751445997126,1.0982796487875321
2001-02-20,0.98084536933461908,1.7704797119413613,-0.033582651101026997,0.33722726591938978
2001-02-21,1.1928046965037777,0.089434897539914696,0.41182405466064914,2.2095888968379054
2001-02-22,-0.18139199239879453,0.18488702264845386,0.10993765405121335,0.31177604292575689
2001-02-23,0.92004656913395666,0.66244002897763699,0.27177113007770753,1.1657826106217433
2001-02-26,-0.27657836254366397,-0.0049134671903763253,0.4797407868515956,-1.9234429627245242
2001-02-27,-0.29993987686682461,0.92942448090211882,1.2595164006426791,-0.092466712294183503
2001-02-28,1.055319909487866,0.74076269532023953,0.63727335910208449,0.068377378674744207
2001-03-01,1.5239625984752747,0.70564122485651148,0.93753008619113176,3.0171572203434907
2001-03-02,0.5612188692468596,0.99441163941948341,0.32569158301296974,-1.9826155690025542
2001-03-05,-0.68427723961195441,0.13890529629876691,0.76583191434430187,-0.56164348192492408
2001-03-06,-2.460224248749094,-1.9785864453994446,-0.99052034120112009,-3.5145880124923319
2001-03-07,1.0576897914160255,-0.15798300470724461,-1.202357280256604,-0.26272885183995404
2001-03-08,-0.40754229196629987,2.071193492608884,0.87128325591861033,2.5483464222178442
2001-03-09,1.0961792361207672,1.1158254036223021,0.88781972371321771,2.7465138866355114
2001-03-12,1.4542691182075467,2.0693924949559426,0.78731666664998634,3.7308942582300877
2001-03-13,0.66529727240307879,-0.19486837482324462,1.2170833622744501,-1.3611028547025346
2001-03-14,-0.14530975315088562,0.48643481811304257,-0.46534543188193705,0.80295197118853945
2001-03-15,-0.95759917424227381,-0.8578903432782965,0.0015046482518550018,-0.34253878111620184
2001-03-16,1.1939027485199327,-0.087804838388159778,-1.388285621882638,1.6559534375402314
2001-03-19,1.0595916212029017,-0.67866606824203735,0.56297785451017113,0.8489713591667194
2001-03-20,-0.81489933157864458,2.0735652146594106,0.00045438127180884102,-2.7448590522772602
2001-03-21,1.0220681956878945,0.7424220487174511,-0.58644083851142426,2.5247695130682262
2001-03-22,1.7187651059929137,-1.5580481918184659,-0.41948946010690946,0.52009249334457031
2001-03-23,-0.81432870614906505,0.11315555106036312,-1.2362394040881364,-0.86906832980109072
2001-03-26,-1.7351823495342904,0.15312028374338146,-1.5403340204915925,-1.1180589519588013
2001-03-27,-0.84936205739207271,0.34806947686172518,0.50399811932125738,-1.9025037359413886
2001-03-28,2.0937644523113659,3.2120314837695658,0.098588947350452524,2.8513076718045132
2001-03-29,1.4014161428628971,0.92581831365074729,1.5851401921336505,0.75389726089551967
2001-03-30,0.36989384260033931,-0.21490273714948818,-0.087042646070996321,0.60443866891996756
2001-04-02,0.1297285940014733,0.81295815488620582,-0.0024096506778583191,2.2290404956037091
2001-04-03,2.9599544785492768,2.310216492506751,1.1804628478354853,4.5584752010730503
2001-04-04,0.16409049623183133,0.7277359939493373,1.2917464913935905,-2.5460791439411552
2001-04-05,-0.56591630448165753,-1.5898329369319095,0.14698486416892337,-2.8380632407232134
2001-04-06,-0.13662288451804727,1.0850045495570857,-0.54223745911136345,2.2164528556035079
2001-04-09,0.70186395172725768,0.39639971979692734,0.66661821852390568,1.9803974764425323
2001-04-10,-2.0268020472588528,-2.1305801325631522,1.1652163950227197,-3.0385940606155453
2001-04-11,0.18122899199324496,-0.46900060974368379,-0.51401869908506914,-0.72838231848708457
2001-04-12,0.3680476890172189,-3.1521895224055783,-0.13272839939581904,-1.2023914872978363
2001-04-13,-0.00028422741484091999,0.000362603422670718,0.31966020828224517,-5.5493277802565998e-05
2001-04-16,-0.03605426025153366,1.4094942832285142,0.70788556001639535,-0.009862336055078717
2001-04-17,0.79401507003762395,0.11926979230420265,0.55798854196995418,2.4275782453198196
2001-04-18,-2.9213047342694756,-4.4118023960486097,-1.532957011168139,-6.3816761438466765
2001-04-19,-1.0753588379509043,-1.1496570832135327,-2.1662887108285243,-0.7708318363521216
2001-04-20,0.25904477196343417,0.91159974683989231,1.271520148553819,1.7328910056224289
2001-04-23,0.58404370657170324,1.9408710599374446,0.01268423845782079,1.5204660585809271
2001-04-24,1.2562935364092396,1.3930060200272194,1.696418102733686,-1.4672219487992537
2001-04-25,0.62339085123229221,-0.56677275800353555,0.28487470708337215,-1.5113287662684816
2001-04-26,-0.86279342716431895,0.77964546891436093,0.50767223769991277,-1.2451162199018022
2001-04-27,-0.48231624563327186,0.11135440612938113,0.026220581408753833,-1.1374944422578148
2001-04-30,-1.2200680842346696,-1.2178109394952188,-0.00085362725268305409,-1.3087934304141269
2001-05-01,0.17383557930404112,-0.1911941998917375,-0.77263517028678952,0.0049966928022820763
2001-05-02,0.18521350655301874,-2.6070617762589494,-1.8384645663989188,-0.97003059512124012
2001-05-03,0.88609479155316206,0.8218000025627874,6.8297990278213991e-05,2.9664449112885825
2001-05-04,-0.39319734426264791,-0.13135503958717018,0.00040430207427401196,-1.5983786505271178
2001-05-07,0.016134024722713244,-0.64585237869789291,-2.5320512357199338,-1.3481860300788322
2001-05-08,-0.15842744124284108,-0.91938168648261487,0.15410408283106916,0.095673863862425407
2001-05-09,0.066613810627618522,2.1078070943519864,0.60012627239900596,2.1170717465538886
2001-05-10,-0.43203143851738796,1.1705202970343009,0.78682842650915974,0.070256053194449955
2001-05-11,0.71941068883556747,1.4029299821372818,0.64847975334759067,1.3661541815823548
2001-05-14,2.0625389098342461,0.83728352646833692,0.37194857970918177,2.1977187246419576
2001-05-15,0.14593711255269182,1.0050290767116232,-0.92053664336678842,0.16343842081144405
2001-05-16,1.170859850490009,0.59664203913427971,1.1444416517368028,-0.68578547092290121
2001-05-17,-0.59258624947872696,0.14088989475173749,-0.65990573550124498,-0.95608124963940844
2001-05-18,-0.4012609805306484,-0.39387516577788922,0.8128028393843143,0.97098755946572601
2001-05-21,0.67956137051603172,-0.00047122974408867196,-0.026924460967272971,-0.66358146471646018
2001-05-22,-0.51014262625155038,-1.7578488682031213,0.088979695009273135,-1.1215777573819965
2001-05-23,1.0700115860202721,0.94360860467463636,0.81786655515346995,0.46876479715258351
2001-05-24,0.38555484703325404,-0.37256805690808498,0.23692573159771646,0.029833430177630828
2001-05-25,-0.010583263384386419,0.32958410912339647,-0.12475899804822053,-0.033921954043900693
2001-05-28,-0.0025390729955711111,0.15493758468697624,-0.023541235082488787,0.51370817372161359
2001-05-29,0.89789875441430245,1.5923080154260048,0.10290667763796332,1.6351501738985652
2001-05-30,1.2193691245940421,1.1355445205247872,1.4076554601494378,2.6456639548909484
2001-05-31,0.2112504176266751,0.37500397851314271,0.893712827387529,-1.105404958271633
2001-06-01,0.88290407583604491,-0.45856764460725696,-0.10813205643943116,0.004036209997552
2001-06-04,0.52669891703451499,0.51157883594049425,0.3701237204330573,0.37901155963524363
2001-06-05,-0.54132625580513072,0.70754668242774499,0.35042828295041822,-0.524662383293934
2001-06-06,-0.049920123807867471,0.65336072021082769,0.11148998810498036,2.0627163875989498
2001-06-07,-0.78486805722617348,-0.14681996582783047,0.25808639305434078,0.035800937321493753
2001-06-08,0.001391198815817658,1.3315806341446266,0.058059504128380422,-0.22719267493371453
2001-06-11,1.0211295172925778,0.097448540689515237,1.183329343318626,-7.0177074459878321
2001-06-12,0.85154419203425902,0.33217531476062095,0.33275993568001039,1.6932614330310716
2001-06-13,-0.40054410023215792,0.83319567701226616,0.48989591743731509,-1.1540680928413809
2001-06-14,0.56460465242650415,0.46895665346707704,0.069523238574106888,2.2485797783407695
2001-06-15,0.29628682425822744,0.84651256155735477,0.67939951334334181,-0.15974013717938518
2001-06-18,1.2036682419999079,1.7481753685001094,0.5125254789091932,1.6146445715434432
2001-06-19,0.61066295875901122,0.078347368139271706,0.17150353201163057,-0.27617037762329599
2001-06-20,0.92129547003135281,-0.12588045009410406,0.21510281127179171,0.93523467767017798
2001-06-21,0.13370433185333505,-1.4294654653336161,-0.37837681291957742,-1.8430857429504086
2001-06-22,0.09480380590229745,-0.53943376748818728,-0.19919118631979713,0.69040166894593957
2001-06-25,0.76133281693143706,-0.31033396812432174,1.1148988807639066,2.0515495305541336
2001-06-26,1.4822675284225164,0.63250352189642123,0.69754244698692924,1.2122153723199556
2001-06-27,0.31443886666152798,-0.15192615280514513,0.060779849278868571,0.37552589929343183
2001-06-28,-0.61126733962649404,-0.88219279779469351,0.43806917650000154,-0.69456699002619082
2001-06-29,0.078967700836275814,-0.33260947519649964,-0.63149292423273018,-0.12416269199594707
2001-07-02,0.96872159118938339,0,0.83196639134658812,0.89195556017749811
2001-07-03,0.04245777771511991,0.23900761049441299,-0.035340265280430001,2.503737062054411
2001-07-04,0.19900838275730401,0.071522885846043077,0.71162514918050057,1.0256469547338014
2001-07-05,1.3375391726413384,0.3739844870786343,0.66805750426450383,1.795006042288388
2001-07-06,0.27227670764649903,1.0545108297751171,0.46931360972553915,2.3745745304037436
2001-07-09,0.529703860364237,-0.2844339950898066,0.37237176486455226,0.43690375448913316
2001-07-10,-0.058934837118233711,0.042498154146888165,-0.26369417244140553,-0.17438127154212646
2001-07-11,-0.3365414514400879,0.21886896952877014,0.37282453214303424,1.3227334419782208
2001-07-12,0.54323476598727938,-0.2607425768902536,-0.70144506547784879,-2.8298249437758916
2001-07-13,0.78760371996465461,0.17492303793155298,-0.10180597251300121,-0.53117442755442079
2001-07-16,-0.58137048855800932,-0.22955607586390356,0.48058359480666424,1.4616421433858111
2001-07-17,-0.40687621533635604,0.24015884997496978,0.41156682714034121,0.77190352302649967
2001-07-18,-0.56344773823042427,0.48861347347575451,0.60162020527922389,1.0365477265567753
2001-07-19,0.20678660051824616,-0.17947222002259722,-0.23925032187846643,-2.4466772841581852
2001-07-20,-0.28079951575736412,-0.26005969790219685,0.00077494093838873196,2.0054181751610631
2001-07-23,1.5430030887978581,0.48833181012358889,-0.046728954285978272,-1.0797222214117834
2001-07-24,-0.32193680499067362,-0.083487094921368951,-0.26657192143918179,-0.006472937154528317
2001-07-25,-1.0407201954809728,0.14876275500002142,0.13323102725816741,0.71436604825643579
2001-07-26,-0.93225462019492034,-0.34232102484229504,0.36516187500763742,0.52159701830917893
2001-07-27,0.62309509736884583,-0.20609518882354969,1.0519985163394336,-2.2438105847323473
2001-07-30,0.83228827375433423,0.071974027083365297,0.64950732485579055,-0.62166725051596405
2001-07-31,-0.12926371103255321,-0.10614104970715918,-0.31203818340201372,-0.34850626547430846
2001-08-01,-0.82625358734008925,-0.49987895617114575,-0.65367077999631118,-0.63182578591649596
2001-08-02,0.27360171964907909,0.24935055141343185,-1.2050600520606858,-0.82595738894919535
2001-08-03,0.58264856014364086,-0.2744440903523378,-0.30942970471151487,1.1838724997357961
2001-08-06,0.030879845021938326,7.3107140141530003e-05,0.95506935094350354,0.84886634856486531
2001-08-07,-0.60310721576813608,0.27653514296312282,0.41265259774399943,-0.43405296425156764
2001-08-08,-0.1317138893765972,0.59515578143316528,0.27049539054992194,1.4505143434212786
2001-08-09,0.65019631586349236,0.54199079002259209,1.2955353628317166,0.76432041047690202
2001-08-10,-0.5766502640185297,0.50002367966076477,0.35845075640579688,0.16927611901879067
2001-08-13,0.4545642641164655,0.43593560146585919,1.1075127989826521,-0.16465565873007171
2001-08-14,0.70062257319571331,0.36969677998590483,-0.67055327768322515,0.066585073777808729
2001-08-15,0.11798859342922363,0.73047066693961593,0.93742621770145584,0.84054978732636765
2001-08-16,0.37519101136886773,-0.032385251049707083,1.2627520089620123,1.8107826459817129
2001-08-17,0.4540383029950375,0.77563247214838327,0.63194155742726132,-0.45300194399571692
2001-08-20,0.31373254122301381,0.43392173954635849,0.4467255617649093,0.53261053640222333
2001-08-21,0.57438099570896317,0.56534139023812668,0.11156407729520143,-0.01008873573309331
2001-08-22,0.018573789555303338,0.38223741217255164,0.86211426071096076,0.10459034387855634
2001-08-23,-0.13041935818284808,0.50746236249940824,1.7705161367104008,-0.23026360971671714
2001-08-24,0.1591309716423534,-0.050023595070886093,-0.18190918166365805,-1.2393659432650854
2001-08-27,-0.015284472113043812,-0.46720199815525548,-0.44527338414958545,-0.53066902930197191
2001-08-28,0.21850441907240833,0.92649028093551511,0.75990205484919404,0.70078151682116363
2001-08-29,0.44605895080097646,0.026532418006029995,0.31591263180984286,0.12348544788441693
2001-08-30,0.64872254734235502,0.079474430443191899,-0.3635611759596809,1.2836925896817477
2001-08-31,0.20245129534198933,0.29660202882715758,-0.13898744438678881,0.090552228835036205
2001-09-03,0.25455740404468646,3.0000000000000002e-18,0.45316808396381814,1.3375955409969915
2001-09-04,1.3354154543949515,0.26660256244946201,-1.5769159133975013,-1.0523245498391962
2001-09-05,0.69295656640725845,0.70547165304966031,0.2165655720186834,1.4084937556269579
2001-09-06,0.89804917982871346,0.27239754838959357,0.2769313065583886,2.0601477509151844
2001-09-07,-0.0086185874110937654,-0.34020528665735877,0.096423855835229375,-0.28535095040497599
2001-09-10,0.67898557813729321,0.78549960860909862,-0.035997511530123247,1.0078646035827956
2001-09-11,-0.37924541422443586,0.18168599542266861,-0.66395055912577272,0.57599710250020686
2001-09-12,-0.66692913418383415,-0.00024379378520608699,0.53009143914253765,0.5437975992096139
2001-09-13,0.22770484924486836,0.65694114354849609,0.42409270617293743,0.020966420743320453
2001-09-14,-0.61233796911198068,1.5915166496817832,-1.1747444881977072,0.69821965934854335
2001-09-17,-0.031911503542607703,-1.3565789787055982,0.12079565874530372,-0.81501880860338127
2001-09-18,2.4214523954296707,-0.20225092081542917,-1.02393294809624,0.4256369996902381
2001-09-19,1.1779755138136239,-0.50264514582445163,-0.88805451386108747,0.54100594310159178
2001-09-20,0.050925826061914634,-0.050267146116667334,-0.27097902332764323,-0.55830018669488657
2001-09-21,0.91122070578009084,-0.1715560461924617,0.37030990578270578,-0.31570169774228146
2001-09-24,-0.92457994394453102,-1.3196013571763925,-0.001875835889880634,-1.2197985908737761
2001-09-25,-0.16502144945464578,-0.063102362137368695,-0.26815686980775016,0.639633750546024
2001-09-26,0.55330869857446752,-0.30926040937909721,0.56680822970862432,-0.19553412488336191
2001-09-27,-1.167685318577661,-0.023840679106277046,-0.28738947860198927,0.73055867864407664
2001-09-28,1.0024737160587693,0.49401195567705269,0.28055924402122778,-1.5607291365646894
2001-10-01,0.29662936562010145,-0.5716583764966745,-0.022509843255397816,1.7410161548749117
2001-10-02,0.82567192484012708,0.26040246770313003,-0.19289124377092873,-1.0739651829063914
2001-10-03,-0.22572124587869427,-0.93442055749727027,0.49516633209911226,-3.0339793127920589
2001-10-04,0.59418983735070174,0.30535063001972662,-1.1081740914710818,-1.4803580604368365
2001-10-05,-0.17533090759035136,0.57424908236030625,-1.4812860345052814,1.1086242010058369
2001-10-08,0.048046290796909336,3.5270915329020999e-05,0.001669360710905446,1.1248642038931222
2001-10-09,-0.061653728648795543,0.48422671954660562,1.4018838500993926,-0.28638673018498756
2001-10-10,-0.62034031889740071,-0.18045852231156226,0.38590162516882232,-1.195926221011681
2001-10-11,-1.7518086594806681,-0.97173512804485762,-1.7400124589235497,-3.3803999324526512
2001-10-12,-1.2926686820000108,-0.53724014050149094,-1.5699734762193602,1.4468337377423164
2001-10-15,0.27725508112412978,0.64550571841551529,0.36973583824356693,-0.4824353215265047
2001-10-16,-0.16487394645383202,-0.6575137586107388,-0.47400902446195908,-0.68576100175976495
2001-10-17,-0.68518291456094871,-0.85805759499563805,-1.5961482392443063,0.28189855958154364
2001-10-18,0.23250540117669333,0.47653410491688653,0.54831376250606123,1.4892086415439194
2001-10-19,0.57786762795680124,-0.10425014251959405,-0.31098127250540086,1.7233983348027344
2001-10-22,0.36127741631269789,0.049702988906315984,0.011068254206529992,-2.3094362595017617
2001-10-23,0.21528075760287843,0.19421120721338767,-0.1719601167050103,-1.4409490254162125
2001-10-24,-0.45992862242855193,-1.0783416976691196,-0.0014776920457813759,-0.82153763314315209
2001-10-25,-0.73360266280622866,0.39461077009523687,0.38166009163959841,1.2548557387293773
2001-10-26,-0.17799007292023514,0.24318792832645242,-0.21584809875713398,-2.2573772505812451
2001-10-29,0.52649292482121168,0.67474490471251125,-0.13754789048804517,2.3419730932989533
2001-10-30,-0.53481566742493569,0.91233597196568872,1.2621043198437742,2.1309102415619079
2001-10-31,-0.30765957300939756,-0.016364735466225067,0.80318732882207933,-0.88568291354430595
2001-11-01,-0.89871084867964601,-0.29697629997804981,-0.21696440713893941,-1.5114055607701853
2001-11-02,0.077774060189542915,-0.11722293870705565,-0.34211636173807836,-0.19147599779700625
2001-11-05,0.27156140579172661,-0.29375153748139898,0.17102908457965507,-2.0895228170591058
2001-11-06,0.070758989466908728,0.33473444877455422,-1.1152935220501861,0.49523224751857609
2001-11-07,0.79990213265637156,-0.33140025383980676,1.1408742549221402,-0.93930575400117922
2001-11-08,-0.096652347502055383,0.094566775689712237,-0.035390252708097057,0.75008930104362492
2001-11-09,-0.68493315788704601,0.1173915432061821,0.031745023513103571,1.3147633155851648
2001-11-12,0.37293089972967647,-0.63491045482970254,0.38651253392900664,0.4606006443463066
2001-11-13,-0.22507010670364228,-0.32473559204108043,-0.43000145318963001,-1.1350303645314577
2001-11-14,0.001953015522693832,-0.40802686408487976,-0.83756946503585339,0.44779903103832863
2001-11-15,-0.23080336104235871,0.4260504129984799,-1.8120691346962912,-0.22369717852065021
2001-11-16,-0.89313019057267218,-0.88098536971981389,-1.7006586853120782,0.60651077232117911
2001-11-19,-0.010666869635294458,-1.5356075292958036,-0.17688899415764051,-1.1767499317565162
2001-11-20,0.29900941678321463,0.27604049416206472,0.49132587710861259,0.10761259476893205
2001-11-21,-0.069315433720443437,0.28332871861875542,0.69735330156566744,0.0175641862800586
2001-11-22,0.4406111435406353,-0.15745198958582576,-0.33848449553765164,-0.13064697808568465
2001-11-23,0.38018093123391183,-0.46398230618050051,-0.0013388831134833409,0.417124487790131
2001-11-26,0.38343475373902175,-0.42824716424695491,-1.0896432811870522,-0.93297109118571786
2001-11-27,0.46289070779580377,0.0043035275513298209,-0.1529218318838404,0.050518054712686167
2001-11-28,0.32128074971642201,0.86499708996790325,0.79978273605245065,1.3009145119712957
2001-11-29,0.32903647491552745,-0.88652342846143628,0.76150123838361083,-0.39724975563315729
2001-11-30,-0.045935531622310059,0.084063617809904428,-0.054713682444920142,-2.2295841749676115
2001-12-03,-0.19996104176127757,0.75975721488326609,0.12219294012058032,1.097877463594481
2001-12-04,0.11095011026527983,-0.72451696830553047,-0.50912145456741198,-1.0463568597133914
2001-12-05,-0.43072318488435135,-0.79567091848157834,-1.2808054698171252,-1.8142994905402627
2001-12-06,0.68856134865755247,-0.63045485286309433,-0.95064395952566427,0.59357742830806526
2001-12-07,0.54537209268605469,0.5267207628023195,-0.24184283845617702,0.24646663693719215
2001-12-10,-0.64701811821021105,-0.49979990821019593,0.37022443937108057,0.69390060210089666
2001-12-11,0.28383125096893108,-0.34829111492597598,-0.010642619133317398,-0.51646319682705799
2001-12-12,0.079867573709438311,0.17113774296526602,-0.33121763027757334,0.31213732709875952
2001-12-13,0.42362667928171782,1.5276661549107065,0.91078753615262509,1.9002286518703486
2001-12-14,0.68975782758485038,0.49021685282447947,0.59524427080638997,1.1133667836807957
2001-12-17,1.6694102504034785,-0.53499162531539057,-0.14686007574953941,-1.6125106051884723
2001-12-18,-0.25692347833552881,0.35767760917688074,0.012105243907708263,-0.32334229518761876
2001-12-19,-0.37780489465340006,0.048389085673002964,-0.40993625388263277,0.7958490778482451
2001-12-20,-0.052493686325431367,0.87095222309272957,0.42780857746855666,1.0783532777965845
2001-12-21,-0.84548933557703543,-1.10501258693508,1.5644936698746927,-1.2247451550500636
2001-12-24,0.77409029925570105,0.64155169809558332,-0.0012261215415326631,0.009117306150394449
2001-12-25,-0.000167546894381122,-4.9829911390877996e-05,0.61541343981795715,-8.4501575170386995e-05
2001-12-26,0.035966604312360012,-4.9826448367967998e-05,0.24152797668344847,-0.00089290162193398704
2001-12-27,0.33058778759730539,-0.22363898611766012,-0.39662055414383807,1.477367459467914
2001-12-28,-0.1657575649398709,-0.16729878010415755,-0.21473808386738624,1.0116248070586635
2001-12-31,-0.22984180793318229,-0.082389000471851825,0.00040795794288031898,-0.0078993666185736555
2002-01-01,2.1458414828434e-05,9.9999999999999988e-19,-0.000261254232373522,9.9999999999999988e-19
2002-01-02,-0.12386567729576473,0.20412813033789667,-0.0035611067133122921,0.1734197330944442
2002-01-03,0.15337337247375135,-0.28451658177025818,0.001421073725219942,-2.6529351833948507
2002-01-04,0.84471182777402887,0.22407946895899028,-1.6960207126567497,-0.60544229631396407
2002-01-07,0.30342063325071217,1.0472366838007741,-0.24586847349338395,-0.22370175730656391
2002-01-08,-0.13315248004925334,-0.4786512749515151,0.35729044384847097,1.9314277231149364
2002-01-09,-1.2729877418059337,0.31868993325894351,-0.0949920911709774,-2.3016075684003683
2002-01-10,-0.96920745181054957,0.53011126270934106,-0.12073449696692923,0.59059399404919766
2002-01-11,0.5512773783582392,0.40327556878632947,0.3872737555972432,0.40855863517414703
2002-01-14,-0.33417726446368201,0.34700396505848224,0.0013271933032477409,1.5687706612072236
2002-01-15,0.30353963387132393,0.023494310440734745,0.73362732284887033,0.32210679931011632
2002-01-16,0.19715801025524596,1.2827494392473522,-0.011863293104566189,0.6910268281458537
2002-01-17,1.2766325867394281,-0.70674909171563027,0.15930080878829508,-0.87154301010053825
2002-01-18,-0.3540471393050843,0.14907340350329684,0.079586079422142186,0.24031021753066667
2002-01-21,-0.12322048762209667,0.71560381749234903,0.61472585697829796,0.71883076395792611
2002-01-22,-0.43655077691609867,0.87659178476258448,0.25670855638933276,0.16200117139485584
2002-01-23,-0.13123610477377012,0.87150248649042927,0.55391985071378669,-0.72812759075189559
2002-01-24,0.83541973346417053,0.094780150782820816,0.044286433926759822,-0.60065859183343595
2002-01-25,0.73630780788999328,1.2770709390665582,-0.3312064934493712,0.47422734395137689
2002-01-28,0.2141295343371874,0.15893870447439795,-0.17540082288042794,1.2333099793811153
2002-01-29,-0.013511016764494059,0.57592615350168541,0.51008127231944322,-0.029587580555860846
2002-01-30,0.1615315341563964,0.088619141284349889,0.6437582399334687,1.5171298839776186
2002-01-31,-0.57455422410269796,1.0845280968577613,-0.22868016098455055,-0.78815776123151493
2002-02-01,0.47122573596284528,0.50679016883956074,0.8955494620663671,0.4559899788319946
2002-02-04,-0.07632030109801638,1.0837313249074727,0.43021238445307158,0.90783605704129433
2002-02-05,-0.11026371565926896,1.1847452863688583,0.74576092466043442,0.65075552450855112
2002-02-06,-0.86771131743657093,-0.78526963312836406,-0.17527243183012237,0.61558896070704749
2002-02-07,1.1249332042665348,0.96199049763792677,-0.68880448513015291,-0.30060561717147161
2002-02-08,0.251088720163129,0.28950012225729699,0.25067627025500777,0.1656871257213853
2002-02-11,-0.67730183164005797,-0.35413841457426287,0.0040915139056276958,-1.4836402090322327
2002-02-12,-0.89917917087883414,0.18377313060042949,-0.43808304931800668,0.41073283730025817
2002-02-13,0.42452274498900339,0.643096106011668,0.15710761980866944,-0.39047011658456549
2002-02-14,-0.43200670879614378,0.83738408567036993,-0.19551577965632727,-0.085143305606095662
2002-02-15,-0.29116753296293069,0.11272263438070933,0.52464686009983685,0.93743224683655413
2002-02-18,0.14232173992663458,-0.6041714947256015,0.15406402577700637,1.628736293473523
2002-02-19,-0.0090342163536098891,0.09685884599735968,-0.10171897210325938,0.20024724255830495
2002-02-20,-0.017211398410021461,0.46202494991840237,0.16500924940014927,0.34638031963391275
2002-02-21,1.4812947252634192,0.61106510639264633,-0.78439941726983176,-0.074659453468830961
2002-02-22,0.2676092255693312,0.61610922467901019,-0.21892194824084216,0.71115265715469655
2002-02-25,-0.77654295578530752,0.14534614267899881,0.29470197900249467,-0.5591940557282552
2002-02-26,-0.031539322633769726,0.84445492151473556,0.073123538402698182,0.12337524270192926
2002-02-27,1.1489472764606932,-0.47878321049207295,0.11703561783377514,-1.1069989182934352
2002-02-28,-0.41066781863563684,-0.087464788688173395,0.14305682300655401,0.88287494045525172
2002-03-01,-0.62087064647081669,-0.13410632855838939,-0.30145360781972974,-0.50425939772280759
2002-03-04,0.57671688221635842,-0.5125989075049634,-1.6203439660839605,0.031308025994179409
2002-03-05,0.17398596187042129,-0.48471116023639099,-0.94997832278945071,0.48045277817046356
2002-03-06,1.9547093099945501,0.28810405712343407,-0.63830011655599739,0.25871333955711934
2002-03-07,0.52676020188672656,-0.50002271943833332,-2.2158371495862643,-0.52263704953859946
2002-03-08,-0.32999101985336976,-0.70151628351437545,-1.7227247613435113,-0.64248534393927426
2002-03-11,-0.46493224959444623,-0.67663480224198003,-0.50837450981219812,1.0733866584705618
2002-03-12,-0.21738908279281519,1.6044829934139744,1.5800863533408938,0.53695747572864927
2002-03-13,-0.33401076786058043,0.36575684094829186,1.2644644299991596,0.8039768510026426
2002-03-14,0.61595685794761268,0.4543680492930911,-0.73673416457789076,-0.5197291362213754
2002-03-15,0.17729189472704465,0.81457526308779449,-0.43302428329795495,-0.11832822542852213
2002-03-18,0.38221851221967501,0.33077861104077294,0.55514840131250887,-0.53047094394400485
2002-03-19,-1.2447338464295108,0.0056494535955707147,0.081593024219737964,-0.19258904695828966
2002-03-20,0.63778100381314784,-0.22469031035916592,0.66664512933559072,0.96315461670492108
2002-03-21,0.50444208288182346,0.6378125416403474,-0.0022456018928012559,-0.081395682421156898
2002-03-22,-0.65285507024737899,0.54958473188778678,0.7752426280016137,-0.73277216976250625
2002-03-25,-0.19324825996219935,1.2084986970533478,0.28756867058106927,-0.43857950834779019
2002-03-26,0.62264158547811022,0.28880210236429821,0.4464111486986887,0.36772364038773947
2002-03-27,-0.12272405525785826,0.9415332531661581,-0.43372974103144996,-0.81565439845748855
2002-03-28,-0.69383248716350054,-0.10109792912046957,-0.035540943044601821,0.017613131082749478
2002-03-29,-8.7507243897445996e-05,-0.00028355141594821098,-0.15559835429872151,4.2189759717917996e-05
2002-04-01,0.08212438426499151,-0.094906327446513242,0.088974147227906877,-0.0065545429749397713
2002-04-02,-0.26338474845851384,-0.63758257391524553,-0.82919717001364646,1.2413104347809563
2002-04-03,0.47537481922555513,-0.11103300820143455,-0.52639089915408865,0.67535407008029402
2002-04-04,0.41302922524772306,-0.34434783409265596,-0.35836185638384732,1.2007300104722587
2002-04-05,-0.41838594101143367,0.62355877908587543,1.1283013808456541,-0.46860199075819042
2002-04-08,-0.20835702333260606,0.51204815439492868,0.10621003715247117,0.628557966912347
2002-04-09,-0.8376765251003655,-0.16897087883059064,0.69597100454525562,-0.32951116532526464
2002-04-10,-0.30359599646175167,0.53474538684082762,0.77600115357901822,0.71155361938424322
2002-04-11,-0.93911573184830621,0.62357693909553835,-0.46133423223546977,1.1576348255809705
2002-04-12,-0.44984843822318055,0.087047937526034236,0.44699330093837669,0.30288303857109145
2002-04-15,1.41054906998509,-0.035427105827841907,-0.30720605329274409,0.30742305040438861
2002-04-16,1.4980171546179388,-0.49544230607871265,-0.58557751361178678,-1.2550407707704117
2002-04-17,-0.12873010549217795,0.20687773657713263,-0.80274521857888503,0.48843617916259841
2002-04-18,-0.45781322099137239,-0.13331589994068999,-0.23512021376198944,-0.038907219931331928
2002-04-19,0.24463548098655449,-0.4738168010300573,0.87200293844607657,0.62529934051131353
2002-04-22,-0.34503078744411292,-0.035200743157198171,-0.80548464133265696,1.100793799411111
2002-04-23,-0.45976293333535562,0.46026419570851812,0.22400180077847659,0.042812842051737965
2002-04-24,0.35411085915019763,0.45704493715900857,-0.070002454819148879,0.1596910137084035
2002-04-25,1.4220198114294411,0.4367091170444099,-0.029472854762922426,0.27501389860130832
2002-04-26,-0.26086156439087865,1.4091753523742427,-0.097020802647163742,0.0042748713747862901
2002-04-29,0.87006245338508081,0.73219282048294076,-0.001068508008687826,0.35082359032734189
2002-04-30,0.23655276886885562,-0.2443125322194668,0.39324716341114307,-0.36773090858834973
2002-05-01,-0.21553968798940676,0.84930570771971448,-0.32649759537833001,-0.0033461280496938153
2002-05-02,0.086720938939418013,0.12549793902454182,0.53215909306313924,1.7379666380958114
2002-05-03,-1.3236447402766602,0.50415271442723486,0.0040506721684800493,1.0245631136274536
2002-05-06,-0.004441627843168745,0.5923746063522386,-0.0016799104575916653,-0.26468982863880192
2002-05-07,0.47678747814716071,0.38629703456424191,0.81442755455537452,0.36462664979360854
2002-05-08,1.1786401250746465,-1.273375695548066,-0.041074915761611076,-1.5997062669387152
2002-05-09,0.51514551304023581,0.34566280635945884,-0.71242966710833855,0.94061116344149442
2002-05-10,-0.13918390290990143,0.84977070259355003,0.27912835508350647,0.32918507231116745
2002-05-13,0.49772269256012469,-0.083311502291198561,0.78363862861033262,-0.71865676080136742
2002-05-14,0.90586809881194175,-0.74937060824876656,-0.028579692946179642,-1.0792483500497239
2002-05-15,0.034381795707188342,0.74803175125555743,-0.75435694783311713,-0.19905119003576005
2002-05-16,0.26589782132664119,-0.19409580045432911,-0.16370368816429343,0.44296754828828538
2002-05-17,-0.40644341191520766,0.026074920906159694,-0.4763981271829047,0.77314789995945943
2002-05-20,0.025187117649001344,-0.000144721265410395,0.23525900328836388,0.3710747804428412
2002-05-21,-0.096728879699138251,1.8844896053928255,0.47311714161222262,0.53493154207899152
2002-05-22,0.12813742848471402,0.37192455727322077,0.57606654449221473,1.6086551928430004
2002-05-23,1.2639487803406761,0.67785688137004452,0.79971955034833442,-0.24606895675463106
2002-05-24,1.9082984101648652,0.58579208854727649,0.7799617642148321,0.53053021076991469
2002-05-27,-0.97917290361194242,-0.078781895803823165,0.51521079955957205,-0.047227184542648321
2002-05-28,-0.19366976192781316,1.7192004286400318,0.31355216261364788,0.23284844263503687
2002-05-29,0.62084545830912619,0.34998707691470876,-0.22015406273746813,0.31800041216228664
2002-05-30,0.038392290140210894,-0.47110898499090492,0.043831183884415863,0.058343150267695466
2002-05-31,0.97530350412526312,0.74032234310016898,-0.10540619821819432,-0.48284578255101318
2002-06-03,-0.0092817655530310992,0.50462672525991492,-0.012479867455422507,0.92500441817057433
2002-06-04,0.0098662872558738478,1.1868432175526582,0.55537186958508522,-0.099655368644798223
2002-06-05,0.40736978374436833,-0.16873478220425125,-0.13927179268482798,0.43166989732156286
2002-06-06,-0.071259540384906547,0.28531138092761266,0.050717344188716804,0.64428848761793622
2002-06-07,-0.25240527428516907,0.00072002608174793299,0.30455714386779825,0.24007727396457346
2002-06-10,-0.10301397934233118,0.089490484605967646,0.31385082898814604,0.29560459857556748
2002-06-11,1.2988237348117055,0.40050326929552194,0.39193233067818922,0.22373977587796168
2002-06-12,0.3812160522519219,0.52335909243240231,-0.13739863041461611,1.2183187445579502
2002-06-13,0.5126882016534472,0.3039599689113664,-0.22299780760171831,0.2827512950345053
2002-06-14,-0.41813454395609662,-0.1918798525567072,0.15576101698647066,0.68041543342835775
2002-06-17,-0.019368743763910921,-0.646089101627777,-0.044319920224316391,-1.1861898374267592
2002-06-18,0.057414929913662066,1.0444574951699708,-0.29211668355523068,0.76575802181173502
2002-06-19,0.69091702402797173,0.47744939339235004,0.13776065505586274,1.16079423863263
2002-06-20,-0.11808265915443499,0.97605963057996836,0.15272142735796568,0.32176318259368253
2002-06-21,-0.041607147942109263,0.07703651695875173,0.64151166481105348,0.35274493702345483
2002-06-24,0.33162252911963613,0.51840689564415476,0.23418242940334683,1.0335330133465108
2002-06-25,0.11715472780804018,0.09807102278024081,-0.16900781255743297,-0.24785895042866396
2002-06-26,-0.40427108959127472,0.25895328852464,0.63642782069006598,0.73540036312249257
2002-06-27,-0.12346275260636463,-0.84416036420209217,-0.30846932211858419,-0.94693289355752697
2002-06-28,-0.001453953701096658,-0.38736866321434621,-0.64669007612778062,-0.80899542192278706
2002-07-01,0.50685484796368541,0,0.44063430162269063,1.7826438622629868
2002-07-02,0.42210214390608192,0.77464620272848128,0.70592828248857709,-0.5147714450109605
2002-07-03,-0.064129161045221608,-0.17398300187308333,0.25444942485440503,-0.60991667986231135
2002-07-04,0.44098298299653521,-0.64428913553455902,0.39272021910832977,0.12363197303463347
2002-07-05,0.46192576685053532,-0.64737071656638889,0.057972114460359984,-0.17298559717481274
2002-07-08,0.98835965817625904,-0.086606049643288052,0.049476149748370765,-0.12178280982872929
2002-07-09,-0.67640327895725694,1.0761812329939773,-0.046018720971056436,1.4561204296469707
2002-07-10,1.0689428493287525,-0.36055116612590005,0.53151682994560512,0.082081549660008468
2002-07-11,0.87715557040018888,0.33515131409379018,-0.066715465464729312,2.589846628845307
2002-07-12,0.49769839077874362,-0.024525240723205412,-0.076184758758801679,1.3071773927674359
2002-07-15,0.019110907412783772,0.71614787729132146,0.22807960930882865,-1.3884924702030765
2002-07-16,1.1489738502695379,0.051823497164532543,-0.25194140028798517,0.19890901668022956
2002-07-17,0.41535697520112058,0.34680082860935307,0.16560723120901921,0.24577870549793079
2002-07-18,0.15302623558064543,-0.49080485947600222,0.032376840968776202,1.0883947867295753
2002-07-19,0.37908596211707651,0.23411711589228562,0.3661085351434844,-0.16391325751830699
2002-07-22,-0.31423949995093681,-0.13658450226449637,0.24843676076210613,-1.4452906645354082
2002-07-23,-0.21766427997292531,-0.061145325976247042,-0.14084262469142686,-2.0227378357873564
2002-07-24,-0.14839707938976746,-0.10410591728742505,0.78027489931477423,1.6872059789280074
2002-07-25,0.2492414882038039,0.86651474594104083,-0.021544897821382913,-0.5587890636647086
2002-07-26,-0.95424358445965696,-0.4278602151670749,-0.14124666676346029,-0.5966937938531427
2002-07-29,-0.80199942542347191,-0.69862551959200925,-0.58910741088621643,0.050754141679048861
2002-07-30,0.39962371222103449,0.045596333099990477,-0.62945361342500639,-0.59253365556444915
2002-07-31,-0.011452297048767291,0.22549360028981369,0.13173911550128545,-1.1723157102509449
2002-08-01,0.18172426290591956,-0.014340691042530936,-0.10723046120554422,-0.62017159327607041
2002-08-02,-0.76294165323147578,-0.37251525698926979,-0.012689955976525179,-0.19212533232037021
2002-08-05,-0.30871511767142723,2.6092302323045999e-05,-0.15979205709454408,-0.69087965440962884
2002-08-06,1.3870821109956917,-0.89782015528155601,-0.47234926138195571,0.67987264131795644
2002-08-07,-0.18873618129377004,-0.10806993787541327,0.087052274366166929,-1.3762944471874361
2002-08-08,-0.067255317420068475,0.23866473287949638,0.69138988523987233,0.7239189543617538
2002-08-09,-0.3167126920152521,0.13794069857300675,0.20543459314820017,0.48866742390932233
2002-08-12,-0.68558185768274205,0.17767755515506814,-0.078997018066025715,0.23005831221165682
2002-08-13,0.18491253337505872,0.29222486196030428,-0.027686612764695178,0.38734211299137533
2002-08-14,0.65298596632555117,0.24430350628402603,0.3032808499341606,-0.28719609861089207
2002-08-15,0.19657618169783989,0.3128735345972376,0.20005062766359541,0.6778215557810382
2002-08-16,0.66602831525287243,0.082578724600911396,-0.44093139912717572,0.57999285929664646
2002-08-19,1.9606790939897989,0.49599108145989068,0.29665689193102984,1.6029969519931484
2002-08-20,0.38520107149385729,-0.14838256586441226,-0.63632255172596008,0.65019983925733249
2002-08-21,0.19872459769276885,0.13109090700068554,-0.46224289510943711,-0.45908610338350725
2002-08-22,0.35408625330534022,-0.25026701557217501,0.18069172718111456,-0.70686287797714298
2002-08-23,-0.36034328135568572,0.75155450494060749,0.23803420650213167,-0.37747227366234493
2002-08-26,0.0069548313762878384,-0.081701363165803509,-0.11351887242621379,0.51337641660008215
2002-08-27,0.29487610734128206,0.58654719336586125,-0.080002603463224908,0.47566452410941096
2002-08-28,-0.40755832827732674,0.030689783885515978,0.33319779499541458,-0.077046517348638419
2002-08-29,1.0039998330057414,-0.026546392374488012,-0.082179248240322716,0.29285559512146575
2002-08-30,0.0063651791589370184,0.17103580504506685,-0.25083077418393912,-0.61703406388180315
2002-09-02,-0.83622718325016188,0,-0.0057300527959241792,-0.3951972764568194
2002-09-03,-0.44697591986510488,0.87490976598856296,-0.034188769945640567,-1.2376248394962448
2002-09-04,-0.16003571061630276,0.10328001880396916,0.060949982741630077,0.28107645992420133
2002-09-05,-0.016476930513856063,0.46071826187234977,-0.15498500321686928,0.50097253524090113
2002-09-06,-0.10890034146540911,-0.25197755977197783,0.0091579782615308115,1.3866194609005247
2002-09-09,-0.73989277943393228,-0.28382997685197869,0.12981354693259098,-0.57910917034169596
2002-09-10,-0.045567763810298062,0.7699309695211437,0.72549143756707957,1.0591374120734953
2002-09-11,-0.4620769484818904,0.12561554771921832,-0.19530638826745644,0.070325843078238942
2002-09-12,-0.425126637511265,0.64526295792169019,-0.27596930131699082,-0.35725496700113135
2002-09-13,0.28445832474306604,0.39476508571686597,0.88636301895578995,0.7243842218661799
2002-09-16,0.61447613548386371,-0.11661854154099292,-0.003784106561993501,0.42884731823891792
2002-09-17,-1.1986322431073542,-0.50869196242960768,-0.015703207275968314,-0.30384787843695976
2002-09-18,0.1504286881475933,0.18100483971804668,0.19043073629053303,-0.87789729475691825
2002-09-19,0.16918517188268264,0.74782749427039286,0.083986207342699251,0.031245601150825204
2002-09-20,0.27461653525939794,0.24530921908872574,0.21468354014133068,1.5062244475826236
2002-09-23,0.14347094484743284,0.02303848496268137,-0.001767072349103539,-1.2359816208467498
2002-09-24,0.037663494438921821,0.25109341664213081,-0.4982279326702565,-1.0413901745569967
2002-09-25,-0.97508488954741002,-0.36078581460886733,0.69215875074940025,1.4130342414076977
2002-09-26,-0.25935025600928086,0.28929235805866005,-0.097971221864197128,-0.35306026597655094
2002-09-27,-0.79962874085663604,0.39147213206119141,-0.45898994883887545,-0.059307747716642878
2002-09-30,-0.20036387163550315,-0.50988851829179305,-0.18142623555441134,-1.7208028317369137
2002-10-01,0.41553948837665683,0.00041934578846368795,0.48904113234909385,0.89677940980703863
2002-10-02,0.28033334144077354,0.58795227416587381,0.3077858631489061,0.45287441963282188
2002-10-03,0.8400377162826681,-0.16255686680754605,-0.5200927577643315,-1.379500732819404
2002-10-04,-0.1412907141940104,0.0027586515336228998,-0.24843607768802192,0.83550597579606578
2002-10-07,-0.75487810867171279,1.1210964386598539,0.23855622884934374,-0.1469124497340967
2002-10-08,1.1333642622261515,-0.11229342997803335,-0.20980409425126623,-0.47577840104357949
2002-10-09,0.42019347836536985,-0.31353312214069012,0.20585298157528237,-2.7017290088066201
2002-10-10,0.99813275041518867,-0.26663727326882042,0.70420412048552239,1.2086643685697318
2002-10-11,0.79243102596144432,-0.71114301950307868,-0.037236986544172977,0.98935761565090241
2002-10-14,-2.1498158863969214,-8.2803249992560012e-06,-0.00044582408740972198,-1.2008612545523611
2002-10-15,0.072044464199409436,-0.41775748262462675,-0.17231836307731896,0.52176702805336339
2002-10-16,-0.1614390934163214,0.55345506541345046,0.04122357233665673,-0.83571084778511751
2002-10-17,-0.59437112740954434,-0.60233067748897884,-0.035529214634335129,-1.2463389891962207
2002-10-18,0.92231737940204006,0.011189780768756409,-0.75993023515016633,0.64307836034493104
2002-10-21,-1.2331980904621505,-0.52986749039730707,0.68052242677471109,1.6564865130183082
2002-10-22,0.2587566553944009,-0.40598394668257376,0.35915984068552492,-0.53545889314329553
2002-10-23,2.139460482369651,-0.32507625280730551,0.18693509516709766,0.45782819407880387
2002-10-24,1.3813874375800199,-0.3867019186273174,0.6483276655621526,-1.0462582961614404
2002-10-25,-1.0733570838483109,-0.15583749228603613,-0.43546129371171349,1.6294055420648486
2002-10-28,0.45703103921911836,-0.12290770510432567,-0.30869965661880283,0.36604518706830869
2002-10-29,-0.49564272510660068,0.48313590499811165,0.46450098557098896,-0.46295841135517479
2002-10-30,0.80508039513465546,-0.54543910882257629,0.05692484830220812,0.38092166485272883
2002-10-31,-0.25507470788184178,-0.12434878822119118,-0.24490111937700937,-0.13057235252431915
2002-11-01,-0.13254577381202998,0.36051891707507433,0.1450637254014388,-0.9641529596800622
2002-11-04,0.75645994209489531,-1.1663864479991297,-0.00022471634568888799,-0.16250215192850598
2002-11-05,-0.31411159721547283,0.083358788161374819,-0.28770527139675528,1.9845070517475478
2002-11-06,-0.83939018892641815,-0.7152699667489032,-0.080901494912701419,-1.0669823678370371
2002-11-07,-0.03905520727860428,0.28335568548608858,0.22156830436524397,-0.33377010141201668
2002-11-08,-0.74925830932269777,-0.035894895926893503,0.30588410680231753,-0.13585957933831055
2002-11-11,0.10680200302057817,-0.22145997007858714,0.27769503556791125,0.065775755501472397
2002-11-12,2.2577343816242368,0.53493747352673193,-0.47645320765222315,0.063019837827058958
2002-11-13,-0.60010699672215406,-0.68841888807191798,-0.1839277341162143,-0.15644363567186378
2002-11-14,1.047997804752774,-0.050242019864978255,-0.52565286546370149,0.18927824820136854
2002-11-15,0.054256643566427613,-0.20557185198450262,-0.47633752250007416,0.075807113321878811
2002-11-18,1.023616615258734,0.23997711450193904,0.059855998091772097,0.52332129284783635
2002-11-19,-0.93881251666643395,-0.18929509689098262,-0.9464308818789553,0.42619298720733029
2002-11-20,0.57128181111578114,-0.95124023797051926,0.4363902098186187,-0.61719977445104057
2002-11-21,0.81623286651960769,-0.50644455188700177,-0.4039571024736186,-0.49418775787322955
2002-11-22,0.42209920679808527,-0.040724474066157,-0.61080210757739717,0.5835959504644127
2002-11-25,-1.3170686832407017,-0.445095759614477,0.21627778067102554,-0.1531398938304015
2002-11-26,-0.77609077440150487,0.85210811174594447,0.10317926720967321,-0.39988878054199384
2002-11-27,0.49614990052034064,-0.18058579431658928,-0.089521928878625479,-0.41617253045970037
2002-11-28,1.233137497454865,-0.64621748135027257,0.015147160057826032,1.4583667855328259
2002-11-29,-0.43097040137257064,0.075298847872173572,0.47845811139040706,0.70972916542615672
2002-12-02,0.34779165692105385,-0.51525983792227981,0.059393886792230122,-0.70795752623576957
2002-12-03,-0.12874133362002849,0.18958759881225651,-0.067033025208119046,-0.71452843396506915
2002-12-04,0.53990128989573116,0.43449778898982816,-0.085310982520480194,0.74439286223479351
2002-12-05,-0.25830215761555003,0.31062971382447663,0.39067828911027291,0.46163791607623822
2002-12-06,0.60636162513907177,0.49139279577746942,0.17422840423665592,0.74664278452325927
2002-12-09,-0.1851422427548734,0.79232103784137686,-0.09438180667163322,0.32251701290608487
2002-12-10,-0.17231005877259525,-1.1451710004474085,0.80252508685941526,0.59142964058688496
2002-12-11,-0.35129035494221433,0.54073013819485127,0.015450143150078977,-0.63190213480317259
2002-12-12,-0.408017450578259,0.47181486447746279,0.087777184655888518,-0.53839447614493396
2002-12-13,-0.1725904711824495,-0.18050324616294702,0.080488288607221153,0.15075765106495911
2002-12-16,-0.07003499821005639,0.67092991371468691,0.02340238012390021,0.32540237982290049
2002-12-17,0.72136216372379569,0.17276988589441897,-0.29527594934703044,-1.0948368823126682
2002-12-18,0.08684796295297538,1.0425745691517569,-0.17997242907572766,-0.63193289082503856
2002-12-19,1.0932449833967066,0.7909999418004503,0.01807266898173749,1.1717515726773895
2002-12-20,-0.12122017330693977,-0.98477678169934679,0.10381854233530209,0.67831495770582917
2002-12-23,0.055145165790494451,0.45607153735464595,0.00057353434043743801,-0.60415432649500889
2002-12-24,-0.30055455734075176,-0.30800238432577437,-0.59945279117552863,-0.0090386416304612024
2002-12-25,-0.0032751475004956197,-0.00015100874057699399,0.35934147607962508,0.0032949845341361749
2002-12-26,0.0024630519346719231,-0.000151001720520206,0.11943901059725255,-0.0096453339448297846
2002-12-27,0.26937042394414656,0.095363080094656175,0.73193682846748387,-1.0923154303464935
2002-12-30,-0.03611488758753275,-0.0058563429591935463,0.32021990368982217,1.0552085496938917
2002-12-31,-0.47239754597027378,-0.4579811440842862,-0.00035840832729454,-0.008787376532533208
2003-01-01,-0.00049651549937344797,0,0.00035400947582511501,0
2003-01-02,0.34856284870672399,-0.3547477889376317,-0.0021834706309760373,0.27540939663734543
2003-01-03,-0.12653213502536695,0.18141092680540508,0.000296942947432206,-0.93461917015942408
2003-01-06,0.82831817731131818,-0.098699921797253426,0.0034421986768883917,1.8061416984624248
2003-01-07,-0.035402088667117193,-0.38076299279277365,-0.055379281821628837,-0.77934761641701966
2003-01-08,-0.10377758646063964,-0.54027555061830579,-0.04814191612869239,-1.0767834695756469
2003-01-09,-0.32363197231675717,-0.023473228528017934,0.04782537002349023,-1.2884576455717229
2003-01-10,0.420611138694367,0.00690024492991906,-0.01675885125163204,-0.8945530111095723
2003-01-13,0.45561822527732232,-0.2650991826284686,0.00099069890011328505,0.80449343375737126
2003-01-14,0.66201433309198821,0.38072594613890515,-0.12340599287794733,0.41436563590312636
2003-01-15,-0.25699019984558652,0.34335157174031705,0.16723820257489203,-0.67386337063397495
2003-01-16,0.60562375634666443,0.19978895543189221,0.83851661114022202,1.046916842441691
2003-01-17,-0.43781974287544323,-0.019550777851634605,0.27835357381708847,-0.66387515649980045
2003-01-20,-0.086754315151183772,-0.26161073941767521,0.69788017052231177,-0.25484619703758554
2003-01-21,0.69466512598086672,-0.27668393503167871,0.48517692181345762,0.15389835478095143
2003-01-22,0.83054543354221899,-0.41155628465552058,0.19141938992262897,-0.62300089487851318
2003-01-23,-0.17507849619129548,0.20589243387603404,-0.22329651745681606,-0.89208931652045076
2003-01-24,0.19392946612389367,-0.61973580106744297,0.1621145105312308,0.51387481283851022
2003-01-27,0.66507385710305011,1.119613553005349,-0.30459858373212073,0.12526842676711278
2003-01-28,0.49404735010680795,-0.010809965870334379,-0.11154857308139396,0.10113722117432487
2003-01-29,-1.8306591438319277,-0.75123801666075207,0.43515655893962973,-0.28109943452451819
2003-01-30,-0.70975647243842666,0.043628901053674493,0.19546329668866197,-0.24011072477931958
2003-01-31,-0.20445407903550086,0.44477762977891261,-0.21756179243305218,0.70344485457247907
2003-02-03,-0.20244526881174157,-0.11033308058374962,0.19682960060954041,-0.33599185201203813
2003-02-04,0.32517062398097302,0.03296959886297389,0.47684026266236995,-0.35638797436201108
2003-02-05,1.2405877035561721,-0.023330809813441041,0.14900064160360604,1.9554640953485531
2003-02-06,0.6006042910835131,-0.13432112382828451,0.53305292889007116,-0.68877337922894144
2003-02-07,0.5108701831571133,-0.43125193580276489,0.50570940768212902,-0.094422946171424271
2003-02-10,0.078389394978774021,0.20028515310962219,0.6296596890033922,-0.068797841489714753
2003-02-11,-0.18277309896818081,0.0066071671511834483,-0.00065174031530928101,1.2159980853617538
2003-02-12,0.59942460634288253,0.42312687987444231,0.25516778669375717,-0.26543295340976819
2003-02-13,0.47342287781695436,-0.14373745559251805,0.028408310832504759,-0.14841204561596597
2003-02-14,-0.29265937925781205,-0.11041069883508638,0.46713561163514083,2.2138860136731124
2003-02-17,0.0051194587747233275,-0.1508648846994326,0.46872816842669851,0.13626386263429224
2003-02-18,-0.70901985826055758,0.28439354145172696,0.16102274781885745,-1.2043429982641121
2003-02-19,0.24405759202833019,-0.34574062633323432,-0.009432114788541595,-1.2826009409345898
2003-02-20,-0.23761254758223305,0.14527600498986626,0.11085634390990222,-0.42593855638760569
2003-02-21,-0.16718832134382275,0.34949320020840113,0.07483408025918567,0.78309285081271052
2003-02-24,0.42675391735724338,0.1326721300148275,-0.20367702899653731,-0.70223675177040901
2003-02-25,0.18921310941231498,-0.16750996906338675,0.22617256585096349,-0.20728092061790818
2003-02-26,-0.0048541423415553314,0.53250206594343164,0.093935771863770778,-0.26278013023201208
2003-02-27,0.070594615978669298,-0.22269072157340958,0.049461435007517859,1.2418405814576614
2003-02-28,-0.53868768550406121,-0.23151722651598089,0.27237481840213734,0.92500285127335058
2003-03-03,-0.35382743675673584,0.20100548801257143,0.061765709118914137,-0.88119008733218118
2003-03-04,0.35432740652502925,0.15292946612575478,0.15934101481832277,0.0037743576567650307
2003-03-05,0.51964661761597541,0.18876858181873293,0.5094218344639152,1.8148169725172512
2003-03-06,-0.14182276222572651,0.16366064717530313,0.46673572109495476,-1.0422617324294867
2003-03-07,-0.30180638275970828,0.32527136230299036,-0.25845843442501371,-0.61073033624447948
2003-03-10,-0.64167219017198796,0.041082054099297424,-0.29323474656847948,-1.4172768301469962
2003-03-11,0.21578883291701356,0.28237395036611035,0.49017524791953382,-0.27426798204593339
2003-03-12,0.072208360280523368,-0.37753941501649346,-0.52846623861664099,-0.73274726646994381
2003-03-13,-0.33599412540671775,0.084338252657647217,0.16605954469025361,1.4670869189786149
2003-03-14,0.025982349066095704,-0.28216213487360997,-0.74150810163515268,-0.88003790526727799
2003-03-17,-0.32818567053241621,-0.61217630326895467,-0.2133309884574964,1.052333271547417
2003-03-18,-0.31912324968201278,-0.55549950171225881,0.13294334020155352,-0.42336477064309813
2003-03-19,-0.68876008340472361,-0.22885752760401679,-0.23665077470081036,0.24613654939623419
2003-03-20,-0.24249650695428202,0.13645809503093639,0.030635408902435397,-0.54498433823743486
2003-03-21,-0.34538331030648711,-0.11557982774701275,-0.0010360852636314619,0.5938032301588797
2003-03-24,-0.012237204076741628,0.20501118557785256,-0.092583770765618162,0.40845080912095483
2003-03-25,-0.50443638030158211,-0.43391298972158454,0.76275565468232509,0.37117264290298746
2003-03-26,-0.33097913187251593,0.19219563684198832,-0.34754560178606053,-0.53090434654567487
2003-03-27,0.40168607851619914,0.076949270947207646,0.20844604403169975,-0.022028724472471835
2003-03-28,0.5665025234345733,0.61983119548170929,0.041460073002446002,-0.76039077115567366
2003-03-31,0.4191873653607408,-0.32929181645369404,0.16120817163037235,0.57010984553563615
2003-04-01,-0.033904785693514336,0.19780894335461544,0.34328210513543428,-1.6077473881408251
2003-04-02,0.69358065327029084,-0.48161187270727124,0.35549256341403168,0.81862948359824572
2003-04-03,0.1833504685042027,-0.60459372343400453,-0.11117548489595284,-0.29576048087941337
2003-04-04,-0.62134777402732166,0.2320578798268752,0.34181804230157647,1.8926957425990341
2003-04-07,-0.66820015557430779,-0.17721197487954513,-0.012079330423492296,0.95618465798011021
2003-04-08,0.065578752258240197,-0.0094257998031609166,-0.087324990732679006,-0.96551052442314478
2003-04-09,0.013053550330869759,0.22714644068269285,0.20645755295216231,-0.26041726888034955
2003-04-10,0.95061084088910952,0.4597164265994087,0.39998017079749015,-0.037037430045203927
2003-04-11,0.223080570181037,-0.20091359131666747,0.66583875208034171,-0.85102960218865453
2003-04-14,-0.2217545728969175,-0.10540789070180917,-0.31797838658623029,0.66092161130971661
2003-04-15,0.95156891021731838,-0.19601727488548337,0.013189352391401017,0.40106057978578741
2003-04-16,-0.02016980845571336,-0.90657400738666671,-0.28126094602389046,-0.81358734249961984
2003-04-17,-0.73412807917306333,0.22867348063320725,-0.41644765893682595,0.52641383570511269
2003-04-18,-0.021069833268616934,6.0711594145105004e-05,0.085421469042446949,0.0028740241170946649
2003-04-21,-0.026007189058123766,-0.34754395282196288,0.45469261221571616,0.012070626661880525
2003-04-22,0.34950083349978878,0.047083531473096782,0.51878943227886953,0.67297044186761978
2003-04-23,0.12620061716382439,-0.18416954508821248,-0.17864187961113853,0.94222754266920972
2003-04-24,0.27941793792547026,0.38320696167688884,-0.6276425775037705,0.40643132372558383
2003-04-25,-0.57132011228561785,0.40518105559250356,0.69174008649963881,-1.0164763077915624
2003-04-28,0.45935365447177429,-0.09530818099953331,-0.21575563548233617,-0.5013275019193919
2003-04-29,0.5277298441246725,0.28546311526031198,0.00017961487639918999,-1.755864695744205
2003-04-30,-1.6749542271141369,0.28525477652472425,-0.11088634346013164,-0.13582071890267544
2003-05-01,-0.85353908666292011,-0.10235553531828677,0.47364927569187693,-0.016229877895584298
2003-05-02,-0.43531621847836,-0.45131288769945227,0.14719647659715906,-0.85482883233607787
2003-05-05,0.0069183374176787051,-0.37914563701952947,0.000616678035923501,-0.57709564054464046
2003-05-06,0.060864813437379123,-0.060833048796885544,-0.3498049111546912,0.33426263259279465
2003-05-07,-0.51556220544984355,0.33146746940061123,-0.23280547541761587,-0.40281581630210772
2003-05-08,0.45369080655553684,0.018118038054729502,0.60233749132388736,0.11299167871942906
2003-05-09,0.070418221378629617,-0.1850866187976882,0.276416328867016,0.140221118856271
2003-05-12,-0.40816651892843159,-0.23067273195493709,0.30088439249356896,-0.26663021499319284
2003-05-13,0.76580790838381385,0.078114955919117254,0.30574584701001606,0.64149570877858986
2003-05-14,-0.21774163859792231,-0.78147907372641912,0.21755494172886039,0.736587349780081
2003-05-15,0.27056552329739464,-0.74423094121443756,0.2339348489312929,0.088387051823062293
2003-05-16,-0.62905800031093739,0.002931636530117162,0.19257381021799336,-0.6543109281994608
2003-05-19,1.3710583236738967,0.00011299355568734199,-0.22645620047966261,-1.495675766859258
2003-05-20,-0.21918246413607265,-0.42102206025599265,-0.22049764076924391,0.88848833217512901
2003-05-21,0.36587140160299597,-0.13203177461509519,0.40048645708080971,0.64122102806919312
2003-05-22,0.091213709102744803,-0.086400673351747864,0.021252179869117462,-0.22469181653988671
2003-05-23,1.5595884274307019,0.34862934515359362,-0.32192057000521962,-0.49446999554760102
2003-05-26,0.0022068934007417602,-0.45126221756815604,-0.14209850581514957,0.60294879521175826
2003-05-27,-0.76423894299232509,0.07122159797725805,0.13289501919870259,-0.32915167996736205
2003-05-28,0.20585918754336632,0.50437268344112751,0.079155617023697777,0.30152745653735208
2003-05-29,1.2440884691683567,-0.21709935368379937,-0.48495601870099692,-0.55864988260476167
2003-05-30,1.34102206731381,-0.29213415002073018,-0.65844089554436214,0.26858378911533354
2003-06-02,-0.99585546926832991,0.15217211336650979,0.25970757253090715,-0.081699848754443305
2003-06-03,-0.46807615680513848,0.62060437394363643,0.19090449674924981,-0.19836046189567708
2003-06-04,-0.024202085018654357,-0.027125432253255519,0.29797664380179489,-0.38106245842250314
2003-06-05,-0.50136581549154091,0.071692074610633927,0.45034142627265972,-0.83462264827178778
2003-06-06,-1.16454843684401,-0.1487406840916817,0.13569627291897005,-0.43680033660484635
2003-06-09,-0.20179276860961246,0.46834349094499911,0.29029063321789211,-0.30964729351336001
2003-06-10,-0.10771855221317297,0.16590489288541241,0.50767039260199787,-0.55474338027177383
2003-06-11,-0.50756136122991402,-0.58618169110459295,0.12556494476958263,0.87315601657038699
2003-06-12,0.33216979509144989,-0.43457841071882636,-0.29533657320338924,-0.061975877599633369
2003-06-13,-0.31626468399803909,0.36924110367401392,-0.47808045568193647,-0.047236003975738815
2003-06-16,0.0093605301339356756,0.036703259794026312,0.5924210702041216,0.98304473942660842
2003-06-17,-0.55061495315986397,0.015320311987311531,-0.78640192099808526,1.2260862423830443
2003-06-18,0.10660750438854533,-0.11422698991688152,0.2096728555579836,1.829316620133099
2003-06-19,0.54826975213585594,0.89747932710789713,0.34460567250640256,0.96789356625182377
2003-06-20,0.058177214253095515,0.54168813102992774,0.56580749686504284,-0.85325064265750727
2003-06-23,0.51678243480380248,0.25056334889653975,0.89969737937980843,-0.019826794273485483
2003-06-24,0.29656594446751822,0.41572985269027768,0.015787479636435023,0.63460972368998791
2003-06-25,0.39648197695100701,0.016135137949513493,0.97327503135267568,0.22525718043061466
2003-06-26,0.2668712108969985,-0.76417620066211744,0.46162225399487461,0.4402208223856896
2003-06-27,0.11113090435620307,0.12989878013384731,0.60684172607941933,0.22027895897068758
2003-06-30,-0.15193741013856177,0.22265975712621325,-0.22569299384728289,0.0097637481132903069
2003-07-01,0.0029262874026759339,0,0.29498124427102151,-0.10859474298283028
2003-07-02,0.80271467493707971,-0.45650376671159487,-0.83446781949133919,0.62276400190109948
2003-07-03,-0.13917975005661118,-0.21979249229016717,-1.4040260005065839,1.16114485757254
2003-07-04,-0.075621849821421755,-0.12805566114800498,0.5815162169323822,0.047748207497094089
2003-07-07,0.34437095313517918,0.26162539025098025,0.40974361902401063,0.79099574811820617
2003-07-08,0.96716468239716069,0.70656988793375408,-1.2064131190845775,0.10530302986938007
2003-07-09,0.54866529568891975,0.30152450435040684,-0.04309837121401125,-0.1234256237700064
2003-07-10,-0.1936098860810701,-0.32215960217486844,0.065654602723764208,-0.44472502092731725
2003-07-11,-0.24229925067500679,0.55388353016089731,0.15462245838348576,1.7167231083359995
2003-07-14,0.1151371359850563,-0.023707484259144311,0.13700169431077611,0.5616557879984182
2003-07-15,1.4994958345232268,0.51811699458816018,-0.6273046968506425,-0.79784892026856724
2003-07-16,-0.13068389178303888,0.19962738791805235,-0.48590693014917419,-0.71656349360453619
2003-07-17,-0.22204928145867384,-0.42968919632434593,-1.5689712263250803,-0.017089989791300324
2003-07-18,-0.22138487653829775,0.44845763125183469,0.36257779421068387,1.4154027680693391
2003-07-21,-0.30407769089327574,-0.27276484601277595,-0.0021484588810406751,0.07135300437185757
2003-07-22,0.0088998493125548653,-0.23227102424865162,0.72259979284987252,0.21948335134106689
2003-07-23,-1.2645880070986479,0.032098742991527381,0.95775160203229237,-0.36059724560092721
2003-07-24,0.9222057394330283,-0.049190160314832261,0.56053798848438752,0.70730666183365287
2003-07-25,0.37800650527063739,0.07928109322700036,-0.4338274220041527,-0.38863169910730627
2003-07-28,0.30975469475504941,0.38844710076561173,1.0517849314147814,0.35373571322807917
2003-07-29,0.24274691752556302,0.26842483192241384,-0.18846461864255698,0.24167668817245028
2003-07-30,0.027522217295018313,0.13191230701363521,0.18605858704506933,0.39817300238246395
2003-07-31,0.63638908117205195,-0.15688891277500008,-0.85446619515795441,0.7998693360119935
2003-08-01,-0.18312029324087961,0.15720426013813904,0.95571965518539914,0.14148135242596127
2003-08-04,-0.1646472506005015,-5.9013810668219994e-06,-0.10501069324457607,0.66897619514485673
2003-08-05,0.44212316150496112,-0.907468075537601,-0.14184317119964837,0.071333260846711793
2003-08-06,0.2985369840793452,-0.063133512802774683,-0.39671486641889764,-0.83955163632057483
2003-08-07,0.048955926579048757,0.26276879351592342,0.033922654507535996,-0.12007215084089691
2003-08-08,-0.18450438157172927,-0.91844050765738716,-0.013100042186242812,-0.014438109000617674
2003-08-11,0.027361507205334635,-0.29354400349919185,-0.22239249802874531,0.50304543192533235
2003-08-12,-0.082529087634428511,0.53368500524333728,0.34088687434535536,0.73566219063132332
2003-08-13,0.27211821121000312,0.19253640583902817,-0.044275646640486103,0.15285757076699324
2003-08-14,0.40856526635479806,-0.37106284613670487,0.36877011041069457,1.8165792391083981
2003-08-15,0.34900598885227097,-0.27929523216398816,0.31556018690362853,-0.43925882079879403
2003-08-18,0.14934245166155188,1.4959881155375425,1.1802539389227982,0.98627526253469089
2003-08-19,0.3282816197424856,-0.38649217683625586,0.12113448923445404,0.76321489496466877
2003-08-20,-0.44660845935568688,0.58631364920975981,0.48355067266114793,0.9758125938285469
2003-08-21,0.12311013393744899,0.96070340972412871,0.1619885773169539,0.40608664393461341
2003-08-22,-0.020213837810939571,0.18562996589550732,0.41300384957377695,0.10165652415611617
2003-08-25,0.014767271146885627,-0.15940052882765535,-0.0091769109109325099,0.32703879815047243
2003-08-26,-0.73212541861296976,-0.10940000546381123,0.73496461586112516,-0.81545333580482549
2003-08-27,0.46908884016611502,-1.5236404613540222,0.17013759148187327,0.42581331230838582
2003-08-28,-0.1863192231036645,0.019001711552224403,-0.45745892067179256,0.16983920253481843
2003-08-29,0.2309386744418073,0.21246033957578905,-0.011583267268970923,0.15181674888570659
2003-09-01,-0.3295104353340651,0,-0.091078433112250654,1.4222078134003149
2003-09-02,0.038294413451403532,0.35418186565119025,0.49971480967553078,0.52757161498607708
2003-09-03,-0.38808432433636808,0.29877252924231362,-0.51157715772183876,-1.0383898633141038
2003-09-04,-0.29236172526071524,0.028016278955179313,-0.54491729754387386,-1.0085459202877047
2003-09-05,0.063117115850224323,-0.68677469525317403,-0.17962209492362249,0.17884065394948256
2003-09-08,0.44499021822054241,-0.21211984060476516,0.8053884457473981,1.5162432017946341
2003-09-09,0.078378894398824631,-0.2438998487111986,-0.0052770909599566939,-0.4756956135931224
2003-09-10,-0.61180018188351748,-0.34864397311586742,0.24557624181989718,-1.0262936095465514
2003-09-11,-0.38288460530489948,-0.119945695586681,0.00029467685513340501,1.1882727990493638
2003-09-12,0.85734763338365605,1.2218007907801955,-0.12750796988638149,-0.25877165733384716
2003-09-15,0.54744367453110965,0.18062053593251437,0.00053160825902528802,0.45458998810253509
2003-09-16,-0.72238603868331608,-0.25060005192484736,0.14185120785921171,-0.31630189654228036
2003-09-17,-0.070727750066272091,-0.58038379318805455,-0.65180603790911174,-0.37499722232423444
2003-09-18,0.37922464768261854,0.45720987154942516,-0.001170511651306253,0.77211493772879236
2003-09-19,0.18819330771452999,-0.31403712875234591,0.37849560307983926,0.70289254900089282
2003-09-22,0.19341517123912461,-0.73007340232894624,0.34403115370020737,-1.4113139159875974
2003-09-23,-0.040428585668848861,-0.19939957981119832,-0.0022596684294066811,-1.0128400596460645
2003-09-24,0.68949169750884254,0.47271046265429384,-0.6649815111271723,-1.0451335213817385
2003-09-25,-0.58026649420853538,0.70982467731295151,-0.68000072148207946,-0.9248439677934327
2003-09-26,-0.43383977446850114,0.69348292844114856,0.2500703688632957,-0.30146431501942006
2003-09-29,-0.12309917967534721,0.19188468484751522,-0.20498972463602644,0.20624932488376266
2003-09-30,-0.17877447544901809,-0.75120004921625338,-0.16491902786450238,-1.5864895186467856
2003-10-01,0.3753413006622921,0.45329803341050734,0.1405097900750768,0.84238154071808302
2003-10-02,-0.05330606164155037,-0.26729078202466905,0.26470946185496258,-0.37238841182603288
2003-10-03,0.028839958857394838,0.95560483168105037,0.33567235767171627,0.77180741466783787
2003-10-06,0.21910814103318832,0.3249619080924836,-0.65527081911881868,0.0077761101235646795
2003-10-07,0.087057546229822438,-0.80394984040074413,-0.60922525671902106,0.3287226565598958
2003-10-08,0.69715567996810857,0.088879400862805297,0.54495470431318604,-1.7353339060392963
2003-10-09,-0.099880143746489652,0.6822952230256083,-0.42229254754365014,1.9542246678475952
2003-10-10,0.0035042875414329697,0.22827525199228652,-0.15516001586286959,-0.23825997577544333
2003-10-13,-0.048325283307622292,-6.0865456750424003e-05,0.0021718160319358008,0.096317452386044777
2003-10-14,0.09406889663794088,0.2161714153023396,-0.26354047172192624,0.22839888270080647
2003-10-15,0.16186240655423539,0.047290580376341998,0.45715264253769872,0.43647248022553076
2003-10-16,-0.19261585339456913,0.19378470793404401,0.28686848806403659,0.41333233292587518
2003-10-17,-0.21867549584750501,-0.24328090914261069,-0.030653784529103979,-0.30628376946196001
2003-10-20,-0.11917160909580919,-0.23342777803801329,0.59392619598557728,0.26691052716082875
2003-10-21,0.78936587314657158,-1.3007601492435652,0.53323532621701875,-0.15580680349611742
2003-10-22,0.2177152726196942,-0.57976538952354384,-0.12728080345472928,-0.12193377618974957
2003-10-23,-0.32263909328024309,-0.68086718180440298,-0.17743133650516854,-0.042239237214696627
2003-10-24,-0.1331763360722133,-0.62984991518749844,-0.49834315267586798,-0.40613044728621772
2003-10-27,-0.48515808877482347,0.45921575768053102,-0.47569639512137557,0.30765537230565082
2003-10-28,0.7453304740108625,0.18939997917575341,0.30473732248108937,0.84705157709833789
2003-10-29,0.0214650431822439,0.068459242454500177,0.71987186962638328,-0.22744902585439386
2003-10-30,-0.33917498488750158,0.47995963818755971,0.0754083926920672,1.2179206658502182
2003-10-31,0.25687775854760442,0.033389095564719778,-0.012774310930711179,0.39003264228935741
2003-11-03,0.040935725733083614,0.4385527663272718,0.0051391110089359718,0.57416611137722451
2003-11-04,-0.25588150183890634,0.16895682728967687,-0.22874463574904602,0.12257767719806208
2003-11-05,-0.031038720233091545,-0.17636503016807376,0.59696294421161133,0.12976622469360344
2003-11-06,0.1422193766118918,0.74468773860738269,0.29723351747447507,-0.29181419399733266
2003-11-07,0.10163579266854333,0.056967476633565148,-0.23653655977074459,0.55452997498031653
2003-11-10,-0.13811422531327339,-0.34623531579655709,-0.43339153975847827,0.061699592849788348
2003-11-11,-0.26540974281816182,-0.38535379240769485,-0.68702604048562899,-0.54270702075744093
2003-11-12,0.50835540026086079,-0.68789891129853586,-1.1147234205114245,0.39002708854937529
2003-11-13,-0.62129578551975351,-0.37216978747810303,-0.1032911026402296,0.42013374470779652
2003-11-14,-0.30779105993381356,0.16635253854186358,0.22197155755895853,0.022866015846553692
2003-11-17,-0.18971413022861741,-0.35107249577966992,-1.7790260592121723,-0.64417117525655088
2003-11-18,1.4351289996521472,-0.82467457206301453,0.1075591676948045,0.22725016755829036
2003-11-19,-0.13730226510360277,-0.21371776235410639,0.65589295118074131,-0.17103073379511588
2003-11-20,-0.13232262373030221,0.22228337860173042,-0.2685654871013462,-0.6007303019841812
2003-11-21,-0.19341269057821164,0.18202463318416076,0.63068435305627513,0.11047576956315799
2003-11-24,0.96650781194189428,0.49118716772907106,0.0019230512735392718,0.91086137760273445
2003-11-25,0.54030573408980509,-0.19194572971429968,0.58323904930354764,-0.69530223846993389
2003-11-26,-0.14139708402215334,-0.39202594695792825,-0.29462534326638079,-0.03801854952467363
2003-11-27,-0.050423742506249168,-0.40206371432034593,0.17755974704272193,0.36535369613663915
2003-11-28,0.28814202396662675,-0.014591347443600081,-0.51454077032699752,-0.16234930881272278
2003-12-01,0.34156692276850326,-0.020138696776365959,-0.030066135980536635,0.78851124677234397
2003-12-02,0.27140927062694098,0.36737514137659233,0.68370367293534873,0.025892753166574828
2003-12-03,-0.22919897367514047,0.80741113924791019,0.56958340594358881,0.45913823326013142
2003-12-04,0.40572722904189856,0.89017708076787916,0.28526200430023585,0.27413760977469565
2003-12-05,0.24072174535158569,-0.14068854070793146,0.47680026394004738,-0.18951569427610479
2003-12-08,-0.060362344436424201,0.43177564837127963,0.069276759058188975,-0.54327507850382295
2003-12-09,0.24280906004571123,0.84852007324351053,0.41839274428376982,-0.19642263402475879
2003-12-10,-0.096636972323157183,0.79593192832729132,0.10569596774916609,-0.014347303629178493
2003-12-11,0.10467118772731869,-0.3779161281306922,-0.34522138722411372,0.10431048571894105
2003-12-12,0.58621726454848511,-0.39687978566851345,-0.29051692344915825,0.8788298528305406
2003-12-15,-0.58136854656034442,0.3411822603430954,0.05737051332136546,-0.42205967373071679
2003-12-16,-0.28289026485164087,0.47496552515010848,-0.002660553783543837,-0.2585616196371705
2003-12-17,-0.16616842081968419,0.11669097826350096,0.49805700101240902,0.21317638066773748
2003-12-18,0.33717642043233997,1.1739978136786857,-0.15982186539999554,0.089927806149876305
2003-12-19,-0.10351856122023523,0.44811438793877578,-0.65036074996781712,-0.17924062746159891
2003-12-22,0.5969177199028235,-0.1035665788400268,-0.56302539184381728,0.14509860437260994
2003-12-23,0.15968060562054556,-0.55152837984723935,-0.00011545760271719499,0.45659539605159821
2003-12-24,0.087000383644288942,-0.17127614278741027,0.30581599214844402,-0.0018852744081573019
2003-12-25,0.0019852672886594091,-0.000174251669924948,0.17486891128709617,-0.00039594609876402104
2003-12-26,0.0021354589299620082,-0.000174245631009901,0.5225915171656611,0.00038437515210591196
2003-12-29,-0.71919955561113269,-0.62005371808537457,0.63845396320908543,0.82463731823440234
2003-12-30,0.076041947784173905,0.12564372359808348,-0.17065751006656449,0.23593001047814438
2003-12-31,0.086150405928983972,0.1310711705041181,0.00064293394969269497,-0.0045861531452718197
2004-01-01,0.0032298484407322654,0,0.00035853119147193302,0
2004-01-02,-0.014152769526943731,0.26452614991548445,-0.0006713272237221699,0.89529352226825254
2004-01-05,1.1396794307323088,0.072131073123405304,0.38064620970086355,-0.6404261870120973
2004-01-06,0.41686450870329161,-0.21008832077004874,0.2260372220922009,-0.6524920894644195
2004-01-07,0.47266964443015119,-0.17626669225783539,0.15187907832214742,-0.86348646957453279
2004-01-08,0.52522890117918464,0.29089051432028407,0.1420087955658742,0.46543162441867864
2004-01-09,0.36435083221854209,-0.46598506821188518,0.14031524112155974,0.68810668563040212
2004-01-12,0.32028773151213552,0.23060319497453255,0.00041466147448128497,0.28918973582453728
2004-01-13,0.86067736504061521,0.80552036132088023,0.30858104326132191,0.65933109949934565
2004-01-14,0.68711901483881821,0.68151962180351844,0.62654672426908786,0.18198331448795357
2004-01-15,-0.39649183433571866,0.75614063697049083,0.19718832340911452,0.48417411792773951
2004-01-16,-0.23060425573012278,0.093684863123489781,-0.18860275326274717,0.81611465412695827
2004-01-19,-0.037588586281213573,0.28933694677430288,0.48993489200626661,0.98251603981537872
2004-01-20,0.31438427852302547,-0.38371047098695937,-0.16355450509974567,-0.88193758713244874
2004-01-21,-0.16924663740725385,0.22765481988428474,0.24257552028321122,1.1464460926132827
2004-01-22,0.081186432720234722,0.35002938652085441,0.2479579359679569,0.30785357943284564
2004-01-23,-0.18954518313395677,-0.055007130908156468,0.43215719158894073,0.34573801037499463
2004-01-26,-0.90436903947843195,0.23704299297427583,0.26703409525452176,-1.2376772887695093
2004-01-27,1.2444644949755674,-0.81304584797582646,-0.093348290963448141,0.34025413035821916
2004-01-28,-0.85604566352610878,-0.41701903460362594,-0.18970429812274203,0.20866602278707408
2004-01-29,-0.83167557752190191,-0.1126858835170364,-0.66920927238092232,-0.4531967858494067
2004-01-30,0.61122778211744266,-0.13669501252750188,0.33159756849708361,0.26198265686217459
2004-02-02,-0.34209561100686592,0.48100675564942796,0.62717057610208105,-0.24714841143869473
2004-02-03,-0.070622474783284594,-0.33932896255569583,-0.31629468422620616,-0.99110492254973515
2004-02-04,-0.53139414787601891,-0.28200817464215749,-0.21235759409806848,0.014273321103154671
2004-02-05,-0.5034071648586731,0.39850477264527295,0.084503951338384009,-0.39068592896125037
2004-02-06,0.51162216081789214,-0.044844297295578456,0.59006231244676577,-0.031991257811871038
2004-02-09,0.34524266802888864,-0.39357228420177698,0.0060777931333845202,0.42163324821163511
2004-02-10,-0.094358449597626751,0.13074665257490972,-0.19433383590504158,0.27399996073903327
2004-02-11,-0.041183999404919083,0.29162623203241916,0.00046363966341594106,-0.19862649514181896
2004-02-12,1.2225451799591207,0.33181002676661098,0.22879323059369772,0.65720395385327424
2004-02-13,0.67208874072375147,-0.2926919879786905,0.25575827363908832,-0.55470642303030104
2004-02-16,-0.55213958770911398,0.001298246982686982,0.39427871382449231,0.54081899664037703
2004-02-17,0.82763176067594402,0.01610409726580769,0.42081467438099868,0.3378006216856238
2004-02-18,-0.74953141800949008,0.53551123466073824,-0.0086902381041552828,0.5686514037875815
2004-02-19,0.19072281880942291,0.37309488059130647,-0.20253585486847045,0.032570470382241423
2004-02-20,-0.21703513371326483,0.11724514272339989,0.096869968888130958,-0.96742392943344413
2004-02-23,-0.051200317378162725,0.030149042914226681,0.24867277860916764,0.28912187854076654
2004-02-24,-0.13241236455812883,-0.20558754820096009,0.13524639511091474,-1.0610551610294747
2004-02-25,-0.25916220280881169,0.37923952177153786,0.052401354680158579,-0.13524128035683622
2004-02-26,-0.2611822776065244,-0.28390767467315031,0.052912773102315111,0.65253969824783176
2004-02-27,-0.29274833858483462,0.75489094975272397,0.12349127036700748,0.66932431001208892
2004-03-01,0.35297998766320893,0.14280964417502429,0.45459401587772719,0.25997793359337207
2004-03-02,-0.096154229587709902,0.34228176611299899,0.13766233096471134,1.0002557978449957
2004-03-03,-0.42744169402592358,-0.27382156158566889,0.26117958222737075,-0.10723927910932055
2004-03-04,-0.32385519400263796,-0.22513969529733108,0.16149841686621522,0.24111907329300236
2004-03-05,0.3456274034390478,-0.65806347834536938,-0.17475020829664695,-0.48348349383294431
2004-03-08,0.16855678043263478,-0.41033955598784694,0.67000630730097466,0.42273565923946504
2004-03-09,0.0050929438751589869,-0.38460566948676478,0.074536561632262535,-0.30788652118336646
2004-03-10,-0.856922462076534,-0.57519243287624233,0.15653906301157119,-0.25989165217539539
2004-03-11,-0.70499122089177846,0.91326579101976069,0.5332685505902599,-1.92653306649034
2004-03-12,0.1831266561164264,0.046237232845572129,0.56899149588872611,-0.11624536125552107
2004-03-15,-0.78108098919996838,-0.41287685822209602,0.71064023347593319,-1.3965268628493934
2004-03-16,-0.23977129871236463,-0.2372272813227716,0.2428745452667318,-0.035838308188719178
2004-03-17,0.88432298817065091,0.42846457352202555,0.67187989354254696,0.57409640857181521
2004-03-18,-0.24261356174267787,-0.23814666864025949,-0.39999824940901396,-0.38031187617528084
2004-03-19,-0.20114801364024038,0.093200079542703748,0.32876829186002032,-0.8578202369838932
2004-03-22,-0.46408391765163221,-0.52083130128231891,0.72695070246876392,-1.6853120913919601
2004-03-23,0.11094282489289965,-0.15127375788080882,0.018534479926731268,0.28326395480786054
2004-03-24,-0.076364149289518166,-0.21435223748058088,1.3654288069912666,-0.285269209875194
2004-03-25,1.2624402384398357,0.81909958539346517,0.52398889756867928,0.67725612196547369
2004-03-26,-0.21791850337525787,-0.24756060689697187,-0.070968361894280824,0.67201522142170067
2004-03-29,0.43259713011422635,0.38169692533009475,-0.53606077016529829,0.67487990141557341
2004-03-30,0.19006640627674271,-0.17790542578506502,-0.46200691384032067,-0.65930233272344252
2004-03-31,-0.41361007304759351,-0.14987217280706464,0.67305557443926878,-0.12178966787104943
2004-04-01,0.55369707235885079,0.087844214435368967,0.58391473443881781,-0.1508627321924032
2004-04-02,0.21619788294762829,0.79770355482656941,-0.64291525654540793,0.34209426140674071
2004-04-05,0.11366446429199126,-0.0527673145148813,-0.77501287500602278,0.34858250044778838
2004-04-06,-0.60040133126978967,-0.69881631245491271,-0.20384348007926484,-0.077832955275541044
2004-04-07,-0.63459785915351707,-0.35641163688240596,0.50732598275409402,0.3492151087082061
2004-04-08,0.47128584787474082,0.18187536746791358,0.29651634697336632,0.012758560780328044
2004-04-09,-0.0043197898417060392,1.7503914961179998e-06,-0.40730580686350293,-2.4851745754164998e-05
2004-04-12,0.0011725126235845361,0.35024337123675003,0.28717037822535202,0.0013220312329043221
2004-04-13,-0.032248698741512712,0.31996937031731854,0.41764671216847565,0.12268938758669429
2004-04-14,-0.55617884448243704,-0.10571053416049592,0.67930571592666844,-0.19378522237569579
2004-04-15,-0.72061880550557889,0.25332607593782891,-0.25217285210425228,0.14465983255477316
2004-04-16,0.19665114606213663,0.60295149573138906,-0.27443015658338954,-0.22963867315301875
2004-04-19,0.90671717002425489,-0.14585726431947046,-0.97681149859671934,-0.25483838433566169
2004-04-20,0.44062120643621938,0.37454137739529597,0.31742043368350414,-0.057920378584833003
2004-04-21,-0.18671636540030734,-0.024009465921539273,0.74106913820540743,-0.14313971032640835
2004-04-22,0.1825184099634731,0.12335303901994912,-0.4501647986090298,-0.095251585277863329
2004-04-23,0.56196469371783631,0.49584900337561466,-0.51616743398432829,0.48795108372163615
2004-04-26,0.77490706352841732,-0.23159800581949763,-0.55321610035683155,0.40476158920466015
2004-04-27,0.46108569517664433,-0.35588930281234743,-0.024260094609220881,0.30435899682467571
2004-04-28,0.40748815173974995,-0.13342842380246506,0.22962210409670764,-0.6512875822604699
2004-04-29,-0.66174236593828184,0.4982230001055365,0.0020929951531624162,-0.75361067524840464
2004-04-30,-0.38788936846376071,-0.14788608550505963,-0.050706951443743133,-0.63252364394743732
2004-05-03,0.0021165864110332441,-0.21002869502320443,0.00026776600006522003,0.29199467208389274
2004-05-04,0.024905557525323349,-0.41534216451680545,-0.0035089083971313268,-0.37908856765092958
2004-05-05,0.2144069585227866,0.43407031291001474,-0.0087235216252663471,-0.18408837198054284
2004-05-06,-0.27731400043154325,0.13160880718163556,-0.93750354453747586,-0.97100785848700866
2004-05-07,-0.38295048315610397,-0.027166493913454444,0.32027197079853881,-0.11917988104390607
2004-05-10,-0.68789120432777795,-0.53672739439635109,-0.73365370568178823,-1.8150499747825681
2004-05-11,-0.01699492090258457,0.29542634644837668,0.021220895043851412,0.59845255810318942
2004-05-12,-0.28926823950280617,-0.031193800202233519,0.35128766451696475,-0.80883174601584729
2004-05-13,0.24981655440048808,0.41982154381951708,-0.14620544328687388,0.037542202957376244
2004-05-14,-0.24185521518396524,-0.33344149109619359,-0.37672046143286109,-0.26216282614020625
2004-05-17,-0.24669257885046436,-0.74577354993566658,-0.9657025317300646,-0.38817624859148597
2004-05-18,-0.047294456083022518,0.37409528568051542,0.66273046048927908,-0.41913095718060622
2004-05-19,0.78924875666842831,-0.15218587057429514,0.69361031239624027,0.61277798624132795
2004-05-20,-0.27831068591081348,0.050314327633389624,0.26536646307451139,-0.44582728026054214
2004-05-21,0.22183148021115012,0.069710677172677274,0.85180899515945563,0.60670748607922431
2004-05-24,0.023328604976454025,2.6427873832763997e-05,0.36399952474900621,-0.1503315028236322
2004-05-25,-1.4280992366360223,-0.29478817549605163,0.1494590215818129,-0.31043549284674249
2004-05-26,-0.35024390262857219,-0.14491399285235929,-0.024700405971988408,0.37182332710530641
2004-05-27,0.21354029277723049,0.018416369084270356,-0.59604459818529032,0.59076932623287626
2004-05-28,0.356950081679897,0.37519123981606622,-0.022086280437892181,0.016791006872770492
2004-05-31,-0.0062481511908982299,-0.24025888735747614,0.35577226955213509,0.26225980729784892
2004-06-01,-0.00307909991236195,0.3388584836370232,-0.022373832097110649,-0.28433391495477017
2004-06-02,0.40500258134267503,0.19469286238193872,-0.13521887580834541,-0.35125196393919367
2004-06-03,-0.4488971281909459,0.22028322217050564,0.075879887906460219,-0.1757417249609049
2004-06-04,0.20169215003449231,0.30481532647534143,-0.10887910261001407,0.43858738753363202
2004-06-07,0.22491884731318731,0.58812231469032639,0.09250334255167339,0.28085972515565116
2004-06-08,0.23751886940467604,0.23749892670447309,0.41768621918394472,-0.64216907952216384
2004-06-09,0.12655951376471497,0.42842492483874428,0.6180296112152156,-0.18479655471208384
2004-06-10,0.012803349473075454,0.11215793661778109,0.22903675237484156,-0.05920491347361638
2004-06-11,0.17684519777454361,-0.10035355128018245,0.13344372183224495,0.030601917548698804
2004-06-14,-0.1253520642369382,0.072798524599272399,0.42003432265344609,-0.54179351267519571
2004-06-15,-0.57422256900658752,0.080663249874554643,-0.363128191151951,0.12493205356493872
2004-06-16,-0.50894268517306718,-0.10924165401404176,-0.021073993686269304,0.2698749269298869
2004-06-17,0.10451053275813316,0.15006481948905459,0.012010370838588174,-0.4248651486206228
2004-06-18,-0.36487690232783326,-0.019813843232219137,-0.042499614185391707,0.29975594208988687
2004-06-21,-0.1935187453570591,0.41892336002229519,0.22434395107931543,-0.15482115940691105
2004-06-22,-0.54084687585866242,-0.16431317265771689,0.0029272887435530122,-0.37770282399328448
2004-06-23,-0.92568013710075647,0.50887255577157231,0.19415731897165225,0.28014366172867733
2004-06-24,-0.41142102283462917,-0.19973199140911441,-0.10676320331765608,-0.01426285298434405
2004-06-25,0.72429634685722188,-0.34793840348024674,-0.045796683137667486,0.035789325233840243
2004-06-28,0.03233214811945203,-0.21698103346040565,-0.071945731314075001,-0.29951842350699986
2004-06-29,0.29012245659832903,0.77387961474803646,0.12603382087208723,0.012881604151851293
2004-06-30,0.1833618843859029,-0.31660227877462804,-0.15216032931285786,0.388969540947674
2004-07-01,-0.11191101788458506,9.9999999999999988e-19,-0.41654273274226761,-0.20407556214206007
2004-07-02,-0.21948639699503747,0.54619522517424124,0.24556336127263145,-0.07213487249535859
2004-07-05,-0.29173729589673325,0.16704883552973748,0.37726344636873821,-0.081810602382810585
2004-07-06,0.31795948162836102,0.48770866899052456,0.70643499785521768,0.45208653857750758
2004-07-07,0.55659110681270352,-0.46665780514494198,-0.17646807283000793,0.31394839728269497
2004-07-08,-0.24488491591324454,0.087353111202877518,0.21588759158304166,0.89146349776244449
2004-07-09,-0.37016200599236121,0.42937249529327443,-0.0095493980641792042,-0.54067874641448543
2004-07-12,0.19497815622799997,0.37005443252094994,-0.22067954985640253,0.12866816287281432
2004-07-13,0.11361433357007299,-0.077976230731082938,0.42389935218842673,0.089840509592640908
2004-07-14,0.43850631472540336,0.51056279809528182,0.6612639940124877,-0.052856984444089213
2004-07-15,0.29795797655115486,0.95271328723538373,0.7143921350216752,-0.30944099011893672
2004-07-16,0.012014273277161525,0.51174490330621447,-0.20575294087517346,0.39611929101702797
2004-07-19,0.31275079963554137,0.62532949474356114,-0.00058809020920723898,0.032104833938294081
2004-07-20,-0.27899925075608922,0.86079940763412965,0.86488764990584077,-0.47030599595806327
2004-07-21,-0.30728069474038516,0.48004028158743206,-0.5067794774905372,-0.014969712125905896
2004-07-22,0.0060256821190638075,0.24516928781246763,-0.03305337723737236,0.12488204248385958
2004-07-23,-0.43381656422073467,0.64800139528350797,0.55529986383420638,-0.35806069182230676
2004-07-26,0.27097210690349655,0.59856061409467998,0.39488494109244404,0.32129267117024901
2004-07-27,0.32439591560082509,0.58515252271977169,0.31510916112522536,-0.02459978761873188
2004-07-28,0.46046480798224726,-0.15998674055636197,-0.56423515540818081,0.10312525073530518
2004-07-29,0.40195709095771254,-0.17498007298638377,0.40603735680398956,-0.19653311067139653
2004-07-30,-0.070115724249105948,-0.29155836268117835,-0.055985360882910076,0.13487614709997892
2004-08-02,-0.098046240779526839,-9.9999999999999988e-19,0.35882604765398163,0.25527166225975079
2004-08-03,0.12059528916858418,0.28809797105138563,0.64056830131989972,0.1912831630551034
2004-08-04,-0.012910712561670631,0.90101199776262586,0.089536295724651258,0.71736457083933014
2004-08-05,0.46332706924785416,0.39229784438693743,-0.18017684675243886,-0.38870188782084142
2004-08-06,0.22103403037451705,-0.31764790080924571,-0.15006074915044848,-0.42660230122668186
2004-08-09,-0.20662784921717517,0.49639863726037559,-0.038986423135921648,0.0091827350794579203
2004-08-10,0.10126778311871901,0.40299655382199584,-0.71400795733786426,-0.26881351430643369
2004-08-11,0.18769505681442214,0.53877385833693814,0.10904207087941141,0.35140585993307355
2004-08-12,0.43570467070564028,0.54371442894103594,0.00037977399088035398,1.0296289755124994
2004-08-13,0.36638304543849165,-0.46216244841112697,0.19294060239112262,-0.68518330116386739
2004-08-16,0.79069644912732484,-0.42539123298441972,0.04444755006367683,-0.53351918355390016
2004-08-17,0.54704598150023476,0.39985623630210854,0.20308364830407927,-0.029580747844649417
2004-08-18,0.1358524988041078,-0.44746375121157839,0.0077770747263981171,0.35294454736471015
2004-08-19,-0.27222042460866364,-0.57939219697496058,-0.16751276365833812,-0.078722753541798793
2004-08-20,-0.38622886883292318,-0.61949315982332531,-0.002670683505269186,-0.30175150704699288
2004-08-23,0.33352221786532404,-0.39009137373962488,-0.12482474393240252,-0.040873786165508449
2004-08-24,0.12761371322842346,0.3683241817580043,0.070483606280978425,0.31256389394726586
2004-08-25,-0.19861634748605275,-0.3668828750466806,0.10727049309129338,0.55852427203119415
2004-08-26,-0.12123915496455775,0.3837777924664888,-0.0026029713893494779,0.15193979997962342
2004-08-27,-0.24681173685849514,0.002858954995658448,-0.12664702605735553,-0.033894178605836697
2004-08-30,-0.0023317687995457739,-0.043899649211531083,-0.038552277586900906,0.023707512593262686
2004-08-31,-0.37724443212621078,-0.016819136507961241,0.3359370801671544,0.36163259533649911
2004-09-01,0.018713973302736556,0.31059816568528398,-0.21534017361896299,-0.36000240670073769
2004-09-02,0.092167435625675365,0.37040075128265521,-0.13521452102832685,-0.23247807903483245
2004-09-03,-0.38564247887411479,0.39494828010902627,0.30610828875633161,0.51392163075422659
2004-09-06,-0.025667455935182607,-6.7082347086115009e-05,0.15146058471070695,-0.24730396194762028
2004-09-07,0.35125834222154906,-0.16807040213295923,0.09993981681317872,-0.32055809212514885
2004-09-08,0.12916409567769507,-0.25238207457495548,0.16706708199543105,-0.49738151387465207
2004-09-09,0.72497213980049191,-0.63057408014869232,0.28316352897905595,-0.14198961274106706
2004-09-10,0.3270775142863081,-0.68204442751819772,0.20446492345480516,-0.52836660732699903
2004-09-13,-0.15088705451972576,0.053887263604807868,-0.1425540969595892,0.17442266283611804
2004-09-14,-1.1225107753727221,-0.11112809167553514,-0.20877447434912416,0.16157849899825083
2004-09-15,0.11317427643402224,0.1766398077847865,0.52202689605418651,-0.61541990613433395
2004-09-16,0.5364533764673346,0.18134854503482875,0.13360337970664932,0.36828752202754061
2004-09-17,-0.033891873883903023,-0.4234755446093974,-0.055943190638948231,0.06713263996277824
2004-09-20,0.13312204637740965,-0.10911309469087478,-0.00039652966943575597,0.034894618959599312
2004-09-21,0.17618073215347635,-0.16304940660924111,0.53782049671727128,0.23118886122447144
2004-09-22,0.075537548228032117,-0.13141451526009471,0.36067129387466723,0.055933828116713748
2004-09-23,0.057986939113789021,-0.15318003362210453,-0.00058741542534556496,-0.082378513063641801
2004-09-24,-0.22705262278780455,0.1776884026463813,0.18999641255425609,-0.020986443409629206
2004-09-27,0.11363600518700047,-0.39609577397155799,0.38146780738589958,0.42962948244571231
2004-09-28,0.39788199330701018,-0.085517595695827148,0.42914100753537376,-0.2715281910458196
2004-09-29,0.31709277374682376,-0.52176832829075404,0.25051520834749963,0.71264345923899719
2004-09-30,0.095522091246705063,0.20034968161096217,-0.48392681823419653,-0.42522272507001246
2004-10-01,0.3128912208108115,-0.088179204941330303,-0.25557967860287301,0.15234461148996228
2004-10-04,0.064250197296786368,-0.30048009424437438,-0.63730480437121428,-0.23306588702776454
2004-10-05,0.19315869419454543,0.089614257113778156,0.050037418980518757,0.48582919241521061
2004-10-06,0.11290296058047783,-0.13846134518486355,-0.1795946041816206,0.13953896521887599
2004-10-07,0.71903053979779419,0.028843444420327265,-0.047121058341439807,0.17182827318069385
2004-10-08,-0.79742253962846044,-0.062816155042354022,0.28161642331858905,0.88007489170993236
2004-10-11,0.49985656787027605,3.1800027231280999e-05,-0.001126053506048949,0.044779529161630971
2004-10-12,-0.11587722250544513,0.40256568853856989,0.5490573011944232,-0.20721917622814012
2004-10-13,0.1367763286008854,-0.52190752769454618,0.088953042509931801,0.054921391477424961
2004-10-14,0.20086855322720504,-0.016634079680742025,-0.17837236743490242,-0.03535961658763398
2004-10-15,0.44202092337361376,-0.44629437947190298,0.04565001445677111,-0.026334679277924225
2004-10-18,0.11784828408942646,-0.40923642414258543,0.33402503109740456,0.054363920483457492
2004-10-19,-0.52263291598285322,-0.36970531103301008,0.022746317723315188,-0.49065285358557081
2004-10-20,-0.106449114584297,-0.46399446622903651,0.22864001915150478,-0.22484653720076528
2004-10-21,0.024334402495912889,0.51195662299822031,0.37920487857790808,-0.42360332688405777
2004-10-22,0.30505426013062609,0.5256999165024635,-0.34045697424707316,-0.24027413467708811
2004-10-25,0.27395976040397108,0.27553323601272178,0.61355166548715478,-0.036378006805280368
2004-10-26,-0.051140597413476853,0.48027326611462712,-0.059067026660877264,0.3141526646178765
2004-10-27,-0.19485083073345244,0.11699696546391609,-0.14584947489789801,0.26454908158383567
2004-10-28,0.14554935109532446,-0.013710752767575609,-0.37782839529683204,0.67856737349350371
2004-10-29,0.18520319403816946,-0.17179011110810377,0.51923471714883718,-0.2680236555957593
2004-11-01,-0.2590047331049502,0.074375249826070036,0.92305239023328278,0.21676969282145719
2004-11-02,0.11807102130412837,0.21143434174987846,-0.32277307435448993,0.61423446480170585
2004-11-03,-0.54464444994054018,0.27143548777103299,-0.00043804676721832602,-0.24266221074755362
2004-11-04,-0.015757241055293761,0.19423053862162334,-0.082445675545692348,0.10881922136949758
2004-11-05,-0.083834167006002727,0.38023318639811537,-0.11594872614200634,-0.94589710271004213
2004-11-08,-0.4074528611567903,0.11461347137058082,0.16945799622233171,0.23369395366125137
2004-11-09,0.24586838841093267,-0.28652400958408514,0.070906335305347276,0.32897104374721597
2004-11-10,-0.37992502288336683,0.22517232600262224,-0.19589888131651975,0.087519235552274047
2004-11-11,0.31124912326811116,0.0266919002812268,-0.086354862712343772,0.50200470834708188
2004-11-12,0.16628051872073579,0.20487907092304575,-0.54472739714247698,0.4825635210457655
2004-11-15,0.24217254621007817,0.1317012947196472,-0.63996621557461764,0.026663339166623681
2004-11-16,-0.38957046732602874,-0.38383965998626435,0.3172988752382418,0.14063441500443491
2004-11-17,-0.15827655063549795,-1.0760664915689757,-0.1315239635985459,0.61730403160477587
2004-11-18,0.71855265850212902,0.28761135650063435,0.20359857624275851,0.23285500383192761
2004-11-19,0.60383572951314446,0.26487803591878289,0.23876132476127518,-0.67186606946857008
2004-11-22,0.29175662011960962,0.51605568343482178,0.42900808425097076,0.15816777121569572
2004-11-23,-0.1140560265409781,0.31169135549705018,0.000864635354641324,-0.52476109979594976
2004-11-24,0.23593191392146518,0.38305548834046149,0.079013458522561017,-0.57404318064984017
2004-11-25,0.015141257878851318,0.023029684988482443,0.31066207386930317,0.51724874571811974
2004-11-26,-0.060174572782415545,0.012641440567188675,-0.14712793401894356,-0.34971553531051164
2004-11-29,-0.13007679934703661,-0.39663354211518925,0.087758417894129956,-0.094560616090034993
2004-11-30,0.40733692071474187,0.54454090935470956,0.44680407396414595,-0.041277408688128847
2004-12-01,0.11473540812123209,-0.75383208818743319,0.49056514064377849,0.21551056701110707
2004-12-02,-0.12682066367810707,0.5567795030246202,-0.15101303552681619,-0.25774510746188506
2004-12-03,0.089039479980357272,-0.010859641557975017,-0.49811682646680855,-0.21229976486299976
2004-12-06,-0.27771187185291057,0.40512956555673374,-0.0038087538060510885,-0.0069676406461920614
2004-12-07,-0.093089475926710685,0.37974079739553024,0.28752172445920754,0.0084209351735894493
2004-12-08,0.10480332651332522,0.40379877125946462,0.25141497394591805,0.57251320428900099
2004-12-09,-0.017778290907416623,-0.36710262134520882,-0.069292017392809407,0.63918725799425391
2004-12-10,-0.14339698253615546,0.14636962971190426,0.29448874626061261,0.5611111606717154
2004-12-13,0.25932978266151319,-0.5081679047377472,0.58699966301957063,-0.19090399471991551
2004-12-14,-0.26237297984880931,1.0943834632999012,0.088436177469906688,0.14179648905432812
2004-12-15,0.32063771844102473,0.55477512340419677,0.10778220069353017,-0.53953946612353698
2004-12-16,-0.10623426280423616,-0.21844112556678452,0.04327106162244336,0.3652821869441501
2004-12-17,0.70764832438585046,0.23234034682740437,-0.51085633436495803,-0.28327887196753249
2004-12-20,-0.39032137172046882,0.37501667205769346,0.22248279726621917,0.1787075614544118
2004-12-21,0.42794600124360616,0.03526203416729707,-0.14517888334040144,0.2770776956494494
2004-12-22,0.013770494464549785,-0.10177636955480049,0.1489376641431859,0.23547441168152569
2004-12-23,-0.14675516240808881,0.074209432961174354,-0.0012297803899406501,-0.12254394995903586
2004-12-24,-0.16257353578355177,0.30750745824373366,-0.1290506197592042,-0.026079709205799145
2004-12-27,0.032558951373517553,-0.00022370073061359102,0.13663138195518718,-0.40726024273478095
2004-12-28,-0.015593863774260433,-0.00022368163647969102,-0.44190074782776839,-0.18439834087053747
2004-12-29,-0.070540446338319268,0.29701038774336325,-0.18044271646627338,0.016861597730661818
2004-12-30,-0.064489501861296941,0.00072654486219567605,0.0092356727490193555,0.44601037501442087
2004-12-31,-0.034164982227863024,0.034821721390165102,-0.0017565173701912288,0.01948669953308586
2005-01-03,-0.056899117454880112,9.9999999999999988e-19,0.001239437813068754,0.056718318572819039
2005-01-04,0.017178283959674683,1.4070387855516602,0.207529097884977,0.5988289703638533
2005-01-05,0.082434398947505788,-0.37998326501300439,-0.026921822693243842,0.6572347585069197
2005-01-06,-0.063802638196692393,-0.093152574462128546,0.023005822651870206,-0.1429779500743644
2005-01-07,0.019437670547992222,-0.061417853787373314,0.14313397976455711,-0.045190677903207362
2005-01-10,-0.10467818787122775,-0.16111096323126761,-0.0010045997099265339,0.087043853630370704
2005-01-11,0.26299492163833904,0.13285305384159893,0.15626268709369018,-0.17942830847415214
2005-01-12,0.51896232959599375,0.27971165983070156,-0.064151334453507333,0.56444505594955985
2005-01-13,0.064557288662460868,0.62945914552074467,0.059557543266110943,-0.4234042960403796
2005-01-14,0.60929144288726733,-0.071898853584811157,0.04728545273070292,0.62404873005483752
2005-01-17,0.088826868367053682,-0.23678286643044566,-0.27359339112329845,-0.041976545325468087
2005-01-18,-0.22956660586392177,-0.3206473889877306,0.0609960059857882,0.22418892681191735
2005-01-19,0.41939917007552857,0.027863419607922171,0.077493629294719688,0.42566011207567056
2005-01-20,0.21697329886986846,-0.46991225416867755,0.049047948378626915,0.0024894143189620119
2005-01-21,-0.014103337764596369,-0.055421175058236426,0.10132255454520528,0.54051698515622504
2005-01-24,0.061587661160961808,0.082297003792276058,-0.21014474773393263,0.37838113184607647
2005-01-25,0.11761103863726355,0.47447221897063196,0.50371005120559886,0.24069842778324155
2005-01-26,-0.15511301298964519,-0.23307153600780217,-0.11080770619557778,-0.14982627382378833
2005-01-27,0.029602543033334577,0.54590282887422514,0.019545020385357291,-0.039019978780820225
2005-01-28,-0.34356390222403954,-0.10734915076112667,-0.36404508759791887,0.065487021440937362
2005-01-31,-0.03301210197734851,-0.30600374633472122,0.23891283325411,-0.16185175663692233
2005-02-01,-0.20814581692933362,-0.15008373957182075,-0.10136576926418378,0.52667108137928231
2005-02-02,-0.099258314627563793,-0.033484807307424466,0.059799997777378544,0.18216477004629095
2005-02-03,0.38613882777683595,0.097780488502329566,0.093670446769756832,0.17987235956314293
2005-02-04,0.007660600029196947,-0.012616767916164982,0.17714061303863149,0.38656522974695345
2005-02-07,-0.15725008203254276,0.25834781681887209,-0.16135538154596496,-0.46338116213329417
2005-02-08,0.094049349484969194,-0.17856569378568657,0.098723156887741179,0.35688177305689478
2005-02-09,-0.25821626916142221,-0.34376014650033609,0.29810545611611322,-0.11230714602155026
2005-02-10,-0.22323189367572599,0.22606135953769008,-0.12770160542687883,-0.25136558792645186
2005-02-11,-0.10526130854362345,-0.41092413555739771,6.3531918192529007e-05,0.16997279189749936
2005-02-14,-0.5852474954807908,-0.03158740640865474,0.091006513835492658,-0.43804230778638376
2005-02-15,0.028637342817933311,0.74861214321211156,0.32595418676908255,0.76449013193619653
2005-02-16,0.35903989466271474,0.65409626278515087,0.14908005096635366,-0.13359690250931333
2005-02-17,0.59256989296833829,-0.54445257894393839,0.23752815306429023,0.2490164473442732
2005-02-18,-0.11431017115957504,0.089997396906040167,0.32922658803223886,0.17211032917418262
2005-02-21,-0.8511848560126779,0.027198300359452372,0.26337749772426089,-0.80054011824311833
2005-02-22,-0.24656055045078037,-0.47059100662513681,-0.032321934539056775,-0.017399146669434665
2005-02-23,0.052721919165247905,0.30780183878518824,0.26930600491002915,-0.043563557971088795
2005-02-24,0.27991107058377862,0.76668848662212796,0.18271129184582219,0.067522218150884453
2005-02-25,0.078329039466075445,0.91685548111158788,0.10699681717654462,0.3214400795654479
2005-02-28,0.17423076147059982,0.32085713570273999,0.12474916100880988,0.064578378118669011
2005-03-01,-0.21135631503388144,-0.033504295657493799,0.41886481702250933,-0.1906811108519165
2005-03-02,0.052225802649256234,-0.095546446677398131,0.11163216717819438,0.084059770745016416
2005-03-03,-0.39883374904057939,0.72330055190183595,0.061044848197636462,-0.30893403518008217
2005-03-04,0.44172355433948102,0.25809031638573371,0.12856322473435955,-0.14338617303945358
2005-03-07,0.23541259097461764,0.22645221129322443,0.32631882815334268,-0.15707612449720443
2005-03-08,0.12174888140279558,-0.30433284333170291,0.2037684951026483,0.11901084464913426
2005-03-09,-0.33437431193043948,-0.18527561967592276,0.40985705883852341,-0.23736511044766825
2005-03-10,-0.25426497895964867,0.010377188440354899,0.25550404663246629,-0.21115097974707536
2005-03-11,-0.056152061900925046,0.12585971178201988,0.10164444455270513,-0.19740771794183368
2005-03-14,-0.14090106892632848,0.022729962774793808,0.27317665330556701,0.15965617670093943
2005-03-15,-0.1583743836195132,-0.10739138265940333,0.52526202930046084,0.022795823273694504
2005-03-16,0.54989646398052727,-0.59561362386159611,-0.12279496415785585,-0.41608558580213567
2005-03-17,0.36643814243804329,0.14573165398903237,0.15227686586657571,-0.29893261446478697
2005-03-18,0.45222200312156557,-0.56144339000496502,0.28453101736855291,0.16886178504707336
2005-03-21,0.13008263569602702,0.97018044989594676,-5.4663951593780001e-06,0.086965628319654445
2005-03-22,0.01687079674521897,0.67074426027662082,0.82376522266329055,-0.2011136592740122
2005-03-23,0.084951682819047955,0.10786719908551673,0.10583143269283321,0.17106541404263165
2005-03-24,0.037657505220238613,0.28041869747993098,-0.020759302973514367,-0.35118825448084612
2005-03-25,-0.0041577707356464759,-0.00017736356382160999,-0.2625989370059586,0.028152478162749496
2005-03-28,-0.010236025815784557,0.10594782871956711,0.13732015779253051,0.11020807368751838
2005-03-29,0.092251465569779839,0.25528674518168099,-0.25606867323147386,0.0089492021996549799
2005-03-30,0.25712015378382802,-0.14436621644064834,-0.65217478305614329,-0.20361455466150308
2005-03-31,0.2816876290591418,0.35507073851013687,0.12714959266035814,-0.32377063759236413
2005-04-01,-0.040334081152116973,-0.12833381610850597,0.1404315058857713,0.53759210612428809
2005-04-04,0.48673020533422529,-0.33599949717138844,0.26602123829266966,-0.64400774706111164
2005-04-05,-0.65030149576307361,-0.24146031814841068,-0.081521535066700651,-0.099678210722216012
2005-04-06,-0.13894730068381023,0.54964193689420682,-0.18810459519007058,0.65628395394032146
2005-04-07,0.26165050091271752,-0.23495870686429782,-0.0068138237574925367,0.061050396028036878
2005-04-08,-0.039720770614514282,-0.29823906634570624,-0.36331504824418509,-0.19789743915186783
2005-04-11,-0.10782538987319079,0.33507777418799545,-0.0066285332592605729,0.44369344082185391
2005-04-12,0.072033521266187325,0.023759976412128007,0.10661327672387157,0.074975880416258578
2005-04-13,-0.21884164150825333,0.12674103904826073,0.38366520683757388,0.11376912701204839
2005-04-14,-0.70455431792007983,0.75718338173853028,-0.18339063349905915,0.3761742424977626
2005-04-15,-0.51995509104686755,-0.10216047932478213,0.018291990761238375,0.035321412392833082
2005-04-18,0.23260905414602007,0.12522419097285534,0.2520873247873478,-0.64129489190820932
2005-04-19,-0.33383458711861219,-0.46711656690078773,0.1358886207373087,0.26922400423859172
2005-04-20,0.029908533853009268,0.10334650362125082,-0.068078411993445553,-0.020175214552507786
2005-04-21,0.1264307421746082,0.47500631641732882,-0.23328042016803277,-0.41371092037782747
2005-04-22,-0.20182185864177907,0.067061756193804875,0.28277467923701821,-0.35774239784283679
2005-04-25,0.08226657363156463,-0.56837133139286578,0.15987688421762403,-0.3166833060678903
2005-04-26,-0.18659998223165036,0.10249433546655187,0.012063038172194283,-0.29691691558811961
2005-04-27,0.025243987910992107,-0.15390859488381853,0.43046110130009968,0.52206416344063189
2005-04-28,-1.3798003114786896,0.62244467631182432,0.48699126480716548,0.053370390491770482
2005-04-29,0.60657513265174379,-0.3334709497111531,-0.002572915424951258,0.32154225250183099
2005-05-02,-0.059518229508687993,1.4400272078204912,0.088495871266322301,-0.23873198119052086
2005-05-03,0.12552449977871855,-0.7416198008838264,-4.0917668538829996e-05,0.16611433016259941
2005-05-04,-0.10316786416179244,-0.13651085542843433,-0.002287716631927012,0.29596095411650525
2005-05-05,0.2724204971397472,0.48459158825869125,0.00046866197625679702,-0.46798049661481306
2005-05-06,-0.073142611491213455,0.71559891537965747,-0.052926289901437225,0.14026716070635736
2005-05-09,0.048940325961815037,-0.22016671725850434,-0.13082393023027911,0.26940220582744245
2005-05-10,-0.02502392597793077,-0.0010515588698023599,-0.00047395685759162005,-0.049771243555636634
2005-05-11,0.24499016074081706,0.1016117851520689,0.21207737628614901,0.050731067341700894
2005-05-12,0.12883126684908358,0.086118961337232791,0.27622476204777946,-0.065410510968807484
2005-05-13,0.16276777486778665,-0.0040614147324086764,0.1242652024739757,0.082042523780095938
2005-05-16,0.087352158886227271,0.74046469112567836,-0.12319172007869321,-0.36157844520503823
2005-05-17,-0.12893586446291588,0.076732193149110131,0.28091200127917559,0.65018172191882895
2005-05-18,0.19458989937586904,0.22299466055717249,-0.11425197495005665,-0.13108467675786856
2005-05-19,0.19567933861479869,0.046686151522420519,-0.84106739964076949,0.022415868095257089
2005-05-20,0.78044009055783659,-0.17035907636301595,-0.067366008265129104,0.13327783221530498
2005-05-23,0.43575304808779763,-0.00029381361265356799,-0.06719259612297053,0.93730405984326204
2005-05-24,-0.86858832945534303,-0.61213187604107444,-0.063083724213644124,-0.47604701862857879
2005-05-25,-0.24775698113830463,0.099259723553348209,0.36531949185604146,-0.044456147508447771
2005-05-26,0.52835483967014663,0.0095123076668186032,0.074033612449613914,0.059376768992895887
2005-05-27,-0.16138366321360745,-0.22379205306080802,-0.43401579396979739,0.28161214964502973
2005-05-30,0.0021940559626371118,0.15242018480267722,0.1166461309135582,0.070369462853230258
2005-05-31,0.0026837900406161889,0.14216820903239044,-0.10979415578022457,0.30428713945794927
2005-06-01,-0.13429258492497761,-0.33505624212905777,0.026636125383420639,-0.16794097395174148
2005-06-02,-0.0048784603100469476,0.31642146519503905,-0.18191699458061789,0.34555733790923926
2005-06-03,0.20461978793561053,0.16883652426931128,-0.23626579999519995,-0.3713677760235588
2005-06-06,0.10577571778422346,0.39513750728434205,0.062819385827140944,0.6814038218799332
2005-06-07,0.32662424362396086,0.47651226645219746,0.23913906001923946,-0.056032140536354809
2005-06-08,-0.10515099603171743,0.11828454352163296,-0.16178684308158053,0.007932089154641199
2005-06-09,-0.1811215838281186,0.16242268622331996,0.45114223789608637,-0.15243253725876243
2005-06-10,0.66432371412116253,0.20765773378555366,0.1243156884464294,0.72727374043940818
2005-06-13,0.21067287135489227,-0.37078251391300637,-0.06972225463390308,0.58337416410781828
2005-06-14,-0.12386112518739524,0.66665941051301747,0.00098346817465019896,-0.0031026726626026788
2005-06-15,0.27396079521919126,0.35828263825838241,-0.13459458239304423,-0.13816973677586863
2005-06-16,0.37494173314587315,-0.39539830969382606,0.13192686897423417,-0.50068239775529633
2005-06-17,-0.1335175046614272,0.32832567602074192,0.051737908971272256,0.16385369004753425
2005-06-20,0.024283268403105993,-0.28971651902956946,-0.076667521468815211,0.51094542902517437
2005-06-21,-0.38166727605987133,-0.3612253064264363,-0.28916045166366428,-0.20387352778755174
2005-06-22,-0.16727818945129774,0.21606032403038289,-0.11153971257012534,-0.66522485603287107
2005-06-23,0.15117400776356277,0.17369040638353475,0.12746637376854103,0.4753147756701902
2005-06-24,-0.035326438754244197,0.27165049473357411,0.0066503237138916781,0.28915809195269765
2005-06-27,-0.10409770900481918,0.14500770268994037,0.4815468795816063,0.51841060385753923
2005-06-28,0.13905200734484821,0.030935815662108158,-0.13543593283080832,0.061810797389116975
2005-06-29,0.23169343309477505,-0.70431948697511071,-0.36477930923619467,0.20506114286365199
2005-06-30,-0.16986382972084962,0.27713145080504015,0.10718377929794123,0.1133726302229577
2005-07-01,0.17143456423352749,9.9999999999999988e-19,-0.18132088312002584,0.7847093577963008
2005-07-04,0.28411414170058336,0.45934828779824649,0.10047497136564335,0.23994141915999137
2005-07-05,-0.42792109085309799,0.26335509771212634,0.04002533285854102,0.31903826751997516
2005-07-06,-0.091229322236891924,0.26471800334640294,-0.055378663909856685,0.13388695333741185
2005-07-07,0.16609156997516467,0.086845201266704627,-0.01473263102102965,-0.71451999140708689
2005-07-08,0.03333243516889127,-0.21423866560667412,0.30322743797329138,1.0061744401226222
2005-07-11,0.083482574855397396,-0.38800699477776268,-0.22372207108382075,0.10351554151589144
2005-07-12,0.55285322320149355,0.064065155863275089,-0.22793209160385727,-0.11235254331493469
2005-07-13,-0.020263609022224304,-0.29412747512707366,-0.063223865244140587,0.011946412887044341
2005-07-14,-0.17026509786990271,-0.027414499490009018,0.0080493011165797945,0.11779918013394082
2005-07-15,-0.16129750269515511,-0.075100181933042603,-0.0061579999148940103,-0.18332275724529526
2005-07-18,0.20154127096340041,0.013334577720895278,0.00015752789601705,0.21801126394983794
2005-07-19,0.35728664552717493,0.29693310426559705,0.29597699100102359,-0.24688614352043037
2005-07-20,0.24329448916427665,0.15217059603361388,-0.076469261351605283,-0.04792389877677887
2005-07-21,0.3073967540977795,-0.45943822294141967,-0.26103933778498195,0.68738966388961154
2005-07-22,0.19535630237577403,0.20335828179231225,0.21590161492820681,0.11281437242293341
2005-07-25,-0.18078034582332458,0.059086975067425308,-0.017159525811750953,1.1816468364017096
2005-07-26,0.82473088253534388,-0.093247022646225211,0.13667712279909311,-0.22965823512199984
2005-07-27,-0.058602538987914773,0.10840829624796142,-0.096601628433886894,0.58157410502428131
2005-07-28,-0.45673746484989192,-0.34181688566482377,-0.12357250604025638,0.8141724900318007
2005-07-29,-0.57234312110792407,-0.2918440488570333,0.28009211913602661,0.2148142484866756
2005-08-01,0.23033914675259834,9.9999999999999988e-19,-0.014215973839235148,0.29218023045205321
2005-08-02,0.23568682896319559,-0.013565861457565645,0.2583211011937892,0.27052929260652581
2005-08-03,-0.19866923092936647,-0.6142001307585081,0.30057667006459243,-0.50441354344275424
2005-08-04,-0.23992971862146967,0.016744844803866867,0.074393387725379678,-0.59491803361777751
2005-08-05,0.17229596143417714,0.61309717134731445,0.12499810871243158,-0.10992637791655811
2005-08-08,0.19721878106534388,0.63235123593006703,-0.070307689167743145,-0.067833102064363368
2005-08-09,0.19009529998099592,-0.57159368385821818,-0.087887462575120687,0.68422069447154854
2005-08-10,-0.035985407898008873,0.65479453571854129,-0.23037132208326236,0.49967422614881779
2005-08-11,0.23477244565771105,-0.22255807935041486,0.085316194012773156,-0.15698510697657353
2005-08-12,0.23236476754594287,-0.21375663169726608,0.032648833879962966,0.46876353145955052
2005-08-15,0.35655809893228074,-0.076720545133335635,0.098634787013204786,-0.36143270797568
2005-08-16,-0.2687383266970666,-0.065337787661023966,-0.14269737938627264,0.060157769777085104
2005-08-17,0.22860101150106657,-0.47685799370483967,-0.039990334820982326,-0.086772059273083513
2005-08-18,-0.37533669207837239,-0.15248849905491099,-0.37280499292872366,-0.2138529537646105
2005-08-19,0.33180003201068042,-0.21181314161986289,0.17209881037981192,0.31298758218305495
2005-08-22,0.16166072719906568,0.3441671503880338,-0.17803574120260213,0.29330564791036201
2005-08-23,-0.16999543058878708,0.30503297602027007,0.05918952580329967,-0.42817691966236604
2005-08-24,-0.097242266453032244,0.19815229677848592,0.00029094518083366702,-0.12921278786011467
2005-08-25,-0.30012643186378757,-0.50935606512256659,-0.031547524966852397,-0.21383519963473269
2005-08-26,-0.13662001691372522,0.13262541490532295,-0.16112666418885399,-0.61458592136565593
2005-08-29,-0.022305390402186858,0.78759689910909614,0.055748040895511969,-0.088524996719359858
2005-08-30,-0.063144236628689648,0.56768228037282986,-0.33118359215030774,-0.85633017350665996
2005-08-31,-0.0035737313419436124,0.43770022451406315,0.12521538774599811,0.17009213584403027
2005-09-01,-0.13640498141004512,0.040978764692394087,-0.18698998814416798,-0.21711107714583872
2005-09-02,-0.48965198846821567,-0.41317164381203808,-0.074766777175542282,-0.23800260163170306
2005-09-05,-0.00048698337577210801,5.1421432753156004e-05,-0.17074454373700657,0.73727060454890381
2005-09-06,0.34616519430334453,-0.26384323104621488,0.2310972456693621,0.00058363281026345599
2005-09-07,-0.43536247702500958,-0.39945644326083968,-0.13478127348628166,-0.14081864682373826
2005-09-08,0.097231315862106024,-0.4709645727199776,0.012675977145153953,-0.023524823104941826
2005-09-09,0.12755832393815703,0.25953357310810654,-0.010209928447012283,-0.26637341284329241
2005-09-12,-0.26999255749351914,-0.15226614322773657,-0.18320510549305519,-0.78859377880116166
2005-09-13,0.2940801274591367,0.32265448639295324,-0.076451722732208599,0.14249907100076825
2005-09-14,0.03103492324320746,-0.23799754710531751,-0.03855032339774192,0.23421197558945403
2005-09-15,0.240829515434409,-0.7584025059103171,0.30968716859209144,0.30543558931714193
2005-09-16,0.31019705246734586,-0.58041209515407899,-0.1239717221636647,0.57661662064712949
2005-09-19,-0.68427183071267472,0.66597544922344798,4.0726521814284005e-05,-0.50659351619284665
2005-09-20,0.077431660846541239,0.54537505469642256,0.47796039053262795,0.03411045669692802
2005-09-21,0.26381540631060618,-0.34381668266687032,0.23844990800185903,-0.18542236271923737
2005-09-22,0.20572575583857394,-0.23352476343126957,0.410798509177694,0.39828799262343151
2005-09-23,-0.089840444421520407,-0.96921847919974757,-0.0011373252270911881,0.08907029713057138
2005-09-26,-0.12524283394423663,0.3646929584330309,1.0203973038415637,0.387605832496698
2005-09-27,0.035098471244165749,0.43101670709527395,0.80043385522802701,0.20992960325911184
2005-09-28,0.36928806913145673,-0.16228207210679638,0.050008562157044155,0.63154024327100344
2005-09-29,0.013087030944717335,-0.037457239848565069,0.83767160694340703,-0.31274531736620176
2005-09-30,0.012618864984637393,0.053589495524176696,-1.082029787572637,0.018484371067470341
2005-10-03,-0.28501491612852992,0.078401347046598444,-0.80448438673209333,0.58090899430052012
2005-10-04,0.23597914019854224,-0.44500451977814071,-0.1402942548253156,-0.0068396152459944057
2005-10-05,-0.34002760308763125,-0.29057798516870248,-0.60140992984733865,-0.0030830654988248021
2005-10-06,0.54153980074737262,-0.59877659558234364,0.15685605453446611,-0.51311611664308188
2005-10-07,-0.22295680816274299,0.19578595177585228,0.18485038154118161,-0.21626382342453415
2005-10-10,0.056695523155960888,0.00014839616593915499,-0.00018950975354883301,-0.27786360777454649
2005-10-11,0.2160800491096698,0.55521072427103146,0.087446441474846731,-0.41165956889741218
2005-10-12,-0.18358285261516685,-0.058950577789035882,0.48683353053222239,0.12915779793047527
2005-10-13,-0.12828567981522007,-0.1379354568265061,-0.12946271229267195,-0.0032647017773290024
2005-10-14,-0.50551301432972251,0.03545754418814534,0.29681557216447729,0.18206823496516047
2005-10-17,0.30307023339390143,-0.55345275825311535,-0.24068314768699414,-0.06802275667807095
2005-10-18,0.089018071067102592,0.26991492183977922,0.075265174627355713,-0.41054771793077566
2005-10-19,-0.4045455217790675,0.93379240853309442,0.29149906480906929,-0.31138983233439432
2005-10-20,0.12300940860950917,-0.36970886133604075,0.20621816179959432,-0.38067665212073964
2005-10-21,-0.083223164922245907,-0.54237480592237175,-0.036551932419544533,0.05305057554304965
2005-10-24,0.20407544091683169,0.3170944626803619,0.034458060047963313,0.71179073364762524
2005-10-25,0.41110911591985855,0.59167831786672365,-0.036204975280514237,-0.091144308334605392
2005-10-26,0.59584941151783022,-0.1641371069859443,0.17400127992182896,0.31161686860369653
2005-10-27,-0.52700050908543861,-0.25838578949954305,0.23290336899228822,-0.20528997092706416
2005-10-28,-0.36408165683121541,-0.41221951291296022,-0.28188916106513418,-0.16638921171384063
2005-10-31,0.64614820979687437,0.064869160805208687,0.39765882201064334,0.34182353778261637
2005-11-01,0.15599677193539815,0.083240531667628112,-0.16156840029994496,0.39269496057681541
2005-11-02,0.1196543636732962,-0.090395594591794429,0.098616670702418502,-0.12159670655721992
2005-11-03,-0.21043414613892722,0.23596897719613824,-0.00049830424875430197,0.11836334534262705
2005-11-04,-0.57768499831337916,-0.35010966290070472,0.23814666358191991,-0.21865032872021539
2005-11-07,-0.16948551920918623,0.12666612485240344,-0.48192545284503124,0.58502897603329129
2005-11-08,0.41872237830446934,0.057087833868378658,-0.038525172317461442,-0.088578646925153645
2005-11-09,-0.2399615000834163,-0.391855471086695,0.09698849583437813,0.011429096304867718
2005-11-10,-0.14395283587912605,-0.53259126519864264,-0.23708815927722762,0.13615559739207345
2005-11-11,-0.46033503385268643,0.19311239512948139,-0.1750409257243393,0.3034113404863224
2005-11-14,0.23904330064102061,-0.065544877366479459,-0.343926539592534,-0.13789035936209493
2005-11-15,-1.6426160580887954,0.36128246207444942,-0.39575592129193898,0.13992858965377439
2005-11-16,0.18761308220529599,0.21274461365914454,-0.13968695074428331,0.46934620372147473
2005-11-17,-0.21537575065964637,-0.6369399038837904,0.0079358006641561726,-0.10785861932823274
2005-11-18,0.25300281081690801,-0.28370025056774828,0.25323749849413202,0.090151287020248189
2005-11-21,0.22351356892751595,-0.24437841102039906,-0.34188299574190928,0.17811758668535338
2005-11-22,-0.42625431029067173,0.026084504712121762,0.0031049657934925732,-0.0066266891901961946
2005-11-23,0.056665941291466446,0.58825530429987816,0.001145635430855752,-0.032936655824436813
2005-11-24,0.47194887260377361,0.48860224735529134,0.1024214452935622,-0.14008879084943152
2005-11-25,0.13242505957693959,0.18026085208677817,-0.045462033000308801,-0.2707828361346003
2005-11-28,-0.18646573571905897,-0.033002184069475034,-0.33146043097226618,-0.2508906018487656
2005-11-29,0.030182253983481649,0.40631272176369176,0.047423428498089858,-0.0040632901870153509
2005-11-30,-0.20733912902823809,0.67954600354075279,-0.00285330755867147,-0.30574709591801558
2005-12-01,-0.33987592956066937,-0.031507891379055436,-0.086214078795349022,0.1301804429704525
2005-12-02,-0.71963639374955535,0.060303712657666243,-0.014372447635767989,-0.25975769959055317
2005-12-05,0.0075573309710120617,0.67468765195475155,0.047339876288329939,0.13803153478814645
2005-12-06,0.37498660774057646,-0.14351390687476914,0.017629166216361274,0.099965117147424828
2005-12-07,0.50700619158893534,-0.160589889595667,0.054332626951445133,-0.26407127027091398
2005-12-08,-0.16383381654621493,0.14922193745196474,-0.2499276625196869,-0.21537197048975004
2005-12-09,0.096201396376020154,-0.50397357925614872,-0.10673342084195304,-0.065298310829440348
2005-12-12,0.11332929017051448,0.61677347484245881,-0.023237956935586584,0.34115839249189028
2005-12-13,-0.66882227335573319,0.5352576894031158,-0.029153813465122077,-0.052454329355831733
2005-12-14,0.1110013584246058,0.10281437015287004,-0.10300020993149187,-0.18850172621652284
2005-12-15,0.13478618582654353,-0.43559523687223656,-0.36829613058458222,0.12545115061802753
2005-12-16,-0.53405144533519755,-0.73069452348410602,-0.089852851126231981,0.20661345035839024
2005-12-19,-0.7781004365003148,-0.056508867469209065,-0.66816060818923384,-0.32728168876233782
2005-12-20,0.29433894887992129,0.52206839549415918,-0.058316159485003037,0.49991327650207446
2005-12-21,0.55976576443771597,-0.21714919148324713,0.11552380287301928,-0.13240266752852012
2005-12-22,0.094506551473643424,-1.1580240176148333,0.042240061258028136,0.20143455001756144
2005-12-23,-0.085496533487509574,-0.45667404552246704,0.00088777276245461897,-0.56711464533778422
2005-12-26,0.011709178832435732,0.00019471720388473699,-0.470587058087031,1.8428921766173999e-05
2005-12-27,-0.01386670623474227,0.00019468676515956999,-0.32441394605829271,-0.017560910752210664
2005-12-28,-0.10579350325617293,-0.10527838953710436,-0.44491626263252171,0.27255000390136819
2005-12-29,0.028990944858380475,-0.36859617764031816,-0.75455629120227641,-0.28875903084029664
2005-12-30,-0.22429307718211444,0.6059537538698917,0.015695822290958426,-0.41211302953682644
2006-01-02,0.026419468926400361,0,0.00062721219204797695,0.81909637787662415
2006-01-03,0.5359932088062328,-1.0090562301894557,0.0021382997036423121,-0.40694777201824939
2006-01-04,0.20593358576153051,0.091679974335743958,0.055049189216124866,0.11364356631731518
2006-01-05,-0.39424315821032735,0.027988941377096049,0.23034733800683937,-0.74985861914701657
2006-01-06,1.0178171579258943,-0.56287421718690489,-0.040588367605304786,-0.45905004760414686
2006-01-09,-0.50010701440991345,-0.12677123506761209,0.00052931061705511595,-0.0094477451667318111
2006-01-10,-0.41902409085865477,0.39656213629076137,0.2092650967566636,0.56773278286201301
2006-01-11,0.090840821097292926,0.11928184970722078,-0.46626017694600919,0.69892436608261455
2006-01-12,-0.041342806798117707,-0.1010298590232088,-0.19167787248464829,-0.11546976966747427
2006-01-13,-0.16585071565720189,0.090436057162505551,-0.26939208573726336,-0.037485760193748309
2006-01-16,0.022984315210906575,0.34105297497040182,-0.28535730575708224,-0.38405774249779961
2006-01-17,0.09871491665124045,0.72294676569831817,2.0067618693862292,-0.044646925274007203
2006-01-18,0.12660564059601911,-0.34514728871498301,0.74189343157190846,-0.41874697717605869
2006-01-19,-0.19596735097659043,0.21196674152110939,-0.58640975937931994,1.0798894875206899
2006-01-20,-0.32714763718989781,0.62796539623454095,0.81979361590871869,-0.54532876369093963
2006-01-23,0.44219521660674566,0.4645314577279569,1.2655305744324037,-0.18660970674103486
2006-01-24,-0.46801379426414813,0.012683556374617768,-1.1105506147316344,0.15075872525068434
2006-01-25,0.49070738469671044,-0.27848387230147764,-0.4510789733931318,-1.7192505073286624
2006-01-26,0.2167787420507114,0.16495180593903208,-0.10506525592546476,0.44153998954792989
2006-01-27,0.27250472543771004,0.15676922312728775,0.077660546803958674,0.3536564313665998
2006-01-30,-0.044812165899183271,0.139846970656788,0.19945572400318312,-0.27680102807193119
2006-01-31,-0.46426672299481042,-0.23598636639497397,0.42472027286516323,0.23934416220532984
2006-02-01,-0.25653715649976427,-0.19062767861834756,0.11759925534119307,-0.53170667969255869
2006-02-02,-0.15528671684765288,-0.029593053872470614,0.082921258342436466,0.23449074295404027
2006-02-03,0.0065924415238160991,0.25156525116571538,-0.43643447349488529,0.0063033722607784906
2006-02-06,-0.21751336298419388,0.43036359611536756,0.076663277935241872,0.86465041228611528
2006-02-07,0.034869097940126083,0.12893516615430986,-0.081475899407162974,-1.1087902914119037
2006-02-08,0.04790706078288938,-0.071223707319928123,0.44768993245091715,0.76818195307704562
2006-02-09,-0.17341240543400263,-0.72171242471252739,0.47637872446940543,-0.2890432725720406
2006-02-10,0.39706003197177103,-0.086221935715375814,0.39616896716656869,0.17436095018643863
2006-02-13,0.041104899378036748,0.53469834506993974,1.2437998428607977,0.92490295779644127
2006-02-14,0.44260804797815884,-0.087391999957086089,-0.42509566630974172,0.15908268448100465
2006-02-15,-0.052180655036643944,-0.29451125530809225,0.42859205134312672,0.19895701349433143
2006-02-16,0.49308953474688672,0.30721660058088263,0.26733305125475787,-0.22532904806084214
2006-02-17,0.10408411471247128,0.41773258042780398,0.73667804749150845,0.512536688777532
2006-02-20,-0.20382158764146807,0.22445648568578605,0.74628790521286348,-0.55648724006783856
2006-02-21,-0.21045140435377854,-0.1903521840769922,-1.3993320808476792,0.0022709441980069719
2006-02-22,-0.010414702941532756,-0.66440829359001252,0.016039822881155172,0.13604731574315618
2006-02-23,0.057820606101579047,0.35909597019401379,-0.26525771194393061,-0.23453035487450694
2006-02-24,-0.29172017605258938,-0.64283468509593822,-0.30319291864236209,0.44415419094507858
2006-02-27,-0.63021198993572525,-0.3171052303921128,0.35562248984011113,-0.28944012436957034
2006-02-28,-0.55831769191459246,0.64341487219599947,0.21752439962998632,0.10782265506415767
2006-03-01,0.32644141897905304,0.44074578896061406,0.42620449715615139,-0.22204847516688531
2006-03-02,-0.28461628601963906,-0.60529085610515099,0.70047451691613882,-0.18516837682581677
2006-03-03,0.83494879154354573,-0.022972580090327922,0.094082238546251737,-0.79815328391193241
2006-03-06,-0.029853095585778873,-0.75853379697660417,-0.92394115122620912,0.17376769051581389
2006-03-07,-0.48957659430632783,-0.20193561861328418,0.55016840386536903,0.1297042171149588
2006-03-08,-0.75142974128529749,0.68615549556144106,-0.20694668509987565,-0.58196227722857929
2006-03-09,-0.44253037802787543,-0.024040981225617535,-0.23333207778006501,-0.13756969049750506
2006-03-10,-0.036547096155467695,-0.29178846004223524,-0.32062555242378676,0.34203214249145275
2006-03-13,0.40961807356135654,0.39596947801285737,-0.26301488658241112,-1.577138135545568
2006-03-14,0.1878691655330493,0.59561029021193101,0.093009091508402558,0.31446970280872721
2006-03-15,0.32360774952554683,-0.295428254281692,0.17336009536693919,-0.027042048663830295
2006-03-16,0.54193233309643163,0.39257052063096254,0.30998933547826057,0.48825286642387211
2006-03-17,0.16726597128055493,0.12346323971997371,0.078711617590029301,-0.45336962059371355
2006-03-20,0.051317309903567095,-0.59425055727847287,-0.13717762938018191,0.17031431168171146
2006-03-21,0.94641253941863279,0.43114514680309735,-0.0009058867294208029,0.076338118513334288
2006-03-22,-0.47092932217776751,0.20499969496980672,0.31951612221838999,0.96975490411958065
2006-03-23,0.18675286742231842,0.23926580554664334,-0.28924529173487978,-0.033834093446145894
2006-03-24,-0.19567872224645361,0.016854006183728332,0.0030827161126225902,0.6616982219833184
2006-03-27,0.20603432631585245,-0.46525468781981449,-0.030312292610493608,-0.3844917665995336
2006-03-28,-0.21812638437690171,-0.16064942234343429,0.21594830232806911,0.32957697150272919
2006-03-29,0.39780748009657396,0.10060349071622661,-0.82883603136381001,0.19305851026332346
2006-03-30,0.13603069328601414,-0.8142995208787942,-0.43630742671506484,-0.29420217549618788
2006-03-31,-0.32833168102884353,-0.39300177444633033,-0.72461001344456921,-0.27238305346848835
2006-04-03,0.084405018571920287,0.17234186939079046,-0.4103752975975386,-0.58458837805136321
2006-04-04,0.23903188021302502,0.33017888913413684,0.11496230476419896,0.086591620814098963
2006-04-05,0.45387576314464456,-0.30070430059870412,0.41321927673160369,0.40318855038859813
2006-04-06,0.13322158615093721,-0.053729733633539625,-0.23679315877238091,-1.2498474053158888
2006-04-07,-0.30632651125705768,0.18906760640351844,-0.042561043186239073,-0.69344371199549726
2006-04-10,0.30473579570683984,0.54044983719526374,-0.0019088812753981692,0.67705212955792937
2006-04-11,0.027920306278047397,0.80920892133641187,0.083884263234001555,-0.64441706956996758
2006-04-12,-0.20169186164828487,-0.045937637523615731,-0.15540530653481935,0.40628702900365482
2006-04-13,0.28955182944755981,-0.030741377954819481,0.029504352275733572,-0.25021613447202429
2006-04-14,0.00068787921092269898,-0.000287650615192735,-0.10409185089413153,0.03431400529420315
2006-04-17,0.094098583519437923,-0.33935624309680446,0.72929766153157805,-0.0037411590973644862
2006-04-18,0.64488849691218764,0.045790318205071942,0.07983218587628918,-0.38503086321028485
2006-04-19,-0.58919739738398624,-0.44165955060612255,0.10616390052395423,-0.038240622433186655
2006-04-20,-0.33757727923413611,0.53252463968356145,0.20304266902925636,1.3263550696896922
2006-04-21,0.13766319553694631,0.16260748193300548,0.59509460044932672,0.40293964478436528
2006-04-24,-0.0022382237269983818,-0.4962778000568534,0.039112772238299197,0.46198610468377044
2006-04-25,-0.17004259913760883,-0.14203785042692735,-0.14086481535182091,-0.10095785657881379
2006-04-26,0.1174988005363175,-0.22082817403462005,0.01602022682551861,-0.17053338333675433
2006-04-27,-0.30419008213508181,-0.071947668737701531,-0.0084311206031609416,-0.31774415077251184
2006-04-28,-0.047727310935954316,0.0073467952998406911,-0.17584903765651091,-0.14288198900924412
2006-05-01,0.064744237237692709,0.1532314433129644,0.41035537631856667,-0.0063629858109284943
2006-05-02,0.083503064682613745,0.3950371183710612,-0.28051848294940679,0.53971667168723292
2006-05-03,-0.28454206955849398,0.04175942037598953,-3.4018128950748e-05,-0.44070725776422898
2006-05-04,0.081347199497053796,-0.25020263571329954,-2.0884368607032001e-05,0.72055505138721077
2006-05-05,0.31115753091752651,-0.45728639800427551,3.2785486925760003e-06,0.027011987446749503
2006-05-08,0.13169966148763596,0.7618115204978706,-0.19002601629179447,0.53296527478710454
2006-05-09,0.82809281912934807,0.3779055793916154,0.16044863914978932,0.0091381310030871181
2006-05-10,-0.14479971171455761,0.15275993821513362,0.10694129223164479,-0.57901514816266186
2006-05-11,-0.0069361807678208261,0.50355220047137583,0.19967923342802457,-0.72986326776813037
2006-05-12,-0.49439283208527751,-0.24117801189186641,-0.1019332895264571,-0.2865122704755334
2006-05-15,-1.2804915309198883,0.88820163511706007,0.36803623298272492,-0.45303515072958112
2006-05-16,-0.80939027725663892,0.23077019291214712,0.75628229607262232,-0.40324518879563476
2006-05-17,-0.6167204918042547,-0.000258104094021032,-0.041215946526884997,-0.8343440133490625
2006-05-18,0.25182101561748804,0.12812500843373417,-0.64112425844149756,0.35102976218546755
2006-05-19,0.10125632725196113,-0.036572483506303502,-0.67303569280884223,0.30375572908387871
2006-05-22,-0.30341338508676713,-0.00048377349668962102,0.41650892893292135,-0.53863036925557384
2006-05-23,0.54825131698821772,-0.22574757574928334,0.30897872094928636,0.55686086437593663
2006-05-24,-0.1353854728047531,0.23665425131328841,-0.313580988961286,-0.092352928178406374
2006-05-25,0.46917510837403387,-0.029948018858138994,0.31712187371592881,0.7478662471096359
2006-05-26,0.28254728540928287,0.081584390685414579,0.23228216169330512,-0.21812864534424695
2006-05-29,0.016739962989536946,0.11058991915451336,0.32803525994203875,-0.057519993871962716
2006-05-30,0.38374957477643235,0.2781641709837564,0.059623276410431338,-0.53570310328092985
2006-05-31,0.21593384553306086,0.43787261602657612,0.29303822239900312,0.67614431907572015
2006-06-01,-0.18542719837671287,0.14165276625429446,1.0529725811820976,-0.78043000636995263
2006-06-02,0.448595143640863,-0.17783816659979532,-0.21211506259431639,0.23806194240475165
2006-06-05,-0.75300398951822267,-0.069660029779230054,-0.4654271567101691,-0.01820306601101699
2006-06-06,-0.59342315964042336,0.11433978093996794,0.18367755292867122,-0.48806755936017632
2006-06-07,-0.53946419388876454,-0.38668556117702774,0.53783864817013805,-0.17730566290613986
2006-06-08,-0.35440587422694197,0.94570573426763016,-0.20907252810052329,-0.44414842825773737
2006-06-09,0.27152546001656547,0.25924803811386238,-0.62400820545098012,0.42015699493918435
2006-06-12,0.14744897257377748,0.3900717912810549,-0.57567924502266454,-0.40036381814324334
2006-06-13,0.027624538096763379,0.77570601400031358,0.30505921359768978,-0.55705181897327538
2006-06-14,0.1745580595240605,0.32289855378365512,-0.37209965602945638,0.13639182753658616
2006-06-15,0.96536540009321825,-0.73029916021521768,-0.46635923366361282,0.052262963944390596
2006-06-16,-0.06403541606200748,-0.5609897708688395,-0.080885698442894477,0.14805924358879086
2006-06-19,0.057997940761110971,0.47826976373567082,-0.20467782285572858,-0.13078598918908593
2006-06-20,-0.053748258368904601,-0.26561374086974859,0.58717130344072732,0.18035346502116717
2006-06-21,0.2589807982417337,0.30105897196979142,-0.086996410670591801,-0.029192087516276072
2006-06-22,0.19950363077879013,-0.1761855437522804,-0.040591219000354534,0.12488368710971047
2006-06-23,-0.041885189421361088,0.016067576696881445,0.045517149323246485,0.46460309198557842
2006-06-26,0.44981391631683354,0.67746839404557702,0.079491589962054271,-0.37025092235923224
2006-06-27,-0.15735399834857292,0.48369717478994428,-0.039918507154760627,-0.076474434487330892
2006-06-28,-0.24750855329780355,0.22738206045673479,0.19161337555876218,0.029370137279171368
2006-06-29,0.1776900606529323,0.13263081548166641,-0.094152367164742123,0.012813964085640221
2006-06-30,0.0025601694473980589,-0.26746546663788823,-0.34036310485873544,0.66159100091184764
2006-07-03,0.15751050550253828,0,-0.93044603043804064,0.047110390601873317
2006-07-04,0.11263798698176557,-1.0220267732979074,-0.21073337471872863,-0.43488621596067067
2006-07-05,-0.069349418937828547,0.28031887821898538,0.57670839493520043,0.12471331164765416
2006-07-06,-0.12916863733965669,0.58801482115927595,0.40274930448281493,-0.046719182617204924
2006-07-07,0.33695222328543789,0.65756210778979618,1.043479631246985,0.18601796987272826
2006-07-10,-0.082986794053557231,0.96012833732961267,0.35558361094494007,0.042958821145965262
2006-07-11,0.030623169293315856,-0.037921789288306418,0.84180184159667748,0.43175222892627535
2006-07-12,0.079485104860662598,-0.62719548175552087,0.54264952713832948,0.21380684429833727
2006-07-13,0.024137325158403888,0.47399091118083808,0.37005314195293071,0.84939869554807623
2006-07-14,0.043154192052451912,0.020493910197394709,0.44051530614906392,-0.24493187971273608
2006-07-17,0.12992271193241792,1.088369608632147,-0.001833282895714322,0.75549358038643266
2006-07-18,0.051969116616730593,0.29636110029717055,1.7672212979387241,0.48311442067388422
2006-07-19,0.25278076846194747,-0.19943793099588555,0.17967789864187497,-0.12196039066860657
2006-07-20,-0.22939801373770444,0.29613444257802124,-1.5571742842077161,0.23750190349510941
2006-07-21,-0.5253876763230364,0.10228371447700761,0.48562824321759557,0.51882287854791864
2006-07-24,0.084082838484946243,-0.99249482677589518,0.98933843618251127,-0.15586222715708226
2006-07-25,-0.1879409839313918,-0.46035749858292935,0.1217220726023211,-0.26818252880746862
2006-07-26,-0.043596887543128508,-0.46852192981310231,0.77121256075331046,0.69605914953335313
2006-07-27,0.77455782756375768,-0.1262184338830423,0.001211787316849591,0.68629179978545229
2006-07-28,0.29684033360979728,-0.095843694907480168,-0.70285832126641534,0.24682531206004099
2006-07-31,-0.13825926196166924,-0.80266594673145242,-0.83662114892616191,-0.4646488717549529
2006-08-01,0.29821193993069123,-0.78473139990669993,-0.2552868727530353,-0.82988357987005856
2006-08-02,0.59646182378637513,-0.35149767152304778,-0.69860027660420454,0.17445756374420265
2006-08-03,-0.11951991573660564,0.57195430155422267,-0.19813626566564804,0.095643846743168323
2006-08-04,-0.028349221987128935,0.10727782897819377,-0.191447009453764,0.11250842849504894
2006-08-07,0.23960910610578129,9.2119071911777006e-05,0.87520355028929986,-0.27937746677064329
2006-08-08,-0.19121678774516815,0.03663613734359631,0.043394203223624493,1.0345437148656735
2006-08-09,0.094024271513990759,-0.66086754722071051,-0.32698745359361692,0.49579442964163767
2006-08-10,-0.19231626931563511,0.17692768064224315,-0.44990563683154716,-0.4776261868643874
2006-08-11,-0.44339768154000209,1.0677376132326784,0.20630521178661554,-0.86585304106860506
2006-08-14,-0.12470678573410382,0.72129455583204349,-0.3293959074158101,0.55809003502972532
2006-08-15,-0.24725810424606026,0.11199022762194812,-0.58527195872131399,-0.50059318731505209
2006-08-16,-0.085035619368226137,-0.061421880273120601,-0.92621039589393206,-0.49851761341406847
2006-08-17,0.22919952887623884,0.71534863253242087,-0.44946891079619028,0.44793263392473692
2006-08-18,0.026889168825181501,-0.39458236502912397,-0.088368928573953662,0.50026844086146116
2006-08-21,0.16225325796539894,-0.90173030599392701,0.28703759872936396,0.44124292736312087
2006-08-22,0.08931102567908758,-0.25435014434345399,-0.33690110519277816,-0.5892058349228968
2006-08-23,-0.065056318623676307,0.20408916197198695,-0.13967890354240645,-0.36441350519255711
2006-08-24,-0.46551797682715479,0.21478867249331204,0.33336691555452203,0.24585232166649679
2006-08-25,0.33726370316529108,-0.38571736340203866,0.54186719160663532,-0.10664148585949008
2006-08-28,0.039950157748904667,0.44999420564517423,1.1124991959171568,0.12656490403663193
2006-08-29,-0.55659514872349103,-0.042840615466922201,-0.32863625432103799,0.70994216390708831
2006-08-30,-0.24976453603932294,-0.176035641099861,0.46195553972261139,-0.61847803387718381
2006-08-31,0.079725263979809349,-0.71053007435866511,0.087456251052909648,-0.016755104049101896
2006-09-01,-0.012742776975727187,-0.42503415273818679,-0.15691366847887575,0.3206667859520077
2006-09-04,0.099211027644197355,8.3987166726971998e-05,-0.81415912864011075,-0.58613392473261339
2006-09-05,0.0084625059093489663,-0.78976270787001568,-0.47944610484120148,0.049196325901548828
2006-09-06,-0.14151681330349536,0.60702068736800507,0.39419392605449927,-0.32201961962701264
2006-09-07,-0.27490770838136136,1.0454290361512488,-0.10537083712159061,0.52641284511643838
2006-09-08,0.033700649276743648,0.86466564217959252,-0.20621862686616585,0.4593701412897766
2006-09-11,-0.069806148170470955,2.5987869002888266,0.53478299140257202,0.097937067407970368
2006-09-12,-0.5673690034785035,0.72990941676317844,0.82227150282133143,-0.70903499252441737
2006-09-13,0.22584614438420791,-0.53081446355761819,0.72273178159749341,0.082389168731607468
2006-09-14,0.15655247389234761,1.1258309548190595,0.22418579754717102,-0.15163329452316837
2006-09-15,-0.27103159432531854,-0.1231479324809482,0.032285537007858481,-0.6783612052732394
2006-09-18,0.11320747479594405,-0.4422381689917726,-0.001541025814560627,0.46137855037869985
2006-09-19,0.055443872992716359,0.74877409707827658,-0.38364428981148041,-0.1988695812926061
2006-09-20,0.17550533844748323,0.57211227319830982,0.45958526580503173,-0.17534685049211438
2006-09-21,0.3611103657898514,0.047479911252909089,-0.14922702388431111,-0.058720024490782535
2006-09-22,-0.13392129478048184,-0.084683146303748319,0.031304334894261023,0.15227189371437028
2006-09-25,-0.075676065505056109,0.87123738595029243,0.59869063284238355,-0.20905609697651292
2006-09-26,0.80940339384738447,-0.72069287150769523,0.12977954202265238,-0.26371649498929606
2006-09-27,0.69212476182607297,-0.96989523143962242,-0.3400997500316954,-0.52706456322530315
2006-09-28,0.48943595396738887,0.18001287801930552,-0.81979688036583531,0.015046354045777983
2006-09-29,-0.28122712567859187,-0.27934053401789721,-0.36124560551483037,0.089508785361979953
2006-10-02,-0.057607579304151973,1.3320844334795316,0.35259682739673132,-0.16082152523549323
2006-10-03,0.097959169909411392,2.2509554503535267,0.07278806211261496,0.17357210550006216
2006-10-04,0.23573834895004631,-0.27257743299877552,0.73958554086804229,0.2070421789032148
2006-10-05,0.54556555217134117,-0.66180776204971381,-0.14567004318329071,0.12612409656439982
2006-10-06,0.037861224372309155,0.0087650090968477232,0.10981156871642038,-0.014723447902417666
2006-10-09,0.3656053770935257,-0.00049351569207081399,-0.00070582042779998599,-0.66556036128447005
2006-10-10,0.44188929200930493,-0.1707694119186528,0.757281543220367,0.33827711108470493
2006-10-11,-0.21176422750349205,0.70688966179263779,1.0669640487124978,0.21474068369578539
2006-10-12,0.20008988337544856,-0.41983869859828504,-0.3453343336843811,0.31650869409456056
2006-10-13,0.23898104759328392,-0.93466936968661685,-0.93837328279860188,0.016833741933569259
2006-10-16,0.18247444944363916,-0.57869035844402272,-1.162024419821946,0.13630194068682425
2006-10-17,-0.17667024921845792,0.31866812988630033,-0.52457881097173431,0.27584106916348855
2006-10-18,-0.042999056311144535,0.25980674198279841,-0.58123779787006558,0.39979247458372746
2006-10-19,-0.21451335747738801,-0.85085668383642554,-0.13954740554109379,1.4399538739771673
2006-10-20,-0.045281065038761767,0.64612606842699538,0.13050334176704326,-0.43580919522923689
2006-10-23,-0.0062193289064863891,-1.4846546193109003,-0.29464391327912559,0.12639283124792239
2006-10-24,-0.053976550755892708,-0.46820877651281695,-0.042444162642545961,-0.37105612503891638
2006-10-25,-0.1046833857275855,-1.0276699209806344,0.17384831644089055,0.75643857705042594
2006-10-26,1.4059019643528223,-0.03212637486857451,-0.32841496615279314,0.11773227662650394
2006-10-27,0.99318333254004321,-0.061015695990147917,0.25958480411630214,0.45834822876806181
2006-10-30,-0.16591042593194985,0.31204261915181614,0.57330220103456686,0.089132287558323239
2006-10-31,-0.15484461986477763,-0.33634626616296193,-0.61554292896899132,0.5955139770962955
2006-11-01,-0.049745213642910846,-1.8304833626085919,0.2026070165149608,0.34455481245246106
2006-11-02,-0.071730438590451293,-0.55828844521812238,0.33081928525094428,0.17742971075429642
2006-11-03,0.11733559516846545,-0.45619207697503456,-0.00027028157389572601,0.15492268515793936
2006-11-06,0.11812517395658477,-0.39736600627113955,0.096314907431770985,0.31991951629730564
2006-11-07,-0.44461747213250868,0.15073074669901362,0.094451106858538858,-0.52011654807015795
2006-11-08,0.30645588841279264,-0.4303879713834084,0.80137004562184888,0.13847965707173276
2006-11-09,0.91499768232182421,-1.3300129590012861,0.17117249466233214,0.47901363082693227
2006-11-10,0.75998619195507144,0.57149886983564346,0.30061085905091239,0.1479766020857744
2006-11-13,-0.24951787069307738,-0.13865648987705792,0.38319014517540961,-0.17271707945087592
2006-11-14,0.036549055415142584,0.55062650181662443,-1.0599887842203344,-0.13573376183552624
2006-11-15,0.24625006078270689,-0.17154902438988567,-0.091476449209296276,0.43600101188977025
2006-11-16,-0.29755639055885502,0.83656911539850221,0.037357779554494083,0.27544342922135018
2006-11-17,-0.24583364430395271,0.2089641899141583,0.93473169968242387,-0.87229698732577909
2006-11-20,0.34099225780698006,-0.18830080437440272,1.1687525923959172,0.31512110529423032
2006-11-21,0.34379851438755904,-0.96946468837474475,0.03551031906013824,-0.44697974790758055
2006-11-22,0.15924878084277422,0.15817702153567628,-1.5009877403479195,0.11007135509067825
2006-11-23,0.13089035784883604,-0.45821187985176742,-0.00023338115135835199,-1.1115995556538236
2006-11-24,0.24061379285875661,-0.16673920081256371,-0.1459618401489918,0.32839645174094834
2006-11-27,0.072437070807499809,0.40946362373101097,-0.3644267228565185,0.13574672165883209
2006-11-28,-0.11827328693575381,-0.18210438748090635,-0.35115812442363858,0.27650459759181822
2006-11-29,-0.25649650060849932,-0.75393075887303296,-0.15692950949825815,0.11486707532344896
2006-11-30,0.42971495471476312,-1.458450137623758,-0.05852913204358616,0.12418769347648259
2006-12-01,-0.06045125530866597,-0.11811866226944497,-0.1193962533017421,-0.63642583114883367
2006-12-04,0.35258425006212973,0.35953488192582289,-0.30530971960492237,0.28659679958641593
2006-12-05,0.70155790501845594,0.16413921935650491,0.12771522873026595,-0.39229066990709516
2006-12-06,0.085911285656164155,0.31865863062119798,0.20937759189082586,0.042310303170295036
2006-12-07,-0.89522496834290122,0.050510040359356925,-0.15669842134773529,0.44330996522812621
2006-12-08,-0.18483137187784485,0.5243068759501357,0.3313487038695821,-0.28668729524241382
2006-12-11,0.18790586077231861,-0.27913180054790576,0.2809394675987042,0.30467291923929102
2006-12-12,-0.00096248737835156605,0.42855468008401931,0.38524087591383799,0.12577823983208974
2006-12-13,0.33298020434690706,-0.37799915187963773,0.1464661171523102,-0.025431461968334707
2006-12-14,0.047620448285851318,-0.73343784142919699,-0.097394784073160559,0.22232082250796706
2006-12-15,0.099264849144297618,0.5117354578879485,-0.29446653398351907,-0.28401102781257487
2006-12-18,-0.29779386696206528,0.57236874127047732,0.18685078410051173,-0.32654163942122322
2006-12-19,0.40975899421217299,-0.41415832241511708,0.80387927141429771,0.68154340396766577
2006-12-20,-0.10691663144820442,0.85449573117841759,-0.043838994983932955,-0.14859405259520625
2006-12-21,-0.26451172022262331,0.37923393149724205,0.25392027602507972,-0.26379096631889976
2006-12-22,-0.094879186468092278,-0.084975717761376843,0.17595883723180267,-0.66747122954685389
2006-12-25,0.029372610232384563,-0.00041491798519896505,-0.014132128737361733,-0.0035739219564259708
2006-12-26,-0.03804956048693886,-0.00041483839811205802,-0.56788625702965523,0.0075909333777712832
2006-12-27,0.3561170356505724,0.018006071825824112,0.15465220988256842,0.41105417750077278
2006-12-28,0.28566646682685526,-0.35550743112234007,0.14968883462714822,0.46681183556351158
2006-12-29,-0.20848715702284454,-0.098872972372460177,0.15481755040518266,-0.38275917757450983
2007-01-01,-1.0059698870710001e-05,9.9999999999999988e-19,9.9999999999999988e-19,-9.9999999999999988e-19
2007-01-02,-0.13105844578342479,-0.13781451085385177,0.00067525507378751108,0.085917506737298296
2007-01-03,-0.80591746070406234,1.6587511129922912,-0.0010099454401325801,-0.1846706978380821
2007-01-04,-0.3361326175656531,0.80503441971033729,0.6169769577508063,-0.10566824189855123
2007-01-05,-0.36740630078293446,-0.23878449044290423,0.41592728947905755,-0.42770391650272166
2007-01-08,0.52303286471096155,-0.14105930115395399,0.00012755537900895601,-0.24708706844661041
2007-01-09,-0.0054740972291911485,1.2620283467381817,0.65640652023229351,0.1510915042876283
2007-01-10,-0.083329076206650227,0.85489779361065266,-0.15642080848714762,-0.3380256127208367
2007-01-11,0.092599487512456169,0.10770698266060849,0.0092941004496920436,0.41429247276048742
2007-01-12,-0.36701534227482058,-0.52273622379868478,0.2280397060818421,1.2348472491581286
2007-01-15,-0.23252093699591284,-0.35496677957220385,-0.073642403508626955,-0.12551170270986284
2007-01-16,-0.483568139981644,1.1085353338731052,-0.50561943134860132,-0.036268914293034943
2007-01-17,-0.15176722926126199,-0.20147552049146372,-0.4001949365725308,-0.040322149204517516
2007-01-18,-0.24218249682691223,0.30667689391489383,-0.65763502799749041,0.014852878065574945
2007-01-19,0.11698013284137622,-0.67751100170093115,-0.37496940820188862,0.73117618177092081
2007-01-22,0.27669140790806468,0.036196527614446465,0.14614117589219644,-0.7626249111397424
2007-01-23,0.190299093726916,-1.1387656540055986,0.23324336435379878,-0.53412888399236258
2007-01-24,0.18827991710094227,-0.21806489714891014,0.50439282081368753,1.7581387996885918
2007-01-25,0.23847025165738225,0.49467084488311225,0.19662978418672547,-0.39332465372887998
2007-01-26,0.16914490997857223,0.023066648903572684,0.27258163799795826,0.25936320773686822
2007-01-29,0.042577452662088296,0.57349920663875631,0.15236807227929067,-0.61446316160739123
2007-01-30,-0.14125810509480868,-0.036806325490863608,0.39864825192506881,0.2455469179940078
2007-01-31,0.45538380895532593,0.015015079890830287,-0.24382083995608869,-0.22154166167007222
2007-02-01,-0.3353666864993024,-0.30723716064894852,0.5513283019887707,-0.45132056022222877
2007-02-02,-0.64703861737858837,0.094517117023623018,0.43703358383970536,0.0022068970748841212
2007-02-05,0.30420541632886444,0.22724956300346028,-0.0052351631737406756,-0.58423191987844081
2007-02-06,-0.35074193937697129,0.20197018609001424,0.67146559259479532,0.79158988820725129
2007-02-07,0.28497098015212391,-0.1422902501832882,0.85658366705940525,-0.38685330845653798
2007-02-08,-0.13574172596285661,-0.20293453194031194,0.10155125104287818,0.041903634586507463
2007-02-09,-0.34565337321753598,0.1687286194839501,0.29970763484057239,0.014311054266991736
2007-02-12,0.030907036334662567,0.89812689754907371,-0.00080053937690778901,-0.42228994795439001
2007-02-13,-0.30079277286506778,0.14811109786124266,-0.058172854922198994,0.16108490689160182
2007-02-14,0.026759672897909047,0.049910892225528664,-0.53370672446420109,0.31859499681625508
2007-02-15,0.038740454867049613,0.22668568398883479,-0.053284575212085655,0.67606066515416352
2007-02-16,-0.12513641862058963,-0.64632535422658943,-0.020911764854076861,0.43443590148465772
2007-02-19,0.068358739968486223,-0.28635595344860254,-0.22430384959896535,0.28744158964114297
2007-02-20,-0.021684599619135068,0.19797243016414276,0.24701332401944318,0.23242011819235298
2007-02-21,-0.03697358323916515,-0.11144002600758328,-0.06424510295323077,0.08593609406344363
2007-02-22,0.26222556299087418,-0.091772843648137661,-0.76491081970281383,-0.33847894686834662
2007-02-23,0.082557567561306833,-0.070959209404974785,-0.35791914406517511,0.52518468589093859
2007-02-26,0.18210691505131318,-0.19480904843985108,0.064885844358990627,-0.075931200525035353
2007-02-27,-0.30606386938170643,1.068879658778723,0.9432621475903622,-0.20420616514504278
2007-02-28,-0.63558252201822163,-0.49846849140023125,0.18740250266637412,-1.1428126677140533
2007-03-01,-0.11316625742371468,0.80542533692996232,0.40110240908269251,-0.42809422466316294
2007-03-02,0.25256260197636571,0.76794782514127358,-0.33051256686853275,0.20951493525507822
2007-03-05,0.17024088219741418,0.7185328556212538,1.6060292440527819,-0.32354931486718946
2007-03-06,-0.045520396897731859,-0.80595867842346414,-0.63269895940351717,0.50470809071678535
2007-03-07,-0.33842299940539416,0.13371312501300808,0.09926578066525843,0.59290149347445531
2007-03-08,-0.30113385520891867,-0.0092743827715491174,0.13443776585003606,0.40078891690296781
2007-03-09,0.036422712350315467,0.43102539396665041,-0.23582450271339067,0.15461302208220881
2007-03-12,0.37032527886194644,-0.12137122122048805,0.1212485838659047,0.17273786292322768
2007-03-13,-0.2791685041440361,0.70605326521370615,0.25740176949131754,0.26156936359236121
2007-03-14,-0.12173348079831769,-0.21362945746237288,0.38555845367480113,-0.041750532606277951
2007-03-15,0.27580937680613071,-0.23944796610383887,0.16181098932519494,0.46830769954975415
2007-03-16,0.23121745582593539,-0.21106624481027933,0.54295262954344847,-0.054081333383522966
2007-03-19,0.27950181563276622,-0.21115613927613539,0.27654806855037756,-0.50888453052999982
2007-03-20,0.27849167110959144,0.29355702600469125,-0.55449120071379487,0.32412153866910276
2007-03-21,0.24460240061345823,-0.45481236459607816,-0.001483119776662612,0.63695986673231475
2007-03-22,0.19764646725044913,-0.40407512350933089,0.026886811213148076,0.24321314710966735
2007-03-23,-0.064845586988535264,-0.23696172293763873,0.49007323648926299,0.90378092576552882
2007-03-26,0.16703179927784556,-0.2169472010397463,-0.38425546927904419,-0.42523808201338559
2007-03-27,0.040911152092931335,0.0093135168964832184,-0.1066986082248657,-0.014791552267845339
2007-03-28,0.27886848348794663,-0.44087046573425731,-0.018357444554038163,-0.23403411523074064
2007-03-29,0.11514469321550103,0.48616659427150771,0.25047397722689685,0.3346017047449058
2007-03-30,-0.61733475129076698,0.2278869515148457,-0.45682071522452578,0.26877046349809608
2007-04-02,0.34522774597764705,0.17847703687885075,0.35624363913363821,0.33296660358644514
2007-04-03,0.061305666512027984,-0.18285011321892972,0.25913931552984432,-0.013752499663837988
2007-04-04,-0.25276293224632512,-0.67997820373657081,-0.0043461020352443544,-0.14910323239766984
2007-04-05,-0.09370915621051519,0.041694819238223657,-0.19697328503099248,-0.10394550965238994
2007-04-06,-0.023863850650328085,0.00012686547418589499,0.4113723024905977,0.23626180930151441
2007-04-09,-0.0070110627344782501,-0.31489194284458005,0.30523557577933652,0.00036426153838957901
2007-04-10,0.51818679450405791,0.5375710348638737,-0.19261734473411241,-0.29675712377315477
2007-04-11,-0.082517413141586601,0.46735841036667441,0.25990681542103616,0.24707059739304632
2007-04-12,-0.45523606172678582,-0.26812403544126745,-0.14866848029751423,0.13974494412932625
2007-04-13,-0.20828048362627671,-0.69378442903674076,0.14372480426152531,-0.80256439498050369
2007-04-16,-0.20412581510574052,0.73280540117202275,0.5812367714118466,-0.28306968880494071
2007-04-17,0.26996230858949161,0.81608821212057303,-0.10508087572845713,-0.039802243587952306
2007-04-18,-0.10967774487514208,0.36840014575998192,0.19671286078590394,-0.54330552569238055
2007-04-19,-0.12948365293586661,0.95232875507375181,-0.2146406649233378,0.30677835494119698
2007-04-20,0.27344363015891254,-0.22636978714640657,0.59602831765123987,-0.35566271802424559
2007-04-23,0.41144812081721355,0.012001296235901324,0.1728686507165561,0.17007868387031005
2007-04-24,-0.15107861224999711,0.60792496674637186,0.011130029631908032,0.56749211105613973
2007-04-25,0.53709725541143105,-0.16280256431210044,-0.023693827937915978,0.33235111250951899
2007-04-26,-0.23764015974332334,0.7934827489840186,-0.43246686295848435,0.84443096087568004
2007-04-27,-0.00096091888309121089,-0.068816987783280104,-0.16316191645341771,-0.14093582671540139
2007-04-30,-0.13984613448792843,0.098207009797527847,-0.00031153187203703599,0.28754377041100421
2007-05-01,-0.071331306445927667,0.28050038536568883,-0.11502187819021444,0.0022071612850878943
2007-05-02,0.60456267512589834,-0.76026890003931424,0.001568114769664238,0.61536857600106964
2007-05-03,0.60172529649791273,-0.34764272036392035,8.1949765015709998e-06,0.48804372906819798
2007-05-04,0.15350123882599617,-0.46913165707899684,2.9618806117756999e-05,0.15156700125523018
2007-05-07,0.012375440531209038,1.7678081235831915,-0.22650979588102524,-0.43699357566352903
2007-05-08,-0.1088721681416125,-0.18378842009565188,-0.38139837530701232,0.32053420282881517
2007-05-09,-0.02722395987222935,-0.67258562935377064,-0.2521405450698378,-0.54194243578749512
2007-05-10,-0.1622139176867135,0.9915794131114829,0.076126103915730076,0.62196367769789329
2007-05-11,0.38717229771308381,-0.26229487400185497,0.12084707151069356,0.77074313678997952
2007-05-14,0.10209108532711468,0.33579247840085796,0.53190767982887932,-0.2095604276268444
2007-05-15,-0.010058984125974838,0.69148243921220498,0.68399997838645565,0.50491780486185844
2007-05-16,-0.13255007981767278,-0.078048851294803448,0.69885901730043554,0.68043308054024065
2007-05-17,0.071964160554262552,-0.0073943843058746871,0.035768744975991397,0.20080923748758348
2007-05-18,0.44606695803297958,-0.89859016127160718,0.34290133212835305,-0.11528237448792662
2007-05-21,1.2555356590683255,-6.7363039592325998e-05,-0.00057309570637450601,-0.0039152345091039934
2007-05-22,0.38877099656138031,-0.069818953734790218,-0.68681857355093068,0.032223998422928161
2007-05-23,0.51073282195728142,0.59145512523357902,-0.25735205192272353,0.73664974884403689
2007-05-24,-0.16034863466375293,0.94483106967670538,0.065940997532405315,-0.13636361650588577
2007-05-25,-0.046323970658525455,-0.63024863817186683,-0.45825468390911733,-0.27349462427458798
2007-05-28,-0.0063088871854778735,0.082954620685097846,-0.15204039212773396,0.038841281492489908
2007-05-29,0.62819430597797343,0.88337999702167591,-0.30239854916380732,0.32034669137730498
2007-05-30,0.0092759532762605717,-0.12235075730336355,0.3138913083538174,0.036115550811915136
2007-05-31,0.22742275102410658,-0.18652770946498851,0.040646253845418617,0.39903701789638474
2007-06-01,0.52883011883946518,-0.24498182169274632,-0.36179733015357679,0.76237317546178207
2007-06-04,-0.18983675959376931,-0.30137409124774506,-0.19126234546920307,-0.70231678672787601
2007-06-05,0.26576224716403968,-0.10574302425417101,-0.29775615892904517,0.061688235488908914
2007-06-06,-0.22589575975576118,0.65833428259981241,-0.24986522614100889,-1.2927836214184609
2007-06-07,0.14784627251030574,0.74584748456236005,0.05010687896733991,0.048031135896156943
2007-06-08,0.36591913248855057,0.010534616563888233,0.20912584040434812,-0.62974926417914467
2007-06-11,-0.29975627728783671,-0.54691704287012366,0.2643387302738649,0.34700204661919554
2007-06-12,-0.30191108771822561,0.40519905238348097,0.14288771633663366,0.33188341008184841
2007-06-13,0.4283994846442013,-0.020832245915069082,-0.0013457371074522919,-0.13624115048620444
2007-06-14,0.57550327199783757,-1.1214691016631086,-0.69782849712215977,1.0839785522025682
2007-06-15,0.2805457641255743,-0.49764666834424159,-0.56345221268567292,0.67197145287044791
2007-06-18,0.059033345407155005,-0.1022736970328641,-0.18716437315514592,-0.033973209379860085
2007-06-19,-0.18689582046977896,0.40036124245381077,-0.044001728089268097,-0.73902691350978233
2007-06-20,-0.30749195285331027,0.57675931490899379,-0.072681427420266606,0.1148396813587973
2007-06-21,-0.048043816906129376,-0.41597087991220494,0.070179131894971297,-0.54320825266739159
2007-06-22,0.098082882607801347,0.24722909381733857,-0.46264080752258729,-0.16554557002286516
2007-06-25,0.0087422174538951299,0.8432790701750259,0.1241423370312075,0.49242130981226639
2007-06-26,0.16443022128184442,0.85067178454807535,0.78670105905115606,-0.30303494324855085
2007-06-27,-0.35847747178778716,-0.091671678588733513,0.083904891417340033,0.071462472318994663
2007-06-28,0.41491956694350979,-0.22113047589425294,-0.26762169037749239,0.41589173977349075
2007-06-29,-0.042833152272754561,-1.2126398248010055,-0.074201636247324079,-0.091013019475718424
2007-07-02,0.55414601961078747,9.9999999999999988e-19,-0.35087169239414007,-0.55809159336934222
2007-07-03,-0.11675945936061044,-0.53042095256269584,-0.23163023063526522,1.0320268461930868
2007-07-04,-0.30704659807417861,-0.036686474204441308,-0.056615423411566751,-0.0091061194425567579
2007-07-05,-0.12128346406881123,-0.20261296168007265,0.067396092025758442,-0.38241723181641529
2007-07-06,0.32072296884793589,0.18278554897953686,0.017974777068779556,0.27382617961839212
2007-07-09,0.26525066533516356,-0.32994224593201588,0.035109730836125348,0.08781133445310238
2007-07-10,-0.25088213227199813,0.27108291502289961,0.13389155566166852,-0.22075314811847652
2007-07-11,-0.45080749997633651,-0.062999284537016587,0.20139534708058152,-0.029388074778324447
2007-07-12,0.14830464559982623,-0.27950751991448608,0.017440839623147866,0.075233184384920701
2007-07-13,-0.32088978378423799,-0.48232270275663169,0.15549892826326056,0.20680675025699569
2007-07-16,-0.14680666582814988,0.67468202952329182,0.0011523913035761699,-0.053472499753633246
2007-07-17,0.28075705770778392,0.24267667698492978,0.49884138426236002,0.084573457195949164
2007-07-18,0.14735646573520231,0.2550512403265881,0.089315430520351222,-0.61340886972334974
2007-07-19,0.17873039950974121,-0.5683555565477143,0.075911497579099749,-0.92464665122320611
2007-07-20,-0.27783404719258425,-0.28114019661295736,-0.089939092106985141,0.027669050473029814
2007-07-23,-0.16613290505848533,0.063711906898972687,0.12207617166373001,-0.53344879926070132
2007-07-24,-0.39807172060544677,0.98277968741087274,-0.12324383712151454,-0.062612948131816726
2007-07-25,-0.21771652661374688,-0.0072008825638142388,-0.028491464809654653,0.26837014090631833
2007-07-26,0.39638478727564719,0.69163222730427587,-0.48910442171207863,0.62021496765615525
2007-07-27,0.11071142757834028,-0.011001447195404119,0.23792719977928098,0.21546286328608527
2007-07-30,-0.37861569015723473,-0.4567891166711609,-0.28632144055002778,0.022516853624715519
2007-07-31,0.018095395023327712,0.12427534701544524,0.06277536726807674,0.31800622267508227
2007-08-01,-0.12312350542561323,0.49577493692581293,0.42609046749634111,0.069417095801682038
2007-08-02,-0.2130311493104298,-0.66205045570607013,-0.17152234685658244,0.24794446735441944
2007-08-03,-0.17237141610874052,0.17960717074063021,-0.21896905497508476,0.40689846201082591
2007-08-06,-0.23748489517704743,-1.8783922587509999e-06,-0.21626553194082893,0.61395841338091972
2007-08-07,-0.13781057822073067,-0.29700980190823539,0.095289110968882137,0.017204324316652531
2007-08-08,-0.30189530022127342,-1.1502134650063123,-0.46462633059853586,-1.2253274797054705
2007-08-09,-0.46992614519359677,0.67210027939448447,-1.0249630525778355,-0.5420833455369084
2007-08-10,-0.17391105278417845,0.41865663741463588,-0.58462674730347663,0.75914687566993977
2007-08-13,1.0171149856246806,0.16738539779326886,0.78017124478968736,1.1637042469109051
2007-08-14,0.31822639133688208,1.201736446251223,0.21433633474021704,0.49715499430161519
2007-08-15,0.55362630763186715,1.2402097468078603,0.32101175803134574,1.2584790486109796
2007-08-16,-0.32968525762315637,1.1240823669414866,0.052349399479314086,1.1093936385293157
2007-08-17,-0.33638745410017956,-0.90467302984625075,1.0279492476818828,-0.075540904905417511
2007-08-20,0.40949485937119229,-0.41798087790230981,-0.44007385171367308,-0.20914647064706168
2007-08-21,0.14223708861995626,-0.25413222833983667,-0.21308742655241208,0.63201801403463176
2007-08-22,-0.21336211626792703,-0.59343745314528074,0.029366926980168649,-0.042437163528086672
2007-08-23,-0.25338770598647359,0.06372487064640063,-0.3876825999329071,-0.27424092422019652
2007-08-24,0.18965843652066514,-0.59539769731079295,0.074046036143998462,0.14436323263127257
2007-08-27,0.021854176768539586,0.72190253504401058,-0.37910539610914518,0.16815594930539118
2007-08-28,0.14143446715780436,1.6097042630293366,-0.084048915242855793,0.29381161155459806
2007-08-29,0.26129651552157301,-0.80675453096731509,0.13362364170138163,0.30213417879824628
2007-08-30,0.13987125768831907,-0.023221180029860979,0.050933703203374384,-0.14495388478113941
2007-08-31,-0.4220533567725635,-0.60128453413527516,0.11473948479386238,-0.48038994247218919
2007-09-03,0.012155727984688145,-1.9999999999999998e-18,0.18178511581338069,0.30401501500540984
2007-09-04,0.30728406008908482,-0.41704760529959456,0.41545765854479622,-0.37418460336995829
2007-09-05,0.19947514222659213,0.3388086110095318,0.018102786443970974,0.024454713754959966
2007-09-06,-0.14131448650925554,-0.88980571852514379,-0.26727358620368669,-0.84991812667799915
2007-09-07,0.0014180878467109311,0.3722914703637441,0.33828044163341525,-0.34962506099581353
2007-09-10,0.13837198298184689,0.40154728499377451,0.74285475239388143,0.1981292674402029
2007-09-11,-0.14252180559989758,-0.42033918383799446,0.12637964486639994,-0.31208384953667423
2007-09-12,0.25126336327566234,-0.33645309445515437,0.49464900453211891,-0.26178826524324422
2007-09-13,0.2388340232595679,-0.052793388674919728,0.35725596015941286,0.40347137836721381
2007-09-14,0.25794331471800103,-0.36989304837696879,-0.56642775304982451,0.27576237280999549
2007-09-17,-0.070093869294565903,0.30604860923350385,-4.6871219394108999e-05,0.91923829563113557
2007-09-18,0.30733092409253526,-1.2913557402963283,0.18527156952574503,-0.089434824336427604
2007-09-19,0.38819378804527394,0.048005076639334864,-0.27331647007213672,-0.63340062151333354
2007-09-20,0.30486594962202129,-0.71689548776490564,0.41143715833092964,0.59994307194849406
2007-09-21,0.020270171431190271,-1.2425741150805585,0.31356659589002178,-0.36777790245606762
2007-09-24,0.16857174625946772,0.36107460031664806,0.0025373040006016921,-0.0078626429355744577
2007-09-25,-0.26874457730013612,0.38121943824456384,0.18468764762442264,0.51431285315017705
2007-09-26,-0.038353921048885638,-0.12273269588400763,-0.98829599461287343,-0.036263153041497256
2007-09-27,-0.12471689138367292,-0.58192349200142235,-0.69182245768367656,0.74381340823797248
2007-09-28,-0.012276016650535706,-0.24570587048735495,-0.28475925716153666,0.13981378130222402
2007-10-01,0.035814822807426629,-0.11432517740383658,0.082205210388440531,-0.18728118345122086
2007-10-02,-0.82909770264780847,0.56910468732004316,-0.45989193077348661,-0.70899829950376736
2007-10-03,-0.43210570624406253,-0.031562833393732351,-0.65786108605881688,-0.26372106496036868
2007-10-04,-0.55552137570479954,-0.78382768221801447,-0.28116130363974046,0.29248210868738961
2007-10-05,0.55750911211717191,-0.64172480428466716,-0.31689243261263578,0.5003863548365578
2007-10-08,-0.11413408633206153,0.00015090285794610501,-0.0041333083735848389,0.84210022248944805
2007-10-09,0.59701564749517944,-0.49774509546458273,-0.78434451089306012,-0.062955746015989952
2007-10-10,0.19701626153857893,-0.54007924590353451,-0.052766603356046278,0.37480958848424833
2007-10-11,0.74963323328618969,-0.1860176527682221,-0.60253774222827094,0.63690623360512966
2007-10-12,0.86175294669997426,-1.0234412623272915,0.14382101663549784,-0.3851965081568911
2007-10-15,0.11627719474678225,-0.099867277132327542,-0.17423384750796722,0.02435253842588065
2007-10-16,0.26716248302548873,-0.091467600128324597,0.20182566345950467,0.49206132384567952
2007-10-17,-0.054789860614875403,-0.12562762123760007,0.39342108499946665,-0.53712412465873083
2007-10-18,-0.060992435537950106,-0.72698381050762673,-1.0588123145960546,0.36111333571721482
2007-10-19,0.30403780845491929,1.0293085433447471,-0.78297736465296508,-0.33093867156773238
2007-10-22,0.47756381842619428,0.39867799774448492,0.079975047897972454,0.2573300125139884
2007-10-23,-0.38827789283120862,-0.97329960749885192,-0.13701699304309575,-0.1472183619222012
2007-10-24,0.44521185686629539,0.11916137682313321,-1.1898288140417981,0.82648886933643784
2007-10-25,0.51039702723252633,-0.21981224052005344,0.39379896169239853,0.14648281429666007
2007-10-26,0.98740577152146147,-1.1447741388565311,-0.40375485759439839,0.74329193474892674
2007-10-29,-0.14789592515924629,-1.58841269663122,-0.53392636523819981,-0.30729658163270274
2007-10-30,-0.37073171183814985,0.78201979550385148,0.46060302994152857,0.16464257955554309
2007-10-31,-0.35948499209698243,-1.1322140504963436,-0.0048795859617242103,0.049335416629992232
2007-11-01,-0.50247735694963347,0.12951676588590291,0.48295183293176241,-0.10113047389848913
2007-11-02,0.46784800118654052,-1.2387207651628045,-0.22026415627683987,-0.33011444101804005
2007-11-05,0.061657793577861011,0.019310024716301985,-0.15519558032964659,0.66494108349067893
2007-11-06,-0.23149106646219694,-1.5100040896877231,0.49848482927306842,-1.0436065900281983
2007-11-07,-0.2216376573995093,0.061803814505690551,0.27158781598210396,-0.35147095642370996
2007-11-08,0.275489762539054,0.36246876357672508,-0.26338142027090855,0.0050913884408382015
2007-11-09,-0.089436853448483747,0.7089298402865305,0.19893575784722389,0.57421605693911204
2007-11-12,-0.21612966303923412,1.8039503862326829,0.44223907365537157,0.96097276212288718
2007-11-13,0.22503202677253931,-1.0385093452854814,-0.45803612930411486,0.71776176747709475
2007-11-14,0.058037230673421855,-0.47875077153645557,-0.91816544238086417,-0.66546877326525611
2007-11-15,0.03574288474034884,1.0837615469449402,0.41989523448526983,0.68148021224314681
2007-11-16,-0.13025552267626953,-0.5913315966863304,-0.057572429660336023,-0.67216957304900082
2007-11-19,0.25062969028199195,0.92206858485964061,0.25109277623715659,0.91934686164578894
2007-11-20,0.35049993701904486,-0.58940210823057559,-0.6475902029332441,0.35819342973312845
2007-11-21,0.26828016943536248,0.57011693560549082,0.47467807432530301,0.72670774201788968
2007-11-22,-1.0380412185406609,-0.50036734104991087,-0.44890003518902311,0.54154401528258866
2007-11-23,-0.56638230982134863,-0.52717810206562188,0.0029038814375326517,-0.40948609506853939
2007-11-26,0.026772246773352236,0.87197933172171427,-0.079178866564107511,-0.39965246758243822
2007-11-27,-0.064900674988352558,0.83235661030681718,-0.11166189808405513,-0.29874661828767946
2007-11-28,-0.19809711305355643,-0.55548125435461848,-0.22920536420252988,-0.33133504395743618
2007-11-29,0.018536869207890154,-0.24901638485626126,-0.12648767911479483,0.1316084104213037
2007-11-30,-0.49353482623821066,0.69879147905698846,0.0025105711705848623,0.024145736310892403
2007-12-03,-0.23116872137621375,0.32904102044947148,-0.13319578364995732,-0.56249382889569
2007-12-04,0.10936763432042068,0.23366500211859709,0.33586168530269506,0.48294858376969385
2007-12-05,0.54790467220572125,0.079381673230930386,-0.051402403374099036,-0.14528982936081428
2007-12-06,-0.045054691730210518,-0.37691965553018969,0.24495747654934008,-0.40635518186324571
2007-12-07,0.53399882011025723,-0.26121093234613796,0.31802992674288888,-0.17215254522825679
2007-12-10,-0.086610072705980312,-0.4747152741668319,0.21459145994971499,-0.30082360267900132
2007-12-11,-0.0011567427139237481,1.2183421527890645,0.24363160321613733,-0.58107690441908688
2007-12-12,0.24365001986882717,-0.34330116491633289,0.23105457999692616,0.71892823779782156
2007-12-13,-0.73478338072942517,0.3741788980248128,-0.0010652423757245761,0.71361536805216386
2007-12-14,0.23519618014712701,-0.19763156726590034,-0.23491971144978252,0.21764278867036743
2007-12-17,-0.098969379263000687,1.154061033683387,0.62807718595035333,0.83131854429385066
2007-12-18,0.23795674888123317,-0.30884924264221242,0.14680594959683851,0.32777251091650128
2007-12-19,0.1668138714813783,-0.11842492820300747,-0.078674048665102261,-0.23444187940327132
2007-12-20,-0.010186914702835019,-0.92390918280303225,0.0051070698955921626,-0.3901853664157946
2007-12-21,0.37015261299017599,-1.2866399995835742,-0.27441884544792805,0.46711599810670446
2007-12-24,0.038299620745580132,-0.20194286468824785,-0.0027525169167627391,-0.00083981371758541797
2007-12-25,0.010592839836257242,0.00014082920665399199,-0.077997425324289119,0.00033262499305806401
2007-12-26,0.03032273418275102,0.00014081166035349201,-0.29069415306003121,-0.0030445533877551489
2007-12-27,0.12773049717218343,0.048022953098508556,-0.010551687957107271,-0.2327995112925545
2007-12-28,0.1291143577940401,-0.0034379550854233658,0.35128861677964118,0.3199168537990128
2007-12-31,-0.25416715554756625,0.027977312163585101,0.0071977417708499886,0.002330839591070233
2008-01-01,0,0,0.0032197698034151481,1.9999999999999998e-18
2008-01-02,0.24620743981384943,-0.47361150361315718,0.011586520445243378,-0.51683515209958475
2008-01-03,0.38482435598259418,-0.39114037420972142,0.00020588186844719799,0.59023251025449042
2008-01-04,-0.064624428080908805,0.90201004181429179,0.097735669879379344,0.29812364368721617
2008-01-07,0.086171208147646727,0.50669845227178878,0.94046689701193575,1.9616733889152063
2008-01-08,-0.17457482915083677,-0.14773566181750658,0.065138343896100945,-0.43808260272962901
2008-01-09,-0.92053461625231148,-0.019639001884475038,-0.060539403298223798,1.0211023449010628
2008-01-10,-0.4060538956956789,-0.45747114198610839,-0.27099285609670559,0.4819259908971219
2008-01-11,0.071798251291903578,0.35605638286757341,0.48763169786150712,-0.54635016557336535
2008-01-14,-0.10000949840867986,-0.46337913037180645,0.0056442847077278532,-0.45364617885860198
2008-01-15,-0.22122695834673151,1.3241106619149388,0.67595445161974277,0.51454924274040847
2008-01-16,-0.66160992357906612,0.7996032185510682,0.84594930572708205,0.12379289664377624
2008-01-17,0.04591558204275787,1.1585705450824166,-0.49700067909106782,-0.45808719750501764
2008-01-18,0.26733828254241981,-0.24789031995114708,-0.73196513917770956,0.084460624272270315
2008-01-21,0.10147669056292308,1.6957292919584281,0.045302770885937524,0.73426012466140178
2008-01-22,0.71925132329317876,-1.5180347864272512,0.49680274379980671,-1.8625725717943222
2008-01-23,-0.7020437486319826,0.44783844424586483,-0.060842992359888853,-0.5312501313931971
2008-01-24,0.51766928741271878,-0.49971534302006404,-0.25846099380550103,-0.083056670187507065
2008-01-25,0.5118530878104256,0.15822990538153262,-0.020383482654381165,-0.23017639674335022
2008-01-28,0.001512964417608835,-0.72279419633351549,1.1772861082004522,0.33550877120142586
2008-01-29,-0.17994413971060896,0.32743572108574615,0.28925481992839547,-0.90685081779199561
2008-01-30,0.64916406526571935,-0.060219296660475485,0.11269960483240725,-0.094246322280239048
2008-01-31,-0.14574797375071874,-0.44444249660870927,0.51872840092209815,-0.21713409671554076
2008-02-01,0.66743875965139543,0.64596380554063271,0.22850873881465245,-0.94554353725619966
2008-02-04,0.1103987329403151,0.03572625639010571,0.25033543487005122,-0.085637705608394066
2008-02-05,-0.13794119813858738,0.4391132782599621,0.31103985760188141,0.18488260012761298
2008-02-06,-0.17604313767074267,0.72767844087493949,0.33378422395244622,0.25500402830043095
2008-02-07,0.74308833809826713,0.27711390289894461,0.084380178098239916,0.35351310133757541
2008-02-08,0.74669599831595257,-0.45125525068841227,0.47819498664335186,-0.4107270950387476
2008-02-11,-0.56672844852175097,-0.63494682755409537,0.0046449145750576551,0.14285024784216604
2008-02-12,-0.097752208080499309,0.62752397136649696,0.23741829614798193,0.34058093140552176
2008-02-13,-0.44551570111712796,-0.55074931439490626,-0.33095184015074686,-0.13872618186448379
2008-02-14,-0.18648327519229863,-0.14455234885601581,-0.59960075091859344,0.35133999440872316
2008-02-15,-0.53615816314449349,0.18043836363458876,-0.29678381187493569,0.11588051910622235
2008-02-18,0.098139235469138955,-8.6987186262853e-05,-0.68436436803106393,-0.10175334528142203
2008-02-19,-0.011426103372810782,-0.20761614088758468,-0.16257796883583739,0.23934618077555442
2008-02-20,-0.43088089306874222,-0.55900932407244963,0.41739106669190612,-0.17733496709375196
2008-02-21,-0.40057190368267759,-0.24492285266334468,-0.55836743983874015,-0.34187930294366509
2008-02-22,-0.10912011719270436,0.65884719924418145,-0.060721880363579804,-0.17262164082414161
2008-02-25,0.44787635340411708,-0.14296194622809449,0.23449180244457385,0.31037496367063494
2008-02-26,0.32629889712664217,-0.045431432914754336,-0.16958274048010918,0.063494319444938385
2008-02-27,-0.11873780291236512,-0.43868283442452422,-0.36348141407067969,0.24162771953503909
2008-02-28,0.02394329454964983,-0.44185354714977032,-0.36902159529905276,-0.03907163393697978
2008-02-29,0.51228371266081063,0.18152873468028066,0.65606023449655493,0.73510295932205594
2008-03-03,0.58571768258279699,-0.21619718557154979,1.4417272326358379,0.12103310624450123
2008-03-04,0.28186209283330271,-0.050648837024809858,0.15775197117270656,-0.43287030640927587
2008-03-05,0.36545483381447591,-0.21363774686188777,0.51993374126986669,0.0041391568854435784
2008-03-06,-0.005730975270888802,0.75911275155887847,-0.47833646944884406,0.37668332259004889
2008-03-07,-0.15943228034133297,0.34711437211383117,0.67381093777942513,-0.13708211823723077
2008-03-10,0.26573931295531844,1.6529441221673553,0.68088731579937556,0.45005251929900092
2008-03-11,0.28211614283697711,-1.2197220624115701,-1.1659712062946068,-0.6023087528350336
2008-03-12,-0.56824611177492257,0.33547955246550171,0.27296115948125915,0.35078483327310417
2008-03-13,0.35760341038276278,-1.0425686193118731,0.11713222427798317,-0.2106057918227941
2008-03-14,0.23712167186193378,0.84372350543144115,-0.12582004952327519,0.16496268801803937
2008-03-17,-0.063161645006196601,0.46981732276009641,0.2288887235611633,1.6261998357826595
2008-03-18,-0.10756090574206274,-0.10621009387582515,-0.14492232600774874,-0.085309056171337022
2008-03-19,-0.26320227059629125,1.0485241544736221,-0.91663580219891772,0.41455602643144362
2008-03-20,-0.92797077677277506,-0.45648864651110294,0.0059736432708209618,0.094084718797258785
2008-03-21,0.0025503954933766828,-0.00015108587089552201,-0.076102873572092389,-0.0008625686163151689
2008-03-24,0.0078697617555269599,0.30138322939224643,-0.44512345083044014,0.001356685048952638
2008-03-25,0.55339959647032011,-0.85038763661625172,-0.71078578430412809,-0.6441830368933279
2008-03-26,0.21702217025973042,-0.37299967331415185,0.44447964896547482,-0.49740241977503979
2008-03-27,-0.10823963334486067,0.89574203254873597,0.30429335739697444,-0.51840611471372389
2008-03-28,-0.63005102250547151,-0.17751231889202182,0.08177998609074924,0.28038133021759343
2008-03-31,-0.17148164531411381,0.37953206705235903,-0.024681314508773613,0.027422991750569465
2008-04-01,-1.3584101882545367,-0.018310674604160689,0.27204040531160456,0.065290084767457304
2008-04-02,0.31249547495487595,-0.08586277610776874,-0.97072671552242384,-0.25104388267514932
2008-04-03,0.78379675876183508,-0.45290287294672776,0.26502925545031031,-0.13792464480453856
2008-04-04,0.0069471509450188184,-0.31803909493821103,0.041995297485362452,-0.67664813635189103
2008-04-07,0.55454194580779359,0.22922486426724611,-0.24029315661880996,-0.2678178460189683
2008-04-08,0.7248993770920793,0.074589782798839196,0.50405547031690257,0.40830344241222671
2008-04-09,0.66089755235458658,-0.27408879811662878,0.62710249958933739,0.29006963598750596
2008-04-10,-0.12542440027727128,0.6981837834057798,-0.054281085901473576,0.2850150891432589
2008-04-11,-0.021390439981014739,0.26077761273135558,-0.017010985198357517,0.10444048318949314
2008-04-14,0.61535700698409102,0.1881682015153722,-0.000760311894629589,-0.2058502106971484
2008-04-15,-0.26393640429658877,-0.037490629243471969,0.56672439840436506,0.17082336213455782
2008-04-16,0.52965248400863008,-1.2689726965281145,-0.41296111537121227,-0.20574008060614532
2008-04-17,0.44362650918668006,0.10486235821532582,-0.37795860632698519,0.13570038043203383
2008-04-18,0.017569402606642387,0.61447462561605215,-0.40557004788260592,0.11542062818979226
2008-04-21,0.35159085578875954,-0.33039466974528842,-0.50507961495013265,-0.18695211544976381
2008-04-22,0.29507962807671617,-0.4906252849162851,0.25301649302615242,-0.25621835709808632
2008-04-23,0.11768635878361142,0.97986755891891331,0.12623104820473802,-0.0087483136543187092
2008-04-24,-0.68143049799404654,0.76867502280558964,-0.11022008577849976,1.0000252236719778
2008-04-25,0.32572357467182234,-0.57256522979710178,-0.35446271729247514,-0.33792338703268038
2008-04-28,-0.38473996102004882,0.57550051090327514,0.031897199011112029,-0.61840760571559483
2008-04-29,1.575339728035769,1.0147318723466661,0.011335390019716096,0.36733173788367285
2008-04-30,-0.46698203379516923,-0.75024222261239493,-0.37538169247806918,0.42526866642084438
2008-05-01,-0.3873393518980679,-0.16538411488165075,-0.38987161153271876,0.011407116224024818
2008-05-02,0.30451246802287951,-0.50119079404307654,-0.50142485467947651,0.29498718101340576
2008-05-05,-0.025737221063925189,0.028721823986823356,0.0014893495108445379,0.37635016028930962
2008-05-06,0.62348148938818171,-0.31905639917837508,0.0076552456569469688,0.77654597703868666
2008-05-07,0.37176625857479001,0.15911534990129392,0.079262664198961497,-0.52547059471914537
2008-05-08,0.030395186458137047,-0.92605979982129005,-0.14905184340326902,0.5286742597391576
2008-05-09,0.097599124719938771,0.25083752891976296,0.29991774158559414,0.40843565187944769
2008-05-12,-0.019943839476988315,-0.64298072321634747,-0.29114497290895458,0.094392050422316978
2008-05-13,0.030649890329323165,0.3757604247300716,-0.18430629259494602,-0.53413341351166943
2008-05-14,0.55902894641651979,0.60594167657598452,0.83024656270572206,-0.15876611863086132
2008-05-15,-0.17207457396310491,-0.044135101319072521,0.29987912395343386,0.037064783250283055
2008-05-16,0.4008640117940705,-0.63810929354854307,0.73806854054003812,-0.19192690882923158
2008-05-19,-0.22261464510790568,0.00010414867323437899,-0.098925221157421181,-0.48211925820810053
2008-05-20,-0.38351235938867106,-0.55618087652704928,0.45298634928296488,-0.46982042425585435
2008-05-21,0.74700832163579811,0.53927985723046457,0.48416139846638112,-0.42028172352448645
2008-05-22,0.36694394371690625,-0.68243899106162786,0.36238086088925237,-0.31910706969799651
2008-05-23,-0.33501207122368537,0.43143777705137704,0.071271861450303661,-0.021878848776636477
2008-05-26,0.00022829318100503699,0.13001550673456211,-0.038102406202657681,0.43288791904143969
2008-05-27,-0.49336260698819473,0.57446053696972976,0.28694688181731004,0.33299932884182898
2008-05-28,-0.011087834521742605,-0.5653924182856771,-0.10565134454865377,-0.33397992597028603
2008-05-29,0.25560161583938229,0.4070507472702119,-0.27682290742759857,0.64440033718257506
2008-05-30,-0.13476849089272941,-0.87590058487018274,-0.38667979356813303,0.063517564494219081
2008-06-02,0.59881815598182708,0.2444272197949249,0.076270532246315664,-0.37575090088468815
2008-06-03,0.26531714962921588,0.17525471315736427,0.1688472720656943,-0.30266257138193825
2008-06-04,-0.94790624371409482,0.12860328801548723,-0.030484848720987372,-0.2596548399568292
2008-06-05,0.3759225590291399,-0.19619650830195973,0.20517485725216381,-0.25365778044629872
2008-06-06,0.66590584677695897,-0.001663746385228493,-0.18043988937242922,-0.35957415765051348
2008-06-09,0.41823310273837333,0.039438116394560838,0.36987110916411969,1.1412954897080481
2008-06-10,-0.33047038469369616,0.4951027938654583,0.82404955984000283,-0.20489887496620277
2008-06-11,0.081095684648014976,-0.0081754843754838023,-0.26736512208461727,-0.56389623962415125
2008-06-12,-0.29440637647786516,0.12083461671644205,0.65581776631959299,-0.5252212175182317
2008-06-13,-0.060500707286614483,-0.17528292188591904,-0.41450366468931193,-0.069062498268477587
2008-06-16,0.29551001931853715,0.012553665415688859,-0.21182334860636465,-0.59052402512042823
2008-06-17,0.63338958596303252,-0.20169424577795519,0.1673259102720647,-0.23964197468068926
2008-06-18,-0.49212404499871176,0.36607952115624948,-0.18843564483167563,0.28604621040897088
2008-06-19,0.087438447440727818,0.31608566509074837,0.048536630156182099,0.3855206748381152
2008-06-20,0.22715142342942635,0.76791351159073373,0.037103785831148567,-0.18302648429089846
2008-06-23,-0.24992233561154481,0.15653322843398043,0.058828413884639184,0.60145321552706521
2008-06-24,-0.0032726510317052345,0.64166644739725864,0.6342152957212801,-0.34352151191083957
2008-06-25,-1.06121841950012,0.032628197684211609,0.46088567241764228,0.11737048933590866
2008-06-26,-0.4692317893635064,0.20765550024291562,-0.23113435577731206,-0.10228655157969813
2008-06-27,0.49341427195192888,-0.83118315550750888,0.69173176435886197,0.82283285658993133
2008-06-30,1.4299367217764121,-0.25892222775311224,0.52983605896889852,0.43526766008828155
2008-07-01,0.17266542257969184,0,0.28439409371742275,0.10763426886023619
2008-07-02,-0.92929301505022788,0.16601525531528816,-0.18663643821729367,1.0896083983422979
2008-07-03,-0.15866008865699577,-0.47103340393345478,-0.22661118544418632,-0.17290791932320454
2008-07-04,0.4300883864706771,0.17658509754686824,0.15227912885743136,-0.58579171790147988
2008-07-07,0.20730290671092058,-0.27067553747343043,0.12622904471741467,-0.12851274861095113
2008-07-08,-0.41251065218594685,-0.16702936868296425,0.099828524758309015,0.053401963879009001
2008-07-09,-0.32118260559287715,0.28167787499304381,0.24995174076596505,-0.44475840725110666
2008-07-10,-0.011667127686826345,-0.12947946150179782,-0.055990530626162854,0.13357989960203112
2008-07-11,0.52086372180300944,0.59076926996308421,0.29160831836832668,-0.21974893199224835
2008-07-14,0.30795185862992763,0.14485210452243974,-0.031307699887102733,0.23547613405742102
2008-07-15,-0.34747652644173743,0.21429200922716823,0.42884080332645386,-0.093796841630618549
2008-07-16,-0.32182366951722968,-0.0019066873143606109,-0.0094481726181577762,0.60878892664548478
2008-07-17,-0.028633031928076806,0.70512954769215019,-0.22721597523405174,-0.82703604684587551
2008-07-18,0.43101517269104062,0.29845350916673069,0.0080786962826067364,0.26720300983370482
2008-07-21,-0.19311698967388038,-0.57817218091554101,-0.0010930009361380479,0.056689479444015069
2008-07-22,-1.6960599403451582,0.20667311865844593,0.24256124750316718,-0.061333746485457565
2008-07-23,0.63598118153377259,0.46701947086659806,-0.41745797784364752,0.84598413018340535
2008-07-24,0.27401748357400102,0.36886860376908365,0.12656019003395941,-0.57696371587049766
2008-07-25,-0.2419557079468555,-0.98572592615808408,0.34093593799642508,0.67886257514634574
2008-07-28,0.32285839285976764,0.26979065684196729,-0.10413850826738653,-0.96728300099241726
2008-07-29,-0.46851737573647567,-0.06407437512454181,-0.092906113217210401,-1.0967765126990963
2008-07-30,-0.36864457558172292,-1.1881683778980916,0.19018439657496211,-1.4644942812246713
2008-07-31,-0.39919430581871657,-0.45775357022284263,0.60527354596825744,-0.73562227141015235
2008-08-01,0.83820193700388734,0.26603148937213489,0.20950329233268453,-0.22443456819760546
2008-08-04,0.035982772244877968,-1.7510339598919e-05,0.41071096583432665,0.012049228906692343
2008-08-05,0.29522939492271971,0.86988440154903834,0.18985650237720658,0.86421257311577881
2008-08-06,-0.10502918929401373,-0.0094991573508355163,-0.021998576474974142,-0.41760257670156958
2008-08-07,0.64844333036927948,0.21215007917048781,-0.23555397836479983,-0.26908122247955485
2008-08-08,-0.2025093251372343,0.035103857810848599,0.05120204714681633,0.17240733393591731
2008-08-11,0.53991228739358832,0.92009395018627438,-0.21480395152342144,0.54252060848062866
2008-08-12,0.69177377004065366,0.281110852596546,-0.55355087870978481,0.50958993097243044
2008-08-13,-0.46912988541396472,-0.082053281969591094,-0.065207484236904631,-0.73381013469738388
2008-08-14,-0.068580350824298641,-0.41027863691443722,-0.064836084860707827,-0.042469311834708763
2008-08-15,-0.49032380610586745,0.47548224212932672,0.27933463567159339,0.013015832406563815
2008-08-18,-0.17878544140901836,-0.10080418844699021,0.3908611170327963,-0.23134393346703785
2008-08-19,-0.79886052445556255,-0.034826171767720106,-0.12098004235697091,-0.64525917743160055
2008-08-20,-0.13314173876328192,-0.54161233959551747,-0.20720778001325821,-0.50260303818002261
2008-08-21,0.26387169611020739,-0.53278665427164518,0.14549392272349154,-0.15692935715848261
2008-08-22,0.57722433438186149,-0.080333760252441433,0.33689582513022553,0.50955788179066186
2008-08-25,-0.034524676864038012,0.459134745516589,0.21150544683228822,-0.082947920336968975
2008-08-26,-0.039453629555587406,0.1118186233236684,0.34167890660946992,-0.10622397064618669
2008-08-27,0.54957909622367307,0.032125843602836608,-0.13132368663269192,-0.35232631554153293
2008-08-28,-0.083426390901883987,-0.1734306098190353,0.31709691086680947,0.11812973750406511
2008-08-29,-0.74891523057692588,0.31408368701535277,-0.20481751709595647,0.21190598542561215
2008-09-01,-0.0035246471588429385,0,-0.14147034508272588,0.65333021778924905
2008-09-02,0.0083288201517312428,1.0212357379111938,0.12589088204570706,0.3248814668742333
2008-09-03,0.43937711139604835,0.28999583657422329,0.71140946491344936,0.2520652022305922
2008-09-04,-0.45390411534388186,0.93229621293483689,0.63718799507739776,0.028866739565110242
2008-09-05,-0.40000000812673048,-0.27779918781169544,0.28612102018091423,-0.13812884995502958
2008-09-08,0.8584309191542252,0.81715496435402546,-0.10907832536623864,0.10282985168056114
2008-09-09,-0.11026901705899397,0.49278229086263697,0.30426423920928591,0.18922554230187835
2008-09-10,-0.17993686032250567,-0.40333462350149818,0.64781884613766449,0.25016119553644028
2008-09-11,-0.81989454322366906,-0.45707621047331459,0.39580198467133548,0.093869096710999064
2008-09-12,0.61978124434245874,0.19746740420602424,0.05495137051068659,-0.41888101501016001
2008-09-15,-0.84612243318351976,0.21182373116793232,0.010871502050487567,-0.90070698512350422
2008-09-16,0.14869991073365552,0.35534431756903473,0.59471176956354588,0.35544644637900841
2008-09-17,-0.29019132980652163,0.21250800458213714,0.047600406708678399,0.62703283304016888
2008-09-18,-1.1224412912238499,-0.59228124039671826,0.72387556523293561,1.5991675425761038
2008-09-19,1.182285840574306,-1.1955401084257975,-0.63697187968193336,-2.0150609901360483
2008-09-22,-0.11536791700092282,0.76880651848150516,-0.60681502704180612,1.2087458371003135
2008-09-23,-0.70087471783338595,0.42194894654408427,0.0080552910849245856,-0.84815025806329181
2008-09-24,-0.68576392447262591,-0.28182625578548287,0.21617523797883451,-1.0062754205454698
2008-09-25,0.10174639115206346,-0.38469595099592507,0.045108514191408329,0.11500154691546187
2008-09-26,-0.60686505039741989,1.8417780523722882,-0.25727814219272482,0.45994873872005598
2008-09-29,-0.3507365328823866,1.0707259131470475,0.34110812461593504,1.1021670837507465
2008-09-30,-0.059371721934879836,-0.6799038720459688,0.17691747290586182,-0.097102137074794218
2008-10-01,-0.02332490563824053,0.074186028115520025,0.57794220014566033,0.39592819321180078
2008-10-02,-0.062885865776910077,1.8803125587853031,0.40231271138686397,0.72621227726461723
2008-10-03,1.007239227301673,-0.53981108714574089,0.32689321297047691,0.95264794270671493
2008-10-06,0.24984375532918629,-0.066576857182739119,0.4544177183721948,2.9181959565454347
2008-10-07,-0.011282008978342594,0.43385592065883166,-0.17752628378859617,2.3629648213931929
2008-10-08,-0.060785553773342292,-0.39959669299500045,0.76544590277748059,-0.078605601217923871
2008-10-09,-0.33183592082080626,0.94287606353446485,-0.59098093528173812,-1.6647544198407263
2008-10-10,0.24162577863260024,-0.19116099630708633,0.30903611575373346,0.9844217890833149
2008-10-13,-0.077637191165105618,-7.5118384804295993e-05,-0.0059874803745005927,-0.17253961271996404
2008-10-14,0.27118589355281952,-0.95996706516556007,-0.52812635567412547,0.40647333826330156
2008-10-15,-0.69765468032209077,0.39098674813817097,-0.47902700996070535,3.7730638868841995
2008-10-16,-0.68478133853883871,-0.055489370671497874,0.89045774298015745,0.85994269910343368
2008-10-17,0.90049555101997347,-0.7033002467411329,0.38825707622706085,-0.69193801880664996
2008-10-20,1.347526901168423,-0.34497723142498576,-0.49237353157743896,-3.5629267791885577
2008-10-21,-0.26602890058577866,0.86776803635086985,0.35790065391509585,-2.4514575760364004
2008-10-22,-1.115992634933701,0.86117054993613951,0.17245285034187291,0.32435250879799565
2008-10-23,1.3220953047665185,-0.22384336021286999,0.68315943299325588,0.10607766698818724
2008-10-24,-0.77849370837895404,0.011487938971871845,0.90906086296625477,-0.10351204630715773
2008-10-27,-0.40355539085209918,0.70854698680477735,-0.20091848733280027,9.6801768583860621
2008-10-28,0.15314798576183633,-1.0741828224155854,0.03592192149420885,15.381479044640511
2008-10-29,1.6775887028421452,-0.48436907128047357,0.036672236394417836,-12.082948782174267
2008-10-30,-0.11691248139833435,-0.43389529948416111,-1.0916691515338577,-1.374171350081975
2008-10-31,-0.54526500140711287,-0.48347482042768053,-0.17710783731064617,-0.89378921019839952
2008-11-03,-0.81122381136835064,-0.21074563396079499,-0.0047140521185335153,-3.5138553457537136
2008-11-04,0.81864632014836614,-0.43544064472756799,-0.51835052720503372,-2.5578866440747268
2008-11-05,0.48252201885454654,1.7175203008039028,-0.6706982478793827,1.4187658539233852
2008-11-06,-2.0226305317786188,1.3750457723940932,-0.073167166549900894,2.5841471958850892
2008-11-07,-0.63427023910383085,-0.4790806579662652,0.27237908075632855,-0.18010810750991249
2008-11-10,-0.56235276868518247,0.046015658058444674,-0.70039806155543805,-1.5384313070291971
2008-11-11,0.19131091908195322,-0.055062075613290101,-0.0088945098480570049,1.3637656640518581
2008-11-12,0.85560852918483421,1.0731601917461719,0.29349601173566614,0.047180609073552149
2008-11-13,0.82874968379134795,0.66045169724950881,1.398102446454303,0.2926373584021349
2008-11-14,-0.2254080638502739,-0.16542845258255118,-0.16093759545641445,-0.0057195584198410903
2008-11-17,0.16222756365247168,-0.46885485735225141,-0.33289684981521395,-1.539236788447135
2008-11-18,0.4321883541137046,-1.1989740544114864,0.83736760685121281,0.15348430001787214
2008-11-19,-1.4475207885674439,0.55470906183223778,0.54725678914059983,0.84299753175327186
2008-11-20,0.23776183493527314,2.5411651907937824,0.85384850698568693,0.1729990291473518
2008-11-21,-0.11824210925966568,-1.4168617379469415,-0.790805094155417,-0.42812005387040597
2008-11-24,0.95485968478822669,-0.21582078601567631,-0.010446708026824578,-4.0681884259556158
2008-11-25,0.29520457228379332,-0.55767931712157848,-0.4071722322449971,-4.3241545383464608
2008-11-26,0.072540513276055638,-0.72026088083066608,0.50740499832695685,2.549066471950773
2008-11-27,0.49263000331115148,-0.24673890971964332,-0.42559947399109721,-1.8846912398689915
2008-11-28,-1.0190701518747642,-1.5625070689029481,-0.38167490593830466,0.27215232379639065
2008-12-01,-0.62206521202428278,1.4661398782841366,-0.53006587023692231,0.44191781175555911
2008-12-02,0.42106446771878131,1.2899419063434221,0.56641139140841346,0.057890327531710542
2008-12-03,-0.76941954438146321,-1.0527546892871522,-0.031054697146448144,-0.95028243251505051
2008-12-04,0.18198499633586152,1.0499821888829084,0.76628566446590818,-0.18409719700070537
2008-12-05,-1.1342105448034627,-0.40062502252591736,0.16382876423110476,0.81405036266542807
2008-12-08,1.3221803392474396,-1.1558139095191389,-0.31037189917561331,-0.59692057463804959
2008-12-09,0.95425868442199413,0.1393928746787744,0.25805387216838438,1.2123227447920941
2008-12-10,0.65235338524381181,-0.4254795780591023,-0.65303326065581346,1.0685678891929538
2008-12-11,0.32528624931726041,-0.55389024704877476,0.053728959009573078,1.0012494963784397
2008-12-12,-0.92027427372610715,-0.39029331328438588,0.87455498888915006,-0.17523422212696221
2008-12-15,0.24318664914500268,0.048219090672598636,-0.30784237671209796,0.86085483453822687
2008-12-16,0.060295396192340797,-1.8530119767406601,-0.74059674267590858,-0.71046628184108207
2008-12-17,0.83938300432977875,-0.092571957108212768,-0.38356528003633555,0.50857608141247956
2008-12-18,-0.90323483573042229,-0.025489791496155944,0.23924925166527022,-1.3830448315259316
2008-12-19,-1.1356911761852935,1.1971473685323606,-0.17376280712994407,-2.6549468640348568
2008-12-22,1.06385767805576,0.32606160162744113,-0.46379637120911882,-1.1238377679903246
2008-12-23,-0.57350938780926097,-0.065731874272043869,-0.0018929750243050639,0.58885082319332283
2008-12-24,-0.3001975908209098,-0.16227786407209005,0.34644718179112399,-0.067593809948134784
2008-12-25,-0.055933372952888055,2.9189216601500002e-07,0.33443547115939104,-0.042120047802783972
2008-12-26,0.051487907593546073,2.9189204840600001e-07,0.065069343429149273,-0.055701500859928241
2008-12-29,0.64864516220143154,0.10083103512284405,0.25072045679301552,-0.37041188967195071
2008-12-30,0.22739746136822234,-0.2638468876008932,0.24090001199867681,0.48387020806111353
2008-12-31,-0.30398505162568701,0.15546934028343173,-0.0018777555765883689,0.28735328395978554
2009-01-01,0,0,0,0
2009-01-02,0.97846211918770631,-1.5677851901099125,-0.0037301081793072134,-0.54909743829369628
2009-01-05,0.45584315219071042,-0.70325033295513195,-0.94856132781591285,-0.62097659128994587
2009-01-06,0.18806357858148576,-1.6751872342092144,-0.32046620610184606,1.5083930253456781
2009-01-07,-0.67194019731758048,0.58436777246940808,-0.53905850846029646,-0.16963874916334598
2009-01-08,0.18046036175389024,-1.3355524044073088,0.5009563110377423,1.2827601077797703
2009-01-09,0.13525911339018931,-0.1354404849935425,-0.37248904478235123,-0.56803092802603061
2009-01-12,-0.83154525824014791,2.2676736669985558,0.006684207450040198,-0.32225638959896413
2009-01-13,-0.36676944450772603,-0.30707116940036311,0.16019789920115393,-1.0228816930483811
2009-01-14,-0.79332413546798697,0.71883610568240563,0.094224321061220709,1.7684574444981129
2009-01-15,-0.53567510846069133,0.45357375910574199,0.50474361863552553,-1.5284342043338344
2009-01-16,0.51144840459411689,-1.2460379494939493,0.13164051749874087,-0.1708351971609593
2009-01-19,-0.84214860179740347,0.65561499320479732,-0.21399570976080159,-0.041999667877075937
2009-01-20,0.51307397658741238,1.7727219659690294,0.26543047290921434,0.41192942979761132
2009-01-21,-0.31074471303795592,-0.58714183364488681,-0.085262793463673034,-1.4086273692554361
2009-01-22,0.18654943355412121,0.28808633245083531,0.048090098277254786,-0.2045427129020862
2009-01-23,-0.46098108125327164,-0.31368340270615575,0.34029222557833128,1.1734815596598678
2009-01-26,1.1178264685150412,-1.1580885638829326,0.30686511742475359,0.032479636465099479
2009-01-27,0.27481552991116998,-0.4273102381480211,-0.12910814547129679,-0.12496254885675961
2009-01-28,0.094204567808647305,-1.081258908936847,0.19471774398713312,-1.1907102334812472
2009-01-29,0.57243075704501312,0.51582464537790751,0.054651639062083729,-0.82977187126945429
2009-01-30,-0.69721839241530659,-0.1118331380718901,1.001392111708493,0.15762405879680605
2009-02-02,-0.6793213366079679,-0.99603925872775134,0.17764443985988121,0.27082467972116131
2009-02-03,0.35148612584051236,-0.48565462074131344,-0.22095725077542328,0.20056242086544213
2009-02-04,0.3938312296919248,-0.23916550340902445,-0.38930243565690104,-0.15619499155911476
2009-02-05,-0.11024829992081038,-1.2631360756581416,0.45963010935763154,-0.86932348762502909
2009-02-06,1.1860942984655996,-1.0706363682855324,-0.015162300364161959,-0.90911592000849817
2009-02-09,0.58407258735125889,-0.65663750300957036,-0.696663421172527,-0.18177406295854351
2009-02-10,-0.28967627008620894,1.4975245498109215,0.0043651552157287898,0.24521768831930868
2009-02-11,0.39619511378218719,1.52321232504005,0.0061762857405668744,-0.13228741696061547
2009-02-12,0.30144879265257779,-0.36005554441745913,-0.28122683483730709,-0.42493913866861449
2009-02-13,-0.25856887775950199,0.075690939072482089,0.43565331745826974,-0.76792633500932694
2009-02-16,-0.62172570316102915,1.9594952026707999e-05,0.36930732609976141,-0.72200510533890483
2009-02-17,-0.31308883920339636,1.6053268567869161,0.46349592835801301,-0.67248775915793013
2009-02-18,-0.32179272040810819,0.21410828127815892,0.53512222668630016,0.43861170009470934
2009-02-19,0.44191665206184333,-2.1457805170117288,-0.080101084643145207,0.52193580438936582
2009-02-20,-1.0043161575134376,0.6078864473835639,-0.24079467976723581,0.1138668875583229
2009-02-23,-0.24280045330319824,0.96219781028259976,0.17556929260843837,-0.58568376316012716
2009-02-24,-0.00069938374184731701,-1.9225580331030494,0.029234086869819941,-0.77549437550162703
2009-02-25,0.5763156944940544,-0.78070108633950119,-0.76593560744876321,-0.64818600354359879
2009-02-26,0.55558479530415383,-0.56625228020541984,-0.16418943171441042,0.22123015579499769
2009-02-27,-0.53766501643344977,0.5382241878098647,-0.27230368813581862,-0.52029536376431185
2009-03-02,-1.0070661428371166,0.52457188834247437,0.45133027367066092,0.43643619814967266
2009-03-03,0.35632828022071722,-0.47291477744874566,0.4350965045424619,0.42563761486129387
2009-03-04,1.0397346655057322,-1.5855343131064978,0.13702596308651249,1.2389141109839523
2009-03-05,-0.63210122659236112,1.4041193898133475,0.69271182498892814,-0.00065500181258785302
2009-03-06,-0.12935046292951732,-0.94233437211961801,0.12586639822749879,1.2941266152202262
2009-03-09,0.42210313790249737,-0.66228814387522483,0.63053751123878066,-0.94103949502706441
2009-03-10,1.1581112221346883,-2.9116113293321169,-0.2377349653386783,-0.96735609273936873
2009-03-11,-0.30026331049419785,-0.87883479969597977,-0.33379604125918633,-0.48153365585194652
2009-03-12,0.23983334140471307,-0.070456706947403858,0.3364438019336648,0.21645336905395102
2009-03-13,0.15880969291278257,0.61240878261582099,-0.68757211919098271,0.12670445800495073
2009-03-16,0.25931749961052869,-0.47087373928945397,0.019862917594121871,-0.086856075485139794
2009-03-17,0.56560417342021962,-0.72460644453978451,-0.19255075837595909,-0.37859541239144551
2009-03-18,0.014992224139618661,1.6885090431209826,0.17345374874437008,0.10697393506219348
2009-03-19,0.48325016507771146,-0.40718237962570397,-0.26888105721816913,-0.90294952559988262
2009-03-20,-0.36168450161226967,1.5394323079633672,-0.012314873572541839,-0.075561228540366648
2009-03-23,0.52405449102302237,-2.1185956218099511,0.15137988509416767,-0.28364834484186491
2009-03-24,-0.4527470968696769,0.014262955965349832,-0.11003228073693204,-1.1470567826267657
2009-03-25,0.33654930979604381,0.46040925822729434,-0.12520011800529024,2.7272799201678355
2009-03-26,0.13564941122170876,-1.7852516594792533,-0.084934056438731045,0.025806932569511984
2009-03-27,-0.60191498457013348,-0.31179824285363339,0.14337730538850155,0.60946673187540401
2009-03-30,-0.82256272669564634,1.4645897954340168,0.36100428929522915,-0.76487282013533742
2009-03-31,-0.13135572119268879,0.40225027792507095,0.2064643555023091,-0.46663762163090922
2009-04-01,0.11926868895370379,-0.75181774967838366,-0.22918982126252022,-0.52060201149589902
2009-04-02,1.3137518881995178,-0.77616536284660187,-0.012127907939214597,1.2564010109607247
2009-04-03,0.24513386254591535,-1.2802325448673313,-0.170310665315211,0.26242031380610298
2009-04-06,0.32565923995101675,-0.42345470094032195,-0.42057014561246042,0.59894009259509351
2009-04-07,-0.98828122858325607,0.89133491997335523,0.0057977525532089715,0.26459995546245763
2009-04-08,-0.29993713285692558,-1.0797557067310493,0.12962288580662351,0.67084297904866763
2009-04-09,0.86027462656504983,-1.5822147838290821,-0.27935264587892844,-1.1910995164959834
2009-04-10,-0.031534281952931904,4.3418964433772003e-05,0.12387931526509074,0.090192222200716085
2009-04-13,0.14568926751845526,-0.84092810285330422,0.28852448667251013,-0.2423874742407594
2009-04-14,1.2326333406945387,0.43140382158491397,-0.023848608865665182,-0.46686151541915305
2009-04-15,-1.0437518313540808,0.87579081089556454,0.16033378843145582,-0.51831564357959914
2009-04-16,0.33264335282190566,-1.1211296763415071,-0.24628799815173152,-0.18396314557870935
2009-04-17,1.2524853731601049,0.51597358947756844,-0.037075221567093967,1.0538577420072561
2009-04-20,-0.57955037842203572,2.0105172869434149,0.0034625638842208937,-0.056317657431555375
2009-04-21,-0.27572832350698362,-0.43847506048683599,0.0063865778836827035,-0.78326468823856765
2009-04-22,0.15593825043722143,0.50846282407764531,-0.0041469886843139162,-0.61371411229040596
2009-04-23,-0.12296837596506895,-0.023896049967427519,-0.31398570623675981,-0.22045900817458985
2009-04-24,0.41667399432581914,-0.49077518655812274,0.72881842029110799,0.45097859324093725
2009-04-27,-0.11056171387373026,-0.14484141403574777,-0.11464836515989582,1.1090070857216263
2009-04-28,-0.39081738223022583,-0.13325326951184052,0.13387181846319968,0.4128008422151801
2009-04-29,0.93102307936957684,1.3422243875710054,-0.0023051647369121968,-0.47268610199407052
2009-04-30,0.11077112560907076,-0.16347188382377481,-0.0063503356617305579,-0.34671078603035566
2009-05-01,0.88608053383620322,-0.22456654576465943,-1.024595279362625,0.0042498983858971686
2009-05-04,0.088174139121918571,0.42418646428990286,-0.00050272707763072001,-0.60691876461076966
2009-05-05,0.64951907284830024,0.015453571430624672,-0.078904910377087939,0.48199410306643542
2009-05-06,-0.096080799159664762,-0.048773540882183518,-0.001464759589911294,-0.7197079118773777
2009-05-07,0.61336745150897731,1.4047702511652103,-0.52850605196578682,0.027099000628931717
2009-05-08,0.83378334181881253,-0.36319903695567868,-0.25803237196437812,-0.90497208377758076
2009-05-11,-0.74051095094369401,-0.052087250261487597,-0.36504803850701212,-0.26607791173144502
2009-05-12,-0.26857814927414858,-0.049882057838132016,-0.055843563465866906,-1.0348789267544751
2009-05-13,-0.95270182577515905,-0.13095171727582391,-0.46242542047822333,1.0612184412457419
2009-05-14,0.12486709490856684,-0.24406170336044541,-0.016219794466805406,-0.93012540856559944
2009-05-15,-0.42425335664534375,0.7517955199911478,0.18639954705720455,-0.73801104731152511
2009-05-18,0.83036108171286382,-8.1599499854450006e-06,0.60199264340007297,-0.53522954561267089
2009-05-19,-0.51680978841901626,-0.32357291786559589,-0.76077528137310291,-1.2815546366435651
2009-05-20,-0.12841717404647818,0.30876591483890964,-0.20606501220460796,0.49895733899407035
2009-05-21,-0.92706058162570615,0.85244033065097857,0.51903045625752608,1.0164582337616759
2009-05-22,0.30148676716091549,-0.28913921959822519,0.45556342414462297,-0.32909404541642895
2009-05-25,0.00012971112730127899,-0.71728584804317519,-0.23160627236480327,-0.72777528999354102
2009-05-26,-0.2061575173357201,-0.56197338604029445,0.14467479782276096,0.87694462340160007
2009-05-27,0.40095916477235205,-0.1625290789648875,-0.033996267619960052,0.52161802423109449
2009-05-28,-0.25326957222128199,-0.68271775264415446,-0.15128793795566189,0.46352057178658701
2009-05-29,0.057351104748430776,1.0281703799605442,-0.22636176259144938,0.15961666479551492
2009-06-01,0.25060081843347493,-1.2901444842386227,0.0061931786494860315,0.83212365055818949
2009-06-02,0.67126279672684896,-0.15275190613937129,-0.16041475656781198,0.95292820170564851
2009-06-03,-0.58114353668756924,0.26376945059712792,-0.33632527077680008,-0.67914261905488815
2009-06-04,-0.34122404215934127,-0.12083987480833124,0.10773830368448009,0.41838861061553811
2009-06-05,-0.5036820710345784,-0.3514247463453633,-0.32560953310501251,-0.50951721400526873
2009-06-08,-0.32494053505094944,0.53110651653751928,0.34405410494247585,0.090091348991530054
2009-06-09,0.052570184220547198,-0.73324173621764177,0.17806109573337145,-0.72162135413151152
2009-06-10,0.2822301846387838,-0.30469276934687772,-0.11134781193750681,0.096578580500517902
2009-06-11,-0.43978205254881747,-0.3865579169682532,0.26750667538883965,-0.045687808598710106
2009-06-12,-0.18071936793354443,0.85695699392436919,-0.04703462424333852,-0.032359139809959442
2009-06-15,-0.8133576545587381,0.64023738765414384,0.35449801893479205,-0.74906342278114302
2009-06-16,0.16516602108771475,1.132762242085215,-0.39862164277314022,-0.38335926796274156
2009-06-17,-0.1799694345330784,0.75923319499265629,0.53232302625410666,0.47886227434748507
2009-06-18,0.17672908377331675,-0.39645291197806032,0.17144377149359633,0.9930690990380785
2009-06-19,-0.5818855427033689,0.33754751357340307,-0.50794288314593605,-0.23547970164296081
2009-06-22,-0.26308413551082677,-0.041027145026257532,0.59534148218227845,0.011066730695879264
2009-06-23,-0.33794309077979418,0.035649895108670185,0.21770133855389642,1.1170904492688427
2009-06-24,-0.43709561641132277,-0.051185800959562065,-0.13834674068715752,1.1230338432195932
2009-06-25,-0.25438139364937845,0.67359172873479412,-0.24316011057772449,-0.11670154225954382
2009-06-26,-0.32579985714501292,-0.46523777338488448,0.43667854450638388,0.5620729529295091
2009-06-29,0.11043708385313705,-0.44422547054861355,0.33397981770566781,-0.26177113796640139
2009-06-30,0.028867952585359812,0.055744183494682881,0.19916769073008667,-0.56065695649906366
2009-07-01,0.60784451955174723,0,0.32984166135359183,0.90573364218474472
2009-07-02,-1.1675913938515832,-1.2184268524398654,0.16024772317105701,-1.1569620585012261
2009-07-03,-0.80911151125817138,-0.056013518579521547,0.39333750375480198,-0.3286126665280103
2009-07-06,-1.6918294714296913,-1.2168092489735651,-0.95094061337425884,-1.0145566191188382
2009-07-07,0.067100938053618081,-0.35585222450750936,-1.4715263247127952,0.15320513061289764
2009-07-08,-0.52527877954537661,-1.3939427137369877,-1.4183739894270513,-0.8834321217617267
2009-07-09,0.36999435391796059,0.61872597293925902,-0.86218612067950307,0.43375539122155365
2009-07-10,-0.43541744309822616,-0.40583206718311765,0.016334835678658736,-0.43710282513919463
2009-07-13,-0.10475424207287953,0.71535074060867132,-1.7288184440695207,0.90180350935677134
2009-07-14,0.87947702560004248,0.39278398048137508,2.0897017284955171,1.5329687292436729
2009-07-15,0.69222675502365338,0.34439615862545164,0.40404866227040126,1.2882337050411758
2009-07-16,-0.10551398801024882,0.53095917771656054,0.60793778311918678,0.95064359673228027
2009-07-17,1.0288461854241984,0.32657612961140237,-0.47365529951250418,0.70381537006390005
2009-07-20,0.17367878026257177,1.0060240360538077,0.015624849002672525,-0.19617748829923765
2009-07-21,0.17989088666077521,0.23643127400634686,1.3026518080026019,1.1660091134562338
2009-07-22,-0.27799445434362779,0.65016531970719915,-0.045776989763738667,-0.64184932797890437
2009-07-23,2.1537567052049358,0.84919402987924297,0.61907289436775814,0.9928675299501909
2009-07-24,1.2407509275586275,-0.63821027153913212,0.88852586499967212,-0.011703687432241443
2009-07-27,0.53983972442525108,0.17577429584285656,0.39971225224098461,0.24696269783348646
2009-07-28,-1.7050233542911721,0.59622252108181872,-0.36086394725542786,0.12127029669014326
2009-07-29,0.25266942349988458,-1.4885300997373199,0.077341322649052163,0.42049395374295051
2009-07-30,2.0572807758067144,1.7364557283013191,0.80890072666081547,0.7315803274088386
2009-07-31,1.0150407139015176,0.24909379453420064,0.6373219479147898,0.31737256531327346
2009-08-03,1.6038206560881889,0,1.3222469631953016,1.4842101765043227
2009-08-04,-0.69895918470062646,1.1224445983877289,-0.40892964076708233,0.28762880658587109
2009-08-05,0.57573531098325625,0.32096697139370695,-1.165124681518783,0.52072197369098305
2009-08-06,0.78454763566575059,0.34412110883370961,1.1256760943155979,-0.46749539096952902
2009-08-07,-0.12974096576123911,1.2430682321847324,-0.042410241014863313,0.7518365331220882
2009-08-10,-0.19783464465623138,0.33792004780026341,1.0522074636270027,0.48485199832244524
2009-08-11,-0.41697806114689029,0.39218656040943911,-0.0099864863632993534,-1.1868170863047727
2009-08-12,0.38883045411880313,0.79336638988739427,-0.64180930149034821,-0.011377439970484179
2009-08-13,1.1676400019526154,0.12841986469154637,0.53364041832802567,1.351626314687179
2009-08-14,-0.18552976114206288,-0.24639911067628162,0.56601208572827655,-0.25670821204180017
2009-08-17,-0.45583587410875698,-0.74710994543222697,-0.65613214396947062,-0.55497240090510835
2009-08-18,-0.15555817795874269,0.58657623335957421,-0.52329549223958838,0.84984953872401026
2009-08-19,0.4170633851542368,-0.43669363825230356,0.082681237730030915,-0.30149837890711745
2009-08-20,1.3868566155589148,-0.3427781496025864,0.13072176215815354,0.83982174019249634
2009-08-21,0.44452490182354704,0.43173702922011242,-0.83733574322775695,0.16777004043177179
2009-08-24,1.4764469689972615,0.13709565671735419,0.7076156401980539,0.5064213378193545
2009-08-25,0.45187238383978334,-0.86393919800552987,0.17269604048185072,-0.40787961635656134
2009-08-26,-0.61579476171648628,0.54087475064817714,-0.047300506134176745,-0.47003264865805783
2009-08-27,-0.5215007929659411,-0.56920030890240381,-0.52580537893677259,-0.3696671690704374
2009-08-28,1.1445937212201283,0.39032709418074507,-0.16151508190358696,0.96422917196418523
2009-08-31,-0.0040084788163154425,-0.50240187301179673,-0.69919071428997337,-0.079385608491167395
2009-09-01,-1.2494497905287332,-0.5705410078393629,0.50620513455500382,-1.5948529890633418
2009-09-02,-0.87363781473508251,0.15502074989069548,-0.60932815906683924,-1.1575928481243338
2009-09-03,1.093748261144232,0.46486796049326856,-0.79154895333940334,1.2534240954117457
2009-09-04,1.101746927872471,0.88974229961857199,-0.22930835048146125,1.4127894259393552
2009-09-07,1.0455814774504029,-5.5679156446550005e-06,0.59966362784894589,0.76162627541985706
2009-09-08,1.2984791337658828,1.3403691713393833,0.017554986838351321,0.81374491935698434
2009-09-09,0.90050531355727537,1.2933536383501845,-0.11738012236829141,1.102377622481745
2009-09-10,-0.14586126516020237,-0.24294556364987868,-0.087650990661759909,-0.17405597400750242
2009-09-11,0.017700933342460659,0.37901347348719766,-0.31843894508801041,0.53509638001979953
2009-09-14,-0.14001311706319206,-0.22468771433766191,-1.3663144622881538,-0.42412053015848727
2009-09-15,0.30447200233505456,0.51378723279360927,-0.5535464754699011,1.4003598168212286
2009-09-16,0.37525416571566506,1.38809021888349,0.63596675941602998,0.74407734819658067
2009-09-17,0.37482100609340285,-0.59873382254953533,0.45441697117840263,-0.22697596125383934
2009-09-18,-0.35317008286835416,0.14440353109987392,-0.51873385760051594,-0.73874697241438814
2009-09-21,-0.53072170203131375,-0.88643669539014647,0.02293175705974064,-0.65815033237900356
2009-09-22,0.065308268936817182,1.3878761858936364,-0.027575035179831602,0.55808956072700178
2009-09-23,-0.33929543358935871,-0.29459669335776661,0.0057002202969621638,0.061922148629915602
2009-09-24,-0.19440789699690408,-1.2277296354137319,-0.14032326725065294,-0.28028523417592771
2009-09-25,-1.5318949133595676,0.34428748613522947,-0.068961507088267496,-0.52396810256169646
2009-09-28,0.33919313620312797,1.1760218275309793,-1.8678118117898643,0.73021400090823918
2009-09-29,-0.4236365305031759,0.30439749804501087,0.46248546877161328,0.68711981036702718
2009-09-30,-0.23217672492036368,0.70988091721718127,-0.62397300190093619,-0.20104485414624113
2009-10-01,-0.13254478474343237,-0.71464138996432902,-0.7939223476968118,-0.83736987219894565
2009-10-02,-0.86904607907362219,0.27602817551746678,-0.78335196183475819,-0.39341063929619779
2009-10-05,0.015110416070189248,0.29008298250796039,-1.0195768380786623,0.36861112463258633
2009-10-06,1.0354896163943468,0.47456621039580343,0.98725707887360525,1.5355791445916538
2009-10-07,0.034677896141461877,-0.25138628035840627,2.172588136902041,-0.48873514983804095
2009-10-08,0.057691381314480719,0.77468952619211018,0.38612251516577845,1.0608824848016656
2009-10-09,-0.01588452615438507,0.72326955544131522,0.66108499141785604,-0.32548427041787309
2009-10-12,0.39319058100953064,-8.6803784047339997e-06,-0.0045783186624951313,1.3323965676847369
2009-10-13,-0.2606463406760598,1.0569230679684121,1.2361060327781039,-0.066216359715657369
2009-10-14,1.2117280907336045,1.482078039149213,-1.1134658603484984,1.1568248035633233
2009-10-15,-0.16565423024925893,0.056467376276294758,0.31231224871841123,0.82474144845005681
2009-10-16,-0.48536896665508433,0.054391443517591412,-0.27693441316422301,-0.19330945662686419
2009-10-19,0.22628913794742322,-0.41650479627945186,0.0955036068136009,1.4149621112169475
2009-10-20,0.024144970593501847,-0.21581798846284686,-0.17213523359710833,-0.085901429081192721
2009-10-21,-0.34339562037732252,0.4076605527291155,-0.25148395380114136,-0.25674236537694306
2009-10-22,-0.10829083126106084,0.23683426569600122,0.20952412746207241,-0.23964761025967513
2009-10-23,0.62300206561248173,0.22733936114604902,0.094458120514630803,0.75148000379712077
2009-10-26,-0.63112105387881456,-0.74132918704964601,0.16930029217944254,-0.71140980941113652
2009-10-27,-1.1609988162507867,-0.43903521431549664,-0.42277804027733257,-1.6397360956462357
2009-10-28,-2.172661829450194,-1.7891897595267456,-0.47864502850216184,-1.2755844629572237
2009-10-29,0.86973518510030567,1.4060321770250352,-0.6514215212453851,0.86967445332782201
2009-10-30,-1.4361616988182533,-0.69119349714625633,0.95464103969937519,-1.1993928361971484
2009-11-02,0.61801634245193116,-0.073300590505890273,-1.2210014489976786,0.49043549143436849
2009-11-03,-0.66007274984529718,0.25297406957790691,-0.001967983824553589,-1.5501646750860518
2009-11-04,1.282547312082241,0.092756565934423343,0.22108936238463889,1.118463635573161
2009-11-05,-0.060299658477807355,0.10399399114087078,0.022975333962097937,0.69772424727545079
2009-11-06,-0.028296458467178442,0.0075993489684898427,0.18010156702889349,-0.10480531614478748
2009-11-09,0.59165742841662816,0.30512791046052284,-0.036341644949315917,1.2497959481714378
2009-11-10,-0.46621755757658734,0.0068301060645253788,0.072683898659421486,-0.56156488403749016
2009-11-11,0.49882063688022404,-0.336279177506633,-0.11733874422114775,0.85663682965138976
2009-11-12,0.5969811247602983,-0.93973483593648222,0.056644667910291734,-0.40488802455577605
2009-11-13,0.016843929533490589,0.095510880032902673,-0.61372554312800187,-0.25320001403604153
2009-11-16,1.2565374457416461,0.55343242830950368,-0.8656882697136622,1.2251904269765004
2009-11-17,-0.42693773180873679,-0.12407108515705961,-0.3985243697222472,-0.97040209595551585
2009-11-18,-0.17861781114108136,-0.082943416348519525,-0.52610177702538286,0.14190207202415711
2009-11-19,-1.1845208476972198,-0.10769103402602843,-0.30974921053584448,-0.64430933935334722
2009-11-20,-0.31549433922490122,0.0052694791697553162,-0.24622366498382964,-0.55880835389522188
2009-11-23,0.25134274736270545,0.79105691257040744,-0.00061316972241209499,0.61354550925967455
2009-11-24,-0.77264459029364896,-0.40201015946724439,-0.21643126884320824,-0.4890105480942446
2009-11-25,-0.60491225181849151,0.64404956144747549,0.24630223288317488,0.32563193077453856
2009-11-26,-0.58401886786314927,-0.18360490738116533,-0.4707802988578409,-0.79367868849868684
2009-11-27,0.27216270781078306,-0.025309015966726051,-1.1954931976579988,0.78757537653151977
2009-11-30,-0.038063040803795509,-0.45482834228611951,-0.026920099449993535,-0.029146599047384994
2009-12-01,0.7183582820661264,-0.16940015730657634,0.85711901568537452,1.0335176494852776
2009-12-02,0.38179344871429566,-0.2917672321502528,0.60066379229546973,0.4841334826872844
2009-12-03,-0.41376179657150092,0.0057513882309957222,1.8148896143060027,-0.55645922918358759
2009-12-04,-0.78143007687275357,0.30976850428132308,0.76544241227423904,0.32071385136834324
2009-12-07,-0.24744217439658864,0.24893850450115182,0.96160325239902922,0.18642390052884966
2009-12-08,-1.2091953399794613,-0.14892580456447319,-0.24360957929436203,-1.1248719655682877
2009-12-09,-0.54838500707613624,-0.06135246029055412,-0.87991059814229167,0.03729739879399839
2009-12-10,-0.73282366721802383,-0.0013134745561638019,-0.33239900122584676,-0.36642710371576787
2009-12-11,-0.14766682533213885,0.36559959697456451,1.1128524535633597,0.18298123467845651
2009-12-14,-0.0059635528510074403,0.82492602212520871,0.77135645967896649,0.50182317077735716
2009-12-15,-0.35509287885936941,0.18964051189023584,-0.20904060262562199,0.60174470592799811
2009-12-16,0.71314091227613319,0.15044447604919939,-0.19277283992842051,0.49879048561526285
2009-12-17,-0.54570280762805889,0.37489015434690148,0.43967682055253016,-0.27050820895139138
2009-12-18,-0.047853293685169697,-0.2857271019785857,-0.56734099383180592,-0.24716413076118726
2009-12-21,-0.1131623160788971,-0.050570253155377387,0.38236470487289426,-0.065418932983153127
2009-12-22,-0.38727265758454132,0.14640400577631923,0.9301153042115311,0.71839203082354408
2009-12-23,0.40730079710541495,0.59480467887671984,0.024839632949979575,-0.19981149219442548
2009-12-24,0.16153456633530086,-0.20200057319205911,0.95338846287702639,0.0041014129340602272
2009-12-25,-0.0049886376899139911,-4.7313297235729994e-06,-0.1616790109717505,0.0051647540910255705
2009-12-28,-0.0045346468638641927,-4.7313185922629999e-06,0.53080147075011386,-0.72560210181054252
2009-12-29,0.56837485825646883,0.4829364866184977,0.14210362284186778,-0.15574177915988746
2009-12-30,-0.18015676627022043,-0.11827496075442094,0.084814473891543701,0.010205287660808717
2009-12-31,0.077018322369531614,-0.2784610144773994,-0.034917550351702221,0.0059065620324429968
2010-01-01,0,0,0,0
2010-01-04,0.70957906320373454,1.5195049961620299,0.13662149498949563,1.5505047837393713
2010-01-05,1.3289149088373193,1.3398755846966175,0.029535422406376848,0.29308535219974108
2010-01-06,0.39502234019803573,1.4185199039983449,-0.12695580859617303,-0.56382811996518911
2010-01-07,-0.064186863957733778,1.098401229566776,0.1120825200484071,0.20141744529521194
2010-01-08,0.50356918137375839,0.59936544058184682,0.97829485307334429,0.4303855220283006
2010-01-11,0.40713146297867475,0.25403646481436581,0.013517082705181788,0.071771488178877685
2010-01-12,-0.62878682549502085,-1.1420744658091313,0.76413618539755146,-0.93593896592053061
2010-01-13,-0.1566110891400718,-0.097671392941723736,-0.48675772444803445,-0.0053608873910857445
2010-01-14,0.56719946331574622,0.7127212189877451,1.1854678734261845,0.70560640054973844
2010-01-15,-0.28779320057862107,-0.030118983790372877,-0.16384927357715223,-0.21741562830796135
2010-01-18,0.10416399931583846,0.71529805142965719,-0.45313000973562811,0.45221268956850552
2010-01-19,-0.10401440187128701,0.46262602123123692,-0.2838796528184086,-0.23768684444801674
2010-01-20,-0.99643225965325777,-0.28644348440624184,-0.37734771406740308,-0.51315302104078164
2010-01-21,-0.85018212030930906,-1.0941572464628777,0.47909995887347684,-1.554446732308691
2010-01-22,0.0173454742937648,0.064824802384913879,-0.62071746721040544,-0.45798066639079082
2010-01-25,-0.25873414683631529,0.20495191283394337,-0.13554076336673801,-0.93148579417520538
2010-01-26,-0.6130006094200573,-1.0450368232043614,-0.43574878518664384,0.1974945945305123
2010-01-27,-0.52183637958184581,-0.86793543028195475,-1.0827472914661032,-0.10615403362562335
2010-01-28,-0.046876918285043596,0.013113212864545351,0.62803050178172271,0.15143505032415311
2010-01-29,0.2563567707525613,0.044889766067866411,-0.086867649091781879,0.65659838936649162
2010-02-01,0.68544777129930146,0.42200826772219496,-1.0669572295967611,0.084404228796662609
2010-02-02,0.79914819885113597,0.50789342642936752,1.2429800476274466,0.051024624829351078
2010-02-03,0.16237171900368455,-0.62340403355749952,0.10757318325021756,0.26616916901520277
2010-02-04,-0.5790112731392143,-0.60252040158327724,-0.97750412229990291,-1.398622048093265
2010-02-05,-0.33392243803356647,-0.88038526920944349,-0.12681354422601995,-0.48349953586587791
2010-02-08,-0.26962665373516392,0.41215834308761107,-0.55784603703976299,0.58271862758955772
2010-02-09,0.58801979055118736,0.43128151808823634,0.48049238204498623,0.19488772948734651
2010-02-10,-0.029048753202811826,-0.0047821280814405341,0.43301609920887224,0.15396229469567432
2010-02-11,0.11982150841028862,0.90426552808470806,-0.00088203404220829195,0.18674275243010574
2010-02-12,-0.41767979777622488,-0.21735955872240714,-0.023700576742467925,-0.4000592510837388
2010-02-15,0.28713090057271773,-1.0645745837570001e-06,-0.16422062456272132,-0.23227693754670053
2010-02-16,0.81423564994746278,0.37562860751030486,-0.15005389958493129,0.68348221099502304
2010-02-17,0.23019220756538838,-0.31832552626828942,0.56987788565291519,0.48713456897767399
2010-02-18,0.32864309527916752,0.14548566573817817,0.21909906011217004,-0.42993200027793343
2010-02-19,-0.41517756496387215,0.099394472247905347,-0.16329829707122037,0.79823462219362418
2010-02-22,0.65863310499755734,0.18002782322025318,0.23073788911543697,-0.25027874063836719
2010-02-23,-0.74444760371468566,-0.25543564661129697,-0.17228304569614153,-0.14656215836456674
2010-02-24,0.097951537842800057,-0.28066725446503504,-0.39766940883351765,-0.70142069011314578
2010-02-25,-0.23043494279216067,0.001498090347176777,-0.54697961465130451,-0.33947020114495907
2010-02-26,0.13319389642276364,0.35981296240405913,0.11015048545771476,0.30242255431923049
2010-03-01,0.72653700950725553,0.88013958297089145,0.26121989842920584,0.40559089963110795
2010-03-02,0.91341732393456898,-0.044245515987261591,0.086500042738638344,0.92641157018244391
2010-03-03,0.84141125012386941,1.0371869278993477,0.34056485837842548,0.33727704801662078
2010-03-04,-0.27466911863589644,-0.37058908976712424,-0.071796628356966888,0.49753053658426521
2010-03-05,0.90006824519796891,1.0856450099492099,0.3773477755591001,0.42473630432509735
2010-03-08,0.60014407046602092,-0.85003187841081118,1.0905517343729094,-0.084764123024422419
2010-03-09,-0.25060169989741488,0.1518407597816343,0.55138470737358281,0.18550242452333973
2010-03-10,0.082038405308557869,0.82606802163738646,0.40933031195913461,0.25531574546527991
2010-03-11,-0.33146734632588148,-0.35578706729787241,0.47591132360235955,-0.52232062578216831
2010-03-12,0.74078344596604595,-0.2115608121691068,0.10329504891605301,0.12455961122844075
2010-03-15,-0.72849040064253368,-0.45584394919071664,0.34992437924931091,-0.42536915773802203
2010-03-16,0.34315863326899082,0.33785744808805734,0.12912118499954436,0.63723529465474704
2010-03-17,0.57340928876713659,0.61824565785353924,0.89025774678100422,0.5889140654702919
2010-03-18,-0.76563114671946408,-0.0052488949075003323,-0.35011775246588245,0.20094285307183327
2010-03-19,-0.38573232177209527,-0.73451436978589479,0.46401411954139837,-0.19752390355678395
2010-03-22,-0.442586777317036,0.34449176386038549,0.019514205724990519,-0.07711849549890458
2010-03-23,0.84928690006801422,0.25611930939113153,0.18401701658680211,0.87740973045808279
2010-03-24,0.0082166130675845085,-0.038673032803415434,-0.41895077169855166,0.14323568311436422
2010-03-25,0.10481934647475241,-0.16365750365535398,0.11942905155645711,0.61891264379116351
2010-03-26,0.2858253212177902,0.14741542066825863,0.3743807746699917,0.79613523944336606
2010-03-29,1.4176728071471199,0.76750348200218577,1.2124222456291136,0.3831089192280166
2010-03-30,0.20693806812349286,-0.25355343462691066,0.56637460781505933,-0.37759143030524422
2010-03-31,0.38279217349325911,0.18294047106699818,-0.29680270596146618,0.36519177920546703
2010-04-01,0.60480768243987015,1.3266118703785201,0.14428679983627002,0.79577241754113415
2010-04-02,-0.0075029978670740505,-8.3791041538199991e-06,0.86796877903612246,-0.0041429780350788602
2010-04-05,0.0083160869927909851,1.3306495534279845,0.79228487298915007,0.00014700717165553001
2010-04-06,0.77814554765213129,-0.19204452875372496,-0.64849959635969889,1.4453866984610966
2010-04-07,-0.46135698048965729,-0.41289140885276798,0.080275721058450558,0.0030739275180554672
2010-04-08,-0.52668489576172961,-0.17711165677366789,-0.22295059631893491,-0.55880756481024074
2010-04-09,0.36055321984160377,0.051984913315303936,-0.11524362639466806,0.94602530033476384
2010-04-12,-0.1788579118709388,-0.15518648112882016,0.34300954830747193,-0.12039869815477773
2010-04-13,-0.2099865312177254,-0.0096362832564504813,-0.11829415285569057,0.76761025704110686
2010-04-14,1.1785576701031457,0.04897927347376712,0.12231891249772853,0.11615109592997058
2010-04-15,0.11192951473619414,0.27640770968069112,0.14718833113483465,-0.32577082229740761
2010-04-16,-0.35844775913908139,-0.47493085495745535,-0.39027440921875495,0.26979628035033149
2010-04-19,-0.22782969748789569,-0.55111989844556297,-0.42947483419248583,-0.5465563509463186
2010-04-20,0.026714083345066496,0.5879891191523583,-0.39941554814021862,1.945259950860011
2010-04-21,-0.089223990194937042,-0.046929156399074821,0.80226530010728336,-0.079390976397890209
2010-04-22,-0.36347671934473735,0.46027362355375789,0.28902890223225414,-0.89628479691345275
2010-04-23,0.58244944206030635,0.28816187954668437,-0.14090311468329858,1.3030583640442586
2010-04-26,0.33336682236303639,0.64162824093305548,0.71690622726444819,1.3286509429591449
2010-04-27,-0.31565993947662019,-0.90040590228407291,0.37744367556206559,-1.3551602178911109
2010-04-28,-0.20826679491485556,-0.24694046974337749,0.4473719972981251,-0.14883776344621935
2010-04-29,0.39015323145379893,-0.68695701425843858,-0.0041256887876614653,1.0644050674940344
2010-04-30,-0.051822492669029357,-0.39200865779857458,-0.32415190544144429,-0.58578925142254723
2010-05-03,-0.0019113889304112899,-0.095697937868830643,-0.00030688307469280097,-0.017617670156433667
2010-05-04,-2.78694925022188,-1.2665298197604695,1.9708482375099999e-05,-1.5973627960429566
2010-05-05,-0.31778349127400957,-0.35351941061643199,0.00029627899817977898,-0.31024528096964404
2010-05-06,-0.599211069613931,-1.097796606523207,-1.4654407914819816,-0.19188899810389054
2010-05-07,-0.32044058185785163,0.09758069691711084,-0.41233719997112322,-1.2861145397381328
2010-05-10,1.2088430161939623,1.6530248343042133,0.32696496895173471,2.2634059998230596
2010-05-11,-0.80750504765797027,-1.0746112158681276,-0.45908657998286106,0.90494980762516297
2010-05-12,0.16743509015267327,0.56795921877548106,-0.39358215298309862,0.91622751163876071
2010-05-13,0.22973590199212796,0.27132390933282113,0.93464047062481914,1.2358948952140514
2010-05-14,-1.3191165095834334,-1.269797172850625,-0.40085745596085992,-1.12869967705717
2010-05-17,-0.68705536638628217,-1.3213597850989216,-1.1988017288918591,0.229543066941506
2010-05-18,-0.049290340277271603,-0.34560722305306546,-1.0461451309273893,0.27450481272898697
2010-05-19,-1.4904779380840256,-0.47832235257244049,0.043773128397440693,-1.5316295681524659
2010-05-20,-0.79332781607180036,-0.90815626024582718,-0.65117228059011389,-1.8245015137359064
2010-05-21,1.0021721800370926,1.1409214476654932,0.033944748664360438,-0.31047671750242095
2010-05-24,-0.069112153972417018,2.9766076989759998e-05,0.15803345778227337,0.16761919293002725
2010-05-25,-0.54261763077685066,-0.60338935067985966,-1.2154659345114087,-1.5055443260380583
2010-05-26,1.2592047383626297,0.80848926195490356,0.42667455742524857,1.7114372083706353
2010-05-27,0.95479779234982975,1.9059868741067461,1.2123095537391209,1.0657880070398251
2010-05-28,-0.185201989079923,0.23763876727645392,0.33572797154320017,0.38006825345053857
2010-05-31,-0.024068843550674523,0.21565662722439985,0.030720920050200141,0.28214411699447117
2010-06-01,-1.196575263003129,-1.3561380957342188,-0.73800983126051245,-0.28958527927640565
2010-06-02,-0.68822016959936738,0.45609957942693263,-0.98004252122994318,-0.26146779912191276
2010-06-03,0.56325551217632164,0.044013394755592253,1.0010189210024956,0.80953683006481858
2010-06-04,-0.5229371072070077,-0.84270532005933096,0.20521587439436803,-0.97159434228333652
2010-06-07,-0.88421757037394533,-0.66947556996386259,-1.2266036151731359,-0.56976862584999255
2010-06-08,0.00088810401910789497,-0.246710748087552,-0.17856211873494091,-0.37569246321461935
2010-06-09,0.04417395872340199,0.02141467365077394,-1.0057249522046869,0.42313719772783176
2010-06-10,0.62091401734580287,0.60602301093008004,-0.13531258482764119,0.83250658498462271
2010-06-11,0.041157538575931504,0.25752052702107092,0.095749461482143264,0.30816969095961755
2010-06-14,0.85440367250297788,0.79683421869830595,0.65384238819448715,0.35833165081873941
2010-06-15,0.086148140927270078,-0.16155100937235123,0.15943893599767692,0.2103241950310753
2010-06-16,-0.25064936333669763,-0.002862593000016133,0.48887319277176322,-0.50862477247733417
2010-06-17,0.1906801245117285,-0.40771426195532495,-0.50094456892055428,0.90759740411911327
2010-06-18,0.96362288359698112,0.26842144184579386,-0.17938394715787209,0.79162507004158655
2010-06-21,1.4261425265663803,0.48275867586963722,1.0643748738038159,1.1434392946797662
2010-06-22,-0.55561987975257388,-1.0958622688188984,-0.33585276332262626,-0.82508399789615749
2010-06-23,-0.58022107818776847,-0.22894784037961036,-0.29820017283591876,-0.1877777912015848
2010-06-24,-0.53473104283914341,-0.2934039176103323,-0.39215899344273591,-0.90940373210344205
2010-06-25,-0.34658840755605602,0.33074701135629625,-1.0666921027509502,-0.58714895721147708
2010-06-28,0.12381449653598169,-0.26362757657413871,-0.59949863218246546,0.40996212663775078
2010-06-29,-1.4089566361578714,-0.89241689397466573,-0.71532921092131674,-1.3753551503601091
2010-06-30,-1.7022681056425557,0.21899440808138743,-0.5856596833599077,-0.19383947997794682
2010-07-01,0.52136891973385302,0,-0.001450791407911435,-0.27437170614458167
2010-07-02,-0.17075722347245881,0.7935605063783584,-0.031130571812611398,-0.30223610367932308
2010-07-05,0.26157797887486034,0.43471637146224795,-0.35254791997074653,-0.61110165891312551
2010-07-06,-0.026241618059693186,0.47703904819177362,-0.1649491749132464,0.048075689100733357
2010-07-07,0.73062142304694677,0.08892570496231178,0.31269653105503609,0.2332292008923765
2010-07-08,0.015452319682691203,0.68762712699316475,0.053293975661761729,0.18118010045706898
2010-07-09,0.18670512845554679,-0.53922467610809044,0.0038069186433638976,-0.13699640182927003
2010-07-12,0.71608863452490368,-0.80737903145079848,0.23150760707707174,0.15570972888785994
2010-07-13,0.18563932795455604,-0.61046347478089003,-0.14989289067824735,1.0482810466277308
2010-07-14,-0.065177320951403009,-0.22713501887382362,-0.48644211978984708,0.031385199845973412
2010-07-15,-0.32014665241016799,-0.48337081008385213,0.075605423713401496,0.049891480968981744
2010-07-16,-0.07744533295254942,-0.14412180341647435,0.17861066219675034,-0.14035835001738389
2010-07-19,-0.36770876578306932,-0.019183192258123219,0.00060730955459591107,-0.33728686653907369
2010-07-20,0.50942324065868039,0.20035002524134488,-0.018691986905283623,-0.45976591508004105
2010-07-21,0.7557316619082074,-0.13241577647023639,-0.1363645430770595,0.22940858643267056
2010-07-22,-0.11496105612658128,0.26764289847823031,0.1318895423736221,0.18775102333041441
2010-07-23,0.52513168524336162,-0.49453874797729563,-0.33584851656302378,0.28937119441205605
2010-07-26,1.3233734828742041,0.55367360799502463,-0.24842828017219618,1.1906657152361046
2010-07-27,0.033749315666243389,0.7949400961389711,0.011938396706769897,0.010154846427018504
2010-07-28,-0.5636589039724067,-0.2355821594003002,-0.27007875178898283,0.03841545692295649
2010-07-29,1.2861451357739115,-0.14518433613600365,-0.16852118035639144,0.57606301552728612
2010-07-30,0.43300122793864276,-0.44190715606377118,0.34565990079500081,0.63786580678045712
2010-08-02,0.37855378334492901,0,-0.018681172171311565,0.028054013617631688
2010-08-03,-0.25215382615156323,-0.37470721480831548,-0.048125625893927014,0.22999544394250898
2010-08-04,0.18676507988383173,-0.66324485577863801,0.33587943700730527,-0.017184247855927485
2010-08-05,0.54427907734611136,-1.0105627470152967,-0.1466072055294137,0.18270282928572923
2010-08-06,0.13085177374373502,-0.74330839110025582,0.48105254886422688,-0.57092260439313747
2010-08-09,0.050902427492899804,-0.17276631704375059,-0.08295500330511979,0.39905251715996554
2010-08-10,-0.46494058434056845,-0.58623073381756474,0.19079855146214758,-0.21892282968905266
2010-08-11,-0.47123328564904998,-0.23060113644313573,0.026275278767520706,-0.47495376573691228
2010-08-12,-0.96647785053960067,-1.3069438905149893,-0.08421867854353246,-0.31004325329128668
2010-08-13,-0.23122533262117032,-0.00047224196393615099,0.13314047374982724,-0.052342192638465249
2010-08-16,-0.18788228940830429,-0.11589106870659951,0.073482665852774937,0.53758245851122188
2010-08-17,0.22633358817233012,-0.91386097938968758,0.084637386895258557,-0.057443649467041072
2010-08-18,0.07133319280716742,-0.47277812614544679,0.013736749978544609,0.24274481998645309
2010-08-19,-0.1092826551239285,-0.63491231341029419,-0.67200925165219316,-0.36653089954969709
2010-08-20,-0.8196429994132779,-0.027833567319230292,-0.22501010892838247,-0.34601988117081589
2010-08-23,-0.16969646998377169,0.011188581258745884,0.26122945782095042,0.16540523062962142
2010-08-24,-0.41595225085310866,-0.17341702943105339,-0.11428662779925582,0.008107129671027077
2010-08-25,-0.12018222164343142,-0.76096165608030464,0.082446946669246804,0.034004597087959068
2010-08-26,-0.16797525614690917,-0.28699404483158292,-0.5978404029897868,0.24673116818579852
2010-08-27,0.59487190386784528,0.21322705272005024,0.052885092528363049,0.69198606199848078
2010-08-30,-0.0021175059069382389,0.010812774149765029,-0.052105118187586737,-0.41524995961097599
2010-08-31,0.17381468623594559,-0.35283531284085229,0.17927760788957162,0.23433980223011774
2010-09-01,0.063671062842100057,1.1537474952831921,-0.040708371934624427,0.62342375450161924
2010-09-02,0.11107955191642596,-0.70560743257988134,-0.1070694971614944,0.23783793423002797
2010-09-03,0.30099928389996855,0.62476752844119177,0.095899320375012559,0.34747901497968364
2010-09-06,0.26118501244285192,-5.9149119898859999e-06,-0.16496312502901708,0.42665949771172235
2010-09-07,-0.59470568056970596,-0.66221392094924736,0.15694351774085971,0.2154299359059727
2010-09-08,0.19154554432428689,0.43143083187540943,0.020331010660727015,0.19843391747367362
2010-09-09,-0.13170740774602588,0.87642891689604341,-0.14254260320799833,-0.27549391841065446
2010-09-10,-0.18971103693103192,-0.0092538476865626166,-0.26089105065548152,0.23895163869849129
2010-09-13,-0.092446265078576922,0.30976855722118807,-0.045704838573639717,-0.12845979594994261
2010-09-14,-0.16636537144948485,-1.1647795770365665,-0.057576756014327872,0.19484924050873084
2010-09-15,-0.27816446053108895,-0.40675736405088148,-0.13179009976130693,0.53848911471596161
2010-09-16,0.33223717819518228,-0.62620660563953823,-0.021514805838312404,-0.7053680015176641
2010-09-17,-0.26580272354747908,-0.64319117692700256,0.34873511335381541,-0.15646122075844784
2010-09-20,0.79457273166031717,-0.15570391237162035,-0.00030745030512419698,0.099565116485001229
2010-09-21,0.49959458796129302,0.1409758522910346,-0.22746675667876379,-0.088847121315091843
2010-09-22,-0.43120644351337556,-0.2854394402074143,0.35852751007598449,-0.26145950550173958
2010-09-23,0.86385277586380238,0.097814409013539591,-0.00031147586981367299,-0.42170145260487479
2010-09-24,-0.28533122312973325,0.60505615932963508,0.17253045899458599,1.0173491683037896
2010-09-27,-0.047858934292553841,0.060266101798015601,-0.18462295248827731,-0.36390568956386721
2010-09-28,0.30507365211797038,-0.44875805595710166,-0.077431209142940577,0.11530580618377326
2010-09-29,0.5419469460566686,0.11754173263042279,-0.1002397405403251,0.25029351144211454
2010-09-30,-0.10595015377181746,0.7596236492249494,0.17166875164672621,0.088904019355055222
2010-10-01,0.30242960313547174,-0.32976747781036303,-0.44098901962703835,-0.66148865438166782
2010-10-04,-0.1414012276604826,0.52568472235426933,0.073771876033516121,-0.69232532523426826
2010-10-05,0.040068924878091952,-0.46908664179216331,0.18663884520497448,-0.056388880214794268
2010-10-06,0.68731575972100756,-0.17650463670577513,0.10857764010693344,-0.12847219960307452
2010-10-07,-0.3437511774016313,0.3761330451457871,0.24544387363554487,0.2233327465588863
2010-10-08,-0.13647019464016252,-0.42937420952669192,0.26185660997956961,-0.054414052144877462
2010-10-11,0.19181390658449413,3.2576930221800005e-06,-0.0014179015392354599,0.68507457644594749
2010-10-12,-0.40160972555704155,-0.43839122888008092,-0.020893204069569127,0.2639908832392836
2010-10-13,0.072200432041584967,-0.24538720330523084,-0.04241979613573834,0.85690712939822999
2010-10-14,0.93965859547683117,0.443781452361518,-0.17140621031895237,-0.93676151697178689
2010-10-15,-0.2945567434326094,0.47643900015211255,0.12193921088626614,0.1803089149334475
2010-10-18,-0.006458470304215088,0.50256342900944873,-0.065551377710685865,-0.1051273424506593
2010-10-19,-0.36456176138847612,0.79718740698058232,0.05511798026060493,-0.57558183056662038
2010-10-20,0.68032370258927111,-0.37757388411396298,-0.11613669493284332,0.53203383092151568
2010-10-21,0.0081265919883702041,0.5765600220128323,0.011640252055273187,0.65360222361486842
2010-10-22,0.43544440491888847,-0.40031921151320282,-0.036877687555807212,0.21353615846606391
2010-10-25,0.031144330762745434,-0.55935843712995559,-0.051977267496767982,0.3137095132210414
2010-10-26,0.24415664132183146,-0.27314591857726023,0.12697110141308218,-0.5430381360730383
2010-10-27,-0.036124224880608846,-0.10256369099010619,-0.21155339997513808,0.018059038321289154
2010-10-28,0.47081591145786822,-0.30628284563046793,-0.083803249462465743,0.55527637477894443
2010-10-29,0.11126561447613208,-0.060738666895555668,0.24887265487343507,-0.07884546576137999
2010-11-01,0.25422467801826754,-0.085165482628641265,0.019684137611061629,0.63753295737186588
2010-11-02,0.38078669149041433,0.092118606578960108,-0.22990478159203345,0.056600071369959412
2010-11-03,0.27222105069272995,0.14142615259471158,0.00093670111527768211,0.36000811203482469
2010-11-04,0.10529291934774584,0.22273699220943985,-0.27967998666854516,0.65034953800309314
2010-11-05,-0.58273630164123513,0.39363411316106844,-0.12815125325870144,-0.14178079026309995
2010-11-08,0.057501167405766572,-0.52227583842513037,0.24005491756331374,0.16667205837674134
2010-11-09,0.94619103102374269,0.97749017131720728,0.14890227001188538,0.35482013446011706
2010-11-10,-0.44498716262366295,-1.0334700808202084,0.5063901028368083,-0.40062302317406551
2010-11-11,0.18904732335115271,-0.17086492517310295,-0.0095464317485945485,0.086986545615039532
2010-11-12,-0.24011801644549846,0.12090901475645399,0.36124999257438306,0.6493122650797083
2010-11-15,-0.42849315256626291,0.76245466429127684,-0.085852204720716307,0.24853454793358318
2010-11-16,-0.547478486930432,0.68600518123866094,0.044862184439475393,-0.50202663717046125
2010-11-17,-0.27426381063840172,-0.37575379216796567,0.021966467191769413,-0.13317970830048154
2010-11-18,0.31689153448478441,-0.54198318704466553,0.095496669919644062,0.69092887780134837
2010-11-19,-0.092047245789264015,-0.076513661556435866,0.12325627483807224,0.22962223400520876
2010-11-22,-0.13122224393148477,-0.76761593076016188,0.084290725769841729,-0.041086695182425526
2010-11-23,0.044278602609241269,-0.36179475350800883,0.005691949157646768,-0.50994682087741228
2010-11-24,0.16228923326024891,0.1139609386496977,0.11703114727300919,1.1019666572789948
2010-11-25,0.077623282126781823,0.20774173447237862,0.083942671600174087,0.39349444585784243
2010-11-26,-0.28561959531791065,0.048645319356342025,0.32483607448036778,-0.52516777667598602
2010-11-29,-0.52114710519728769,-0.29443315105773971,0.13743494760460909,-0.6664104409185625
2010-11-30,0.24595636395080586,-1.2661681592492611,-0.17590612364400784,-0.14871749929392455
2010-12-01,0.072447584248724689,0.23970090416387502,-0.10913946055519483,1.2980551807041214
2010-12-02,-0.40349739005970298,0.62813131293565949,-0.073576584911063656,0.76870001419304945
2010-12-03,0.028004424802540978,-0.16375965749359117,-0.12462582692100463,-0.25473936358954413
2010-12-06,0.62968167760192617,-0.91227989610882654,0.13206736254832907,0.41963327411085605
2010-12-07,0.4409727737524029,0.8373344713547799,-0.09649153420195955,-0.032094174162245304
2010-12-08,-0.090258172489992655,0.52623676089997073,0.58186229006287327,0.053712887385220454
2010-12-09,0.057311634100774715,0.041003489217529242,0.049585027281922031,-0.705886443336318
2010-12-10,0.32170844424783168,0.36564509639393705,0.00031161019675283899,0.071975608258059875
2010-12-13,0.040484822481966914,0.25329654390172696,-0.15357963492836871,-0.011146004344540078
2010-12-14,0.13998330592036975,0.59290145235407865,0.16153360646943177,-0.57722059947392679
2010-12-15,-0.25403558902253709,0.11351126236353844,0.17438325449085301,-0.018099101215951503
2010-12-16,-0.37260103216539364,-0.092723279927595284,-0.021984811252089027,0.037591540688697411
2010-12-17,0.18194305172130626,-0.45188691867651104,0.035035465034013752,-0.1948097149515258
2010-12-20,-0.1654103775007571,-0.10027235553160185,-0.14913511834638912,0.22938999880330285
2010-12-21,0.68782791029308032,0.19065208612055901,-0.041987765247693029,0.45255254238625708
2010-12-22,0.17789748302555636,0.99966963621799865,0.22424055242788429,-0.075216711655896468
2010-12-23,0.58483244859971129,-0.17925024896906158,0.0025698728460329602,-0.49897850991924875
2010-12-24,-0.096582949057470294,0.065313826098080036,-0.39591962971370587,0.0045897373007156607
2010-12-27,-0.0014280848073560679,-1.9651524908803e-05,-0.28047947791258337,-0.95131906078284922
2010-12-28,-0.0027752405475769989,-1.9651395141115e-05,0.11992165326143267,-0.19168946573165602
2010-12-29,0.47329051083901041,-1.2569111042901802,-0.051480072253201115,0.16273734643534044
2010-12-30,-0.21154429898189589,0.10014074485974656,0.18763932230352284,-0.085122898743971803
2010-12-31,0.3271001019984478,-0.07243575541250806,-0.00025838449156293403,0.001983824461416562
2011-01-03,0.013085516572290092,0,-0.000631805294056545,0.11629994553935515
2011-01-04,0.20048647562229582,1.3513085857114535,0.19798962090739736,0.4855414486560532
2011-01-05,0.43747710850616828,0.4931632871993597,0.39898376720928913,-0.28478727909766582
2011-01-06,-0.048539582301215758,0.63011285380889259,0.3390075603977758,0.61781141098054393
2011-01-07,0.007271082800946441,0.45715123310225997,0.22410252023696262,-0.10959089081953156
2011-01-10,0.68680044425284559,-0.12459300969890387,0.0034990846855055668,-0.29201550446553476
2011-01-11,-0.24951627728331088,-0.20923348433130409,0.40131399775820836,0.075351960975470492
2011-01-12,0.2523730861817392,-0.093079620098556734,-0.082762040607007106,-0.010208502810371957
2011-01-13,0.025884002432736843,0.87996337645691625,-0.050609674880727679,-1.1797121493918841
2011-01-14,0.079672917743768681,0.4916579067078104,-0.031885989727332927,0.82594502127524261
2011-01-17,0.42556766687111264,0.094910449406124156,-0.25585140370838411,-0.081881373681418332
2011-01-18,-0.018871084333809372,-0.034909834213944842,0.33569418708347987,0.60439989383744974
2011-01-19,-0.204195561381321,0.090317141069796866,0.040839536228886364,-0.35005816042131693
2011-01-20,0.15208246687978758,0.55148313954570172,0.32174342356093283,-0.36046980302393244
2011-01-21,0.71360280429694201,0.5925290773626537,0.13117576155624119,0.36025783983454301
2011-01-24,-0.33962734298326791,0.33077679790648284,-0.12781859486890959,-0.39224261550895556
2011-01-25,0.22560542602338859,0.18612067761590892,0.12243107552162114,-0.035945767736375957
2011-01-26,-0.00028852260730136001,-0.79095225400587221,0.11622199218824045,0.213354260299362
2011-01-27,0.25000287199138449,0.43714057072308199,-0.11946366163097465,-0.3375642867425922
2011-01-28,0.24358974357661095,-1.0708256128149538,0.073049701853548504,-0.84822411601849257
2011-01-31,0.14650869958926171,0.60905268365838783,0.065545391393861605,-0.87315883286696572
2011-02-01,0.13923775386840337,-0.63686346307110109,-0.37504996962071674,0.58533301778875246
2011-02-02,0.39854837837635615,-0.10971649189769189,0.19973912093483448,-0.74908361958786729
2011-02-03,-1.1854302929759351,-1.1133020025707687,0.12852410452278482,0.21359603531937413
2011-02-04,-0.026485007812468736,0.25837066908952377,-0.13894768329775362,-0.41095157967015367
2011-02-07,0.021574057594705508,0.32405802007194628,0.031252523479500402,0.31971346208189078
2011-02-08,0.26261426106700819,-0.82030580903335137,0.38145964090560647,0.59838594916863752
2011-02-09,0.31081022977238443,0.041782442512701377,-0.070417955663168469,-0.20992068271304584
2011-02-10,0.4102421261666705,-0.34860535918290797,0.28200421353641086,0.11298183566974583
2011-02-11,-0.32999183491866663,0.58310218370198108,-0.0010721690380271999,-0.044666125711057131
2011-02-14,0.063815580496618368,-0.54682776954937418,-0.0016921579241814069,0.527901518682932
2011-02-15,-0.13467689520782514,-0.45384192507575943,0.014759136632130684,-0.032872635320917318
2011-02-16,0.14502296340033308,0.1249985543079524,0.1607810977567587,-0.82262830287818201
2011-02-17,-0.23744260385304172,-0.8285012461554494,0.050338651954841176,-0.29043185992767551
2011-02-18,-0.35284429522473298,0.21705672662934353,0.062713966606376681,0.15305878334360853
2011-02-21,-0.42066641848782693,2.0314934073720998e-05,0.076553022439470764,0.3656341991935631
2011-02-22,0.16621158436121797,0.18480990161695096,0.12174069976745908,0.01219220131025104
2011-02-23,-0.23360474221940547,-0.67885088484917633,0.092412739707188982,-0.78893845359717563
2011-02-24,-0.13755610061680698,0.64216389465643797,-0.06313304468693795,0.23067348189990877
2011-02-25,0.063068285520745934,-0.87872447644750229,-0.19954859934171948,0.073166970171353762
2011-02-28,-0.090739259219977553,0.07413268523866795,0.33136831878679579,0.56709396199865214
2011-03-01,-0.34296123854725741,-0.81171816914406136,0.29944176371863968,-0.29661742602123869
2011-03-02,0.24032163932335673,-0.18040384088308395,0.15185119372407774,-0.67372021258040016
2011-03-03,0.1167948606128741,0.21905001051990325,0.19952251507871838,-0.40072935139675908
2011-03-04,-0.070896100295524345,-0.30198328402286212,-0.10519405339510189,-0.028253463780125363
2011-03-07,-0.32421186729080748,-0.36279542602256976,0.23022424487465049,0.11229566718511254
2011-03-08,-0.28091374800434693,0.44041486609334524,-0.36868435994818377,0.43763523161226647
2011-03-09,-0.14816728022618345,0.29197805808582261,-0.059230124489407288,0.15375416484838547
2011-03-10,-0.20972909474440529,0.83307984973316263,-0.16323594103156386,-0.4074771394571905
2011-03-11,0.18572021950873746,0.17138747971875681,0.077749118606741191,-0.32143681275667618
2011-03-14,-0.11391302278552656,-0.070170431465253189,0.82801977587596498,-1.0022579108809242
2011-03-15,0.20154450745857572,0.13010440771637838,-1.9497629338912348,-1.163822482396897
2011-03-16,-0.21862444063617453,0.13632785649901305,-0.29279286526568798,0.64618770668380177
2011-03-17,0.58401491680538153,0.44821611528323019,0.22318546795900718,-0.11253193713711288
2011-03-18,-0.20643160509347636,0.060225551675208905,0.4461390487316545,0.0089420004273603818
2011-03-21,0.59240675627065553,-0.3883143517196958,-4.3304017326193002e-05,0.80468812902845799
2011-03-22,-0.19255575377059533,-0.79363210235296744,2.0037864872791387,0.2353078502583571
2011-03-23,-0.35777810916728214,-0.65916284202445197,0.37282778063284416,0.017996946765578982
2011-03-24,0.12894426593609709,0.55352654217027197,0.93866572061342135,0.42975726411093962
2011-03-25,0.086334521817939686,0.26227788851711697,-0.30742959376986195,-0.46632355114219992
2011-03-28,0.30231473603976028,0.53894280089267821,-0.10761215494841801,-0.2916249086270411
2011-03-29,0.09223860714166017,-0.062870045864557453,0.019468185542902486,0.12799443738466826
2011-03-30,-0.58317622333525898,0.086150866741547372,-0.22299000524587187,0.44283783514120151
2011-03-31,-0.50355889182517899,-0.21640666066292391,-0.12238060558384142,-0.13077374603427386
2011-04-01,-0.39563542492413839,0.51016009872471235,0.3950254137531502,0.53407289840955041
2011-04-04,0.30400276766144213,-0.57224511393512045,-0.12193730062376262,-0.2952855639252811
2011-04-05,-0.34588051216371496,-1.425995093422088,-0.50871676511787478,-0.022340702379192903
2011-04-06,0.34440383342218739,0.12387923307775732,-0.40959946434635153,0.18626867621554122
2011-04-07,-0.1759284111190684,-0.20433487106798581,-0.12306105278965725,-0.33768335949984285
2011-04-08,0.42296069316554424,-0.2714066033497014,-0.17842909352474939,-0.11589227458398703
2011-04-11,0.002134521542993591,1.1601146949549594,0.27141185256932443,-0.36901424591208737
2011-04-12,-0.39876344557347732,-0.13829522365049129,-0.077891515722549626,-0.014586203750231796
2011-04-13,-0.4573650918605443,-0.21318790726949496,-0.22665899657424693,0.057916580805354161
2011-04-14,0.11023506025913576,-0.45070836437627831,0.098312026409114711,0.12383232736822045
2011-04-15,0.094543383236575892,0.0079931423220384861,-0.01122831067551189,-0.29056387262627437
2011-04-18,-0.043106735819544446,-0.21842791034467562,0.055382009889932679,-0.52882331595093468
2011-04-19,-0.05125389834120557,-0.053980233092652319,-0.10012812435907345,-0.13646862424213993
2011-04-20,0.0035144033617789524,0.27211776847600599,-0.26864287493010319,0.87191726558354565
2011-04-21,-0.52850894576401586,-0.23203818860272332,-0.16506637352744452,-0.11011807715998569
2011-04-22,0.0032169246842231438,6.2789654632229993e-06,0.043018079617578885,0.00068038319968653901
2011-04-25,0.0055800474643663729,0.68579809931141644,0.078537361090712729,-0.00039101536523567399
2011-04-26,0.16693815981376325,0.66052190979661896,0.078216284566101621,0.39264974080081849
2011-04-27,-0.28816570971030619,-0.8542916850732466,-0.37909254310508755,0.34251775111524324
2011-04-28,0.23385133739350261,-0.0042136355618387251,-0.45704352522514907,1.2789962036367235
2011-04-29,0.00062331137504235696,0.28275056389790815,-0.0072723468528112642,-0.15784813889679999
2011-05-02,0.0042210888140447218,1.0923227270163525,-0.074122210567991273,-0.013140841004657998
2011-05-03,-0.41197133532569913,0.56993263964285668,3.0903203029324004e-05,-0.06330158450926944
2011-05-04,-0.57536697078371235,0.2688904867917275,2.3413414064575e-05,0.087732989069195078
2011-05-05,-0.58303666373728502,0.58294520719529075,8.7223107743785006e-05,0.041206606641877107
2011-05-06,-0.20575537771841634,0.38095000224120484,0.39865555687588206,0.31568325601013736
2011-05-09,0.24217091679891051,-0.35411079743908475,0.3241229810469427,-0.6638774800708821
2011-05-10,-0.06444237711876874,-0.077278608114882005,-0.096434754231572467,0.13579467593220615
2011-05-11,-0.15035908655740535,0.89085579761692713,0.019628973804736143,-0.041885972459297781
2011-05-12,-0.15711204100311171,0.42909920550313541,0.30206200899715013,0.21731884431081439
2011-05-13,-0.20521765190103092,-0.23615643715708162,-0.4959217766422776,-0.39778571773387422
2011-05-16,0.092987754163664352,0.14031630420639291,-0.30358816352299933,-0.00048069546990981999
2011-05-17,0.63139250899103161,-0.12399980281073154,-0.35409007240814871,0.21705003286772101
2011-05-18,0.10508620004485841,-0.35531487748996515,-0.10366245957623055,0.22256083806715909
2011-05-19,-0.26298699212039639,0.23583554629461922,-0.22455888234641255,-0.095889649024824095
2011-05-20,-0.37414799416929628,-0.43629502948731053,-0.26296354626691504,-0.12202042813554588
2011-05-23,-0.75023877063862876,-4.7129213725390003e-06,0.057380169243948856,-0.75463537141498116
2011-05-24,-0.12350096455375738,-0.61579109804097398,-0.092194501188466643,0.22276038801776615
2011-05-25,-0.24950621930488792,-0.43583120488982841,-0.057941231491161933,0.25114134348367023
2011-05-26,-0.10157534279890844,-0.069858910419745193,-0.18798882214192403,-0.14905639209954369
2011-05-27,0.0096637306228695725,-0.11883482993894673,0.13501472480004476,-0.33035893881052197
2011-05-30,0.0023639759114107099,0.34981239482647875,-0.14264989283045365,-0.52856396951382478
2011-05-31,-0.066096632958540846,-0.0052821952914033493,0.081898488734604508,0.38243164472432878
2011-06-01,-0.23607659395486116,0.15536935596366855,0.21482567551688339,-0.46262023159942112
2011-06-02,-0.021105627951225302,0.27417662103624696,0.04651942342538979,-0.19989169681479385
2011-06-03,0.060713026896078374,0.25144842105925092,-0.2187502636635768,-0.21054042861121799
2011-06-06,-0.53191617858907925,0.36796209454579692,-0.30081673238063,-0.1408743916024571
2011-06-07,0.0088528758544050099,-0.029980375443191751,-0.0074675517504348907,0.58749969899490861
2011-06-08,-0.05021607550284047,0.64895828810278933,0.23060242435647138,0.22657718626861353
2011-06-09,-0.12730199623312966,-0.12953732189049616,-0.30086803208449847,0.40181465320386572
2011-06-10,-0.30553892734695964,-0.32311333591897473,0.1926083907684821,0.011283554497999611
2011-06-13,0.17795498373457339,0.37915417550129676,0.07677048452422422,0.011727484753713283
2011-06-14,-0.75725570484754234,-0.11095256484825879,0.19695912802304044,0.41029473936733607
2011-06-15,-0.044328433751506489,-0.073867881337077709,0.15413037126756876,-0.13592583490548174
2011-06-16,0.41387602532783213,0.78064395482953419,0.18709720940398097,0.43320623980015105
2011-06-17,0.1311977975044297,0.30594958516127246,-0.20062086598463341,0.37338314649997223
2011-06-20,0.14629924791318355,0.12207843048616643,0.15011280666310112,0.23859795104513173
2011-06-21,0.54303849833778284,-0.69535649912945896,0.034859003231925152,0.41782680814004719
2011-06-22,0.30195090285041759,-0.26667257375154441,0.07975812368627147,-0.022604270068921593
2011-06-23,-0.76630120220234199,0.099802538649196304,0.22368596142677014,0.58321682275579745
2011-06-24,-0.08999079663860364,0.43736512776439107,0.069210561975633328,-0.17747475747006203
2011-06-27,-0.042341337469555249,0.22145437232469964,0.14146507379006815,0.15638377656234129
2011-06-28,-0.065320899372521016,-0.10804995208213919,-0.028682539698271878,0.15885896819436682
2011-06-29,0.60909257195845623,-0.42871851657201421,-0.20047879899382706,0.59658024781527574
2011-06-30,-0.22060727678613912,0.51039366759921301,0.28483416065334766,0.46042592105009389
2011-07-01,-0.011055404234122723,0,0.16735318675119168,-0.3107770001925364
2011-07-04,-0.0962695748884866,-0.27996813349554023,0.097488340929790418,0.20458463280925102
2011-07-05,-0.67596507081669888,-0.0070623813554028169,0.043045530994640077,-0.28542618381129842
2011-07-06,-0.45021835133908655,-0.45495013038523702,-0.15871041717785384,-0.63584496243413646
2011-07-07,0.3505334182460782,-0.20538731375310429,0.021799099733144981,-0.56265760227012274
2011-07-08,-0.23395012864494438,-0.34551618115592625,-0.17758850906594287,-0.49376990831869871
2011-07-11,0.5105007163078038,0.031777054650211245,-0.0030374276775014591,0.19585086395887946
2011-07-12,-0.012384354809264499,-0.61323030203791584,0.26499305301910536,-0.12019574063366965
2011-07-13,0.076460841500541651,-0.94490246295792746,-0.18549317000339893,-0.025285604579584117
2011-07-14,0.13397926919869346,0.4833778772310669,-0.06373097136644873,0.55978639642084838
2011-07-15,-0.53429794588863189,-0.12688627104348124,-0.069824940870184246,0.22338129684132726
2011-07-18,-0.11622871921957167,-0.55581139254005341,-1.4653704163949e-05,-0.5332093552414322
2011-07-19,0.57845688259086947,0.92915194091074904,0.39974532642918764,-0.12890749518407763
2011-07-20,0.11918336333463192,-0.36933935427617404,-0.31203790173964618,0.64522661414411342
2011-07-21,-0.2965292005573546,0.21249383604994929,-0.23852047690015157,0.25419697017666126
2011-07-22,0.093764727212087229,-1.0243876943860866,-0.17189199330268543,-0.30372053030845803
2011-07-25,0.56625554537255551,0.34018740722565821,-0.056704636204910452,-0.072541773576856164
2011-07-26,-0.049403513616613035,-0.15699237868655713,-0.24707448574643134,-0.16271807516373718
2011-07-27,-0.16603234147932669,1.3778817425172178,-0.40389254929670321,-0.29351520236488404
2011-07-28,-0.07856399132415684,0.29786120983410491,-0.20347213369829303,0.11803686317899337
2011-07-29,0.35895174015329812,0.13160193764546246,0.31848287407920206,0.51503561903889672
2011-08-01,-0.28288073113870982,0,-0.25804412166392232,-0.20967297239831814
2011-08-02,-0.94184079564881684,-0.94296441474141823,0.073458143352368138,0.31281129035604277
2011-08-03,-0.026920496163758023,-0.71457222108288532,0.072163151850090326,0.073415755470134084
2011-08-04,-0.12055648522915821,1.7656431778643649,0.20514758614345444,-0.12549862561391248
2011-08-05,0.085143878404423001,0.65918602829414474,-0.082500058133620602,0.49318870296961981
2011-08-08,0.49929929658620836,0.20624918701879613,0.19606606823661596,-0.54017519701601469
2011-08-09,-0.37668130633971597,-0.57779287017326897,-0.12731486846770629,-0.2199570869871115
2011-08-10,-0.5557775636405321,-1.1437534275661121,0.33680935052930983,-1.1357120554954405
2011-08-11,-0.67220006397403065,-0.094600847052526055,0.48933535433006009,0.36294248581758803
2011-08-12,0.31363880637636243,0.014095435066805015,0.0064784764836123884,-0.080411638132585769
2011-08-15,-0.11684395438856321,-0.46709318477955558,-0.36751463573730286,-0.50483766714255229
2011-08-16,0.058967653335847837,0.38596837754559216,-0.15992790300542928,-0.098557197299150703
2011-08-17,-0.17344138901807174,0.096827388599749861,0.31588620033134795,0.26495676316504979
2011-08-18,0.44478760630972358,0.32083939910424625,0.45963864190147952,-0.032502390468639286
2011-08-19,-0.66141943237214318,-0.43308906032448979,0.4865003095009714,0.1547607196232208
2011-08-22,-0.67889379601943667,-0.84929058222500831,0.56059299847572164,0.083172509805681721
2011-08-23,0.25053995694250225,0.0064695042137504532,-0.43697898196048784,-0.29684238391124051
2011-08-24,0.28671392822108743,0.89296708870716701,0.38486715589018367,0.16336111682684709
2011-08-25,-0.40828346390449111,-0.48291292759580151,-0.28004523660841468,-0.36482276337130015
2011-08-26,-0.21019784157998705,-1.438174429029631,-0.32037450943296353,-0.10615778910220436
2011-08-29,-0.029123178962950077,-0.18933232058876998,-0.31776427355680403,0.2785081535812477
2011-08-30,0.45016871479015907,-1.0604159312577941,-0.087440145487894,-0.25932678232266776
2011-08-31,-0.34407368201285471,0.37951366816011378,-0.30366427639954136,-0.33146431953386191
2011-09-01,-0.72951370063891374,0.070975412173290592,-0.2069292686988205,-0.055663728881196743
2011-09-02,-0.93063523198175457,-0.95939236531763039,0.57024219870760751,-0.28867212720467494
2011-09-05,-0.6160436578040015,7.1765841993699999e-07,0.53102152846976591,-0.40820746500188448
2011-09-06,0.047599791674385196,-0.094715869351205559,0.59397338386384202,-1.2030925574745266
2011-09-07,0.49503532530818134,0.021392337456695158,-0.65158719166881818,0.43544651203790524
2011-09-08,-0.58743749586704319,-0.55502759077649377,0.15566955022162224,0.22728506562234876
2011-09-09,-1.059171942869773,0.068811757171699253,0.4429473989027507,-0.38939920701326747
2011-09-12,-0.21011683380231161,0.04301518795496917,0.35935580081189927,-0.046587445154004516
2011-09-13,0.6179027779860764,-0.18984818093463982,-0.15944757714650332,0.33341741824162985
2011-09-14,0.24576690804450513,0.42284295475950356,0.73486618713336316,0.75057073552579778
2011-09-15,1.1907912329231516,1.2522170994565094,0.19809328191911063,-0.4470859337931789
2011-09-16,-0.2843875987906247,0.39862467749002556,-0.60005306657913482,0.26235497669597552
2011-09-19,-0.57930224848618872,0.081641715487187988,0.01218490057533279,-0.59750699878565172
2011-09-20,-0.098765065828542858,0.13222658586214506,0.006715773314993739,0.41415585145945033
2011-09-21,-0.53198371118462429,0.12518947908242523,0.3416906899934255,-0.072891063551050544
2011-09-22,-0.47537052421599885,1.4699338250682017,0.51123588823731914,-0.44571982068414251
2011-09-23,-0.12013035667625251,1.7646932445033559,0.0017343460051851489,0.33959995959433797
2011-09-26,-0.51997401945973398,0.81726443555494677,0.22003840269509625,0.068956026842390647
2011-09-27,0.50272082235830284,-0.25370375156992603,-0.25143669681554165,0.40192796684965015
2011-09-28,0.22447654219027136,1.2161597488416456,0.73902302769686412,-0.32462478188024413
2011-09-29,0.1105025326470869,0.42815419962955908,-0.50447842571816537,0.40152071564078579
2011-09-30,0.10286531676565389,-0.013081338390915459,0.17434490485422319,0.17465440945955571
2011-10-03,0.09860091420995365,0.2084219972759796,0.37752281753119277,-0.24053812875797667
2011-10-04,0.54590122259407015,0.032993087399662821,-0.093706912294267142,-1.003484572189993
2011-10-05,0.059023539123059535,-0.96251645274227493,0.0082453292706671528,0.57154161709692608
2011-10-06,0.37353613495271809,-2.3884920355796657,-0.35463494401643075,-0.34203393908551455
2011-10-07,-0.50201239507401318,0.93670085145000082,-0.17160419176614172,-0.15734047040396956
2011-10-10,0.41639212208802595,1.7885988025009999e-06,-9.2758474285232001e-05,0.24182024188548662
2011-10-11,0.079548543029155525,-1.5314582522023654,-0.037745925663335497,0.5622428761078917
2011-10-12,0.63151783730163347,-0.18842613022100796,0.14244460563079916,0.65393760634278419
2011-10-13,-0.61052731440326036,0.44971357477841567,-0.80340532546980725,-0.6701715802064151
2011-10-14,0.18588125258720278,-0.26616742135165361,0.17843077213960137,0.17092161850721554
2011-10-17,0.24377701500987223,1.2241213371129538,-0.03993801043912857,-1.4772006376334272
2011-10-18,-0.29830988062925806,-0.21616808824175046,-0.011348976186987192,-0.49495013956150402
2011-10-19,-0.20657729552300041,2.2052298080863215,0.11706229924246842,0.26783837741659089
2011-10-20,-0.59064214238786916,0.55539549420830658,0.3836864838648934,-0.55705919759227107
2011-10-21,0.59548748637009086,-0.36180792096832037,-0.038402758867678757,0.44454210530678495
2011-10-24,0.94731176187586441,-0.70395226244503917,-0.65744786563610047,-0.021657318020587374
2011-10-25,0.32605965685953903,-0.80759318026520954,-0.21709182292653612,0.0063232867849684453
2011-10-26,0.28663287704308321,-0.10490922884412542,-0.08951514046851175,-0.39855599708654849
2011-10-27,1.3699723395850898,-0.74609649151207691,-0.10168287512606952,1.6469605157002729
2011-10-28,-0.59215601094727432,-0.60325968175556255,-0.35720314374341011,-0.21744584156423116
2011-10-31,-1.1524333700736795,0.6717151115138148,0.441636077654529,-1.2629855940875214
2011-11-01,-0.32236580346800903,-0.80976979022898588,0.40740696174126451,-0.63809553061837787
2011-11-02,0.39519836724168578,-0.42409832332838621,0.29293076502840415,0.28021918279628794
2011-11-03,-0.25679541193509897,-0.21414620305840593,0.00055928437926223203,0.34912396272280277
2011-11-04,-0.33880737405162481,-0.5172888743886298,-0.34157298235165362,-0.96196997706138565
2011-11-07,0.22183890760504504,-0.4969962490205152,0.18742798827156967,0.34360287123707439
2011-11-08,0.17268208323301959,0.34053017576971473,-0.074083501177056865,-1.6023751065419929
2011-11-09,0.3300064031339528,1.1791125245407148,0.45385236443152521,-0.46644079236197272
2011-11-10,0.074855241927179239,0.87235998296976336,0.42892609525184899,0.87951747433098493
2011-11-11,0.72288173192903249,-0.47962836785793544,-0.41440395346113956,1.1790495709518665
2011-11-14,0.12198759019095477,0.098378224379658499,-0.2331928621572118,-0.25070797950446039
2011-11-15,-0.50195734303073147,-0.30866528992413267,0.032241862305931721,-0.40030765909937188
2011-11-16,0.1967322501723178,1.0435051838411802,0.20681859010490844,-0.18449038312630031
2011-11-17,0.14582429147632681,1.4775792772223204,0.024758553904386898,0.26965927205973139
2011-11-18,-0.20124207502621055,0.20865141378847729,-0.030571619183335761,0.12356877166146847
2011-11-21,-0.10802515766781071,0.8936403986613396,0.33354787403452241,-0.8555078952343117
2011-11-22,-0.15949850920496561,-0.74297761656145245,0.2773520716383257,0.31813946600119924
2011-11-23,-0.034765483660061103,0.30365599166301388,-0.0087146745852473943,-0.48047345292399712
2011-11-24,-0.15909870941137083,-0.096458254612231231,0.33736687855761982,0.060133299365308139
2011-11-25,0.10415361680474286,0.53601798025099001,-0.12536430076281407,0.10939392190042933
2011-11-28,0.61866600048742304,-0.86870717191131519,-0.42363427891155486,0.42085119451816871
2011-11-29,-0.15648712078347202,0.3098162573479401,-0.23899702819542659,-0.013831688701145374
2011-11-30,0.28199900598704919,-1.0550263681904295,0.026860915748906405,0.1080617599359822
2011-12-01,0.001610670074226488,0.37450328333309069,-0.074634014605648571,-0.52835625292805433
2011-12-02,0.1619512383899758,0.23298880718178616,0.30166256515590517,0.15917272566423396
2011-12-05,0.70232154833955807,0.29802783727458421,-0.031299989150124802,0.83122421398284918
2011-12-06,-0.1840994794565376,-0.87302180714328614,0.23282184776581721,-0.53662934721633704
2011-12-07,-0.39784450101437374,0.29009741496087249,0.16300769433352388,-0.33282613476656664
2011-12-08,-0.92744755783518618,1.0256397536981308,0.13249028005795252,-0.44924691856989007
2011-12-09,0.85657796348650939,-0.43995994756201495,0.50785419383283914,0.66623762033705036
2011-12-12,-0.34936746453087808,0.51499294275480156,0.10716443775221456,-0.59052231372074049
2011-12-13,-0.16620458867567289,1.7014108400438044,0.38041825298562704,-0.12943273165219957
2011-12-14,-0.025618760148568738,1.182311189525624,0.30054136694570605,0.32083095123984851
2011-12-15,0.30324644628836517,0.58258767322934757,0.63238817592501728,0.91133654187581292
2011-12-16,0.26649582925325316,-0.42911722164217159,-0.25881352664447388,0.31290781889410568
2011-12-19,-0.48842781704479343,0.90253332320352031,-0.012256603419246191,-0.11974413428575006
2011-12-20,-0.17716895077773662,-1.4114110538770532,-0.23929143866515376,0.2075292441353821
2011-12-21,0.3517958694391134,0.63997712347858793,0.065161852748018487,0.96735043040303526
2011-12-22,0.26188770378541143,0.64301527611331621,0.35132496631799348,0.040555563715494139
2011-12-23,-0.22626361894795641,-0.64069731445468192,-0.0015592506744855242,-0.18840251440264563
2011-12-26,0.000134389227886729,-1.7740825972460001e-06,-0.090443111908714624,0.0029179376633916517
2011-12-27,-0.00040230086422316999,-1.7740819190869999e-06,0.062572254399264934,0.20748227491344581
2011-12-28,-0.57588590366596804,1.2276240896892296,-0.057042028015440401,-0.39706282517731339
2011-12-29,0.20913615692488824,-0.49784423966872393,0.025353779094160391,-0.14041676847047088
2011-12-30,-0.19376652700929745,-0.24084639962840335,0.26015793361405698,-0.038041911569345208
2012-01-02,-0.00023256758327416203,0,5.3387509650869999e-06,0.63857738000037834
2012-01-03,0.062991904894912562,-1.5079814040273316,0.000152478012951038,0.13496556551893696
2012-01-04,0.16758073909587382,0.1302774625595238,0.12205318129117376,0.083645765195443908
2012-01-05,-0.16488898901030111,-0.54620058692719231,0.52392650691307863,-0.13641250457160178
2012-01-06,-0.28685498266902987,0.33296580359059708,0.22459278898648094,-0.21647572909736013
2012-01-09,0.47946054515549463,0.14345213689745356,0.0031875517402517738,0.033043013437143935
2012-01-10,0.32275423604846243,-0.96730971252665143,0.59411836743636903,1.1564069456198387
2012-01-11,-0.059378851348083558,-0.38184613793107919,0.012120365311831378,0.081210814183347274
2012-01-12,-0.33745044196860524,-0.39722037099114366,0.068321742716316206,0.34575965058263591
2012-01-13,-0.092946551677107428,-0.15553268122758224,0.24167626041219167,-0.91371925758393313
2012-01-16,0.082173126477400521,-0.33738390458446171,0.44271395391779755,0.11177188863954937
2012-01-17,0.75981446205641634,-0.17436550441854218,0.56678181115401705,0.78378738131966341
2012-01-18,0.14434477237570473,-1.0227623252386793,-0.63853964005387076,-0.31323105544055391
2012-01-19,1.1726212271495384,0.18855545229119419,-0.25337149801680248,-0.18205521551571657
2012-01-20,-0.16102676231884364,0.099179019112435707,0.045014374484488293,-0.28053082564360066
2012-01-23,0.67993671475559769,0.63634214552751034,0.41192553512265706,0.12976498138447007
2012-01-24,0.17414231526066776,0.75149925510225168,0.065944520552602359,-0.50804336127325511
2012-01-25,0.076898489571107384,-1.6385693744819851,-0.34456166617374673,0.072464292185977427
2012-01-26,0.35713675285334678,-1.0851460202139733,0.35254011195525925,1.0831272833469303
2012-01-27,-0.27383020826652654,-1.0550307312056382,0.22331606361435907,-0.4697807499626252
2012-01-30,-0.051836679286532086,0.49224004046462017,0.023645750372888005,-0.51391423894092614
2012-01-31,0.22677413756678516,-1.7688827991461227,-0.011333206436944137,-0.39612271756987771
2012-02-01,0.066115348212981456,-0.1524776052111031,0.028618204135935969,1.1583484687098495
2012-02-02,0.43044511736136815,-0.54675593547832213,-0.49615869933345513,-1.2484254813523861
2012-02-03,0.096381797830159668,0.86461131576749328,-0.24000892626253825,-0.53621526706520595
2012-02-06,-0.30685477964188218,0.46192835481520045,0.20627065953712528,0.03576981327306835
2012-02-07,0.029480683700583897,-0.075040122432795453,0.054182459526488674,0.13938862262935708
2012-02-08,-0.26663207897472674,0.31457954863517462,-0.30675579126894315,-0.048557161733739279
2012-02-09,-0.054712177720299363,0.24852569259346405,-0.25489518372426656,0.14881167543075074
2012-02-10,-0.64308578187234211,0.34089705226675659,0.17020219869310038,0.17794135547642809
2012-02-13,0.14170683856498667,0.23570860527756565,-0.50762033007544216,0.19226387715554327
2012-02-14,-0.83046824173140155,0.33688918088080733,0.10083961480070176,-0.14974530350790724
2012-02-15,-0.58138946741487008,-0.057768699061403396,-0.13205824474827674,-0.10262016082695528
2012-02-16,-0.16425620720741957,-0.3566012297967438,-0.085357595484269203,-0.28747548247588489
2012-02-17,-0.25403418091239327,0.92133183293040233,-0.36668299216832312,0.71096592786806667
2012-02-20,0.61640880013393007,-5.9778127226839994e-06,-0.33061456828725205,-0.16772543327611028
2012-02-21,0.25878452080476599,-0.93566896599232385,-0.017340848206806841,-0.4388779240835643
2012-02-22,-0.011889566480604002,-0.18001175639066927,0.39100825107274245,0.59214395709398593
2012-02-23,0.014266145067297982,-0.1643194979844686,-0.10726910740676601,-0.59542480382299634
2012-02-24,-0.010345453817409839,0.2321565132482783,-0.07479860580399092,0.42327024548515718
2012-02-27,0.14248590939265857,0.77504306400137279,0.15673780184336145,-0.36238417683259949
2012-02-28,0.79335709180840575,0.10816863751903902,-0.15529304736509181,0.097926737224630564
2012-02-29,-0.28172657896785247,1.3716742262377666,0.048030420377845842,-0.11108403862000135
2012-03-01,-0.37534141301834051,-0.19792904787000856,-0.014344259295726068,0.2127835669608098
2012-03-02,0.16830143942796194,0.31339668430356465,0.42508078761680052,-0.2391365836340944
2012-03-05,-0.084158007891497938,1.0839382213846247,0.16102348469545516,-0.16477064213874337
2012-03-06,0.23478651494957667,0.59868543373740923,0.7500801116234237,-0.64160381460504134
2012-03-07,-0.37014809975072294,-0.0095349084118341709,-0.093688175913383312,-0.095050752327348109
2012-03-08,-0.16300198562555296,-0.25232407391434913,-0.10565228266193609,-0.22492739691707267
2012-03-09,-0.41381866270123102,0.011096793037666239,-0.16042188132836754,0.64871830176380352
2012-03-12,-0.065149177815880255,0.4361045374748963,-0.01642145444237246,0.08492978307381531
2012-03-13,-0.2944377530227808,0.43905760448338677,0.078272721626053837,-0.32711583560089241
2012-03-14,0.17145864944124767,1.3269106506607509,-0.50961854964546927,0.63560918965924529
2012-03-15,0.17519772223676855,0.29222144337727701,-0.28157062379405601,-0.48130005436675305
2012-03-16,-0.42175825371346631,-0.23038971784609974,-0.067913946636538228,-0.072107045156225902
2012-03-19,0.15763315822472806,0.58536581972769774,0.08743787951603689,0.2809214835399047
2012-03-20,0.26864624312234109,-0.45309007029885362,-0.002196263993781256,-0.81343174220307668
2012-03-21,-0.071241998689209635,0.4954428946150658,-0.028468239563591461,0.028984826294497577
2012-03-22,-0.028711913248944579,0.39155715875960034,-0.15614838457618524,-0.28552581213045475
2012-03-23,0.209787417965212,-0.45560414652960257,0.23543824181191594,0.22250143933438518
2012-03-26,-0.51301140996890249,-0.25968453386751539,-0.32093929372408209,0.58853096256153792
2012-03-27,0.36475469528665838,0.5904802306426199,-0.19469153679412204,-0.08719262347999103
2012-03-28,-0.1818631712310651,0.73593711148725849,-0.18430585248211095,-0.53100806492553487
2012-03-29,0.25022656859018294,-0.53667260034099817,-0.038111418644911361,0.053052381072650562
2012-03-30,0.12163983469557069,-0.27645172576999322,0.037504931935194802,0.52938447967221802
2012-04-02,-0.17481892524390752,0.080362842542670801,-0.7854806339177246,0.02869875287826772
2012-04-03,-0.31153121054255573,0.86720928962641908,0.14472166422271382,-0.022741631775239572
2012-04-04,-0.0020106096106254669,0.61472715543321521,-0.2382491635375649,-0.25968460836481855
2012-04-05,0.06483700072120549,0.15778097149318984,-0.047006276804366955,0.038547853662108958
2012-04-06,-0.00083250698360467807,-4.7591263163239995e-06,0.060690642545355319,-0.00028424611581487097
2012-04-09,0.00025788256110560997,0.26066875482679963,0.045088980633140735,0.00016603561674543801
2012-04-10,-0.062859112080836374,-0.64208747676354938,0.022013392843348922,-0.71236362678768772
2012-04-11,0.21291829211129765,0.14434957295834533,-0.27105969940237867,0.041205518891981291
2012-04-12,-0.29307657639842333,-0.5523481580622801,-0.040410961674836661,0.23852251092201024
2012-04-13,0.062839359041912235,0.36017608006836171,-0.086995338112336701,-0.72960998853809089
2012-04-16,0.058870270868660285,1.2066922251934562,0.17029923646896344,0.57381315052033921
2012-04-17,0.13333960444850496,-0.1385362438549588,-0.0465209807105013,0.46097506399479732
2012-04-18,-1.0124855149724072,0.11082350342605958,-0.32848933252270357,-0.22557421054447924
2012-04-19,-0.71796306887849404,-0.023624848558582264,-0.012276688783180325,-0.062779428193369305
2012-04-20,-0.15337234859117008,-0.014298578608579478,-0.021524036056058085,-0.26019374062039408
2012-04-23,0.1716484354657454,1.0552772141429843,-0.26014935878297457,-0.38471200271470551
2012-04-24,0.50145710914980524,0.75653349285136673,0.027139687556151725,-0.32893701257273816
2012-04-25,0.55830379069099034,-0.96192403231791845,-0.13523809742271506,-0.36046068621537192
2012-04-26,0.13542109414071565,-0.17601092825132539,0.11000521402505399,-0.385946540788559
2012-04-27,0.19564711933430071,-0.099646894984684653,0.025958311679040565,0.62778033406125067
2012-04-30,-0.051329561257799784,-0.065808564471625544,-0.012646375150831847,0.26981459026423849
2012-05-01,0.1899678432756923,0.43203184073025469,-0.031928189792188935,-2.3649211453567001e-05
2012-05-02,-0.61263621047718197,0.4826030599721115,-0.37008067646374704,-0.22425788734253571
2012-05-03,-0.26808892038428617,0.70274262020490341,0.0007883900414667089,0.41449067821332969
2012-05-04,-0.34316067133649308,-0.14999497902041756,-0.0020578711355025959,-0.37765011061654269
2012-05-07,-0.001437969100902137,1.2651231879157101,0.3723825551113738,0.64599239125453312
2012-05-08,0.5170999906786411,0.69350184944883297,-0.21473025383116542,0.35644818768289321
2012-05-09,0.12110787072272182,-0.060891508755403424,-0.033869876834897894,-0.66355332962571978
2012-05-10,0.026099235203428869,0.23239341873951144,0.0077313963610587235,-0.069840254175038766
2012-05-11,-0.023507423051579705,1.0535638224243724,-0.66671130835487102,0.078156566439337397
2012-05-14,0.031741482990823092,0.89470311236979605,-0.34518982048485009,-0.62263632209154318
2012-05-15,-0.62788623403214905,1.6314826305743546,-0.022673565483893075,-0.25174071470312209
2012-05-16,-0.048012408992885662,0.036797518627929057,-0.33982561677659273,-0.0028998484854597792
2012-05-17,-0.26860294865373402,-1.2960017671267097,0.001339713080030923,-0.10973595179087306
2012-05-18,-0.10551775822556378,-0.46251132492902353,0.41107900247152718,0.17816370373836765
2012-05-21,0.57901538118932816,-2.1057160605570999e-05,0.3095582408365401,-0.35571957087896622
2012-05-22,0.62092367257571557,0.37018281911472856,-0.2357484974054071,0.17915425970524193
2012-05-23,0.15511648116963428,-1.0915248512362374,0.39005136073597929,-0.44686509657172496
2012-05-24,-0.085224778210011259,-0.28400888063809909,0.25367296392440242,0.095282036008813423
2012-05-25,-0.20296375297682206,-0.5558691505404153,-0.068396406280024441,0.05213689587269528
2012-05-28,-0.36597200722157519,-0.11805785806426126,-0.24017019222039507,-0.26432857337844579
2012-05-29,0.088811861000544112,0.46544700484025286,-0.058521108789662137,0.20939023647302876
2012-05-30,-0.11864377673214288,-0.32300510699002527,0.013537276652945128,0.13668394078864129
2012-05-31,-0.5634152528149462,0.40053432101153147,-0.22927311682716719,-0.52969797885757142
2012-06-01,0.58063713388845084,-1.4378162719579266,0.1519345777739356,0.25414067645510519
2012-06-04,0.001910979385244223,0.23621138580905529,0.073484760125286055,-0.28696554884748748
2012-06-05,-0.00037856989751740202,-0.13711613683791957,-0.19298167650541492,-0.57328608670758407
2012-06-06,-0.74285065399461403,0.27733949730118379,-0.11641436705363775,-0.079612812039675296
2012-06-07,0.21407515389559689,1.0772669677554421,-0.13740395704802685,0.23522348537157603
2012-06-08,-0.33887282779343531,-0.10933079602075568,0.11328221604724091,0.32944575883432053
2012-06-11,0.41694476999752295,0.73968935814584269,-0.24803038439489833,-1.1179285351381802
2012-06-12,0.15825951523151918,-0.54224442051915123,-0.13578124209384076,0.63719754966233433
2012-06-13,-0.20922961584968072,0.018719137249440496,-0.27436083804185663,0.34150476108087979
2012-06-14,0.035274218789989036,-0.025937842849338096,0.058283775249856076,-0.095588181346199619
2012-06-15,0.74903486689507059,0.52347988513000931,0.047017607189170342,-0.67935976692207878
2012-06-18,-0.44268975673466143,-1.2619362733026416,-0.21807960873275728,-0.037738268883200435
2012-06-19,0.00038849261833435696,-0.33067956007253385,0.23532090999098562,0.25500963303030988
2012-06-20,-0.08771325742844556,-0.0074074531945065494,0.16361609118333101,0.073199074944157838
2012-06-21,-0.82636513384927934,1.524030604229927,-0.090021470547762134,0.18329890564932116
2012-06-22,0.1711145794373273,0.089853637689884899,0.35585315420156199,0.74141740450506233
2012-06-25,0.057566897540826514,-0.14309357759735292,0.3483031339523745,0.27060497342244999
2012-06-26,0.18289306995247176,0.3575639096667958,0.037812090070081669,0.88119370679795339
2012-06-27,-0.046854679040596398,-0.073557600617654859,0.70655730661886995,0.22365148267289689
2012-06-28,0.42463989067005203,1.4350571061736646,0.089144973803143429,0.30980999766475864
2012-06-29,-0.30986152935084216,-0.25162161978526237,-0.063642348250818742,0.39938133283735355
2012-07-02,-0.48556460155864539,0,0.0052621075570557724,0.43831160307115058
2012-07-03,-0.058106808154573232,-0.15814262147829825,-0.24339647033653597,0.72627894276127769
2012-07-04,0.30725817962572144,-0.091075788110316747,-0.10872025356400078,0.0041972884178873709
2012-07-05,0.069998057963961691,-0.066398385694076856,0.083972535078168029,0.17328816055450272
2012-07-06,-0.49690739692210167,-0.070949460443091583,-0.053722053108732563,0.066201472438122272
2012-07-09,-0.58737468370707646,0.16989202625636887,-0.094124667894400937,0.36786922037293551
2012-07-10,0.40093869735401855,0.28625858220874334,-0.23518395157055977,0.082763969564102036
2012-07-11,0.59150508547643532,0.54226244522520028,-0.7514159868967365,-0.5423860291924657
2012-07-12,0.15933519358485979,-0.24425418662290249,-0.37554713766296527,-0.93491284005188147
2012-07-13,0.029935780527100275,0.090924486245026748,-0.47101145277709011,0.44203049128888788
2012-07-16,0.1302263418671844,0.19867573688324294,-0.01335369173162815,0.040911018349001772
2012-07-17,-0.23164602101613799,-0.30134710500968803,-1.1020562813412036,0.14718660287692703
2012-07-18,-0.31153336269197818,0.076647283502771307,-0.37458457140476015,-0.071883774932371053
2012-07-19,-0.32215534695945036,0.028397895007673181,-0.035323603716111894,-0.01455978492850157
2012-07-20,-0.10948209747556183,0.43526485407568161,-0.53883831822852923,-1.2644078413332691
2012-07-23,0.0566117588968372,1.1265193466172332,-0.44922238992628472,-0.42643650920642695
2012-07-24,-0.079852515368454946,-0.11650984394921528,0.14625760833819151,-1.4629873375352871
2012-07-25,0.084578906744086232,-0.55392793599942702,-0.63090863624449056,-0.0044479759854865915
2012-07-26,-0.28640500432110161,0.1724028705470326,0.066251005457468148,0.66819169730074734
2012-07-27,0.48707611852082511,0.36033552185869011,0.63423515488307369,0.34827794427669156
2012-07-30,-0.045775681369431429,0.30387380211736204,-0.14079588954356159,0.80575039872001308
2012-07-31,-0.027408283345435998,0.48684176913360316,0.12295554830448428,0.58397311921587558
2012-08-01,0.44315031162288337,0.36563982129575306,-0.37316964136915509,0.17561085592303158
2012-08-02,-0.31352269139907746,-0.19710090066514038,0.32486015598345191,-1.4113698412665774
2012-08-03,0.23871677007066663,0.1009509384639069,-0.68317936451053585,0.84892810723496537
2012-08-06,0.27378760038427163,-1.180150749896e-06,-0.50224768224885241,0.63449852974186027
2012-08-07,0.33487612965084235,0.053651804132750593,0.38240587696578576,0.47649701057277383
2012-08-08,0.22188406918313761,-0.11833902988688712,0.23612767851086441,-0.45383487578930498
2012-08-09,0.090419054792882231,-0.1431593449062521,0.42398139360396803,-0.1105141812338247
2012-08-10,-0.17246402110815287,-0.10148723688070829,0.33734169007477011,0.36914941055584549
2012-08-13,0.46040956741604661,0.13095997362275799,-0.0025196207605986468,-0.66797774287898215
2012-08-14,-0.056873344756529332,-0.020190236683882944,-0.13176416054232809,-0.13586735691438506
2012-08-15,-0.33505754006501615,-0.26328835673460843,-0.27851895746384719,0.082006230958065029
2012-08-16,0.047270890210567178,-0.17034678054539612,0.15150359343192732,0.5262097602678022
2012-08-17,0.26422610014401299,-0.22684773147250634,0.56383515544674334,0.35999761159168769
2012-08-20,-0.55538704818840456,0.11823600212288259,-0.34104629432877415,-0.21004408823026496
2012-08-21,0.18739220109796353,-0.55338657909412969,-0.19189932231909085,0.025549272283643315
2012-08-22,-0.16841141798029605,-0.13167754139022952,-0.397357329278344,0.34310773188896226
2012-08-23,-0.33684070830912582,-0.30802724097633111,-0.33198365055194418,-0.22133382392180867
2012-08-24,-0.094426901302890387,0.02758611055202468,-0.029481997784814515,-0.42105989113110104
2012-08-27,0.001206780702497554,0.30764007486621381,-0.37621598669560868,0.35011882541207995
2012-08-28,-0.18733270803885416,0.35776326101467604,-1.0342998911664503,-0.28669423615421896
2012-08-29,-0.68931149893354671,0.10973826956015072,0.148500565034971,-0.32410747236859022
2012-08-30,-0.52496305469353799,0.23615996382190593,-0.50991304640898494,-0.95369175035997167
2012-08-31,0.28752709246138919,-0.79036453813181184,-0.54434844590199882,0.064871113789905802
2012-09-03,-0.56659763303135646,0,-0.18582910076750275,-0.52985934254010469
2012-09-04,-0.077171861066196723,-0.35262215422757948,0.3201525472543118,-0.33320741468648468
2012-09-05,-0.69115158339833915,-0.34219180754456763,-0.52704798692551014,-0.74418790302549176
2012-09-06,0.53405732250983817,-0.1189288089103806,-0.47491863504346082,0.68660871376152433
2012-09-07,0.76719773815529879,-0.11418214071182238,0.70739397413750593,0.48326263438046174
2012-09-10,0.30147447503211949,-0.073479817778880629,0.29859635025841741,0.40247030201415968
2012-09-11,0.015398705739610725,0.45266421912477695,-0.34149223918921057,0.71182147658233419
2012-09-12,-0.206092388622439,0.24014243241825378,-0.15202083145453982,0.33041120485488795
2012-09-13,0.11915213445926413,-0.16001717361452453,0.34131797945618675,-0.20463895007446328
2012-09-14,0.84506893969507435,0.35512487614876753,1.0794326790002433,0.71812430877700362
2012-09-17,-0.33041053613671795,-0.94029235349416018,-0.0065599150215044453,-0.46753366120334966
2012-09-18,-0.5798648028252692,-0.62194557146247553,0.57751392696461479,-0.99639151707299023
2012-09-19,0.38738050856419221,-1.3599402422607796,0.34463193914490714,0.44975463910700614
2012-09-20,-0.19649250040984956,0.22344330155497993,0.1688508970585913,-0.41364330460808685
2012-09-21,0.049578890350824398,-0.3365362807737205,-0.048751564755802355,0.08974788945713924
2012-09-24,-0.44700639670867126,0.092351476460648937,-0.26438528777428794,-0.54192827170404856
2012-09-25,-0.16134826448384723,-0.17204733714354892,-0.022808533807677979,-0.59487613018740526
2012-09-26,-0.15482212668725526,0.25603510804609891,0.19404241104795947,-0.60406211547483823
2012-09-27,-0.1432475442446097,-0.58029889709050775,-0.18955501695870877,0.090491248974704661
2012-09-28,-0.40228445157469023,-0.16047822843426537,-0.45124590739743836,-0.70479605215051733
2012-10-01,0.040668795095608043,0.2304576164314899,0.4699687306946263,-0.017799280857170946
2012-10-02,-0.11270939264124374,0.55080129023169333,0.11123257636827243,0.16402179993369218
2012-10-03,0.35226633875135904,-0.016144099344863917,-0.03130289947758981,0.52140501204077117
2012-10-04,-0.64293140253234871,-0.16235064826051726,-0.18505068943529693,0.3074765456949986
2012-10-05,0.34130430964164238,0.36135205013252142,0.22191622003857181,0.26821914196287949
2012-10-08,0.24898454054412095,-3.8277727919560004e-06,0.0040667709573901948,-0.53580826042741991
2012-10-09,0.33576211388542215,0.59909585691900324,-0.71399550576863813,-0.65575077938848059
2012-10-10,0.4775550713055311,-0.039755886011080308,-0.031588983999501302,0.17417923572132343
2012-10-11,0.74402854935855101,0.24458944077813791,-0.014823418591008558,0.35767277274863835
2012-10-12,0.052644314644969083,0.2191483119478379,0.53899629687046513,-0.5057011884807644
2012-10-15,-0.58946877960637833,0.2084920280872842,-0.014588582823846837,-0.56714378715885472
2012-10-16,0.59045264633459282,-0.10020940436706412,0.017953004013399596,0.55363355362716549
2012-10-17,0.76901066679960761,0.64025306481811683,0.043114229854848904,1.0144367921480002
2012-10-18,0.65316493950249299,0.61200937938710964,0.22489079616259106,0.5585717249564861
2012-10-19,0.23751591976423594,0.068350885985277596,0.24523084111976526,-0.43541890841415015
2012-10-22,-0.35424025452581798,-0.45473129056484185,-0.10951641026553216,0.12106546999334578
2012-10-23,-0.34470839743786924,0.076636871476959564,-0.7868738830890265,-1.0177481238252957
2012-10-24,-0.14425878102720388,0.085031535302252242,-0.30264085479183922,-1.2171470277369443
2012-10-25,-0.46345506785751311,-0.24663758591560986,0.092616560501533454,-1.1793975953474498
2012-10-26,0.54835629329330893,-0.33159905116542204,-0.34275104548586632,-0.28869674413233554
2012-10-29,-0.041998948647478967,-0.21807099156319604,0.22840224881169488,-1.1379685375671107
2012-10-30,0.7623807768504397,0.27944021777538319,-0.33851799545645628,-0.18187727905433726
2012-10-31,0.0028362890360340239,-0.34074449964032066,0.19455961930550336,0.34588594739609002
2012-11-01,-0.14652841419237755,-0.094950338833802828,-0.61330032995700778,0.78201217642336029
2012-11-02,0.4117805287855259,0.63012395630886775,0.11417751736440132,-0.32416961582641063
2012-11-05,-0.40975649220498606,-0.3548967933323664,-0.16234387945870027,0.34186074919671405
2012-11-06,0.40651275033467704,-0.12015022671664327,0.28429820957324781,0.020444495563964382
2012-11-07,-0.30560679205875219,-0.49821543589810435,0.52243381514742904,-0.065698526613313546
2012-11-08,-0.19980521812720731,-0.35840965629916932,-0.12144122176820236,-0.55888391543199645
2012-11-09,-0.22539307214543822,0.42312270249552963,-0.1263711987933826,-0.34948105936330037
2012-11-12,-0.53885375236977917,-0.13827642361356898,-0.20010684247642177,-0.2709168534879029
2012-11-13,-0.2291025855384291,0.09137957473514334,0.16176779545877693,-1.0017261711490022
2012-11-14,-0.27658071290371788,0.91779413635790819,-0.014512958533636258,-0.73112864532551392
2012-11-15,0.27824552660077478,-0.035936813980105717,0.74917640960306131,-0.32933237652009201
2012-11-16,-0.54548323086482275,-0.40994609571360513,0.13575475150749441,-0.66938274986520607
2012-11-19,-0.0089955793868172658,0.38807482551025074,0.1261740086280965,0.14883242113925366
2012-11-20,0.41904955528817062,0.35512894961386288,0.031624185684141722,-0.32668628981594044
2012-11-21,-0.11519797741496851,0.18369056226261554,0.096566250863241943,0.042482615856079674
2012-11-22,-0.097953062130442956,0.17815884285508579,0.09650462592063741,0.0024756741631098891
2012-11-23,-0.013637435705740253,-0.2967296454256923,0.0023422164705396002,-0.17813853972633301
2012-11-26,0.024427104303863516,0.15604133832663,0.34291470283017217,0.070393150482535721
2012-11-27,-0.25186298386846506,-0.049406559370298933,-0.23300865279037442,0.10425894786760949
2012-11-28,-0.079125592960489835,0.27505978728711911,-0.63350987131151582,-0.14536664409657668
2012-11-29,0.72175973659434511,0.19157188181259305,0.11448086882479215,0.67405890966568627
2012-11-30,0.15861771016406459,0.15800622817335472,-0.10691340963310683,0.11092803730031234
2012-12-03,0.030720044545586186,0.28018879568873967,0.27486345327662409,-0.4468878471139956
2012-12-04,0.19276031823544509,0.12032373513110556,-0.0013575489961963839,1.1358018882058543
2012-12-05,0.48994803373380519,0.683637502820718,-0.31466650410586583,0.24668414621743176
2012-12-06,0.44469893161114826,0.044866686362138308,0.24945069767446548,-0.42698609295206258
2012-12-07,0.27167871660646992,-0.40658941959457928,0.34553188295458326,-0.80892392345342701
2012-12-10,0.18528291994565374,0.086020087594708194,0.047851531883135269,0.19969280709714807
2012-12-11,0.42182950439279926,-0.11528239443086914,-0.099211117522705283,0.88867981969497423
2012-12-12,-0.0099566391937699894,-0.43585395113438519,0.40692467808857008,0.62046795420325784
2012-12-13,0.36774231042130456,0.57377894492984971,0.36952781164593274,0.14025331521384629
2012-12-14,0.10839803683818927,0.068907910930219099,0.42719402388977723,0.62444707391612764
2012-12-17,0.31643992995219461,0.21299526642130592,0.828868984808807,0.40087725471884861
2012-12-18,0.17386412036527957,0.83084034584501409,0.44057822559254123,0.54002907492143404
2012-12-19,0.3186579120043736,0.66352748908079062,0.83043214056751724,0.17430145219042395
2012-12-20,-0.012824998087343021,0.17399614969759222,0.5247888513700748,-0.14373444614323183
2012-12-21,0.25456463771458637,0.49374099500056923,-0.14405921786655301,-0.061956911857703918
2012-12-24,0.23702360703927328,-0.13983391717962529,-0.031718509257666748,0.0061264764636168624
2012-12-25,-1.1884166622538001e-05,-9.8347909799889989e-06,0.217682199318255,-9.6633785714750008e-06
2012-12-26,0.001287981608294964,-9.8347604759830005e-06,0.64273526908175482,0.0093399745189899682
2012-12-27,0.26179095566676702,0.075756195822261591,0.33468168983564583,-0.010301461277544367
2012-12-28,0.044129682721275494,-0.0047335175426258501,0.026277361442602797,-0.13104204708083342
2012-12-31,-0.34883252449720858,-0.4147626841609911,-0.022180824660754501,-0.014107994221838636
2013-01-01,0,0,0,0
2013-01-02,0.49148818409603834,-0.38510022582980885,-4.3000000000000002e-17,0.88448686879510019
2013-01-03,0.26030060244911452,0.929224686139838,0,0.3468301466829794
2013-01-04,0.27158410885735235,0.13615606816728257,0.67943798877085237,0.75958673145199629
2013-01-07,-0.24700318605914506,0.025996945905828735,-0.44562123238280044,0.65839115904946288
2013-01-08,0.29182195282351264,0.1713703526424982,-0.68624972603000534,-0.098901002502521179
2013-01-09,0.31816037043405165,0.046162582166452415,0.17109960113486095,0.28670744607986681
2013-01-10,0.14504272583253722,-0.51796950814738341,0.70462734597165044,1.1072304399006652
2013-01-11,0.22163544874445473,0.047610662680615159,0.10601202127147433,0.081632600169103564
2013-01-14,0.27320170360505724,-0.12015340997345299,-0.00099492120436545399,0.19635218998131321
2013-01-15,0.017689107074914057,-0.012637369182751757,-0.13361480294033379,0.24206446960094297
2013-01-16,-0.54504537282534093,0.6402681265995297,-0.33328136093845068,-0.52151649810266687
2013-01-17,0.37929182595077537,0.32038380330304866,-0.51200958345395498,0.9154629668225287
2013-01-18,0.17715989161986839,0.027522405737430256,0.80373645650861736,-0.2541248787539564
2013-01-21,-0.40483419425818845,0.16127252054076716,0.27797741509944845,0.41437534770875689
2013-01-22,-0.35252277170935259,0.43712146040763472,-0.047509850412447902,-0.24102388308208927
2013-01-23,-0.36928531215869348,0.42544587089409669,-0.84768657215400101,-0.41209869819714279
2013-01-24,0.64706507569681315,0.30451574676723453,0.18432009192782964,0.22870527947867658
2013-01-25,0.20488976327585554,0.033329123508860567,-0.17884092788219577,-0.3848859429067979
2013-01-28,0.27497745001582563,0.14413738484977218,0.017945531933591927,-0.0058919401853737936
2013-01-29,0.20053259236742937,-0.50689276495998403,0.14575932722860904,0.09465236866634745
2013-01-30,0.014893987600839077,-0.3601688893938525,-0.54124234922750591,-0.7758766614507604
2013-01-31,-0.74654805508031197,0.0795035734653598,0.14960379853546765,-0.48379397167476962
2013-02-01,-0.31778830326651569,-0.1623264444876574,-0.26683314785730672,0.093300484698980751
2013-02-04,-0.68138114988601206,0.091524330334090021,1.3346241576197406,-0.93843429218995744
2013-02-05,0.11884829488057438,0.41825334227286382,-0.26215604919019242,-0.30934342291767591
2013-02-06,-0.025623489951282594,-0.28639172647299416,0.35196501608657677,0.23996054876457198
2013-02-07,0.28598714955546173,0.3885075062144201,0.71761583583960031,0.38767133801738285
2013-02-08,0.04725570908241826,0.015731325691251217,-0.19199401141191938,0.58354874731505857
2013-02-11,-0.10160717325479296,0.51237825288701855,-0.012481026879593526,0.62535128489884539
2013-02-12,0.22794379549645488,0.18927306198990448,-0.013006318043215417,-0.32848422694543489
2013-02-13,-0.020284174908299174,0.7802824329796858,-0.787629362698402,0.60632446806625073
2013-02-14,-0.011979137723379472,0.13976091598234913,-0.42276422775693168,-0.24115206294029989
2013-02-15,-0.55810108870635611,-0.42678071657643624,-0.20828867948300303,-0.5885743188928656
2013-02-18,-0.34879062559217977,-4.5888975653560001e-06,0.30363358699514087,1.3995281442597276
2013-02-19,-0.5955928437192648,0.4510697153156859,-0.0085546309572790066,0.52008025873309482
2013-02-20,-0.56459491224360914,0.089461882876756882,0.3202600665848927,-0.6617385198511534
2013-02-21,-0.067688005166061452,-0.13536803398918246,-0.20235098201834109,-0.92721712658255706
2013-02-22,-0.069862196388866385,0.26619315570726942,-0.73402416279819327,-0.10258895945460074
2013-02-25,0.7111813083756704,-0.7439928011891016,0.4327325815628012,0.45944284557172965
2013-02-26,-0.14022888742904557,-0.10934540610686554,-0.17601555771934149,-0.45476635214364342
2013-02-27,0.37959630042255488,0.64207965536703615,-0.19639807139107923,0.24290076841968228
2013-02-28,0.11902260091679721,0.35666461004521915,0.14528970977361538,0.2587742696192179
2013-03-01,-0.53097564740877146,0.28483151302264892,0.059511070046722507,-0.37233961648231706
2013-03-04,-0.52848580469389062,0.37894373837356393,-0.28151663458357978,-0.46385876880085397
2013-03-05,0.81165776410064872,-0.13301981839014765,-0.32202932965597164,0.45596117764880623
2013-03-06,0.84328779691548228,-0.56211080851353268,-0.29384768310463427,-0.3482301690561635
2013-03-07,-0.00077558314220786705,-0.13856295503056126,-0.78400619547454253,-0.15501792277212587
2013-03-08,0.59356563524710515,-0.12683981997493354,0.066822340205036426,0.39795535316060998
2013-03-11,0.18573742341416341,-0.023434093319094264,0.95401839253262621,0.41397267796527104
2013-03-12,0.019552243468533882,-0.76691289866865298,-0.43413493850801954,-0.28828056885731729
2013-03-13,0.011438531967711437,0.37366072811637174,-0.12422967152787841,-0.34822800024311457
2013-03-14,-0.71712647078471159,0.19742656703451472,-0.38080189022134503,-0.045278559840625142
2013-03-15,-0.25499602014450995,0.30822974416516463,0.43254965318596605,0.15325014277757332
2013-03-18,-0.28287371841377618,-0.27167256499499426,-0.16070616570548465,-0.23581655877511423
2013-03-19,-0.62980798879011968,0.11728487736308771,0.070671560462818514,-0.62101436659265719
2013-03-20,0.11543643394859282,0.22887549365472332,0.0085733748471286033,0.079138997107360345
2013-03-21,0.061175766913091699,-0.35804945306313757,-0.34237711998951575,0.72251982148660632
2013-03-22,0.065124027573197102,0.15947572583163674,0.14850505040001161,0.16825544652710048
2013-03-25,-0.33994616585338266,0.31834289943373378,-0.21150546986992347,0.048754125730692842
2013-03-26,0.56847639422033702,0.41975050622429855,-0.37604446527531393,0.057530993231756138
2013-03-27,-0.28521620813477522,-0.34070061620173531,0.24952526993973481,-0.50173372619590473
2013-03-28,-0.59230665895441259,0.29568871774631733,-0.43360691222470421,-0.50592483820683243
2013-03-29,-0.00092644966505268293,-1.5374775945290002e-06,-0.2797572988075166,0.00082927394738343597
2013-04-01,0.00016879915465791101,0.12241811281552073,0.12238431135671904,2.2999999999999998e-17
2013-04-02,-0.07513252888058744,1.1726149333371689,-0.33860626690107049,0.54356409595580624
2013-04-03,-0.44202081451863373,0.27958636296059647,-0.76597866221465372,-0.46231238091034621
2013-04-04,-0.11278995647142023,-0.58333521997970772,-0.089477784152254936,-0.13388847527064429
2013-04-05,-0.015561369679417979,-0.53862815153224997,0.29504898399073637,-0.3210624894808079
2013-04-08,-0.17124679299327716,0.4050838406205155,0.89050052774891264,0.039432877598540625
2013-04-09,0.89843513475055126,-0.19409288312510711,0.32190905329953318,0.87660792570609636
2013-04-10,-0.12653489233076862,1.0445841744833044,0.45117399228120825,1.5246790066554847
2013-04-11,-0.270734287103222,-0.0039864883652070207,-0.30717779718594679,0.39126026693348204
2013-04-12,-0.046930717898010912,0.67970262518096136,0.87077042850356845,-0.64063903825529345
2013-04-15,-0.49324009696759435,0.61760308066639535,0.18817467371689253,-0.49413836204662126
2013-04-16,0.58985696444824265,0.53177629595154097,-0.52245388385253189,0.10000507485318673
2013-04-17,-0.19801594830324895,0.3696979268600622,-0.36634469760882032,-0.79272224560347704
2013-04-18,-0.29805742360614923,-0.37104733067356299,-0.50249199991924931,-1.0986671629665303
2013-04-19,0.7395663312612113,-0.051591101024409378,0.18752603607439644,0.59103094434690595
2013-04-22,0.1737391436547138,-0.34380643710169329,0.034538638496756979,0.5931067876972701
2013-04-23,-0.27443559826913316,0.39941365338247264,-0.10933737310613924,0.9107024586835919
2013-04-24,0.36687393318206568,-0.39017233462324041,-0.39794340104024062,-0.33309750808837535
2013-04-25,0.40878430507157237,-0.35653482537972497,-0.044486869553413272,0.67203649636607132
2013-04-26,-0.8293584103323336,0.35665371018186875,0.08786288526128358,-0.0049752809069402854
2013-04-29,0.19150754389471505,-0.0044872291878971775,0.00022446863289229298,0.19850780338335994
2013-04-30,0.38736039778878795,0.41704483716114277,-0.72992295540372787,-0.019982207020197207
2013-05-01,-0.43603574781330623,0.16631877316963853,-0.061113821888764096,-8.9999999999999999e-18
2013-05-02,0.40937180431467668,0.047348943661025385,-0.58717137245629936,-0.26533292667961894
2013-05-03,0.49132613479713916,0.12068831007220715,0.0061439098874346149,0.88950914823447713
2013-05-06,0.0044576993888304208,0.24957249290062924,0.0022059770239912539,-0.37470677047351636
2013-05-07,0.15965267113712539,0.30554481284073992,0.10323389110702173,-0.39029456619624425
2013-05-08,-0.039140787208230061,-0.17545909005969135,-0.026348258215991509,0.50639302151968013
2013-05-09,-0.27873089023442049,0.31553282840665042,0.41744732615258062,-0.15312840940255526
2013-05-10,-0.88574409175541569,0.028547895021361899,-0.25606622593456474,0.071742837182419417
2013-05-13,-0.19210293640232021,-0.031786089263050633,0.32322878221726231,0.30910048373680121
2013-05-14,-0.15422913338725391,0.017150933764934165,0.020728339876292412,0.04574998405522282
2013-05-15,-0.090689930554385664,0.97377476301424781,-0.32369616786738231,0.053119764646476102
2013-05-16,0.29364161712121994,0.37702464088348198,0.20166874819589381,0.35789174674810925
2013-05-17,0.84316770830404686,0.62412455038198245,0.051084203530620598,0.076737626608676321
2013-05-20,-0.043817458632241534,-5.9290557484790002e-06,0.8371503543482981,1.129066661999945
2013-05-21,0.31234927841844712,0.04439153610307537,1.2519659528094744,0.50908674299955103
2013-05-22,0.069059198033746133,-0.27811025049996974,0.41183033404229746,0.36962540063991722
2013-05-23,-0.2782765897716748,-0.48103491089909989,-0.19838899818123137,-1.0524759381150917
2013-05-24,-0.18448773379470118,-0.23480252180466621,-0.068821691230582197,0.25782942538472942
2013-05-27,0.0077204438845582526,-0.50088874768854508,-0.84494321401950601,0.097340282554961799
2013-05-28,-0.032413692157127791,0.15521509270350486,-0.23413727296721995,0.10560897033739312
2013-05-29,0.49336938641171529,-0.51725131537428704,0.31574574710405912,0.026274155392384618
2013-05-30,0.14902248650422384,-1.0065117127466701,-0.46045028412933697,0.34213988341401069
2013-05-31,-0.13763522081585566,-0.21622338361357782,-0.27960054602410733,-0.17353374255074311
2013-06-03,-0.12616994912270055,-0.30881749168764722,-0.11899774276378036,-0.47900497189117958
2013-06-04,-0.1823041700736858,0.14011181336976797,0.50777459093747013,0.044906784095314289
2013-06-05,0.11670470687119221,0.11604900339342993,-0.75593287061459491,-0.15965677076104404
2013-06-06,0.026151437042135128,0.089235528285732821,0.05359842762674713,-1.0204863503762329
2013-06-07,-0.053093164329739831,0.69138932424511679,-0.05755957701325063,0.65229157495537959
2013-06-10,-0.32618515603338494,-0.002915717848260709,-0.078521868032599113,-0.58914124945873836
2013-06-11,0.12524431261512892,0.66666241467191389,-0.27940073072126903,-0.64919964567056809
2013-06-12,-0.40188727572312521,-0.054836043648425446,-0.16885294636288314,-0.60461603054748703
2013-06-13,-0.24909735835919786,0.25223584214575967,0.45024938730510511,0.087483975702623132
2013-06-14,0.22558390421579844,0.35587044799971101,0.31924054310517819,0.31764923281928537
2013-06-17,0.022737100016125337,0.68171440309453257,-0.1194920535214842,0.15621877757078387
2013-06-18,0.29511214869345176,0.43271434962205652,0.32037748080933937,-0.11012974973332147
2013-06-19,-0.26518543235505238,-0.028843735771184219,0.71498622703723236,-0.22091050896257913
2013-06-20,0.56719182268834933,1.3196382152110426,0.27942387891757581,-1.2665164381842635
2013-06-21,-0.36975757132736364,-0.48147342562450895,-0.66245814394882396,-0.18551023573000819
2013-06-24,-0.062510517416269576,0.67336289912690561,0.030840645434336761,-0.87895714750486198
2013-06-25,-0.36676821245851582,0.044149814563029688,0.025674342029612995,0.68462341179580211
2013-06-26,-0.061705482612025818,1.0224279520222905,0.67726792066482155,-0.34902720819574917
2013-06-27,0.020826151940550968,0.15799926796976474,0.0059415096363158925,-0.098238387980304792
2013-06-28,0.41810440252667713,-1.381543217802977,-0.39113830363760071,0.6693717153771227
2013-07-01,-0.59088678642759596,0,-1.0237646479185445,0.22884212212781441
2013-07-02,-0.21288798063776879,0.078369250193121728,0.25412188112078021,-0.60390550926694575
2013-07-03,-0.29334892522156375,0.47821260680251215,-0.34035050899209718,-0.10664743782133318
2013-07-04,-0.21387940055208365,-0.10106569710552529,0.16060779069848571,0.73121636852324456
2013-07-05,-0.41033513138677175,0.35288456580738647,0.26911864163943922,-0.69544636005439098
2013-07-08,-0.10656341809285599,-0.007652590062111754,0.018709675122709567,0.062978360140938452
2013-07-09,0.0045628541682771152,0.019419920033091065,0.27657456996005891,0.18024107028078692
2013-07-10,0.086796213159951327,-0.13090106570195434,0.49218131053205288,0.060349295525276833
2013-07-11,0.58335544949826423,-0.36430918608682189,0.055017707660464106,0.19649525419698205
2013-07-12,-0.50339303289153281,-0.23131954825622697,0.40872031276916421,0.65987204638387875
2013-07-15,0.4009631210416042,-0.10078766211277265,-0.0026776027267615579,-0.33781668674894244
2013-07-16,1.0976528832899317,-0.54335113128429324,-0.302944487114018,0.51497161420672366
2013-07-17,0.08079784656588028,0.6950811033984502,0.1074717206603082,-0.04895031788533917
2013-07-18,0.43867560743088929,0.16237416522797773,-0.39836634896937223,0.2698903396175702
2013-07-19,0.19648315015143936,-0.013166072358657811,-0.020411322128176864,0.74026405116754757
2013-07-22,0.12404960272590788,-0.41819612896781239,-0.10152537208200942,0.80691395094533347
2013-07-23,0.92758840959491007,0.13572092526991489,-0.076535124501033044,0.46856548925882302
2013-07-24,0.011532049822313432,0.17258557168777655,-0.039715959792602902,0.85368133257675305
2013-07-25,-0.098554441141538149,-0.047940208574055274,-0.42243919202513874,0.067284041882849407
2013-07-26,0.017217049125482907,0.0059584650623818389,-0.18480137811447264,-0.15324627055951981
2013-07-29,-0.32688605513831814,-0.60551423569028218,0.19874044129678448,0.12602085684153569
2013-07-30,-0.50493307099617812,1.0093861615908284,0.38992263962328866,-0.34881683627200427
2013-07-31,-0.10349657202124041,0.35580075875546707,0.51336257030897425,-0.79996882168209771
2013-08-01,-0.55151933581015589,0.2174450972470344,0.33121917512230137,0.10828201788769748
2013-08-02,-0.43163011991285571,0.53183619166490392,-0.21808138770758062,-0.26317018646524259
2013-08-05,-0.0489599484961043,-1.19175509526e-06,-0.18247381247974612,-0.18188914239723786
2013-08-06,-0.3882397639313887,0.46306457892750602,0.30816057012788806,-1.4187666488755377
2013-08-07,0.16890979494741634,-0.513762726350247,0.37730373775860659,0.50614544713327447
2013-08-08,0.0039024177965414891,-0.27381313996950779,0.44012870680549671,1.7076687130218722
2013-08-09,0.54653277481150986,0.51976474147692919,0.08325041639871944,-0.31039877606718047
2013-08-12,0.89825308615320987,-0.17830854288511513,0.79902662214364184,0.56138659366509935
2013-08-13,-0.050835319733856091,-0.35878100806794383,-0.43462850686454174,0.72891180602928429
2013-08-14,0.066357972929021791,0.41433638113985732,-0.22041097439108961,-0.70804554223388561
2013-08-15,-0.051583383489708423,-0.24571621233254745,0.3312919307744826,-0.40785408128324407
2013-08-16,0.70904621893433384,-0.087105117313712413,-0.25508780727259978,0.69750079499404127
2013-08-19,-0.88067981659186823,-0.63550060838583022,-0.32145979308098843,-0.46347091731720608
2013-08-20,-0.1345549927447984,0.011400247124793279,0.095457272516402181,-0.68842832564655021
2013-08-21,-0.050978311428083498,0.044736008804395475,-0.33240282962427264,0.045747519538683834
2013-08-22,0.74061475758295303,0.45433053065364948,0.39711003920443416,0.65020804427362888
2013-08-23,0.60215374628636376,-0.12965289711801181,0.13943989571682511,0.061222942329143958
2013-08-26,-0.00082226472236095899,-0.10121382924355396,-0.32819811781998193,0.5178456745751
2013-08-27,0.32026468896055382,0.43418338759094194,0.48189529589473085,-0.30625829943632787
2013-08-28,0.68491873665129788,0.11623453033432261,0.07658383074873451,-0.32301603734430978
2013-08-29,-0.29080767679930519,-0.52098392264164228,-0.15536202548283237,-0.28163322023278903
2013-08-30,0.38920304416867463,-0.039122004676113917,-0.13771805720881589,0.39579321850811977
2013-09-02,0.060454974751111203,0,-0.16921981400224254,0.5300544140357355
2013-09-03,-0.15205767469356124,-0.19946985487275065,-0.045359625929059129,0.54903214792018173
2013-09-04,0.46273759551388494,-0.069176399811197123,-0.23667207594463324,0.42174414168411628
2013-09-05,0.38132910208821069,0.12529600752106779,0.32721701058077801,0.2790560786344502
2013-09-06,-0.11250752507606396,0.18920230726222162,0.53122413117694511,0.42304163988287868
2013-09-09,-0.063326536238013056,0.13723145120642125,0.10720128553225045,0.78428028483607837
2013-09-10,0.31369189637231865,0.10250756888792811,0.60425073206926116,0.65487801852366523
2013-09-11,-0.46021119237450081,0.32789618178204188,-0.49950284438484399,0.7549538258762315
2013-09-12,-0.37978902455352703,0.19227748780633969,0.05120287997212776,0.14691472392593199
2013-09-13,-0.089014302733511838,0.24944050082706792,-0.2331265234058765,0.068731241856895525
2013-09-16,0.024407954074816926,-0.30583930346888666,0.0031613677172818298,0.40266725800041681
2013-09-17,-0.23293491315853967,-0.30789819634794885,0.13280831617839597,-0.20190385413364909
2013-09-18,0.31186272308395646,-0.06069831785665844,-0.53318077909831363,0.074328418670251542
2013-09-19,0.25047988556313572,-0.46680905078487861,0.34723203082465265,0.82028913277804039
2013-09-20,-0.20006536212717552,0.020417077435803749,-0.14086892443255222,-0.37512345903928768
2013-09-23,-0.25094239633361909,0.21838258665908811,0.0034108236004840487,0.32989999229421685
2013-09-24,0.26962442313903401,-0.45757983345619285,0.17880322652370023,0.76519291894177199
2013-09-25,0.41458596416089294,0.20675029089257235,0.13094316957788316,-0.045681578510109247
2013-09-26,0.16514169439460433,0.16510117634967533,-0.24003346025233832,0.34781017945473158
2013-09-27,-0.4549437856837879,-0.25002562208740348,-0.29652766862500424,-0.29352722096274442
2013-09-30,-0.045517420380143406,0.3415999588785123,-0.08877143220725596,-0.58885665247146834
2013-10-01,-0.30653170615141045,-0.17178624482283505,-0.098977598851177073,-0.040494659442315714
2013-10-02,0.67109867081082464,-0.27828050203172761,0.18813342787667556,-0.25312231029829935
2013-10-03,-0.31687955782087623,0.2206050331709809,-0.56023751172520642,0.5020985776666419
2013-10-04,0.17714774341783363,0.19986918581565044,0.16020431309953093,0.83888437584908948
2013-10-07,-0.27826348461934902,-0.50037594715831468,-0.18466017035481341,1.1065820270650093
2013-10-08,-0.048152949485413085,-0.079505155629243748,0.63107394845323428,-0.016029518157678613
2013-10-09,0.22407866065511389,0.17550197970134526,0.38771950870249322,0.25950086356075397
2013-10-10,0.0051652002858117293,0.083207252577317023,-0.18011772053389599,0.38962243509905115
2013-10-11,0.13707464854890622,0.33250961242411942,0.14682808171919365,-0.98308461279500692
2013-10-14,0.43121127936626441,1.7010259911e-08,0.0011057826952417589,0.59694118331985435
2013-10-15,0.74738489022464338,0.2103445004571933,0.025455818348689072,0.26999611348660468
2013-10-16,0.57017869355629502,0.46919635162936063,-0.30063984271113625,0.35125069172329437
2013-10-17,-0.082888773642691163,-0.14225697958043251,-0.1528528757904043,-0.48268651632020038
2013-10-18,-0.052048161481105477,0.50057432586954054,0.042465226808602777,-0.29291955190735114
2013-10-21,-0.14975404894749245,0.024764729259780561,-0.19518694565426564,-0.66074359093478485
2013-10-22,0.084745255809685574,-0.36714357014791088,0.18502831710647677,-0.36256755618389047
2013-10-23,0.022714845239382525,-0.75415562334372643,0.059989701737940937,-0.065673475322675368
2013-10-24,-0.31956668657211468,0.364227715114741,-0.18259967555709666,0.73002652395087297
2013-10-25,0.27158875506800684,0.15045966997664237,-0.093079801887565428,-0.61813815111947912
2013-10-28,-0.32943875675666651,-0.070023514164638978,0.31175106351505044,0.1313569870353874
2013-10-29,0.48664669006572031,0.43694600685028445,0.25072952896230011,0.1258033530852006
2013-10-30,0.19384348783573296,0.12968437018376633,0.20627389803148671,-0.016489125473919515
2013-10-31,-0.56153244913946021,0.43212826008813354,-0.05424929167026564,0.33460849329276354
2013-11-01,0.33292233461502824,-0.758656054721627,-0.11429599432249264,0.14704831987350214
2013-11-04,0.19173110198365367,0.095225605223724655,-0.00020818774922799101,0.22968159292078424
2013-11-05,-0.12228886149997581,0.04494630966090174,-0.3500639899655314,0.64168344217767059
2013-11-06,0.21213838847630567,-0.023663453453660423,0.47636893212349057,-0.30429984749760741
2013-11-07,-0.10250570128588214,-0.13762129125621689,-0.13894491950762103,-0.35534814180124735
2013-11-08,0.40547605405865539,-0.084670093713514222,0.27521772550657086,0.21786944166065242
2013-11-11,0.22600897220764202,-0.00056952792742972201,0.16559178371177175,0.4024470530905308
2013-11-12,0.16902930530471028,-0.15553210254962763,-0.04858617616963503,-0.85841969738456469
2013-11-13,-0.31486768747420701,0.51031860332463619,0.060276397375094874,-0.2929352865433647
2013-11-14,-0.076053050754747081,-0.27831596400626768,0.028374860908460097,-0.41408650964043769
2013-11-15,0.15805299160518813,-0.18535392029695111,-0.1183544250747342,-0.69861523177001683
2013-11-18,-0.16287916898480923,-0.14942662839192486,-0.41304543629647578,0.4555340712950523
2013-11-19,-0.23678449812337257,0.21566211529198256,-0.03301522756243809,-0.11770430730626619
2013-11-20,-0.23845198841484327,0.50288204361924349,-0.10256762564442456,-0.017327288423930498
2013-11-21,0.11360934210717777,0.38228549848094223,-0.32943766792097245,0.51392440532434558
2013-11-22,-0.13372265670137159,-0.37475700710040882,0.082283528014717486,-0.26572955185777242
2013-11-25,-0.41848626965317276,-0.20963504827355744,-0.032835657913016202,0.28269909145396666
2013-11-26,-0.19172429967929572,-0.29269774642607771,-0.10893650066419018,0.26251657062706862
2013-11-27,-0.11262905765707658,-0.20638147531207141,0.45967087945873886,0.41244455277526498
2013-11-28,-0.1106022166135401,-0.14118050159683751,-0.11496544765076511,-0.23921178585079042
2013-11-29,-0.5663760424244757,-0.0087088502088991625,-0.19178621745412583,0.34685617484482384
2013-12-02,0.025428295240824558,0.52834532507700505,-0.43672071015746561,0.070378653631868446
2013-12-03,0.048663631492243786,0.051312976454289033,0.060607468621322554,-0.58193833860225619
2013-12-04,0.24077272234871802,0.30562993585817166,-0.16310157176909965,-0.011110342200925792
2013-12-05,-0.19291430600003096,0.31474849043806397,-0.15174206650935762,-0.018393356268440499
2013-12-06,0.2496412835793953,-0.40931879671963672,0.31808440971566537,-0.1150265224444685
2013-12-09,0.049200275959534065,0.27914028856029949,-0.49649498758949312,0.096925520123939221
2013-12-10,-0.0074537583295241922,-0.07376589100429147,-0.093975954566832512,-0.61144575432206305
2013-12-11,-0.11257531017451614,-0.088138163320061011,0.20467158513895936,-0.0040978252571419833
2013-12-12,-0.34815161857401966,0.36185639184526264,0.40480408291827624,0.12367622852843081
2013-12-13,-0.27428427443407205,0.03815640317453254,-0.08478510363901326,-0.10716418688614089
2013-12-16,0.32236228996429511,-0.26837440079180835,0.67198799028872602,0.60506656469593578
2013-12-17,0.32884555517372638,-0.55258569353534037,-0.20921898398388747,-0.52954937075741471
2013-12-18,-0.10427943753770551,0.23921183513261499,-0.067804450155316803,-0.18519462462072503
2013-12-19,0.21113542305594857,0.28180635292431422,-0.046764654951613492,0.24504079254396677
2013-12-20,0.18644272267366857,-0.059752086076548062,0.071338252822129591,0.1284755465110391
2013-12-23,-0.13260485700853289,0.19311348592385419,-2.4187807934395002e-05,0.42743045373056759
2013-12-24,0.18456025489433137,0.024807797131607804,-0.053927652431436407,0.0013985456545925869
2013-12-25,-0.0020589976969798847,-2.7657548165940003e-06,-0.36985167050500761,-0.00074302026381362508
2013-12-26,0.0041531158948447753,-2.7657482552920001e-06,-0.065130675495062129,-0.000167818201353593
2013-12-27,-0.15801150044721582,-0.17365557286466651,0.16384473728718171,0.45088862093399518
2013-12-30,-0.27699139293078212,0.032742333142874003,0.37773727310184196,-0.298072783543961
2013-12-31,-0.18929937381135784,0.37116684368676112,2.6352604708097999e-05,0.00078133381969842702
2014-01-01,4.9999999999999996e-18,0,1.5999999999999998e-17,1.9000000000000001e-17
2014-01-02,0.12962797069433504,-0.13637300620666842,-1.9000000000000001e-17,-0.22380933386199489
2014-01-03,-0.091512929115982133,-0.21794520614819476,-6.0000000000000001e-17,0.18116928407208838
2014-01-06,0.23295313900119022,0.32996254625573629,0.073623032733290544,-0.085081259188795638
2014-01-07,0.42556374671313696,-0.24021154249421933,0.21187464101076584,0.37475042498211242
2014-01-08,0.72824124545458235,-0.1054213149127128,0.052519352655358585,-0.0011452285596163379
2014-01-09,0.41851680572711525,-0.28308899010530991,0.22653780713727212,0.014203941810989117
2014-01-10,0.12402454499847626,0.10578825967947633,-0.17085426367139267,0.16526206490847561
2014-01-13,0.0013085159847602851,-0.6946036834882211,0.0030047959172094462,0.58624141843450106
2014-01-14,-0.13509660046458993,0.35590840532195051,-0.059958747687513698,0.82549255661311038
2014-01-15,0.069392181500394709,0.33626480186105051,0.057584268618874286,-0.086466826332750601
2014-01-16,0.50339423559081031,-0.1839127529065977,0.20643073916115617,0.48601127379616865
2014-01-17,0.032156669660353368,-0.28015379258712553,0.23960250822926432,0.34136177700099068
2014-01-20,-0.22540432694298984,0.15379810110698428,0.087792880656733782,-0.0074634272058578532
2014-01-21,-0.53695085402840226,-0.11077312511213221,-0.28367290118891014,0.27322684707929318
2014-01-22,0.06524888337626035,0.47719041585268113,-0.26850572044878374,0.54330688358389667
2014-01-23,-0.12117495431553614,-0.47271002179768734,0.27773228699790226,0.16925296877941726
2014-01-24,0.32839632628457688,-0.099594643912882141,-0.28360638056759208,-0.4455870162024908
2014-01-27,-1.2233547456825873,0.58811339531962925,-0.29364960851108191,-0.58220520137447018
2014-01-28,0.045004281743958707,-0.062628406532293429,0.23632582397937704,-0.20641211289052463
2014-01-29,0.62701831345679071,-0.8756389475890396,0.07019721479504816,-0.1046921067350691
2014-01-30,0.65061488062838957,-0.1157634447156915,-0.20142460592205191,-0.061178081831596461
2014-01-31,-0.20860228196247971,0.085874174314441554,0.028328543629624565,-0.44061831396563328
2014-02-03,-0.61941956381223651,-0.8449305650161073,0.24362665832504707,-0.081844195760591001
2014-02-04,-0.11624638765715925,0.20255094542532479,-0.39967627005103223,-0.32809217419352793
2014-02-05,0.035057193363446044,0.20235599452019046,0.58388073873460977,0.77934946200538302
2014-02-06,0.25624371600869494,0.25825174874814155,0.14238776453522076,0.45258173672185303
2014-02-07,0.03582387181420648,-0.45306487675682894,0.77988502910599644,0.44934189997440854
2014-02-10,0.12187728199435591,-0.13451248397638813,-0.95022099018057504,-0.25991282403519222
2014-02-11,-0.0031018798948013277,-0.03954535653482133,-0.0013889938637840419,-0.19823080236292273
2014-02-12,0.16898404175347426,0.55046912751322619,0.37631015209120533,0.14035042985859575
2014-02-13,-0.31804915257371741,-0.4190622594453447,-0.044506483896491228,0.18462798411537434
2014-02-14,0.014275394718619256,-0.12216074075299067,-0.33717460622389595,-0.18433281512634034
2014-02-17,0.028104877151691653,6.4867362804499998e-07,0.16377373927262096,0.18910177341198756
2014-02-18,-0.017778889432481376,-0.010784949930327543,0.052438750706965465,-0.051458048145823262
2014-02-19,0.072691479937359943,0.93537724232972153,-0.014069083372771622,-0.15989003536047128
2014-02-20,0.1515302071522808,-0.68238562286523663,0.22669929266846187,0.19654070489776909
2014-02-21,0.64900551556707442,-0.081059662366315635,-0.067468334659718215,0.58649475740912382
2014-02-24,-0.22407054266925419,0.21729688411675011,0.11496878851262021,0.3005961837741371
2014-02-25,-0.50715964182417883,0.48372987681882834,-0.29207657566393608,-0.37297712998511812
2014-02-26,-0.083798035845480998,0.048094416849475873,0.31551083815075492,-0.50533633859634475
2014-02-27,0.23189321795549378,-0.37988877956328748,-0.27178903869547261,-0.075396663569682706
2014-02-28,0.18298606419220728,0.068063137879244673,0.0050116832682048206,-0.72208225417518201
2014-03-03,-0.16825899632436481,0.0034835768905381458,0.4306189573082238,0.17579406811351789
2014-03-04,-0.11886735401870201,0.2065873621270739,0.33952250430850894,0.19848944790401873
2014-03-05,-0.30049355497538227,-0.198427856908518,0.12708707466397728,1.0987334680788445
2014-03-06,0.59560371597685746,0.31347484388161939,0.085967171197474615,-0.31793242616119211
2014-03-07,-0.49614476097270099,0.072598059557525671,-0.31645048309731511,-0.37241424043208465
2014-03-10,-0.49323769686078878,-0.57682041291322539,-0.25895818966351708,-0.28083669164027242
2014-03-11,-0.62870964904498949,-0.36026062923425106,-0.0058193202328638057,0.60057518398002119
2014-03-12,0.85526482021144701,-0.53508669322960145,0.1198570820714667,-0.10287337801707513
2014-03-13,-0.6267435523921091,0.18955177407501758,0.27698913899954131,-0.28348046775072838
2014-03-14,-0.14940369243725402,-0.35348147620474951,0.18901831763484458,-1.0309197801660481
2014-03-17,0.3973992934479556,-0.00056699768338523302,-0.23872549682131117,0.41747102425024296
2014-03-18,-0.10302889558492385,0.00092191690021709103,0.0034325426273219386,0.54148174842937502
2014-03-19,-0.32848987018785625,0.21623212906579325,-0.66475564159163258,-0.1995272762825539
2014-03-20,-0.020481788652904606,0.37393288891480003,-0.48314813564245263,0.16089887722181884
2014-03-21,0.0099842397444635956,0.50391600817938209,-5.1262770172132997e-05,-0.63708319479619069
2014-03-24,0.4938757457159571,0.44329681233675566,-0.40139972866583501,-0.18204788404519706
2014-03-25,-0.15615941302459063,0.28598514682032389,0.58829697898173339,0.026373165695456183
2014-03-26,0.054290800686949012,-0.0082258385136560596,0.073523042745679473,0.50332391713833446
2014-03-27,-0.2349630072931885,0.60077177881145405,0.25930620519008607,-0.31985351265488421
2014-03-28,0.0049593037395984649,0.16690297295563383,-0.35719434453603277,0.47534838668332269
2014-03-31,0.16541814600859817,0.18850455060807264,0.13523670840838103,-0.074369512408312174
2014-04-01,0.26603957820070473,0.056009752875785343,-0.18857248507716545,0.43731308401059255
2014-04-02,0.46326955797853137,0.065494526614280277,-0.30940211000449158,0.17331686634375551
2014-04-03,0.47271788755350386,0.47782652331180137,-0.23931507231334134,-0.042012111164453254
2014-04-04,0.38657162887815505,0.30110281013669277,0.16753371918033577,0.70785411303415258
2014-04-07,0.82590098913127719,0.19501849697543872,0.15335306821617417,-0.2955828427870939
2014-04-08,-0.103458432585139,0.3242741529760908,-0.039667150909443352,-0.66914103127022939
2014-04-09,-0.56700646508963093,0.1114462984784704,-0.52691588168500647,0.025708901703417664
2014-04-10,-0.23124225039039409,0.17843581095656733,0.022130244719700501,-0.41876312678356292
2014-04-11,0.29043721440449194,0.36426046968809078,0.70047905731009164,-0.18325103551270963
2014-04-14,0.22058041669110548,0.13957312704563357,0.031589330368274125,-0.37237482488516144
2014-04-15,0.30856567894340936,0.1693946969890251,0.13321721636338499,-0.63583206090041688
2014-04-16,-0.18648412659315644,0.15701568202017663,-0.41349425629909542,0.31090295383552302
2014-04-17,0.21225314461538269,0.95959334244907701,-0.084181661135460328,0.57559071438360621
2014-04-18,-0.00342369388253285,-6.8620665479300005e-06,-0.13690894415282193,0.00046314748635259797
2014-04-21,0.0027321385063200417,-0.10449284444603144,-0.0043198213375376061,0.00041116288335942295
2014-04-22,-0.80190488031245022,-0.28573833200045073,-0.021054396912546163,0.19054477965461122
2014-04-23,0.064018109902394413,0.30916333155601483,-0.24160152025994144,-0.05681603010055962
2014-04-24,0.59070862327068974,-0.0196765206083424,0.26984398053916459,0.057271698273019998
2014-04-25,0.043882566631655698,-0.49808000226990601,0.16074137980030626,-0.4076221133612371
2014-04-28,0.066191225799590137,0.4197710437257014,0.35481449144958588,-0.37021745295849479
2014-04-29,-0.15938100232925817,0.35697801285892639,-1.2769895368110999e-05,0.32500319775168185
2014-04-30,1.2519265708429477,-0.3353514691292982,-0.053454626474265521,-0.35603693302834949
2014-05-01,-0.33373795364847536,0.13527512659782651,0.17232587149926135,-9.9999999999999988e-19
2014-05-02,0.33425281991468686,-0.058422964729893744,-0.24697620097565853,0.22732427952335379
2014-05-05,-7.820950175944e-06,-0.027859820166724739,-9.1045259258776997e-05,0.32079368407818032
2014-05-06,0.26735978694989937,0.02844270471268381,-0.00042123578572895,0.070442281083797825
2014-05-07,0.15748255952898826,0.50009829049083332,0.084551788832767635,0.57299214391555198
2014-05-08,0.1065485462655309,-0.85469059371282197,0.42265518077737768,0.18986269575323195
2014-05-09,-0.036335295722141309,-0.2317387879274854,0.39999286508483523,-0.098898998543962419
2014-05-12,-0.17235832581992305,0.17970813641643518,-0.018858116200461215,-0.12011613897762297
2014-05-13,-0.15682437350496437,0.56609007388856214,-0.32349595954928406,0.32026454860072062
2014-05-14,0.15248289085813471,-0.16316986274041695,0.28901891969872384,-0.47934724202525669
2014-05-15,-0.49548779867430598,0.22781750142499341,0.19377365215235068,-0.19792011939574009
2014-05-16,-0.19258215256051839,-0.34080709602063453,-0.049408094682846092,-0.33084312569897895
2014-05-19,0.37183053926490833,5.6766619084000002e-08,0.45102716263495674,0.51807792528470475
2014-05-20,-0.64440747361489503,-0.49189514968813836,-0.22808434074142675,-0.10888467342619612
2014-05-21,-0.20019373553647798,0.35529204618514981,0.084005565924438322,0.52587212491932955
2014-05-22,-0.15468441322064724,-0.19311114190022294,-0.25801468910268643,0.40551041420177653
2014-05-23,0.43604804126108648,0.02096635205167648,0.048331591437828773,-0.0081329227123492533
2014-05-26,-9.1078198771017994e-05,0.061164930613182726,-0.28527782761747672,-0.38920816954578141
2014-05-27,-0.23690997268434791,-0.057232915611001453,-0.14555399498539981,-0.066021824282633909
2014-05-28,0.33247636833845096,0.0075329800507533268,-0.1001775150299614,0.070040553081186188
2014-05-29,-0.0038043275061665368,0.17359515232489978,-0.40211046462223449,0.47071391815506852
2014-05-30,-0.62699286495953077,-0.5065715147472325,-0.18562593186514628,-0.22750366127803315
2014-06-02,0.28674168961359686,0.61557284979358917,-0.26350252145457409,-0.49539770225645396
2014-06-03,0.02230772152250738,0.22890593756995795,-0.014122164147573767,0.2190869132406168
2014-06-04,-0.60495266128348779,-0.078976054910678661,-0.17824112621113805,0.28110713672975479
2014-06-05,0.33947752735934411,-0.029713890282973974,-0.067973359241965681,0.75448868850034145
2014-06-06,0.36690105115871219,0.087518098989200724,-0.024198042969128985,0.52887481008213411
2014-06-09,0.12987600102841182,0.038113473383699088,-0.0053844075911192498,0.011161910341034007
2014-06-10,0.085792640215599597,-0.29608840107864132,0.40564821132913348,-0.027482193104798432
2014-06-11,-0.17362168150896726,-0.28241603261869552,0.11269341014424658,-0.38412352868134969
2014-06-12,-0.33103752426955985,0.32507077250543304,-0.077030283621295617,0.12748216984683922
2014-06-13,0.48847581067735774,0.41992148658878126,0.1200758371688127,0.11041905070694383
2014-06-16,0.14614104985151,-0.38447202397352137,0.069488161961703418,-0.17435151836031812
2014-06-17,0.12905562976455115,-0.39807193887376024,0.009868848608449967,-0.05630316859330086
2014-06-18,-0.0018879341227029129,-0.090278534127885973,0.016569555651202245,0.21312987216704338
2014-06-19,0.2704796647139745,-0.47514644786667887,0.28080673952011576,0.2918513127706277
2014-06-20,-1.1350144507220237,0.18543289423704939,0.19509283554538709,-0.010097036643612094
2014-06-23,0.73967219796361627,0.12414010958310556,-0.049886542408475627,-0.35917368148125922
2014-06-24,-0.20842696747712261,-0.43586658772852915,-0.30510976738337131,0.025155294973627791
2014-06-25,-0.26634401428702498,0.14895780383165208,0.3757487865136197,-0.22802627262359948
2014-06-26,0.18361165494049042,-0.17444065598441449,-0.20027887475255884,0.90495916051587366
2014-06-27,-0.26486485968315293,-0.18310147567444343,0.20159885220554433,0.036193224402448064
2014-06-30,0.13616203101675478,0.044832115526236588,0.079546620361994669,-0.4600160303978692
2014-07-01,0.15117894904392359,0,-0.30925892338340205,-0.11671745245739923
2014-07-02,0.1812232816602663,0.0034136897821765567,0.014439441962330418,0.2998053740093477
2014-07-03,-0.27040378523442338,-0.068306368076227086,0.13332786505228506,-0.26345380779245675
2014-07-04,-0.059173434277813075,0.27039169634661453,0.15767054350665249,-0.39858741706075024
2014-07-07,-0.041780726379176458,0.27030027797265632,0.10728808160724532,-0.086954069859947733
2014-07-08,0.03743291107588323,0.40923765015581187,0.035353657345888245,-0.043369661450012115
2014-07-09,0.53146706838458857,0.91992112064153264,-0.00090858545953764898,-0.19845436028553837
2014-07-10,-0.17981143695822727,-0.6200319798465711,0.08216417053087495,0.19752561913490399
2014-07-11,0.0093843140604411499,0.63048732038712851,-0.091499040572121423,-0.31762971522006572
2014-07-14,-0.35803267046365173,-1.0552108928770336,-0.019966685320112518,-0.34719462505917009
2014-07-15,0.19826909070854948,-0.6401733545849555,-0.31155988118359063,0.55264243648808886
2014-07-16,0.75639008880796921,0.20420448879867648,0.13179834437716723,0.15793357972538094
2014-07-17,0.023866599463370601,0.6884959499917217,0.11056449739249674,-0.28631558277381092
2014-07-18,-0.0088933757459060993,-0.55364943166510872,-0.018553395514266418,-0.41392380191415695
2014-07-21,0.4057338154100425,-0.11698934774532942,1.5672983146091002e-05,0.26410684046569027
2014-07-22,0.089182656540662028,-0.53713116279002082,-0.13554558735138925,0.14116854236801868
2014-07-23,0.21248826343993615,-0.69423837795975163,0.075233464512572429,-0.37601958814555997
2014-07-24,0.020845251769326514,-0.16228443851677354,0.074792856302389354,0.03268050411773446
2014-07-25,0.56473029814142528,0.66528461296301988,-0.19793020701277886,0.10627134773706461
2014-07-28,0.15634061396280124,0.50854294035752756,-0.069437737933789656,-0.12528605713404234
2014-07-29,-0.06494169467033066,-0.38046511061451715,0.16027128431260806,-0.22249096577663957
2014-07-30,-0.68073925133704083,-0.57503599541168604,-0.33410863258418638,-0.37537168607899285
2014-07-31,-0.053551064734567576,-0.19712079475196898,0.18346542186753223,0.41084811574714158
2014-08-01,-0.037458311444592989,0.1069379042403968,0.01018582559762232,-0.61183787162745251
2014-08-04,-0.052402244172304213,-1.28188249435e-07,-0.029640123205927214,0.87498894170741215
2014-08-05,-0.5975848826999578,-0.20698648940222827,0.35141069026664634,-0.61503813043515976
2014-08-06,0.57358804627122106,0.34143608228681077,0.05913349912121052,-0.3787709418974356
2014-08-07,-0.14060353495616609,0.10825784172420945,0.30682089070090268,-0.36475106861817341
2014-08-08,-0.3109597855703144,-0.34745587839862208,0.48499224963590171,0.013691016732613675
2014-08-11,0.39800231290741722,-0.20645118148264607,-0.42824580005099078,0.12882064814739197
2014-08-12,-0.30833319867432513,0.251730455205885,0.001394596629196334,0.38094478263498999
2014-08-13,0.044443695121975629,-0.081821432122838808,0.020698174752597217,0.57763187705047958
2014-08-14,-0.048995302057836213,-0.84288852142103654,-0.061405329296844599,0.034198854090929633
2014-08-15,-0.20632159928104513,0.26500210100387589,-0.029989526341780419,0.15365166861100632
2014-08-18,-0.15575824420843834,-0.09541085462491411,-0.12333779729133444,-0.22942058405869681
2014-08-19,-0.013389365057399735,-0.2048697432847203,0.038492670138699704,-0.43025895864301733
2014-08-20,0.064043324280159381,0.33113967571955322,-0.13439613076908805,-0.13002633034506089
2014-08-21,-0.35646389375417786,-0.68461579561637531,-0.0027536255909318737,0.20816603557789323
2014-08-22,0.058059313246098525,-0.18616780173393793,-0.1379397911618267,-0.11832616041473122
2014-08-25,-0.00088577142101104204,-0.77093187401640328,-0.31649974117075474,-0.41072589134271542
2014-08-26,0.12357929409964234,0.39350260584816149,0.32580535414200396,-0.063624773391082856
2014-08-27,-0.0059793994011673136,-0.24757259495219319,-0.012447158526653491,0.027759441581914859
2014-08-28,-0.59862922451169931,0.22214792786136422,0.32110384469682129,-0.0042716255632704184
2014-08-29,0.010505384595634309,0.38711878762679186,-0.10862018369920184,0.080127815117340642
2014-09-01,0.18136682756625289,0,0.096358955573071739,-0.16571766867122226
2014-09-02,-0.10452583212866688,-1.4075336709472637,-0.013114816045423972,-0.20585016510185775
2014-09-03,0.053524793451822844,-0.43605224949446786,-0.22618986647031628,-0.090820651314648157
2014-09-04,-0.78547286134075645,-0.7112460952956583,0.42604463763274808,0.21884077236919791
2014-09-05,0.16217147802929616,0.15871689062258318,-0.17333232051671241,0.3559795753377803
2014-09-08,-0.38510415717261492,-1.2695500920577993,0.023143236355477607,-0.087381487662810772
2014-09-09,-0.039999659482560054,0.41101685811648714,-0.15903537423830466,0.64361409834210437
2014-09-10,0.037286921835359234,-0.68533835049691005,0.36724210988351957,-0.21524252566936025
2014-09-11,-0.17480666115065815,0.33399882734876563,0.097667900622805004,-0.52881900746465249
2014-09-12,-0.26499162445286001,-0.61908495313557899,-0.24886096552572495,0.035964216301174384
2014-09-15,-0.14899870727758269,0.47655848701692821,0.00020816135595564701,-0.37145484194225592
2014-09-16,0.09297861060865667,-0.31062019608692021,0.016325853830332367,-0.3509911074036895
2014-09-17,-0.26974181564734784,-0.71699478460377697,-0.28086037795098534,-0.21004320638671625
2014-09-18,-0.0014730033508550519,-0.11667327223042047,-0.32294383096980783,-1.1620630831795509
2014-09-19,-0.49303185239152952,-1.1172416464673782,-0.30160166299975949,0.15171495927833192
2014-09-22,-0.60710166103202101,-0.46337212121224036,0.23394593144891759,0.060684556463329722
2014-09-23,0.90715188692706039,0.99458443156717757,-0.00049792278604705701,-0.089228790052896079
2014-09-24,0.26309692559957304,-0.80921712633245202,0.25163439855958025,0.016932445675974614
2014-09-25,-0.54221211339589181,0.43703903513877929,-0.055671089423916541,0.24211011873436417
2014-09-26,-0.20346352490564051,-0.83910625935336536,-0.41188244019268166,-0.14104614948184427
2014-09-29,0.17925042257727167,-0.19534799069408584,0.07243376351273853,-0.23294339772074865
2014-09-30,-0.45098046238870654,-0.41920217628509882,-0.31164480627893421,0.10176504498829156
2014-10-01,-0.45565024554749273,0.34417839879147982,0.53681514645470563,-0.13915201564958282
2014-10-02,-0.14316048153921887,0.067683154666460341,-0.0098854596614177323,0.47686414839697233
2014-10-03,-0.17112019631109629,-2.1034028886508653,-0.70620656223281819,-0.059202011335306982
2014-10-06,0.26592711021881138,1.3349095781288254,-0.50530784842949328,-0.74816368949623302
2014-10-07,0.4747102778508272,-0.90745042467851866,0.52538646169096015,0.61827053358033024
2014-10-08,-0.37398358877310095,1.381611909833325,0.059439582689013878,0.71638680605450333
2014-10-09,1.8265673599334595,0.018567706655863544,0.38964785517088024,-0.57031162591008455
2014-10-10,-0.52996810493356938,0.26019415285034031,0.11735918175071244,0.00043390069199666801
2014-10-13,0.64581471257983925,-2.7988533602499999e-07,0.0021112325417749658,0.0030549731528676976
2014-10-14,0.022273220978858581,1.4107991840820115,0.37525600376840906,0.12781171615602521
2014-10-15,0.17198499677840798,-0.0198521338887741,-0.52929587235374331,0.30006238824560283
2014-10-16,-0.49633203938702086,-0.59653114417544506,0.072768598524319661,-0.60871342984756382
2014-10-17,0.29278264324792375,-0.95838106666815914,0.10408989569224923,-0.45403032481088135
2014-10-20,-0.13990172215140501,0.34646894807751505,-0.92777625743747982,0.39265351977379526
2014-10-21,0.2522814101230666,-0.78404734703047418,0.12611397763948315,0.10504917108932955
2014-10-22,-0.12746364361190715,-0.57751994353436054,-0.17832454397535033,-0.12979498985309704
2014-10-23,-0.23936338208556798,0.15574372858206162,-0.14295950916496039,0.75694144745340974
2014-10-24,-0.64240147013266058,-0.80415566138771144,-0.11213800528735503,-0.085778314975037906
2014-10-27,-0.17634687610352262,-0.5494097059471259,0.38775699714891892,-0.074132277512214989
2014-10-28,0.42598236876232171,0.04470288262274718,-0.091086687646800238,-0.22418286270654048
2014-10-29,-0.1924934971869442,-0.94422292003517971,0.090504047431390622,0.27346473727282622
2014-10-30,-0.76505088399101207,-1.7684145743068036,-0.081416216837942215,-0.38625901675941937
2014-10-31,-0.41525326345356023,-0.54507910719993669,-0.16573127291458611,-0.30491886970189791
2014-11-03,0.04646088636401749,0.72205084458790225,-1.73e-16,-0.017242040987978532
2014-11-04,-0.90154064625761654,-1.3735178645142034,-0.74601537656150085,-0.071029333468441855
2014-11-05,-0.27199388325904295,-1.3881334465526951,0.3451961245510573,-0.4347383606640961
2014-11-06,-0.035081870561719401,0.16334021320908093,-0.19222681861337432,-0.70425349643387891
2014-11-07,0.80993029139618788,3.1428691427094071,0.19969846019965826,-0.047834339690950828
2014-11-10,-0.73350207009785229,-1.4585611259797953,0.43191221502453925,-0.089374980195257178
2014-11-11,-0.50634026231225515,0.94301157588757756,-0.51487122525239581,0.1019770965311969
2014-11-12,0.59615426402832017,-0.22252066539662163,0.0026520043813555412,-0.079990037141089362
2014-11-13,-0.70123769549503334,-0.12123709006835429,0.021016321360722172,-0.12086970829424686
2014-11-14,0.07713277170431547,1.3920449415589649,0.23895516224871116,0.083406145972051898
2014-11-17,-0.033550770411887365,0.26987805771934731,0.2236877685734876,0.033851133440170544
2014-11-18,-0.32587428688045056,1.2187014828848381,-0.30291119963969226,0.34530361160890838
2014-11-19,-0.013668603659272176,-2.083530378650464,-0.16195905324540044,0.15985527098359162
2014-11-20,-0.49664193709238719,1.0820152753306009,-0.057694188124682473,-0.3486090334846878
2014-11-21,1.1140429746529412,0.53417751039488881,-0.13129127857245834,0.30198512600750699
2014-11-24,-0.68149680603337026,-0.84350239489723733,0.0046565664811904998,0.15249582554739924
2014-11-25,-0.95560260411853581,0.71510391104133786,0.28138548961399218,0.24235417550355517
2014-11-26,-0.13021308501652817,-0.71899427967942564,-0.039461781126964322,0.13557390775850547
2014-11-27,-1.6054375687695557,-1.0358559798360021,-0.27239030306832523,-0.029831613055303786
2014-11-28,-1.5622006313853396,-1.4495680400455093,-0.1041397821703122,0.16059958603377411
2014-12-01,-1.1246648464431832,2.5963611459981202,-0.56933826075988447,0.26641849644176097
2014-12-02,0.27520767240846455,-1.4378846274584849,0.186460680221885,0.56181201494793997
2014-12-03,0.2976373745212772,-0.0405151432664934,0.14566980949662386,0.013331931962851736
2014-12-04,-0.78475926620020287,-1.1131053251273784,0.50985741384328143,0.45229281928635584
2014-12-05,-1.1538422698886595,-1.0168463010061402,-0.176767623720194,-0.074904544193485328
2014-12-08,-0.3556942352425464,0.69939610543752706,0.26789926574851297,-0.7117194086686538
2014-12-09,0.30768448980083951,0.44447052576530321,0.35907198622125841,-0.068802717895520407
2014-12-10,-0.82241008691242912,-0.063237263149440046,0.24212749911507395,0.23386847076992645
2014-12-11,-0.40336941269422877,-1.2555872828123293,-0.15801004720939665,-0.092835112115165083
2014-12-12,-0.024503800334934028,-0.71754711695843731,-0.40230867462123648,0.0089055852758254082
2014-12-15,-0.57665576935074037,-1.9498574371170794,-0.072956509112962489,0.4514689254812323
2014-12-16,-0.095242136449800188,-1.3328647474545969,0.23026690286890775,0.018087224401807895
2014-12-17,1.2212258503597511,1.3897697406917957,0.41136080621212184,0.46866201440323391
2014-12-18,0.2321092060704871,0.64026412344251704,-0.10674181131783284,-0.34874103385952515
2014-12-19,1.1128174934523978,-1.5530322403908972,-0.2214606966556617,0.12371739773931988
2014-12-22,-0.61014412192400547,-0.70993765254670704,0.62962179549016717,-1.0223987319881891
2014-12-23,0.59378267164232579,-0.50190953543943917,-0.0084130009659003167,0.74655767788403415
2014-12-24,-0.38347002461581331,0.40752207499273424,0.04437565676908517,0.0023011438272870981
2014-12-25,-0.0039261965319674769,4.641816631869e-06,-0.21309784834025666,0.011830178530041195
2014-12-26,0.0022016241098727911,4.6418127029549999e-06,-0.27816315062658459,-0.015185617587532401
2014-12-29,0.267933678657305,0.031959354079222756,0.23055263028848777,0.49055949902400897
2014-12-30,0.014210053991013064,0.92342260345308258,0.42276377831559092,-0.46632416704377111
2014-12-31,0.61647249425075723,-0.3736440933595539,-0.0047313761230161856,-0.011925286073504826
2015-01-01,-3.9999999999999995e-18,0,-2.7000000000000001e-17,-1.9999999999999998e-18
2015-01-02,0.016611756520037123,1.7045209383873976,7.6000000000000002e-17,0.14623506115907717
2015-01-05,-1.4863764543689868,1.1456941061982309,-0.05764185391199033,0.1059438471796844
2015-01-06,0.59329762238166128,2.6501411103244044,-0.079893331555698943,0.39410609262918977
2015-01-07,-0.17258693183672516,-0.8681571862166223,0.25160449564836385,0.55272978333571809
2015-01-08,0.26380223843809603,-1.0478526570114757,-0.044499362692613717,-1.0170957127817433
2015-01-09,-0.57298547479423234,0.94130998926475851,-0.012329767295554489,0.50120664413702887
2015-01-12,-0.74805652805438427,0.38013517507717293,8.8308794653134997e-05,-0.72421407119421899
2015-01-13,-0.2737523617234715,-0.93849180915346142,-0.37314771738100205,-0.060308272530238606
2015-01-14,-0.85113383419440392,-0.61370969484934002,0.12172183688590416,0.33296445491726334
2015-01-15,0.5478552186669905,1.2337775585323449,-0.087355279827321428,-0.33956387571846175
2015-01-16,0.95414257735628305,0.97330382802122672,-0.019162867497062693,0.1786282663129361
2015-01-19,0.049142134100727854,-0.41676297759704978,0.24057732158927247,-0.2828469686880809
2015-01-20,0.10148867449130367,1.0734876878358139,-0.11791148282135912,0.95203057093568388
2015-01-21,0.24190184985602908,-0.019094058244894924,-0.13325603337090891,-0.21344898092908929
2015-01-22,0.62994426657775771,-0.43359587005987515,0.40359057452277503,0.83330725128152616
2015-01-23,-0.60424090989611534,-1.2418413592439312,0.13766469649425478,-0.29770117000999208
2015-01-26,-0.062255852752715612,0.049435332983130326,-0.10199654416662209,0.082451327278892636
2015-01-27,0.16172266817003569,1.1106816227890639,0.13601558843377193,-0.29053804542708511
2015-01-28,-0.52077633614879826,-1.0770326967153021,0.36884277302444851,-0.069624254790973422
2015-01-29,-1.0972824603689046,-1.3361641003294726,0.20158608500057004,-0.41184627790277778
2015-01-30,0.47625072535637741,1.5114306315708923,-0.056046785228408495,0.2062705656274518
2015-02-02,1.3965229439174183,-0.12713388292524566,-0.12323050924862783,-0.16485990949711982
2015-02-03,1.6791112962161181,-1.0891251813351794,0.81985447930871835,0.035903012331276372
2015-02-04,-0.86384345390030959,0.0979723349378821,0.22767326462180046,-0.46937477722628645
2015-02-05,0.36067724005064095,0.583861293325182,0.2283664798300126,0.032026291480531481
2015-02-06,-0.31658089970802422,-0.67820301973054975,-0.086842349267356053,0.79458892260323177
2015-02-09,1.2894470058863376,0.71342056727919989,0.046912993519475601,-0.46173436968209353
2015-02-10,-1.4786074434235739,-1.3215820899617243,0.26728601914008776,-0.017369283023810009
2015-02-11,-0.4318011419974106,-0.66405595293594677,-0.012024155557749773,0.0082546666916986228
2015-02-12,1.0379971979828639,0.41223332941265595,-0.22138905469786027,0.14544771454398372
2015-02-13,0.91342346236738914,0.64313851470888561,0.045816098563948721,0.48893186773445418
2015-02-16,0.2814788945520047,1.173360812483e-06,-0.0012644364938749601,0.42383971100297652
2015-02-17,-0.68014988601606918,-0.5168424302448601,0.09307717007307377,-0.33171917800754686
2015-02-18,0.27187503876245783,0.39217456588896676,-0.51798135171144399,0.32726786924734852
2015-02-19,-0.80782496267385184,-0.86912585473788861,0.0053462545421339869,-0.378842142780417
2015-02-20,0.40271456611930534,-0.6821191829247194,-0.018951698816658848,-0.038715381150078013
2015-02-23,-0.83046883674618333,-0.81673821157753479,-0.087285881416515138,0.019379033717808483
2015-02-24,0.46372069766892082,-0.36978411982507475,0.034324084505127347,0.19208550665588761
2015-02-25,-0.0039018117389315321,0.69416250374979893,0.067579311813949286,0.36808489363091346
2015-02-26,-0.55595008331639539,0.46468134830769581,0.31879542761452195,-0.23031343296156742
2015-02-27,-0.064394253254087569,0.93132366404311762,-0.45625791249845743,0.38106011846502474
2015-03-02,-0.5766444302914403,-1.2127402451276847,0.032620246354446464,0.47080666474661165
2015-03-03,0.16709467755972549,0.029627358750603329,-0.12634660099451026,0.027995927710408045
2015-03-04,-0.89345372760864028,-0.44228124651490719,-0.025959089358079775,0.53844307495419452
2015-03-05,-0.43159595645511251,0.067923041786341579,-0.029105916848860238,0.29306366175692
2015-03-06,-0.44390328155723641,-1.1761484687719552,-0.32193760619096196,-0.20663641128475232
2015-03-09,0.023100600603343544,-1.8060901377669178,-0.10582212948190897,0.09795436048629505
2015-03-10,-0.70854523369748279,0.19100863000910245,0.099514261309897961,-0.042595963747488759
2015-03-11,-0.30963470175181418,1.1430905244006955,-0.21876008859867033,0.12060525781596643
2015-03-12,-0.049134553613132945,-1.0849467731707698,0.061697781804123837,0.54070142083871753
2015-03-13,-0.96408020584790133,0.17988234025143737,-0.33433845206071328,-0.52443976874374698
2015-03-16,-0.27738043128318868,-0.21714732463619027,-0.18730937471618736,-0.32221881177008233
2015-03-17,0.25042920118756912,-0.69095247653337311,-0.076558087107797171,0.042844554341078159
2015-03-18,-0.1735816012228584,1.7250379959443087,-0.011460965781050627,-0.37746029594382302
2015-03-19,0.79858300961840845,0.0083833067460473473,-0.057794643407041449,0.65024287715299933
2015-03-20,1.0833548655151022,0.88146958219851679,-0.4571465746620339,0.04297682289795713
2015-03-23,0.32494061222777892,0.36825862634217166,-0.069715275245728514,-0.57375982647339541
2015-03-24,-0.4958322549645468,-0.048851374623175355,0.06958644257926104,-0.14612108997706064
2015-03-25,0.72768249969835841,0.46299036316320891,0.27900071255712072,0.17087510942931675
2015-03-26,0.53195006777540488,-0.49813998774993173,0.22183972634302374,0.65174623406825427
2015-03-27,-0.58096729097494604,-0.30118741113204767,-0.57665774989737151,-0.29394156383841757
2015-03-30,-0.29835761986853176,-0.60308965824981464,-0.30057145254402751,-0.52601004303374321
2015-03-31,0.22617684334794849,-0.41684893554895214,0.03079938617286946,0.10071364432456018
2015-04-01,0.35992941046397847,1.8018738436980319,0.02792302041329504,0.031789123863352746
2015-04-02,-0.3548932604854198,-0.25296064876406743,0.15288996009804764,-0.11277513636058566
2015-04-03,-0.00023245945997564502,-1.825038929286e-06,0.10825048570988892,-0.002711451530303481
2015-04-06,-0.00015670971922557701,0.60524138552784823,-0.29018066376866586,-0.0010124330124551431
2015-04-07,0.74989533545568932,-0.56697963670233709,0.11722506307107652,-0.90597720560088146
2015-04-08,0.24501490526034472,-0.88981085306167307,0.025632477373386892,-0.14380759818157973
2015-04-09,-0.37197402209818142,0.030459397320067187,-0.18942430251624565,0.026517868499802102
2015-04-10,-0.50477769019552532,0.12475060081688855,0.15865091099026707,-0.61663784891664675
2015-04-13,0.27400684845902362,-0.84815427524973575,0.010068924265624769,0.20815518283434914
2015-04-14,0.29802881234811684,0.25531074606280563,0.24136436253470789,0.058050833779069472
2015-04-15,0.6412791155356643,0.6376011798895328,0.2147664670051013,0.028781313008292213
2015-04-16,0.83954816053203773,-0.62632877741835968,0.80365394718067729,0.95698985141630966
2015-04-17,0.0027957529875912361,0.05204226306479643,0.51268139707453819,0.40917217611489393
2015-04-20,0.11384098688476513,-0.19154667281476148,0.11954684781675079,0.061041942624354223
2015-04-21,-0.25034297551399137,0.25378384713977181,-0.32871470871329828,-0.18085422579575183
2015-04-22,-0.21107969058727871,-0.79888449224156166,-0.5607842972980599,-0.23565474640086623
2015-04-23,0.94707709456029587,0.75179512804242798,0.14156764651340978,0.41322718583461937
2015-04-24,0.18113111879992133,-0.0505148176325977,0.28000615970115916,0.1671995018051948
2015-04-27,-0.23265606907744144,1.6174817129924322,-0.037239629497230343,-2.0304407756330498
2015-04-28,0.61500412259148185,0.68653111742617712,-0.14569547114604059,0.00098117082662591004
2015-04-29,0.46035782594595065,-0.0039797872609901915,-0.0017034368913193989,0.16245058969163478
2015-04-30,0.30722171048107855,-0.40359571823627888,0.70573186263906684,-0.24865354941609988
2015-05-01,0.12415647243556407,-0.18408251427347355,0.011446644461727825,2.6e-17
2015-05-04,-0.00049023134808568196,0.053955910248079726,-3.8273182775579998e-06,-0.21646996516794317
2015-05-05,1.4298023235023314,0.55879898416999918,1.4503249074195999e-05,0.15102175595458231
2015-05-06,0.02871691182481776,-0.36170445403015222,6.0666417326012003e-05,-0.38086780396862019
2015-05-07,-0.81216241496508723,-0.57767574855467163,0.48644988464654898,-0.15408287069756166
2015-05-08,-0.91954468215902418,0.10926041718221492,-0.22224819424378189,0.25088691402583685
2015-05-11,-0.063513696502440056,0.16745123283207886,0.31471810654279997,0.32453958915175907
2015-05-12,0.72911231415057776,0.66062173786426215,0.37249491205397045,-0.74776019437947028
2015-05-13,0.0091521335304596812,0.54644105050088809,-0.11649251547649815,0.35326867786189325
2015-05-14,0.093804985576584121,-0.10840379383226069,0.24660104361771817,-0.10369152216159175
2015-05-15,-0.24917439345801912,-0.26608333786156618,-0.22385550969027251,-0.37290680104787821
2015-05-18,-0.32001149621504654,-2.3539885438099997e-07,0.30562170038268827,-0.053087229479162348
2015-05-19,-1.1940332511118061,-1.0765184184956462,-0.18166594221284665,0.16328752589527107
2015-05-20,0.53607411777188696,0.12435465399362577,-0.59318422915274527,-0.11118940066812066
2015-05-21,0.21542473662837852,-0.56326946083490748,0.18035874976950839,-0.56562723875181276
2015-05-22,0.2465349271484184,-0.16764072905571631,0.13403489890319506,-0.14618151699375193
2015-05-25,0.00039631262414692404,0.081366620324633029,0.098904975002974391,0.0073216082787315954
2015-05-26,-0.45963075227727823,-0.80496779748044711,0.41122247986963301,0.010075707437680027
2015-05-27,-0.46201906463685877,-0.58399010500379134,-0.1271297664689067,-0.017687296026175987
2015-05-28,-0.35491541396608806,-0.053754357018901813,0.16377447028646258,0.06819450029728312
2015-05-29,0.23350916836381969,0.32411254833169345,0.066663217742890205,-0.13644830043460479
2015-06-01,-0.39542570696807866,-0.45663807427359276,0.16975173969581017,0.36914567213611787
2015-06-02,0.86601739539252898,0.57194742164420354,-0.078312758566238941,0.26123382247956789
2015-06-03,-0.23401263778642092,-0.57427692471966851,0.32066893203530705,-0.1887950797784701
2015-06-04,-0.34949602440551186,-0.060549016778365869,0.14430384343160566,0.14355953087130405
2015-06-05,0.28791160537960669,-0.82482372132788095,-0.15244993020744241,0.56225380953214699
2015-06-08,-0.073246644399437122,0.77021851966951671,0.22716699878603269,0.051603215494221491
2015-06-09,0.13437341527739469,0.47809567002109538,0.11518268277760896,-0.27929613131382997
2015-06-10,0.57074734764591928,0.37133041935518407,-0.043158629276745838,0.022017626914212579
2015-06-11,0.099146957224214738,-0.63461628356517907,-0.27296204309991229,0.026177949206701318
2015-06-12,-0.30888542191445167,-0.54981670058411036,-0.30444488165349537,0.57861121372303026
2015-06-15,0.29681826675839051,0.36647061888481292,-0.080545035869634921,0.19199597835010596
2015-06-16,-0.89209357946980694,-0.38524844801819641,0.040704893698232554,-0.47483861419189177
2015-06-17,-0.35758921786656472,0.36768314494323112,-0.35688403754681891,0.27740450446037185
2015-06-18,0.071452015491442547,0.27834683557329948,-0.07080116719733133,-0.51935113306636371
2015-06-19,-0.10416669035195283,-0.52194070756358779,-0.43027336371701003,0.66431645074857826
2015-06-22,-0.36045998362714388,-0.78024025391445606,-0.17198244497855353,-0.56102531693644397
2015-06-23,-0.36660408196289762,-0.094613886086867535,0.093837900687692932,0.35367520627407006
2015-06-24,0.11259281233650723,0.84715345140231724,-0.047823440892864444,0.41124573752413707
2015-06-25,-0.20213789976124474,-0.34204687674602569,0.30631203585916239,-0.10471110626334491
2015-06-26,-0.44215140449941376,0.14563803972368719,-0.28586912650521817,0.2219940911060452
2015-06-29,0.082736356979453793,0.45314196525718042,0.34542519160386281,-0.18179965517625574
2015-06-30,-0.29346846427190293,-0.26154811651707338,-0.44807221058417973,0.048692995613304764
2015-07-01,-0.92861733532336077,0,-0.66198326436858324,-0.14759085291573526
2015-07-02,0.60245966008416696,-1.4076434840203529,0.30314285022992971,0.90254607505210327
2015-07-03,-0.42193657461859641,-0.33427743288801948,0.0074432049590412511,0.28320702662107849
2015-07-06,-0.30446292030585165,-0.052558798266112441,-0.18699295347682438,-0.40974697428898749
2015-07-07,-1.3668034705950203,-0.44634867364429265,-0.60532153032935154,-0.64272076936482536
2015-07-08,-0.048502917149900432,-0.038682583757798261,-0.057076626731089465,-0.25027352833279159
2015-07-09,-0.097504806597135826,0.399063903497276,-0.067632882929463331,-0.1619753440176884
2015-07-10,-0.24023279997621005,-1.1201054386530593,0.77171794475536104,0.73031002088815844
2015-07-13,-0.24599198543270162,-0.93284364214447724,-0.38982208460096002,0.70347195876485891
2015-07-14,-0.17188252855396119,-0.15823872628469748,0.10394462403951099,-0.046653788985184623
2015-07-15,-0.34041824911273882,-0.93860070091699443,-0.33495365214164924,0.95608226886985537
2015-07-16,-0.16119033535054572,-0.80940386029459688,-0.15135149223567321,-0.35101389283974122
2015-07-17,-0.76584014461873895,-1.6198309378154869,-0.4053097358688032,-0.44419369844092499
2015-07-20,-0.68364354220417523,-3.006730635576357,0.0039937340458259286,-0.26859466413598487
2015-07-21,-0.16991643440230902,0.42071784006865326,-0.6673022815992441,0.21497065500847767
2015-07-22,-0.59273597467173689,-0.094770245799952565,0.085678691471432505,0.24905914214859051
2015-07-23,-0.13349954736926389,-2.0568212856195203,-0.24808443436690739,0.19890310508568651
2015-07-24,-0.71373794193136453,0.4701999304085121,-0.21543390302744192,-0.56187631089376167
2015-07-27,-0.4516957680521565,-1.3712174493039622,0.31164973613244995,-0.1597731044332939
2015-07-28,-0.1795415505566699,0.39198007306190341,-0.35638784439383142,0.062310919813262866
2015-07-29,-0.11551689959902788,0.82638783427508455,0.38172171723287257,-0.32342573336698688
2015-07-30,0.25210898558043848,-0.70159927132296152,1.1343420638949786,0.48216319697357257
2015-07-31,-0.36548211358133242,0.54003151539832739,0.050200872077892353,-0.31120700022857051
2015-08-03,-0.44080387570764912,0,-0.11882454293480083,-0.053961737289611074
2015-08-04,-0.51516500623298411,-1.0824741657414814,-0.43421419529028904,-0.45962324183689751
2015-08-05,0.45223228887193401,-1.0694128784916228,-0.23759220625998015,-0.30552365108573037
2015-08-06,-0.21249390525818723,2.5881177860991591,0.71963384807431818,-0.10306927037808744
2015-08-07,0.47374476537955323,-0.0061841024028459809,-0.045441801479528768,0.19927911113246208
2015-08-10,-0.04638757638202011,1.6373796498936479,-0.42906881855360129,0.33681208415312319
2015-08-11,-0.0033128706854315196,0.40752134993073086,0.24461557789057092,0.2744751116797452
2015-08-12,0.84086936714477012,2.0173364715233619,0.16184745633258832,0.072722582245492579
2015-08-13,-0.85999563021569203,-2.1881514487737919,0.26089063450623107,0.22920550821536795
2015-08-14,-0.51428594886377943,-0.64431452457012461,-0.34689798548934081,0.015555041313207977
2015-08-17,-0.091866584860995915,0.13986227951739436,0.23208063864521394,-0.29014454267957213
2015-08-18,-0.39214663721664056,-0.21330443992003098,0.028360274247836752,-0.14532958584017505
2015-08-19,-0.52321039304771588,0.098137187746797847,0.49457470187757019,-0.33312212295738919
2015-08-20,0.38572263963284331,1.4975738049892429,-0.5138639495907511,0.016001991824801057
2015-08-21,-0.2841682994439324,-0.07355599016841817,0.56978315756832087,0.023747497696419411
2015-08-24,-1.1623595059982283,-1.7157841489322578,1.0933552325194493,0.054009091143868759
2015-08-25,-0.43050276730836007,-0.37086383852189281,-0.24917338310479617,-0.86751645951807999
2015-08-26,-0.18294820928339317,-2.0464664256422469,-0.89299032793454591,0.97414680659466701
2015-08-27,0.90259351780041308,1.474114751876606,-0.36876391237370471,0.39645935058959031
2015-08-28,0.59194185811509326,1.3587352436731415,0.44313796595128413,-0.21595492852900725
2015-08-31,-0.003686469168970927,0.51521909739862237,-0.26904327310396176,0.086507619941980515
2015-09-01,-0.79015831541612469,-0.97636516916111515,0.81508927563101641,0.53803907433645792
2015-09-02,-0.78376106416590641,-1.7497968099154932,-0.249051135748593,0.0054396180129104299
2015-09-03,0.40859605387946918,0.17564242654900838,-0.15000861279091787,-0.39453635942560111
2015-09-04,-0.94675717950830141,-0.81137925879004213,0.82226814484717414,0.25994135376393912
2015-09-07,0.19817922954213649,1.1019533591148001e-05,0.44154738025222229,-0.026846576124991962
2015-09-08,0.40048650672433156,-0.41351524804120199,1.3808999468600418,0.68316260989430666
2015-09-09,0.031347555010959906,-0.66939126341158051,-0.42474052428921866,-0.33574058736172352
2015-09-10,-0.71681223992817156,0.13209034277593934,-0.060146161837295792,-0.049754952825812986
2015-09-11,0.00036504480470994302,0.28628848257907441,-0.38060583774047585,-0.38033617191157654
2015-09-14,-0.14341991306095642,0.11884690829510902,0.02265513999724432,-0.30405726339619416
2015-09-15,0.056033429145764146,-0.95168662433769635,0.19352615774649545,-0.29432670642294279
2015-09-16,0.42517588781756671,1.7490673267764156,0.29165591570421551,-1.4409421382286087
2015-09-17,-0.30675405426896568,0.22471494442136758,-0.15426736964132615,0.71367803309385769
2015-09-18,-1.7305618491257531,-1.1448478425294537,-0.30926411844077628,-0.3924466083290189
2015-09-21,-0.60177178583087609,0.2308329329326001,-0.011372288810695144,-1.1742592617653025
2015-09-22,-0.38082542415918896,-0.36127385974117571,0.0093817857307099059,-0.83240992935791169
2015-09-23,0.21448805694973572,-0.68197715959930771,-0.0083201134909303438,0.70288061331111651
2015-09-24,-0.72589793207133613,1.970451685814389,0.26596931726853934,-1.4568345972647552
2015-09-25,-0.18098545001477198,0.67822273763734342,-0.10963271901951026,0.22168611630447796
2015-09-28,-1.535295319082745,0.61309235724322309,-0.60171005318555437,-0.15587286784088314
2015-09-29,1.0816045216796641,0.66741109082785188,0.14814827083650395,-0.12081259596549995
2015-09-30,-0.15971671628250345,-0.50261222112095327,-0.05809260204842337,0.13526419732350889
2015-10-01,0.52749731595942262,-0.67278932901316446,0.063073288625086196,0.090519516619976106
2015-10-02,0.51644498880787937,1.5543506923783903,-0.096883889348010524,-0.3196313794784556
2015-10-05,2.187643399377091,1.9242331596462727,-0.6583007844829496,-0.22399098645688964
2015-10-06,1.2650131320542481,2.4101698252696049,0.16425908796529962,0.58812076179887307
2015-10-07,2.0981960050979791,0.73546345378201594,1.1123837489762438,1.5145684142355742
2015-10-08,-0.039220882381934108,0.76970681379664163,0.64987806737924603,0.58869097052755859
2015-10-09,1.1200494798982232,1.1063031407522037,0.82279243066601926,1.0486246523050613
2015-10-12,-0.86840528586131938,2.9846337730500001e-06,0.006167356761507245,0.75870411927377079
2015-10-13,-0.76178733914997676,-1.0743344575924514,-0.11113692569120601,-0.94172625407687238
2015-10-14,0.12809367846568398,1.5683161425449148,-0.11238991823877431,0.57216939208730755
2015-10-15,-0.23092485387418818,0.20612019835406239,-0.31713291576580749,-0.39594330016396467
2015-10-16,-0.041555136703962742,-0.78101356066206873,0.15684368101114737,-0.18254775551547037
2015-10-19,-1.210323121819376,-1.7898463738177912,-0.20414266378509177,0.23173559250324799
2015-10-20,-0.33014965418756442,1.4843240409805623,-0.044501736288323303,-0.43572831276676299
2015-10-21,-0.35865850937103227,0.59405748606045761,0.85743983853027672,0.20187432264270663
2015-10-22,0.13020938638672344,0.87519182203355927,0.040853270851367904,-0.37868320553470058
2015-10-23,-0.48751418959711457,-0.79908816931081439,-0.14725437845304795,-0.37242883403928156
2015-10-26,-0.57730169267381293,-0.48957386864860064,-0.45282395227883265,0.22951397971676538
2015-10-27,-1.0857274703968207,0.20018264834761731,-0.52595214323286599,-0.47952096641412473
2015-10-28,0.14817009444323312,-0.33836454329085025,0.070529555312723952,-0.23944898577660506
2015-10-29,-1.5607828391098983,-0.8278761538569086,-0.76605075971128433,-0.77665632063090873
2015-10-30,0.15509798946624337,1.0494214767326255,-0.29377898391857532,0.089059269872394806
2015-11-02,0.12394887108185125,-0.24103963662313674,-0.26050609692274579,-0.28702855915324321
2015-11-03,0.76719226786212302,0.28683061537998739,0.0010479291279700321,-0.42017538858946551
2015-11-04,0.18451448539118792,-0.60607105787251381,0.21924062284610579,-0.40599408798214726
2015-11-05,-1.4225546917433214,0.86638169657449537,0.056608893173285067,-0.39579910883458047
2015-11-06,-0.86819625653453758,-0.65885669088562404,-0.40357488966777932,1.0144151345498034
2015-11-09,-0.034854324021761189,-0.24197048790551598,0.2526315285026467,-0.10425670738244146
2015-11-10,-0.56206544963614191,-0.1606703411949926,-0.30931043126625785,-0.12230349737955265
2015-11-11,-0.95185923597501287,-0.34907370362662959,-0.25696702946115352,-0.62777732239912531
2015-11-12,-1.3651848588928062,0.1567376989849234,0.01953314276883996,-0.22531847942564065
2015-11-13,-0.14677304638503538,0.60938613174438994,-0.14292799214863205,0.091487372760695657
2015-11-16,-0.075352208339626137,-0.15943311430439061,0.41308372038324986,0.69327000854573406
2015-11-17,0.30399270730155614,-0.75709158328970227,0.13997391531296702,-0.6420047815691039
2015-11-18,0.36790289571125995,-0.11283276077118064,-0.31288818275356167,0.064617196815451708
2015-11-19,-0.14451039587745534,-0.33675551111898416,-0.048440013520409733,0.15456977525687932
2015-11-20,-0.26525473652292769,-1.2510845339077856,-0.63328214909724856,-0.42332681321978255
2015-11-23,-0.59353573318287034,-0.15891055058825057,0.0017500238817808808,0.21082506608051643
2015-11-24,0.68806494208573632,1.4691330916888059,-0.54426708389633005,-0.047900852592673571
2015-11-25,-0.42495456949111082,-1.3242529481963641,0.13869876097985293,0.21270783254348993
2015-11-26,0.2431538441815761,-0.27640357904660662,-0.31386384084403274,0.16695188324136154
2015-11-27,-0.62747121281342488,-0.81423512397292441,0.22978934483441799,0.15053443980279799
2015-11-30,-0.44507889313173071,-0.035607392343815422,-0.41369957855433109,0.18026288067364632
2015-12-01,0.001459538115016379,0.41867310390366808,0.084523687828000044,0.32802653693967598
2015-12-02,-0.6035093193668416,-0.72960577642189628,-0.20556193870270648,0.028556230861686412
2015-12-03,-0.49668829187744362,0.84320754099208617,0.13911131486581654,-0.078383216826462959
2015-12-04,-0.5238450105617487,0.68607825700582792,0.12642977371292621,-0.25521133430984377
2015-12-07,-1.5375281378720222,-1.1638905510995323,-0.45941771880366561,-0.4591910271604881
2015-12-08,-0.34447864954196078,-0.16179715651228449,-0.089888955437775822,-0.71185862039056103
2015-12-09,0.12363388794950578,0.54430939427419001,0.31547329607609603,0.76652706742158627
2015-12-10,0.31524852785284896,-0.65818403399981285,0.22680254879229991,0.91361401164472211
2015-12-11,-0.90186011296277679,0.78324726356042618,-0.16687376592740152,-0.18550561034217544
2015-12-14,-0.91637665585113526,-1.7427578851539907,0.12561924650897918,0.45990129951689696
2015-12-15,0.09641906245064992,-0.89485423423989086,0.061860448540749069,-0.52857331161882493
2015-12-16,0.070989017584541902,-0.97121122542044358,0.13563138594855864,0.34512145172340503
2015-12-17,-0.57746695048394647,-0.42386674327832541,-0.38423337203931462,-0.35339812886883754
2015-12-18,-0.049474290608187886,1.2990752083450547,-0.0035086664791328086,0.11247414354126593
2015-12-21,0.50959740521172803,0.44866999550334502,0.13666774992510267,0.48445317516931979
2015-12-22,1.3627081964905692,-0.3684339716154893,0.072868716123488483,0.34207340315216872
2015-12-23,1.0798115556388401,1.1598924655257117,-7.5784454713470996e-05,0.46657183561363941
2015-12-24,0.28439630298203256,0.35859520648336946,0.5783127286490084,0.011696700656585804
2015-12-25,0.00079613875257419193,5.6353637689440006e-06,-0.73144829740300799,-0.0012638701766120211
2015-12-28,0.0029352727669045161,5.6353138606119999e-06,0.13508717522190195,-0.62440842053803813
2015-12-29,-0.63763786310045201,-1.2603617333554475,-0.26223322970510132,-0.066170167375908417
2015-12-30,-0.44794933933514247,-0.7839191666405485,-0.31919281252571413,-0.11237942782151558
2015-12-31,1.0122132736644043,0.65048467968934232,-0.001074665696154266,-0.0024451926709018481
2016-01-01,-5.5242680652720004e-06,0,-9.9999999999999988e-19,3.9999999999999995e-18
2016-01-04,-0.16911519620473081,0.93385747027200372,0.18193906016746778,-0.030361478110265239
2016-01-05,0.23257191819410858,0.36859270518479015,0.39167724370212503,-0.47127364593126742
2016-01-06,-1.1652981012993322,0.41074286892419842,0.10135456837366862,-0.081198412339206313
2016-01-07,-0.49074655442888715,1.3784801232176407,-0.35802786891189525,-0.41032900431803232
2016-01-08,-0.9416208333253282,-0.82435784931670308,0.20222056019997048,-0.26613994528753154
2016-01-11,-0.51914527388292075,-1.4814804989242802,0.00147193038108701,0.18807467070875394
2016-01-12,-0.81154519309963769,-1.646303509973037,0.36412993250387082,-0.56499031755343609
2016-01-13,-0.21063763131728097,0.20805737351492201,-0.7508000495135646,-0.30319210458741441
2016-01-14,1.9980429750286208,-0.86186928053213696,0.70691682150657054,0.29537446540414525
2016-01-15,-0.71216387204304987,0.28406160888845039,0.4400057011525671,-1.130962359748833
2016-01-18,-0.090631025133518769,0.39239248533414406,0.099503624891063569,-0.022840058043318123
2016-01-19,-0.066805867711302175,-1.5538346989231642,-0.014424913600735355,0.68240886731350059
2016-01-20,-0.97734431965726243,1.8168033774712453,0.37818129872550849,-0.82445418145406479
2016-01-21,1.3743470710777221,0.22470855574052065,0.1196154256696552,0.48906777114235045
2016-01-22,0.2084811749929813,-0.33775084849091069,-0.60625231064037077,-0.093058246345729054
2016-01-25,-0.33847027639937205,-0.11635991185794242,-0.82919874888754508,0.03622902991113966
2016-01-26,1.205365704629952,0.89089214955209739,-0.37947753164000053,0.5513561356473381
2016-01-27,0.45015957317216143,1.6822047437059813,0.094164244952606127,0.22923083853530271
2016-01-28,0.80181367096027767,0.82236459197282341,-0.24186048125081813,0.59330548057654053
2016-01-29,0.10071616662420606,-0.24237906899835798,0.47452712146875636,-1.3004698296335455
2016-02-01,0.25136304901141249,-0.085850538668181389,-0.89971302540841036,-0.24939083368653459
2016-02-02,-1.6582063436459786,-0.09322821177925604,-0.64530634493793049,-0.033904073314424785
2016-02-03,0.60679030862923133,1.2183044156039089,-0.32617905863347241,0.22518386787089245
2016-02-04,2.9301856066036045,1.2133839855525275,1.3781503861248747,0.30240515251556366
2016-02-05,0.89423113254772824,1.3750431718269203,0.75006026824143468,1.0180395719190989
2016-02-08,0.8426420426432123,2.1905728576124104,-0.34703513427116722,-0.82822849653734076
2016-02-09,-1.6992210705066564,-1.4634222855537404,0.59589392220751258,-0.40656453901923661
2016-02-10,-0.3348000600465238,-0.74945229110602218,-0.0040688394006580504,0.13963821006533358
2016-02-11,0.32534744294918744,2.8737454622154011,0.010955535411800391,-0.74104552948590452
2016-02-12,2.1823112296642266,1.1595474991656431,0.99917930639586583,1.306219214845352
2016-02-15,-0.4704834449309685,-9.2844102101256995e-05,-0.59581853986239253,0.43849965525699069
2016-02-16,0.20004561287889111,-1.2243967200082133,-0.54772911649098266,-0.40574984546235587
2016-02-17,1.4747194211330663,1.5921358053598709,-0.35815372593374134,-0.36181187810850524
2016-02-18,-0.42197536124796065,1.5398791524615665,0.045078258596633738,0.31732263162091423
2016-02-19,-0.44882390198202909,0.12322749979254499,-0.29802916839077165,-1.1929587638023038
2016-02-22,1.3132939003594042,0.55589433804603405,-1.0957287239854407,0.76004993555808709
2016-02-23,-0.40226546691553394,0.089188613955719018,0.14836903062120618,-0.11011684658479635
2016-02-24,-0.72396539059287279,0.19404725940568102,-0.22765409644476933,-0.4812976343318936
2016-02-25,-0.070685011882192422,0.047755911087824732,0.14717801921618534,0.1259718214420118
2016-02-26,0.78527208176583874,-1.2832150715382145,-0.14707661795207116,0.70717722207367117
2016-02-29,0.031540442361955572,1.0371577025034853,-0.39191015420043956,0.33652978688182178
2016-03-01,-0.63605435273231847,0.023653542728283874,-0.48962133428774679,0.75362635047499238
2016-03-02,0.86568270629769317,1.4816595545498223,-0.27347695251308834,0.24828971424395502
2016-03-03,2.0782880116222953,2.3244949590750816,0.48650026321191309,0.22260769093861008
2016-03-04,1.9489687912733544,1.5765993621879142,0.39789717841122157,0.81392286352241594
2016-03-07,1.4080318592615284,1.0149170078437066,0.41327837424631508,-0.31984266133421191
2016-03-08,-2.1694116398260248,-1.3959263071077586,-0.23925669309242986,-0.77866393253468236
2016-03-09,0.022883554256080935,-0.5542455160762797,0.17836475854688966,-0.18631353371940954
2016-03-10,-0.58426070093955973,1.2120601052227493,-0.67981301032548014,-0.5231762161560557
2016-03-11,0.87282592164279094,-0.90365771181532462,-0.0417864852427152,1.0062722463807119
2016-03-14,-0.40491269450502554,-0.78706817785265248,-0.36929645071763612,0.38619993968380756
2016-03-15,-1.529198240445838,2.6092950993344504,-0.5171357171064993,-0.71572404237083875
2016-03-16,0.42650749598318949,1.9873971577526577,-0.24713540340681422,0.53306259590335892
2016-03-17,1.7178217532158424,0.42655438605900203,0.42377090667172879,0.081729295530597046
2016-03-18,-0.23220596175725136,0.1169098822067807,0.2626340826432213,0.45606710073183981
2016-03-21,-0.27231666548064398,-0.089938287503863387,0.0014217171360870039,-0.34179348065880349
2016-03-22,0.28958657806177118,0.53750911267249546,-0.23679086502496216,-0.030010889008911752
2016-03-23,-1.2214779750473197,-2.315579761393681,-0.16637406097328994,-1.0891997352387923
2016-03-24,0.15823089842609422,-0.040722095781728425,-0.9864719928751905,-0.20052078628466052
2016-03-25,-0.0025073609577654782,-8.9983291335092995e-05,0.39530300977530475,3.1483434388285003e-05
2016-03-28,0.021228586194991607,-0.69396627314985548,0.24517756437137278,0.001339713024005963
2016-03-29,-1.3400962384779622,0.78129903719525695,-0.37471571358400124,0.81663306445496975
2016-03-30,1.2959523623820279,-0.44172736734887053,-0.83617827117171084,0.62700515938015422
2016-03-31,-0.023850136490122839,-0.50249452544084283,0.13217962548241266,-0.46272342757795165
2016-04-01,-0.48494117948194737,0.15696717754067768,-0.058030450717863398,0.020886388778771216
2016-04-04,-0.26057881031235031,-0.95595189297194827,0.12985487245090011,-0.43759686167539907
2016-04-05,-0.64101149566304616,0.90788798191345521,0.30861685291630281,-0.45209097683633115
2016-04-06,0.16876110278184081,-0.19362263126047388,-0.054559378051206114,-0.080575052504283012
2016-04-07,-0.52749180226746195,0.63813893270249911,-0.48408338791167144,-0.011171471704456312
2016-04-08,1.1941144843351781,1.3129391303120816,-0.3830014063448216,0.76897066702499672
2016-04-11,0.57453966876216356,2.1583720141851481,-0.43766068710642475,-0.063770869011899614
2016-04-12,1.1851021117241325,1.1459789359773926,0.54032998775537777,-0.04116405284197238
2016-04-13,1.0303246714222767,-0.89428073929088669,-0.33541524549466262,0.36991439265509574
2016-04-14,-0.19741445957228362,-1.0557757384299926,0.38731788637430986,-0.26262276290869507
2016-04-15,-0.12775589628572906,0.54391100581778395,-0.015593976883196126,0.17348879085700086
2016-04-18,0.24758034226213108,0.44814188083138706,0.32060455357418699,0.0030291923684963151
2016-04-19,1.1161409902043458,2.8768330765923524,-0.48706918503179791,-0.027610528948612888
2016-04-20,0.87865570787208602,-0.49491588816997345,0.017488680998996472,0.49575976626306806
2016-04-21,0.51099501508457945,0.47095584065114843,0.039535083725304121,0.24889819196539598
2016-04-22,0.68893495559421158,-0.28454914528460679,0.22465117110156108,0.22606162763983864
2016-04-25,-1.1187929550521896,-0.086808177731500583,0.18076278732493711,-0.04105748194818961
2016-04-26,0.67122334817248952,1.3306267229813766,0.17698256655649092,0.20810140775116454
2016-04-27,0.72055863021324273,1.1666951206549461,-0.09017039503043868,0.5531156060614687
2016-04-28,0.988460945757901,1.6107300442366432,0.012226225633244957,0.36981724338896954
2016-04-29,-0.33847190054760018,3.1385634221773167,-0.00022790110034941199,0.35751619123068257
2016-05-02,-7.999999999999999e-18,-0.94650325238213162,-0.13080837526475464,-0.45970042019582547
2016-05-03,-1.8046193614588641,-1.30152614621396,-0.000414180382103354,0.14307318458967269
2016-05-04,-1.0073357611499594,-1.4024056196940946,0.00082761995747784596,-0.4630172106834779
2016-05-05,-0.156015349117439,0.57522596811750326,0.00062146129390791007,0.13008901043114601
2016-05-06,0.69096312919869063,2.2203538276063197,-0.38938946272185715,0.17562308464911452
2016-05-09,-1.8384401849534091,-1.9965758401761526,-0.72843185106371855,-0.67143554286821161
2016-05-10,0.30496446871324218,0.73648656236812582,0.1036993992884767,0.26577840811071601
2016-05-11,0.69536134765840174,1.1028898526183448,-0.077526229381875214,-0.16057528637848981
2016-05-12,-0.31580652182428298,-0.021087880719447987,0.031083769134991113,0.66903073833712523
2016-05-13,-0.030221096890727831,0.23318416407036688,0.057146913192990319,-0.076754117823875104
2016-05-16,0.89214287897212852,1.303909336798442,0.78583486173190076,-0.0013085953205508401
2016-05-17,0.66143406120003911,1.291234305355863,-0.19740095534510702,-0.45741834487398386
2016-05-18,-0.41647032700854986,-2.7531646239339671,0.67403087370939163,-0.1847608871562815
2016-05-19,-0.90933369911365036,0.77920637691879058,-0.81757113666374792,0.60536198620694759
2016-05-20,0.045175921489511377,-0.4180643526400481,-0.1686209700462854,0.065121015799643633
2016-05-23,-0.73450838725445267,6.4843597839629998e-06,-0.26223685972244454,0.59157347484835887
2016-05-24,-0.31351636365912788,-2.6472725921176998,0.18929261041561207,0.035596397783240141
2016-05-25,0.21410402682548016,0.44414820860291693,0.52201307047018697,0.46096134595753468
2016-05-26,0.037350514515350423,-0.45630904710805381,0.09993831945110955,0.63261895321675576
2016-05-27,-0.39912028544080236,-1.7995102144264763,-0.14726648305031978,-0.49957942910966419
2016-05-30,-0.00058260616035590103,-0.36880551906588233,-0.57858093026998592,-0.24982667328085939
2016-05-31,-0.27569099856482576,1.0396619887313454,-0.33861182813264001,0.28896393944466459
2016-06-01,-0.33418736278665384,0.027990104362663665,-0.0060370255429948129,-0.66552275832634455
2016-06-02,0.038062853769575689,0.13851245581356161,-0.19833094576210616,0.11885018775160219
2016-06-03,0.010756024976518144,3.2261949527236005,-0.44599871531409774,-0.49294238873397872
2016-06-06,0.78883190341768072,1.0808382763080406,-0.024359233024811966,0.41227145512492047
2016-06-07,0.65580905013029545,0.25221963211382864,-0.20199261546921524,0.12151428104845884
2016-06-08,1.2353460388527593,2.0620996082952203,-0.18451959479757335,0.054470055494910997
2016-06-09,-0.67807993235621788,0.47915895231000866,-0.11216606915332208,0.1907073122457168
2016-06-10,-0.049813676607991061,-0.22559470358863859,-0.39904113695444254,0.056622159469011876
2016-06-13,0.31320479029748943,1.1548227166834024,0.14866360625942904,-0.15041895693458621
2016-06-14,-0.44282460829384279,-1.0168686345931994,1.1131128530857095,-0.28050150699376369
2016-06-15,0.083291168840814347,1.1086120087835785,-0.39676163288792116,0.11960928465681456
2016-06-16,-0.098343926547171903,-1.2586967187636162,0.41288480299205399,-0.82693689511278212
2016-06-17,0.80280059597278974,0.61537370112696421,0.15405541169246117,0.35691762360241736
2016-06-20,-0.097645185027830317,0.306842908083863,-0.089688056064048963,-0.038574379258012742
2016-06-21,-0.15571608423102939,-0.22890285685517342,-0.52377338097606563,0.23481081040755197
2016-06-22,0.06119660950627976,0.18398866781442863,0.10823314896028151,0.23273219939388812
2016-06-23,0.28994197140804168,0.18529484651533548,0.28082121539589133,0.086740361964266308
2016-06-24,0.096507191610609167,1.5299784083995247,0.73069685725583255,-0.018097702940546908
2016-06-27,0.38328570062347728,-0.15945737328363827,-0.95274936299552926,-0.23409753063949609
2016-06-28,0.018890506174317877,-0.34617146030308821,-0.40298344718066609,-0.1528487069672215
2016-06-29,0.68587798269731004,0.80278951450438107,-0.037173084662399727,0.072856158384351305
2016-06-30,0.67662646683227745,-0.12390117474307324,-0.099798913552384072,0.12826308178216558
2016-07-01,0.74451397330190539,0,-0.93714767702976698,0.74536795739323902
2016-07-04,0.14639906619817977,2.3420186188095755,-0.15350251283681288,0.032590185046905196
2016-07-05,-0.55137917378444046,-0.048863361596657183,0.37608635119413053,-0.69475610130955689
2016-07-06,0.42288090293626834,0.3802883176249594,-0.075607898523221168,-0.055171302168211166
2016-07-07,-0.19002378464196204,-1.3343758718395156,0.31669453013856608,-0.12777860427266113
2016-07-08,0.31373309594984383,0.73348454660922613,0.42627571964998068,-0.12806678882936107
2016-07-11,0.2951541004119424,-0.51488094924919148,0.29216547342238536,0.21471720198119637
2016-07-12,0.20141301072025786,0.14227939802123479,0.12528636254975362,0.50816774008750176
2016-07-13,0.057649801315841027,-0.096876341786239259,0.90816199457463065,0.26930836048116275
2016-07-14,0.42143642549479021,-0.21954394658270496,-0.072783600483029967,0.2768615078060121
2016-07-15,-0.66281299934462967,-0.31794189902261216,1.5774129496706892,0.61347952592809862
2016-07-18,-0.80059423310235234,-0.79164303374214873,-0.00095367343542438192,-0.61948593032365074
2016-07-19,-0.1739421924415771,-0.72375965209172854,-0.14200840065922327,-0.045168894621319504
2016-07-20,-1.0041709760325914,-1.9038933174415733,-0.81662172435171843,-0.67814102156952472
2016-07-21,0.749850149353401,0.73790353897563732,0.89644540166050668,-0.39881204765045886
2016-07-22,-0.066101511054237505,-0.55124139909876702,-0.077830948487067342,0.51967227790025416
2016-07-25,-1.0345576816924744,-2.1483177693868689,0.18408207183006467,-0.3091626048372213
2016-07-26,-0.15481372717619457,0.97887230445635554,-0.52151220158842593,0.027826689052467091
2016-07-27,0.041657509210981811,0.56340117283246405,0.45952063800019666,0.39428693046405072
2016-07-28,-0.91872998559718189,0.32088058380649009,0.11334265552019984,-0.65664913076742915
2016-07-29,-0.18782722334864047,0.6787640643676992,-0.54591474471021506,0.86831640529378851
2016-08-01,-0.34727142841883207,0,-0.56453294035514123,-0.15730325983751128
2016-08-02,-0.77570441907087173,0.82754259483108705,-0.50737894942906725,0.039234477713160319
2016-08-03,0.46132081083039778,0.23692941400079559,0.3546850840352283,0.54814175808124477
2016-08-04,0.22953780900934243,0.16705373322872402,1.8813389882045826,0.20145116024717166
2016-08-05,0.38690993585553896,-0.79669127136788431,0.3397085734590119,-0.081385516759364021
2016-08-08,1.0873582072026426,0.86902740508120468,1.0484579833041807,0.23285546825166634
2016-08-09,0.41378197074914286,-0.5001927464535274,0.084261069009016878,0.05417929394117265
2016-08-10,-0.47109033664818878,0.33728878061578066,-0.58671442959060738,0.29558405161454387
2016-08-11,0.10394422978719617,-0.22024971852840203,-0.0020982991120468671,0.082893795929740374
2016-08-12,0.13528359544505258,-0.040931979388096305,-0.48914306354717763,0.066774698582634767
2016-08-15,0.27324145049375237,0.7426498163117603,-0.19647688463227189,-0.30811163277025017
2016-08-16,0.65327403910068216,-0.48173018307316168,-0.048288543391931053,0.57177238331641034
2016-08-17,-0.13036223097895724,-0.76357316306154999,1.471632230842127,0.19608486070307765
2016-08-18,0.86086845762524178,0.94969665817792526,0.30108644001356377,0.18096815911208763
2016-08-19,-0.77598740584650172,-0.95109473768256514,1.2525972658655535,-0.37311558955795693
2016-08-22,-0.88375377815365952,-1.3204274790317188,-0.22170860951171009,-0.022422548255358908
2016-08-23,0.33768308036539313,-0.11138120688897386,-0.9564974073099608,0.59126013483919959
2016-08-24,-0.69600637601889648,-2.2667885356264934,0.23299111899798289,0.38227708217042145
2016-08-25,-0.40455558286373083,0.49683476104546553,0.17769754769756776,-0.28835840306975791
2016-08-26,0.56057839602081228,0.050704345233079193,0.21166240876000814,-0.21407011403040094
2016-08-29,-0.015566330600589456,0.39132387730852863,0.84148262968861409,0.096279027594014618
2016-08-30,-0.68272473935302913,-1.5593782324022507,0.094004578040507908,0.27831532550043342
2016-08-31,-0.43699476639538165,-1.2014544500784354,0.44418979958358018,0.59226862035149708
2016-09-01,-0.14611848404185934,0.12246733727019073,-0.087738879947495463,-0.045251615998336513
2016-09-02,-0.03745936663292488,1.3943766333005161,-0.029672539011438639,-0.20035848853021035
2016-09-05,0.53005929102966032,-1.9744785779994999e-05,0.47444181798153989,-0.030692376533796955
2016-09-06,-0.47554061875812964,1.4077333109771382,-0.75801817980868835,-0.80640595412876759
2016-09-07,0.57803289262816604,-0.28101123156412056,-0.78165975835321577,-0.094106275895947777
2016-09-08,0.59638454576389599,0.32255545214617454,0.41671809970930168,0.2320863880757818
2016-09-09,0.13701912327051957,-1.1036846427871068,0.47778571345162069,0.23542317875156399
2016-09-12,-0.4705338867459179,0.32641947709894953,-0.05719176321857828,-0.35081204963772422
2016-09-13,-1.0449127732570545,-1.3090497867718032,-0.50053504109964941,0.029087423703243513
2016-09-14,0.32775939295540635,-0.048951068488796608,0.20328819762325759,-0.71337806855584429
2016-09-15,-0.32511025388211667,-0.22067190540911302,-0.17052731186589062,0.45642896748190143
2016-09-16,-0.42293451086978778,-0.10051489346996015,-0.47043321209001498,-0.84886660390728241
2016-09-19,0.86252942659780474,-0.25877807148822612,-0.0064171131057920612,-0.31435657974511266
2016-09-20,-0.49525010958772886,-0.76055227536554904,0.27126521417692917,-0.26692582539387122
2016-09-21,0.73773736821541203,1.687070503994579,0.01614984235553266,0.33068710156553283
2016-09-22,1.4427414066312589,-0.19018894826111735,0.001020132467262931,-0.31056969780841315
2016-09-23,0.10942072655220503,-0.87716430557952663,-0.88695842524114976,0.097381553370178578
2016-09-26,-0.13463801117088386,-0.33026766117681283,-0.20460621912051216,0.26479490885410711
2016-09-27,-0.30858695588619417,-1.4441235169634317,-0.12636577044698116,-0.47938700850022042
2016-09-28,0.10053018469924424,2.0191394891130758,-0.18742505005886448,0.19379546121856819
2016-09-29,1.8115801208438413,0.32403490241862687,0.71897525583259025,0.39962917286593908
2016-09-30,-0.011615831923535949,-0.39488403629219759,-0.29183186539988532,0.11214882801773812
2016-10-03,0.33458114895957441,0.14210225369387205,-0.32798281702354692,-0.45482849505420786
2016-10-04,0.070564027348368322,-2.4617879626667589,0.23714420447336543,0.33036524941131079
2016-10-05,1.1957860910984996,0.6861861523720677,0.29138297235229538,0.11688418982911154
2016-10-06,0.26655304765035392,-0.20524214776872501,0.45648473621643865,0.20449154843686956
2016-10-07,0.92600057411382686,-0.070893411968244613,0.37501097371994851,0.81967602881894286
2016-10-10,0.80323150300264501,2.1975556033008e-05,-0.0041444192259199744,-0.1550991647496118
2016-10-11,-0.59624154999875989,0.48452052554593977,0.13842621881318115,-0.040181179114721022
2016-10-12,0.33859360427307772,0.3977522424966965,-0.0119338135352017,0.42135839317514756
2016-10-13,-0.64889371698184839,0.19164810818704428,-0.2277597853997777,0.18830740328330073
2016-10-14,0.50295513184900842,-0.45709571330915649,0.20621479804768006,0.50696033087868531
2016-10-17,0.15655058036461275,-0.0033939347100135188,0.30269493823898225,-0.069172229161812301
2016-10-18,0.23610914077007192,0.8826794258966012,-0.11575081583056236,0.10365824372535062
2016-10-19,0.62680232674453962,1.3175838830235234,-0.35806939731905502,0.20184115368649608
2016-10-20,0.35959752099685377,0.044878841278688852,0.37231742511178456,0.23627517388668784
2016-10-21,-0.078597358051152533,0.20123139106651539,0.46307800819288802,-0.22332470289325948
2016-10-24,0.15012364306621154,-0.59690912494964543,-0.0049850580206117785,0.22460624202149679
2016-10-25,0.71055855408926116,0.61496808122013003,0.17149672700292184,0.14295844255674653
2016-10-26,0.011340864757373982,-0.84977392906255833,-0.1113535387550853,0.17915694192801607
2016-10-27,0.15930809137270577,-0.85542923994840636,-0.022745759741678521,-0.071403298934908863
2016-10-28,-0.56780562216835562,0.093928250030171787,0.47014479696745032,0.31529101171542362
2016-10-31,-0.014987654658682004,-0.36594952969087252,0.16638391975731748,-0.044393439434060912
2016-11-01,0.74447539989563827,0.70319285427518374,0.36718912733978121,0.20564864015224749
2016-11-02,-0.33018786657743199,-0.55350459201507707,0.2746542666550289,-0.15136855245030062
2016-11-03,-0.29373178210053014,0.70054159355529499,0.00046478414958091595,0.14933776899696505
2016-11-04,-0.14100761304072085,-0.21059870301202033,0.2656237731170451,0.0035935915432749482
2016-11-07,0.85479353769778166,-0.46867583152197601,0.14452925969879143,0.38832143810470821
2016-11-08,-0.089504218487220483,0.506888573142103,0.44679607430988144,-0.24756475707421299
2016-11-09,1.0960454946047467,1.0824668194303118,-0.35585428323198809,-0.49218425246191444
2016-11-10,1.3336254956536695,-1.1549122771741083,0.47470802551459773,0.56161492195482243
2016-11-11,-1.1387550110127664,-1.4073876177058509,1.0884359822448781,0.35967958061639105
2016-11-14,-0.30494576575708165,0.24585668679944989,0.69908814354002913,0.50555690561667599
2016-11-15,-0.1582750617948557,0.98555941116078749,-0.03605724506423947,0.041051578805556654
2016-11-16,-0.27066581791464411,-0.45544802704059101,-0.30871462161385432,-0.34658760776130754
2016-11-17,0.10583763765031115,-1.6595555762783714,-0.18984264067485757,0.17637641988988623
2016-11-18,-0.61119884636882527,0.0147112999264405,0.26480560836007866,-0.54535415438006185
2016-11-21,1.0589938416436602,1.9481972119770687,-0.11361705960338279,-0.11350844377517175
2016-11-22,0.73343520977552423,0.76858322889094643,0.10092878095620654,0.31218472893859228
2016-11-23,-0.48112558477516421,-0.75785376606127297,-0.043957632903487996,-0.29110622299493877
2016-11-24,-0.074080678763299032,0.70432016636221584,0.4852204268857821,-0.0062980783239099522
2016-11-25,-0.7086896530976603,-1.0315264876844441,0.43998299622978082,-0.056993511146475641
2016-11-28,-0.0029356493103853722,-0.23894582185089258,0.26173055779056276,-0.010212132132195699
2016-11-29,-0.76175031463296938,-1.2996849262272399,0.03439689598084935,-0.21453380305493799
2016-11-30,1.0673905367674383,3.130304795585185,-0.15386467185688585,0.4479726444309568
2016-12-01,1.7060554668057399,0.69330888351298825,0.91047181888348028,0.76356141554032497
2016-12-02,-0.25878281642690565,0.79985224933159693,1.2197667781173542,-0.17215904293224668
2016-12-05,0.87697345190348308,0.77539045773462045,0.42186152269533705,0.43277173285625126
2016-12-06,-0.34386366423762438,-0.26077104058840783,0.95205117237279357,0.92131640037799878
2016-12-07,0.71970776039924877,-0.17457096947697592,0.73500718434905987,0.58854990604107227
2016-12-08,0.27715444203875539,1.0922985234649301,0.87086666864220807,0.078512089006173791
2016-12-09,-0.94224683400906883,-0.32923713833512469,0.054098931610628023,-0.70790393895826043
2016-12-12,0.80699046797274787,1.1658960670115897,-0.92707382878395084,0.4431899030628062
2016-12-13,-1.0706826167362844,-0.27290050435436497,-0.6837734759742492,-0.27862782115449125
2016-12-14,0.23644493636982719,-0.94537913580076005,-0.070820597271743613,0.085566189304086951
2016-12-15,-1.0293846224237237,-0.80754627829674219,-0.073644650608332016,-0.31227852558998831
2016-12-16,0.00041251482058149203,-0.071412957513392897,0.36677396427644532,0.091154162935645239
2016-12-19,-0.026014674384479367,-0.36771218576408576,-0.47470987267935083,-0.77783121294373536
2016-12-20,0.37455635633446094,0.092602997634439618,-0.56813900907379122,-0.27043268982022356
2016-12-21,0.11098993855310924,0.096746272733062272,0.11060663653277912,0.25874494995678604
2016-12-22,-0.2752931373159892,-0.2705810414773438,0.41422957824420625,-0.2103460349082498
2016-12-23,0.039612196827899578,-0.14529142140821749,0.007963500208603343,0.035685722044268245
2016-12-26,0.0035885256506591871,-1.9845368871688999e-05,-1.1112112427127532,-0.00076123040542987099
2016-12-27,-0.0044061927397078182,-1.9844991786158999e-05,-0.34990778009630996,-0.25357589711725631
2016-12-28,0.79068930889871181,1.6873282746119058,-0.17687343852877693,-0.26190793369868298
2016-12-29,-0.020360670232326482,0.89991161595793823,-0.2377190387564414,-0.17812706631401548
2016-12-30,0.13486237157936787,-0.55318602491378577,-0.20663045033367222,0.043428022044156335
2017-01-02,-0.0028054814006192872,0,3.3e-17,-0.042221739818370671
2017-01-03,0.26201381615472652,1.4017526699500289,2.2e-17,0.2585428066118502
2017-01-04,0.15536572477477001,0.51120962610641829,0.97906450635085052,-0.042182539747003825
2017-01-05,0.64730814320451557,1.3486471593633345,-0.76252264876093678,0.29189930977157602
2017-01-06,0.22289705104307114,-0.99333009156210073,-0.54422618926936461,-0.43204836412874964
2017-01-09,-0.30847288788171628,-0.49448673104780144,-9.8862751792725e-05,-0.3465447227078971
2017-01-10,0.57292405715401817,0.98533826248250989,-0.065549966525881645,-0.0037961203800168574
2017-01-11,0.38116039159591636,0.45345018554098632,0.94457450825065692,0.014781966064963178
2017-01-12,0.47700227137585743,-0.39795174495180524,0.42783144341603208,-0.13338817418939786
2017-01-13,-0.2213104417771036,0.55919200768562316,-0.48283977096266845,-0.34417588789778503
2017-01-16,-0.058502723892384589,-0.17395394607363537,-0.15032454514986374,-0.37645617628836758
2017-01-17,0.37437116077691912,0.58507719700915894,0.041192191891614306,0.15449277835360584
2017-01-18,-0.26581368872407629,-0.41510160869490931,0.3960178302986988,0.079393549375552291
2017-01-19,-0.47938658357809771,0.19938363408913734,0.23539357116737861,-0.11123725030962794
2017-01-20,0.1663414958552184,0.46151220137756604,0.19208921413452631,0.9274367393494356
2017-01-23,-0.2335571693072018,0.23262821693483382,0.085157605063965663,0.076666335120829848
2017-01-24,1.2223022337492948,1.3023453670624474,-0.13684912508360958,0.49926382970943861
2017-01-25,-0.61238464747044208,-0.068705808388865502,0.18548694838675267,-0.11595939310397188
2017-01-26,-0.86940776608091386,-1.3301156991169283,0.2296026564801889,-0.94621339889022682
2017-01-27,0.14035361346848904,0.13910382972274715,-0.27778378025312067,-0.081470102782796705
2017-01-30,-0.83297629957408725,-0.54442852637947736,-0.14218395290392088,0.19984219647086551
2017-01-31,-0.11523327062574773,0.60778251932895577,-0.31114142793571969,-0.25206916859376416
2017-02-01,-0.20691318330997749,0.18546889989495949,0.12918869040596445,-0.1114229117455961
2017-02-02,-0.24554534780096932,0.41383889561658604,-0.051001054324591316,-0.67193931959440267
2017-02-03,-0.51567975551155776,-0.45714829603979557,-0.1915390031798338,-0.37017283351020847
2017-02-06,0.28416365356815637,0.43171105884066929,0.01043235916726936,-0.089972722694220755
2017-02-07,-0.70286861142256774,-0.83825177823611696,0.75606036976163338,-0.36833860173098221
2017-02-08,-0.54095637370582006,0.41436007029772171,-0.075058418279984607,0.10214566369595565
2017-02-09,0.49465464813071014,-0.070176666480751923,-0.49070472215949701,0.37681919420571502
2017-02-10,0.62434797808260178,0.68952565587285064,0.36298914719850311,-0.24098627859499799
2017-02-13,0.50495880577731844,-0.028066513822999368,0.15490616270020707,0.75199427612345082
2017-02-14,0.19211879045934868,-0.10586075789810363,0.27364255393877507,0.17507178534053905
2017-02-15,-0.20175250722052904,-0.55223346688552166,0.40637002343911133,0.10900129666130624
2017-02-16,-0.12994423848352812,-0.12824323525029069,0.10660862766577014,-0.084637561748136775
2017-02-17,-0.89044685768857879,-0.44424938228698785,-0.17019030135539132,-0.16932691805574607
2017-02-20,0.15986244178542108,1.046284657642e-05,0.020240477813121764,0.051233791477315778
2017-02-21,0.3838473625137982,0.579130297189,0.0047879365553094803,0.24529689243354283
2017-02-22,-0.59700663586780423,-1.7842635868841155,0.39365221674696704,-0.25589021001232459
2017-02-23,-0.30603574989150006,-0.021633164364008802,-0.21362015891078592,0.092439947810300016
2017-02-24,-0.60916574491281017,-0.39932052189301281,-0.27416350500810222,0.011067759946828144
2017-02-27,-0.1574678481812252,-1.4234778496514595,-0.40366052708725497,0.22389729138089301
2017-02-28,-0.17983177195082251,-0.015639067474721526,0.17786556404777673,-0.077314052759355156
2017-03-01,0.32548044238428214,1.1876062224267927,0.01590147400246263,-0.031786453125602479
2017-03-02,-0.48685858981150248,-1.3374476119966248,0.24832360370719223,-0.18473490155843217
2017-03-03,0.080720783780645344,0.80968950274679807,-0.20948566655164674,0.19893809303317495
2017-03-06,-0.6200817059573247,-0.95300227715278563,0.022745428723083001,-0.37175988170739388
2017-03-07,-0.39776602615984391,-0.90029448337906304,0.12408454791203079,-0.39534175648994491
2017-03-08,-0.36966416360362558,-1.4507847371661799,-0.16632965991491222,0.0080746838920720144
2017-03-09,-1.6285952633385423,-0.57489940056834699,0.040813788582083725,-0.36096430129670093
2017-03-10,0.29281222811493934,0.080624390922476391,-0.37735345688300087,-0.4103463688798506
2017-03-13,0.20631663130183786,-0.27041071542112388,-0.017252173972076183,0.19734114661040053
2017-03-14,-0.40463562865156621,-0.51565738796432226,0.04639767967464202,0.059705014526561052
2017-03-15,0.96410281994397251,2.828938096499547,-0.091614294054464473,-0.095635717398613221
2017-03-16,0.76878403806935591,-0.17638567930427168,0.085270143249031302,-0.0091791759806268605
2017-03-17,-0.19020605447699077,-0.32140521564593177,-0.13718949142308567,0.30998066977310107
2017-03-20,-0.098094382172334585,-0.2919776622347699,-0.00037755538552755797,0.12165603106318949
2017-03-21,-0.36398875444938306,-0.10400379587445027,-0.071822690613705081,0.55820186807254302
2017-03-22,-0.024425684903781997,-0.1388213643055749,-0.50533268706243939,-0.10754514237313559
2017-03-23,-0.10779581629269883,-0.62868530984300308,0.077462224208184646,-0.076725476750254387
2017-03-24,-0.3097416886939251,0.040777335354283219,-0.1353397520119364,0.29300490793578932
2017-03-27,-0.69733259189283148,0.025484815492207963,-0.096625918465003874,-0.016146681340902316
2017-03-28,0.58706429836849416,-0.013261138070663536,-0.088557833982449513,-0.34093222924254468
2017-03-29,0.29326524874875037,1.4624785560546985,-0.19404744548261249,0.087653304272202137
2017-03-30,0.47663631148651764,-0.51164427205673735,0.24506382324857573,0.15223896785634428
2017-03-31,-0.69322179224881875,-0.13584414135148426,-0.5117922880034167,-0.2208737471430475
2017-04-03,-0.083279040478697552,0.24179338110452434,-0.54151191061179593,0.13289874092203979
2017-04-04,0.1580671219699358,0.3814588900909458,-0.31952937065764653,-0.39880029939539441
2017-04-05,0.54498435440937687,-0.32915688131615056,-0.35870912968584173,-0.14987855270097958
2017-04-06,0.11648861282121177,0.70584079796127808,0.083454943651976046,0.31856343240037105
2017-04-07,0.65880239122315054,0.10449900469785439,-0.094582532760025484,-0.32891885637900908
2017-04-10,-0.07354267879266263,0.5881499706159099,0.6182105953677246,0.016182557409019704
2017-04-11,-0.26363799911266955,0.6422034737455119,-0.14877596796109577,0.24884312874836126
2017-04-12,-0.89791801605795185,-0.19148586725774919,0.024557679143088085,-0.22216585961895627
2017-04-13,-0.42156180246486097,-1.1506124331621774,-0.58425979429396668,-0.44973659978780561
2017-04-14,0.00024620150666991,-2.9195107156581e-05,0.42582284170106605,2.1002870115125001e-05
2017-04-17,0.00090096487916959908,-0.62893380637442586,-1.0074311287759354,-0.0029957738700538703
2017-04-18,-0.83275328545074112,-0.32266139531642885,0.11341742437718806,-0.0019520694343126432
2017-04-19,-0.13413432469519559,-1.2538992687734241,-0.53988416050730859,0.53981924521815272
2017-04-20,-0.38183970856365984,-0.063685861052790366,0.33478453697245991,-0.20508497977996956
2017-04-21,-0.32925375182876937,0.13676634570394752,0.38670489031397098,-0.47920794600858196
2017-04-24,0.19984154774764196,-0.97998323115175923,-0.13773325583174073,-0.18682749038469512
2017-04-25,0.046827310221564118,-0.24672429019134487,0.43553899519138578,0.42659009288700561
2017-04-26,-0.095276863995481728,0.42267243687128403,0.39244102538657299,0.13906528809234753
2017-04-27,-0.79108671492936733,-1.3348760026312381,0.0063059671265574884,-0.69723616664742416
2017-04-28,0.023108288354847378,0.28484821959029971,0.33947391470213129,0.02736399026930323
2017-05-01,-0.00027692298604401697,-0.53365039432976569,-0.047484113502518695,-0.26134056594539085
2017-05-02,-0.38359197644066578,-0.39639874339242193,0.32654838599562119,-0.27971428703141488
2017-05-03,-0.71815658486265344,-0.34404703598428082,-0.00056587254427816597,-0.097919582752226467
2017-05-04,-0.52401196131597827,-2.1363280110246978,-0.00095525197761662497,-0.76533076005956235
2017-05-05,0.89827401803951745,0.83399460538385928,0.00025846237590725199,0.40214375887289761
2017-05-08,-0.4508090194392797,0.70779295103143458,-0.57377891298033146,-0.099380431392486118
2017-05-09,-0.0067781515591155053,-0.35610618228230356,-0.14934353459053781,-0.75134923814728583
2017-05-10,0.3513409521008673,0.94334505270312796,-0.11842024318187154,0.42711389011393697
2017-05-11,0.45620149235886143,0.67282093000646581,-0.14167055769316966,0.24515385372606444
2017-05-12,-0.67141643481419166,-0.01511589626726628,-0.38926861151385966,-0.24124097480020065
2017-05-15,0.012693989452813035,0.61526155566773566,-0.91329079421858494,0.095679830221347295
2017-05-16,-0.077127261570574326,0.046837858402966802,-0.15823955811447499,-0.1126356593015297
2017-05-17,-0.11583256067388824,0.01681744867425072,-0.68160260628326108,0.11363099109070385
2017-05-18,0.12900528036028819,-0.5462566597839088,-0.64109772760217032,-0.90101288011306424
2017-05-19,0.23127374645945842,0.46657103701495656,0.56055010390655757,-0.2055330939584053
2017-05-22,-0.1645897429986774,2.1546199086240002e-06,-0.1398954749417857,-0.37038844007271415
2017-05-23,0.0050893510384110779,-0.26528423311040106,-0.46423124187730486,-0.19863872407192956
2017-05-24,-0.30866883186645738,-0.67621677095333454,-0.071120726063564135,-0.51372964516874331
2017-05-25,-0.21157347098608856,-1.0960855674100101,-0.02310062405217108,0.0075229558134817884
2017-05-26,-0.50686823552205784,0.16720096084051644,-0.10804990837925137,-0.23082870180844559
2017-05-29,-0.0057808300865638054,-0.40901046769239618,-0.53063192101784051,-0.10249552838808253
2017-05-30,-0.42473519249300151,-0.95968614653472595,-0.15567981852103197,0.19458828050629007
2017-05-31,-0.88101022897320613,-0.84783957991126746,-0.27105138295954029,-0.40384869039158605
2017-06-01,0.32693541089140726,-0.58692110872278469,-0.34545060117394011,0.078263510031275602
2017-06-02,-0.4319375573032514,-0.60758549589806865,1.1634094583513337,-0.26164568337640304
2017-06-05,0.16578448005763158,0.5301798121245852,-1.3668619700583997,0.000394461266132792
2017-06-06,0.1320058288849395,1.634649921221262,0.25917151179578668,0.11986816018075361
2017-06-07,0.07682077994467619,-1.010119100014359,0.15854970409952965,0.71000045111029197
2017-06-08,0.50276993026950223,0.075384180214480637,0.26120994144030646,-0.25381986707594234
2017-06-09,0.36530221632968457,0.53409190804308881,0.354945201498715,0.28970683335934788
2017-06-12,0.61926861820416779,0.36230996696778922,0.35723185730470974,1.5538865968759179
2017-06-13,0.088735991830880073,0.32234166548713589,-0.11990529094924188,-0.45422871031880702
2017-06-14,-0.83549232865577361,-1.8817681562332593,-0.11717401353348145,-0.49689644582662262
2017-06-15,-0.39579880720389865,-1.0996924882271633,-0.81612863451257611,-0.2104673623495994
2017-06-16,-0.27177395217081196,-0.0097073581111091298,0.52382742585068642,-0.4079041475016788
2017-06-19,-0.15689637093236686,-1.2383745630390055,-0.77991115649307685,-0.087400598523981299
2017-06-20,-1.3309502230507864,-0.59526122388104086,0.039465460792415134,0.77308518767101897
2017-06-21,-0.24035498412612777,-0.35982958844805568,-0.24875728331729685,-0.14077738891535968
2017-06-22,-0.20595732287506369,0.49986002140572222,-0.20680863541899047,-0.29818704691446923
2017-06-23,0.29008008334394314,0.81836688069044772,0.32117705369953492,-0.16499620297104958
2017-06-26,-0.40121028891769439,-0.051151057975952541,-0.59770482233588196,0.11527852696486841
2017-06-27,1.067886430014563,0.38439934938064474,0.46089797497364926,0.52018028035080488
2017-06-28,0.022888297959751634,0.6100587253039379,1.0375913104793946,0.35923015174220807
2017-06-29,0.79243592771721727,-0.2672739958146822,0.058850213097856617,1.2198146371250607
2017-06-30,-0.46684350125569002,0.16777369078697618,0.36816055099981182,0.4078286513925472
2017-07-03,1.2077069568930574,9.9999999999999988e-19,0.2253669144113864,0.81248057306873112
2017-07-04,0.30827878986173496,-0.20622256259906491,1.0902588942060285,0.26717763382972753
2017-07-05,-0.2252346183568866,-0.69901617142715988,0.14424501681840265,-0.65539288374430837
2017-07-06,0.49117276411050315,-0.03628334390701779,-0.025702128735981287,0.82104105557944118
2017-07-07,-0.74799635740977777,-0.7144547714253271,-0.027977480104234051,-0.056037140635582953
2017-07-10,-0.22784450379385149,0.34944361792916812,-0.066101626455186274,0.040005767286019164
2017-07-11,0.26314685935775672,0.42824943831703116,-0.19318274676338434,0.47380519888315098
2017-07-12,0.29510914010969053,-0.0194859710332736,0.11201751441011687,0.079279339856040035
2017-07-13,-0.44847218691949536,-0.01211171881643628,-0.29196104926641603,-0.28175292802383728
2017-07-14,0.20781445163044884,0.16580996661060649,0.4991987172344361,0.54992170075588886
2017-07-17,0.48089861312140547,0.7388971495761204,-0.0023166604453646431,0.060527552400615983
2017-07-18,0.20522757013184315,-0.14870065354125317,-0.096678850757695459,0.16683644957555954
2017-07-19,-0.34583138447801409,0.81552611912358697,-0.40310577953837851,-0.2855297777250197
2017-07-20,-0.33271883117995499,-0.29259037712513486,-0.0065146363648559535,0.47748910825688684
2017-07-21,-0.15713262328007124,-0.1017986256557427,-0.16547189908355647,0.28430881929582075
2017-07-24,0.067749135563369603,-0.59649228089328976,-0.021026504747887267,-0.72913934910211908
2017-07-25,1.079820935789173,0.99237152502477755,-0.082661324796328192,0.46840969378888975
2017-07-26,0.28700690834846465,0.35989776912198468,0.52309191879692285,0.098302526943525384
2017-07-27,-0.031238068121284927,-0.20247099638093735,-0.44808316158663164,-0.48022410829254247
2017-07-28,0.99193988053523985,0.36035235909117375,0.38986400308580488,-1.0264035400040807
2017-07-31,0.5480268985660407,-0.1416495884077151,0.72792007572135653,-0.19141059965963372
2017-08-01,-0.4642496390005863,-0.64766501388577358,0.54054643367449728,0.10386648553894939
2017-08-02,-0.43203467873024543,0.17014162247102968,-0.34787098343559292,-0.04951863607631609
2017-08-03,0.03008468693104947,-0.12857484337382891,0.6023101712640978,-0.13187794256741925
2017-08-04,-0.6035657522817196,0.67548249326091725,-0.20862106410395406,0.27026558869954798
2017-08-07,0.72263703401518276,-2.7197452442989999e-06,0.45238671092713767,-0.38197541271817731
2017-08-08,0.18898324335275446,0.033896490571012405,-0.2996810445723404,-0.10087655668986595
2017-08-09,0.17047810438223684,0.00036152539166943497,0.26189455281326218,0.35991428856086821
2017-08-10,-0.13608386694146807,-0.17426665760830962,-0.23431452591429611,0.98442235867183414
2017-08-11,-0.4623916426053743,0.044369133390581926,0.0019273553975088069,0.29282704410342497
2017-08-14,0.012806626035361099,-0.42521925618820716,-0.29490332687584836,-0.38475693210406597
2017-08-15,-0.90916861431284157,-0.12691871032387375,-0.19611380689142557,0.021373815679814379
2017-08-16,0.067914909046553756,0.62428959488499669,-0.29701621763536235,0.20622185836516033
2017-08-17,-0.022428889907718835,-0.23141052318771649,0.20955196159797582,0.29352981460130823
2017-08-18,0.36179195664681196,0.2618709586521466,-0.06066282669179951,-0.20794043936206452
2017-08-21,0.13535449345874279,0.30047562807265427,0.44127372215715915,0.020837492108635572
2017-08-22,0.18072107494827622,-0.22604054378986455,0.24084334194611418,0.58188185357105682
2017-08-23,0.59379743334155488,0.40248869212210275,-0.3230472360261184,-0.11899980782005085
2017-08-24,-0.19400639077434001,-0.047850297440934969,-0.21510019613554815,0.41073526075916061
2017-08-25,0.41177002622333314,0.35833878915492007,0.33515718938484346,0.27953708351558293
2017-08-28,-0.0039942963807057851,0.089584121375784115,-0.12474414754357505,-0.14813500209401745
2017-08-29,0.35964308370372028,0.24032626140264665,0.064902898001689371,-0.13683873717247513
2017-08-30,-0.23024815428185214,-0.2670647177059759,0.32906140973510084,0.012498261845092506
2017-08-31,-0.40033269972631191,0.8076641305526332,0.16375273608032342,-0.74233329562347117
2017-09-01,0.12400899030553482,0.31511536690155006,-0.055332682868745681,0.38511105678195162
2017-09-04,0.34158595453532559,-1.2438879130079e-05,0.080716566423236366,0.18661729585160253
2017-09-05,0.12934774980519045,0.063256083132779625,0.82921547650158278,0.10268610151082944
2017-09-06,0.034722956800989274,-0.04179215274377876,-0.48886940743010154,-0.19998483230155109
2017-09-07,0.39406495720833823,-0.41390576777589683,0.13374649552839779,0.10355196112830925
2017-09-08,-1.0052342788213933,-0.72168281097371778,-0.15596630568556596,-0.19014066434131965
2017-09-11,0.14150951263745901,-0.39458789893348012,-0.47053074417541357,0.063936456988430396
2017-09-12,0.074491567194751113,-0.49154434022368232,-0.18441169982041264,-0.22182066709347256
2017-09-13,0.065008560560652295,0.029368682587965499,0.21794096471549049,-0.15441356330646427
2017-09-14,0.15174446480122208,-0.060323484749102846,0.19370512700141668,0.50074394289115898
2017-09-15,-0.38356192257708432,-0.62903401931619563,0.083528747860901559,0.10524831377275415
2017-09-18,0.31372621846737669,0.095943550219545259,-0.00081678557314442601,0.51670302514487421
2017-09-19,0.35913972840056979,-0.35083615620555569,-0.14214417503859705,0.3347871122436219
2017-09-20,0.66350416203905183,0.92999745096965025,0.43378101288764642,0.093374188081787088
2017-09-21,-0.015394834826896889,0.21775042771643138,0.47695791737287546,0.2679003046395122
2017-09-22,-0.14180380712766724,0.47502083428304598,0.2647546852164957,-0.37873183660865894
2017-09-25,-0.17378486034734131,1.1170345537874926,-0.12978948691856496,-0.58861446405430473
2017-09-26,-0.017678744546836409,-0.30128462006682372,0.65577484933715224,0.4017694669945977
2017-09-27,0.032834341134525866,-0.1857650297111805,-0.02130293852393815,0.12982295054827625
2017-09-28,0.064107678433451665,0.0064300990924301389,-0.16160784943698953,-0.33070987107680666
2017-09-29,-0.050348779735935413,-0.13247239754155116,-0.36010058017004098,0.091818875833919567
2017-10-02,0.029156723982165404,0.017404415289982426,-0.10560047113443624,-0.89847064172272373
2017-10-03,0.14980949453668171,0.89313325513649489,0.18801553074593286,-0.0012169879634307589
2017-10-04,-0.19259805938136246,-0.12475210313068737,0.22694749369153089,0.42239901719056411
2017-10-05,0.37814019799321624,0.62830107821212766,-0.084830390547601955,-0.11304245919282231
2017-10-06,-0.43082816240990507,-0.31837583092436667,0.32294750154116436,0.45020738130285654
2017-10-09,-0.4351973848974986,-4.5062713990400003e-05,0.00055167806936449397,-0.48300062464462656
2017-10-10,-0.0056069351556867989,0.19453458149638495,-0.42611314745682288,-0.17930417666172555
2017-10-11,-0.22513306654714313,-0.31276760369477713,-0.31230379265528663,0.2213657046213513
2017-10-12,-0.34246840234246434,-0.15609906335988272,-0.43999500816695841,-0.080628329523902434
2017-10-13,0.51897093052794563,0.032873020389607335,-0.20032219721397843,-0.098467589327978861
2017-10-16,0.1323559862319868,0.10015639976057478,0.11909871678925238,-0.1093949213583037
2017-10-17,-0.47698408017988936,0.28851659989729689,0.35426643657586004,0.30399385006607205
2017-10-18,-0.750427020146607,-0.28776503175545276,-0.018480466282065709,0.36208013572545739
2017-10-19,0.27469416234645,-0.31788718837746111,-0.056887025462185929,0.15781559320791788
2017-10-20,0.18767413927169355,-0.030486350901541451,-0.31089941681904842,0.10488784251347433
2017-10-23,0.13798747732730723,-0.49386478137074241,0.42196044596010501,0.079065312749900321
2017-10-24,0.30906940996013849,0.032845549242532336,0.13074974702534178,0.38002967227511086
2017-10-25,-0.56962737796197682,-0.3436841837861061,0.41637964177214398,-0.4516771114023958
2017-10-26,-0.33782859004836396,-0.59669892653827539,0.15029483593126616,-0.36295533963669574
2017-10-27,-0.36956646790443537,-0.15877955225328469,-0.23934780106105824,0.84789244482152226
2017-10-30,0.65639615026539955,0.65619808988096351,-0.10593949224652589,0.28521810295901406
2017-10-31,-0.18335203138405512,0.44968017973999186,-0.31628522565213263,0.0016959349615627371
2017-11-01,1.0171079693206995,1.041036423931037,0.14185811216019534,0.40840211493960443
2017-11-02,0.039995689102114131,0.079728370416832561,0.48622540086373683,0.5963823794340658
2017-11-03,-0.75321944476437153,0.641199478660894,-0.002120751528236623,-0.18286646995593422
2017-11-06,0.30198102857912806,1.1697205859488389,0.10751620436520266,0.29078461348950968
2017-11-07,0.32487765756741249,0.1184365515156913,-0.03437354246057011,0.1817522345830698
2017-11-08,-0.098512428252340356,0.22676040765091995,0.021832573471922828,0.013690402397827919
2017-11-09,-0.21636581768984284,-0.029866899194037372,-0.30710665393804293,0.24852960279983963
2017-11-10,0.023173630113338766,-0.54877255329065311,-0.15358002263575382,-0.087110368790744963
2017-11-13,0.25036021572443395,-0.44883669301497237,-0.14547490136811053,0.044530974231456744
2017-11-14,0.22194312606665531,-0.68070854429450423,0.238631817189876,-0.64503668462544395
2017-11-15,-0.40777115149312432,-0.46094728242933619,-0.46558683810251744,-0.0076822071410387631
2017-11-16,-0.55950502009688274,0.031984964676381955,-0.78933187839533392,0.064732024963981269
2017-11-17,-0.077404872072143707,0.46106992287659604,-0.43115228654025967,-0.11350462466484457
2017-11-20,0.3199638099256667,-0.72716090393039612,-0.036932921127218556,0.1972276260129581
2017-11-21,0.06347166383621268,-0.14770241115651084,0.091366181130091539,-0.51774285968380063
2017-11-22,0.16703106607266166,0.56021687633548811,0.29501735469027313,0.57159734859891176
2017-11-23,-0.08490215980682761,0.12274157491204579,-0.0037021353819180905,0.079039963143447509
2017-11-24,-0.16277963640717419,0.076563687934616959,-0.67725527730288959,-0.14383790757754011
2017-11-27,-0.51128444361821201,-0.83845690124882943,-0.2972793317766243,-0.30511066870751541
2017-11-28,-0.052266199415701473,-0.50092989366504215,-0.271882807580689,-0.33768542608153129
2017-11-29,0.4101322337397747,0.51805591514868121,0.42628674035204506,0.19169363341815474
2017-11-30,0.59385127491905154,-0.38731153266809643,0.19686949806283072,-0.061721515196841499
2017-12-01,0.047248351438165373,0.62461191699699103,-0.079081200707539878,0.1676089587859943
2017-12-04,-0.11486150296365362,0.014388375491396736,0.56593480502751015,0.081904564082930426
2017-12-05,-0.27263794448816669,-0.54081095411639746,0.72386508180131492,-0.23497115222468737
2017-12-06,-0.37978110623395184,-0.65555996201560429,-0.20563273265656962,0.23884482199977505
2017-12-07,-0.036732411924894737,-0.015416356907507254,-0.59521608541111537,0.096982834447998906
2017-12-08,-0.02657512233832178,0.10038069836416749,-0.18193504099586982,-0.46812290513754962
2017-12-11,0.53992828917956093,-0.042510222500276751,-0.080419781030258125,-0.1728433254028677
2017-12-12,-0.081589723875830425,0.12882697679693897,0.4743972771681747,-0.088409275884490435
2017-12-13,-0.3397761041309027,0.18279113018301535,-0.28952383377323265,-0.19007168492210005
2017-12-14,0.64874205022222065,-0.28180953417501053,0.078739616341467061,-0.18115889496015042
2017-12-15,0.48543499821656916,-0.1477457154081312,-0.53068564982086019,-0.65676350881085943
2017-12-18,0.21926587264501024,0.65939751779441003,0.12703168339276397,0.10145783852757947
2017-12-19,-0.069361693407361813,0.15054163471790522,0.2567788470979982,-0.06728850939015929
2017-12-20,0.38348854751687789,0.61267312235018501,0.92883169525568943,0.75889358604613155
2017-12-21,0.22722054163372452,0.24076259792222107,0.08037559154360345,0.26939478552113255
2017-12-22,0.19521056917479626,-0.2453248555811785,0.21687821184931139,0.14265832474659995
2017-12-25,0.00035453501032935701,-3.8552280156566002e-05,-0.084887668682049666,-0.0028306900110767271
2017-12-26,-0.00063366839175007801,-3.8550367500236997e-05,-0.25498247284438352,0.000305642885922763
2017-12-27,0.30255302952204249,-0.24854866267990305,0.0053009730523842944,-0.29599391781098688
2017-12-28,0.20439328980735583,-0.45786094900950641,0.36723859572819045,0.40736904902076382
2017-12-29,-0.28858294528268369,-0.14774937506998057,0.32977120977858876,-0.29547717466629564
2018-01-01,-0.0013437662019893861,0,-3.9999999999999995e-18,1.8486673120409999e-05
2018-01-02,0.66598999638787415,0.73395334537476609,1.1e-17,-0.069107314636553591
2018-01-03,0.0288600874595842,-0.025696385805496696,-2.2e-17,-0.11099341885396495
2018-01-04,0.22930648099730314,0.67497384264914717,0.095121594480691379,0.50048810839859192
2018-01-05,-0.47844085107157347,-0.82244338484936741,0.14788147231218257,-0.20117170571628554
2018-01-08,0.78578118464273117,0.0090745874862254126,0.00051229449303086803,0.47705360041988848
2018-01-09,0.13205983115695055,0.23870088592702227,-0.099980035446695786,0.36895076363291507
2018-01-10,0.5415739797519481,0.80237827149108998,0.32557952382097466,0.1896817841385548
2018-01-11,0.11535293097510889,0.91364045474880518,0.48367786150007369,0.34865351317651105
2018-01-12,0.35061247516954847,0.47910352021821523,-0.22176010046345115,0.38999104532009593
2018-01-15,0.63677588530109708,0.41766925353271939,-0.51343924223695436,0.11926651237975996
2018-01-16,-0.93055413397221765,-0.88586250996406468,-0.69777140962419204,0.054502031929113043
2018-01-17,-0.58389938789906148,0.044064220813857226,-0.31828640048681767,-0.054194915350132843
2018-01-18,-0.01434276678793469,-0.98836009208681974,-0.39202964642476718,0.035752145499724691
2018-01-19,-0.16211992003907338,-0.62200855743795003,0.062984598747857584,-0.75225903203808042
2018-01-22,0.086536870961311352,-0.11988258214802795,-0.62148359837388401,-0.45841947900968072
2018-01-23,-0.23993501574581447,0.61024785099580436,-0.51537177077558061,-0.28569450238772232
2018-01-24,0.83930423108773045,-0.067636480332295551,0.085475661868355826,0.042686582975645086
2018-01-25,0.49151095873159578,-0.060477486169138464,0.13525780900031098,0.42128696109560299
2018-01-26,-0.77128130667270134,-0.31871641191052874,-0.36869427538825017,-0.06177490733163455
2018-01-29,0.56355135945275936,-0.42678587388683625,0.17390265862573007,-0.025767023312602867
2018-01-30,-0.94805052395898182,-0.088916197768856939,0.02267140549923757,-0.69531470786454064
2018-01-31,-0.34287143905098783,0.15020948431499567,-0.1932178701558849,-0.035736610295315219
2018-02-01,-0.003026064882493264,0.34396551116634849,0.095127080992334301,-0.28200131851932192
2018-02-02,-0.36774214018230711,-0.1025520245589652,0.042066240300285142,0.091267236321368475
2018-02-05,0.52186762536062381,-0.23373308622477604,0.21100357382358959,-0.05057149374457276
2018-02-06,0.38694922637153911,-0.58888950455223665,0.37863649534899113,0.34993073516408035
2018-02-07,-0.29328346836651781,-0.85253472050788925,-0.17312657950226856,-0.35778524757522551
2018-02-08,-0.57573712571103264,-0.27235018615907375,-0.49290161534237592,-0.07919938138698622
2018-02-09,-0.32720144152466552,0.20777563043231501,-0.32449021736018602,0.30870126059160979
2018-02-12,0.33135131646563687,0.26572461397691893,-0.00032760887184775503,-0.2945952630686528
2018-02-13,-0.11709003111932842,0.29818898463866528,-0.36183522156894449,-0.04623173453712464
2018-02-14,-0.22028887429836733,0.50124920613783985,-0.080721699086321083,0.58349774789954556
2018-02-15,0.094353256621179007,-0.036206283830093548,-0.3135766049537575,0.1132095157845191
2018-02-16,-0.16444156239825158,0.32644459118561114,-0.21535451748809334,-0.0056241320618642858
2018-02-19,0.30206666555369066,8.7845597482860005e-06,-0.10021131353101136,-0.55137290437431374
2018-02-20,-0.55687722444376619,0.090424110339156955,0.008008952982637374,-0.1123516657942073
2018-02-21,0.081370624331017813,-0.12445758586702033,-0.28163350614753058,-0.075874537296883579
2018-02-22,0.5345348262743288,-0.15025178814256906,-0.042823118327403716,0.21173810100989618
2018-02-23,-0.35526465734176405,0.18319409394155267,0.54823651447877042,-0.074324508367431305
2018-02-26,-0.0012915222291946409,0.53414150923161596,-0.19585451772467311,-0.19230076567045093
2018-02-27,0.088090147202120883,-0.62287997567787134,0.22150832219927485,0.5207866913446848
2018-02-28,-0.17582459603888456,-0.30676250645527031,-0.58089501504105634,-0.36412947285456332
2018-03-01,0.42617574569986999,-0.2187354339233471,-0.11226816634387553,0.313431133295835
2018-03-02,-0.49871614042736323,0.46090578182575725,-0.34158901314213813,0.0038537069260380797
2018-03-05,0.67482861245422388,0.29394520686344516,-0.30332484618458599,-0.3191715743013594
2018-03-06,0.33071150275352351,-0.26458562530483071,-0.93606331252296637,0.28511232358816535
2018-03-07,-0.074504582171272732,-0.1115140317819748,-0.039400610354640681,-0.66306245048362633
2018-03-08,-0.53216404785367366,-0.61902728373793436,-0.55041844462686706,-0.27443990078592356
2018-03-09,-0.12111274852327747,-0.14595735986498953,-0.14492334894537887,0.50968350794800987
2018-03-12,0.029195394310162541,-0.003533623026865728,0.670348525197348,0.78129620094064334
2018-03-13,0.92411730745923215,0.06008974452770513,-0.94406986032578399,-0.46119055223387895
2018-03-14,-0.047572593769315531,0.15668627189328307,-0.012748763254806613,-0.27369903778537125
2018-03-15,-0.26169377068747041,0.20410267640277266,-0.68669449293903539,-0.26587539208895322
2018-03-16,0.56202100134697663,0.24902381879418631,-0.032280410984252821,0.82981553118701978
2018-03-19,-0.45985842225057677,-0.34647033406273109,0.30076902254476173,-0.25260142553105408
2018-03-20,0.55655029153822844,-0.2382574618391457,1.0374241738782437,0.70148558303220709
2018-03-21,0.70949814132414668,1.0170061872658702,-0.0026667112916637032,-0.26880385344098406
2018-03-22,-1.0386296181095223,-0.26521419911369826,-0.72485461306413357,0.4852421837326879
2018-03-23,-0.087170511709838611,0.37936785276272894,0.3366667606025413,-0.37896094390739615
2018-03-26,0.44770588043475834,-0.18445783690113315,-0.56230228814588101,0.23140988894173306
2018-03-27,-0.07817841086785221,0.055173239493734691,0.40613835315575852,-0.40676587699355293
2018-03-28,-1.2777632709007125,-0.49976226491713099,0.11715744609285249,-0.38218145820155214
2018-03-29,0.21514677489891026,0.38421999441600097,-0.97806891953881525,0.070178221865896895
2018-03-30,0.00051321595115147401,-2.2707644564077e-05,-0.22806401241737875,0.00047823604979982805
2018-04-02,0.001394460591121338,0.17066347310004595,-0.12039737897216916,-3.0000000000000002e-18
2018-04-03,0.49350050079094859,0.77879442967678691,-0.40211203049423927,0.29924902034569001
2018-04-04,-0.39894053025537501,-0.52831940277500167,0.19398249551465727,0.11533004046381493
2018-04-05,0.3455529128865506,0.39422594430329611,-0.42168141252701269,-0.41588066405664853
2018-04-06,-0.31390685016745667,-0.12407857827083453,-0.20430136234647284,0.040254591142630886
2018-04-09,-0.12933978560095161,-0.62788636712438017,-0.35362025623666449,-0.24466583614317494
2018-04-10,0.29466364577036758,1.0930471369954093,1.1812865031404267,0.34111812491312388
2018-04-11,0.70986364800346602,0.71593527292543002,1.33145763696214,-0.66762599400573952
2018-04-12,0.47902028378134404,-0.24173405808157281,-0.39478179005784825,0.20923302937018196
2018-04-13,0.48599493941152305,0.2017237445155729,0.75472044901273627,0.013482956223658893
2018-04-16,0.19470240721201734,-0.68846276346619295,0.19884312385071667,-0.23228468293237009
2018-04-17,0.72256459481541335,0.41442975985022262,-0.24036097828861042,0.1836036548636481
2018-04-18,1.3162530192826112,0.89884197665226451,-0.21520534876285097,0.030319262176071254
2018-04-19,1.1162278460405164,0.2734009914004597,0.93992893249594711,0.25529971573654747
2018-04-20,0.031573667744617506,-0.29830037191857545,-0.16430773914465155,0.28746985388670987
2018-04-23,0.0092799799661252118,-0.096928878939051819,0.46116829789685621,-0.0056293251055707476
2018-04-24,0.4479596692324968,0.48333924316888094,0.47051859141660829,-0.13401972292211528
2018-04-25,-0.84013217593166367,0.1113094270779444,0.20345451828749891,0.19718603056782261
2018-04-26,-0.27198045027745643,-0.053645984100950291,-0.35875931065731215,-0.56712241853798673
2018-04-27,-0.43583680069453312,-0.075746106764104051,-0.03368510751687586,-0.74165381261487118
2018-04-30,-0.14085129216026551,0.27702300267346852,-0.0092244481940188007,-0.17103289123399917
2018-05-01,-0.086696293939658303,0.053091824904389531,0.32517909749381874,-0.063422417091582972
2018-05-02,0.64424113326931964,0.71516285687970138,-0.54290038678538943,0.22661963493254902
2018-05-03,0.0092738804295471895,-0.33643145203857333,-0.001875408427013032,-0.10758511420191964
2018-05-04,0.50940496641255517,-0.061438497143401063,9.2859112685162999e-05,-0.50962794549194101
2018-05-07,0.0080404345956904249,-0.071706091248493406,-0.21973492517276902,-0.12993280584701511
2018-05-08,-0.25560958289022406,0.13254664852133993,-0.14834303467700741,0.49023649547106035
2018-05-09,0.57462118439887588,-0.14372884839021577,0.52621793154996177,-0.34688337020539028
2018-05-10,0.34910373070730977,0.39188772097099345,0.58625001361400464,-0.00036699262519657302
2018-05-11,0.71443967552890741,-0.21237741229375956,-0.50615213698118833,-0.13669862725708559
2018-05-14,0.39485602258371816,0.18086911991430496,-0.1081891859012698,0.25304628390278988
2018-05-15,-0.03622186012299717,-0.37802097808023116,0.3724520070164784,0.64852371860237235
2018-05-16,0.23160992965642119,-0.25572816781904034,-0.20614885910638067,-0.079487329647121796
2018-05-17,0.55056405749865256,0.40481718528718136,-0.15912270989921468,0.66424111186992929
2018-05-18,-0.49031873869906861,-0.017685203994782402,0.24947036248172297,-0.14602138536967735
2018-05-21,0.58658837780746742,-2.9003677867593e-05,-0.45149285089989882,-0.029279517420024589
2018-05-22,-0.099139357962506169,0.18284916296743098,-0.0010176877530777839,0.045222670747285594
2018-05-23,-1.1130009818824447,-0.13348656032544862,-0.4845273190480186,-0.73211715356727758
2018-05-24,-1.4772447452976829,-0.051991618253564451,-1.0652713224165529,-0.48108501807399712
2018-05-25,-1.0958366771520831,-0.82360453360731756,-0.57626405465468877,0.06023843768840139
2018-05-28,-0.0013819251703791882,-0.19280540890909448,-0.48099828996489724,0.15622233571590807
2018-05-29,0.51283754700462536,-0.19254047017108925,-0.19170565294122391,-0.11498179893692494
2018-05-30,0.84826921896289165,0.37865802153995637,-0.34324247593822499,-0.59314525233377913
2018-05-31,-0.30927239728328759,-0.39129712125961347,-0.54674695552089192,-0.25703980129736526
2018-06-01,0.69282900300198491,-0.19764124493412755,0.51081146375760345,0.60480102522565549
2018-06-04,-0.31145205339545223,-0.38925371491007044,1.0112656127523953,-0.22483829834538979
2018-06-05,-0.14262830708038235,0.42479594244108632,-0.079167115351662348,-0.051100312189955505
2018-06-06,0.5960256599315974,0.37072320702773442,0.84288518807377444,-0.29279360276895167
2018-06-07,0.43940735425832761,0.53456670169319498,-0.055367912476469605,0.38560478056376801
2018-06-08,-0.8337156988516965,-0.29753387613079885,-0.5012371466368063,-0.78266794774921011
2018-06-11,-0.17268281391126919,0.28431595365653672,-0.37323475809739309,0.018322884665477282
2018-06-12,-0.50015786122041628,-0.28939150778353512,-0.92320851523000591,0.017295786556818002
2018-06-13,-0.373266218306812,-0.17197421237152799,-0.097042354753119037,-0.40358316625580448
2018-06-14,-0.0084964355419423591,-0.16151144435540662,0.016886434280449912,-0.21303363646105342
2018-06-15,-1.4438494844388507,-0.63546057469176187,-0.22122842018164049,0.081741398453778633
2018-06-18,0.66437431304226169,-0.63072283657609551,-0.32087114311970549,-0.17378988850254898
2018-06-19,-0.34030773572895884,-0.20232528054297544,0.53187929361673947,-0.069376153807302443
2018-06-20,-0.67680366062671671,0.050030987506087976,-0.7564215747251315,-0.53261152186076932
2018-06-21,-0.4225415546870252,-0.097606577118776391,-0.7365241349563677,-0.5170922895810246
2018-06-22,0.84257821715934422,0.26919580620227379,-0.36802379412757175,0.26398097560317274
2018-06-25,-0.42983576147158087,-0.14543616212852026,0.66643133343383676,0.064028810495811772
2018-06-26,0.10456081160054044,0.26552888375400618,0.61985549371811299,-0.88165037291375836
2018-06-27,0.79380370169758374,0.37117105933778244,-0.48275997391540271,-0.048764793471622742
2018-06-28,-0.46688874358296995,-0.87735259903718743,0.38134078945494304,0.46607877143692961
2018-06-29,0.037069815535845707,0.29146296195380222,0.0099869108502114584,-0.72955848143074886
2018-07-02,-0.34771017429117657,0,0.94113570396702972,0.27180232874430066
2018-07-03,-0.12927031164247818,-0.052849887693210543,-0.24146477049255227,0.0096247023130737706
2018-07-04,0.36140359491536667,-0.021824841536688833,0.69043007612668394,0.89765708251821119
2018-07-05,0.26133103792029932,-0.23321051920934666,0.82732228683186426,0.076804646087114598
2018-07-06,-0.20682677657479612,0.24191553087090373,-0.4463342151547518,0.12516149728760867
2018-07-09,0.62787934379513965,0.098180095911799006,-0.6705423133712588,-0.32556786512228869
2018-07-10,-0.34052206375629501,0.13698917699120117,0.11830928855262099,-0.28891576755235637
2018-07-11,-1.1539809211279584,-0.95858373730177593,0.13383344972490577,-0.40369060291459852
2018-07-12,0.0972940897988471,-0.28576762203044231,-0.69951471748798977,-0.28287183062962745
2018-07-13,-0.10576025278418417,0.56355912691864696,-0.84899343731279397,-0.20822562171072356
2018-07-16,-0.53634745968168562,0.065660248918533476,-0.000190384347450418,0.15825368657133476
2018-07-17,-0.47823604048161511,-0.14849378094543977,0.58464871956746622,-0.15036301910629443
2018-07-18,0.0085320536555019873,-0.25928690203916333,0.10538761314867634,-0.32860021340164747
2018-07-19,0.078924467057062742,-0.41534214518273133,0.17131445363673073,0.980250171429352
2018-07-20,-0.10843677206696836,-0.016355788743227219,-0.36965057993521638,-0.094867240770874314
2018-07-23,-0.17840271067554253,-0.23057168562642527,0.34940951948412091,-0.042477193503297379
2018-07-24,0.63937160700803208,1.5246056698306751,-0.02512822562566841,-0.093588163685037334
2018-07-25,0.13372120228503015,-0.36893172768292742,0.0027082854397180059,-0.58647549705714197
2018-07-26,0.40652507298310919,-0.069422401890232285,0.46865987026537675,0.58153106242597363
2018-07-27,-0.22575648279868893,0.16158396460965466,0.0078270072582498056,-0.17034009009923093
2018-07-30,0.39944432325092361,0.85018060497373604,1.18225761382342,1.0126024748335654
2018-07-31,0.36932037786797228,-0.054351989362929537,-0.070731892212441472,0.66057524290939651
2018-08-01,-0.21796633818924843,-0.42709007802201793,0.40308065876432358,-0.12342230933505548
2018-08-02,-0.44367729213008511,-0.39699009317465783,0.050680272290196726,-0.5271928645727082
2018-08-03,0.20650816287099186,0.045398205855432944,-0.012988306576974112,-0.49675591121555052
2018-08-06,-0.22737018921031119,6.2357628633120994e-05,0.20563717042483182,-0.24160858843590294
2018-08-07,0.8961625160437855,-0.44517542136098237,0.52245030471812426,0.73658524395545433
2018-08-08,-0.16413274399790412,-0.33822718109727912,-0.4797621620133305,0.17522821283735288
2018-08-09,-0.13904002466175483,-0.19252154757929849,-0.50469092292537976,-0.43078360467167137
2018-08-10,-0.11991733590171008,-0.12405652198696976,0.43606812860174182,-0.72737783676538659
2018-08-13,-0.0082857567637169352,-0.17582105391041827,0.077166587140821641,-1.1549290486899086
2018-08-14,-0.10599080366117317,-0.1642614428686156,-0.52079894791375614,-0.48496492680243675
2018-08-15,-1.1035799368370942,-2.2519095448368045,0.28929842283044982,0.56000590365830205
2018-08-16,-0.1523677110252398,0.041869148046518173,0.50016380792318083,-1.0245135763097344
2018-08-17,-0.030897286122234975,-0.002826914164957017,0.040154708118489035,0.10030866990638214
2018-08-20,0.22196057143088468,-0.19832519446550409,0.17631308804985038,-0.092125027248762814
2018-08-21,0.25393351130598774,0.15782629667339082,-0.39336214135339215,0.10510338952114388
2018-08-22,0.4934159288470909,0.6240060323746538,-0.12464953673083935,-0.15011642515132495
2018-08-23,-0.003179528715233494,-0.79251753358627941,-0.91689999926355459,-1.1345258553965354
2018-08-24,-0.13610883719231628,-0.0052110180064494091,-0.83781340999707288,0.060640322421503301
2018-08-27,-0.0036575819461290345,-0.29734688356838107,-0.68247377630043027,-0.26252009848716101
2018-08-28,-0.27094554340945048,0.076205175898811359,0.52501367614025229,0.2445618854173626
2018-08-29,-0.40481354007147891,-1.2072924806409855,-0.051943595777009494,-0.14687063201720355
2018-08-30,-0.32295103907678308,-0.91991814990796028,-0.87793509225345712,-0.20434754749267528
2018-08-31,-0.5141453394327743,-0.74857099124008253,-0.60122142249054911,-0.35188129855209976
2018-09-03,0.27977869025170188,0,-0.074273907943323933,-0.15062386280566029
2018-09-04,-0.11918178701161167,-1.1639470689626019,-0.78965025066494254,0.54714351690437457
2018-09-05,-0.17896965843903248,-0.13040378781905673,0.25702505315163932,1.0594672454839855
2018-09-06,-0.200816669179151,-0.32233037886044513,0.75042836954124281,0.28024287057446717
2018-09-07,-0.4746839945343283,-0.26377855135260853,0.40671124473769593,-0.39812600380344165
2018-09-10,-0.011698157230447696,-0.52713469820334058,0.24799634688119815,-0.40391767144792329
2018-09-11,0.39626332512085938,-0.16290671052400682,-0.20455924790078137,-0.19164353853139546
2018-09-12,0.73290380205949979,0.92407680265766368,0.13754368900715247,-0.082753288376920628
2018-09-13,0.083277221165086818,0.78697305733577327,0.63104871068443735,0.59353383222914458
2018-09-14,-0.35543231694655802,-0.37908795447730503,-0.31054668136920588,-0.44565281803168183
2018-09-17,0.45187255706227492,0.1778021558519452,0.0011974995068872181,0.61581146269635256
2018-09-18,0.67896501484432203,-0.024730019258708241,0.51890206667974526,0.37039735085851755
2018-09-19,0.38141216214060114,0.99124642092568338,0.0031472916506205826,0.73921116011640553
2018-09-20,0.00677327496929306,-1.2274399662344302,-0.081434189091046036,0.5580305405630025
2018-09-21,0.2533734534909538,0.98130461737839769,0.66009502041617407,0.18878773886681674
2018-09-24,0.38171473391364769,0.10897545634926915,-0.00053922883335508502,-0.17172065822746199
2018-09-25,0.38865586121948681,0.097484074684102348,0.059061175785586534,-1.1813301153899474
2018-09-26,-0.41800646143020737,-0.46648745169600525,-0.92056381568213563,0.069016613661057782
2018-09-27,-0.068925863514928368,1.0090759765891411,0.45527785737758397,0.51443582648355979
2018-09-28,-0.17121759654400462,-0.21441414313369445,-0.42619180809505847,-0.044325615557536301
2018-10-01,-0.57861956324390484,0.54152387378060207,-0.34153669747706755,-1.1015516426582679
2018-10-02,0.46609276247263304,0.62534069448903018,0.87658332670983341,-0.33240362715636318
2018-10-03,0.098480839685513896,0.22219970692380769,-0.056207517788116508,0.11637820255421252
2018-10-04,0.74183633509939018,-0.13966382104264627,1.137152112074123,0.67500010108590591
2018-10-05,-0.14372809947709903,-0.50380454507162253,0.50471815466146608,1.1979712891914247
2018-10-08,0.58137032477836559,-6.3448396747915994e-05,0.0099352024680798567,0.95233828811449284
2018-10-09,0.80433243249132258,0.54555304936749072,0.35940816175243667,-0.045816974094978938
2018-10-10,1.0110902445610981,0.081561261902914878,-0.31177464904762442,2.7606636072015753
2018-10-11,0.37374072935747887,-0.21169774183749093,0.75144168741580253,-0.125384171414959
2018-10-12,-0.60118280558840265,-1.1806734201359119,-1.3720364637657765,-0.95922643340124281
2018-10-15,0.5714927953058635,-1.5812289561012893,0.1329014200449008,1.1043334923365788
2018-10-16,-0.95014512300491527,0.42913546810713676,0.87394740948667038,-1.7504807390141406
2018-10-17,-0.38805945190759039,0.031926252075080763,-0.91034399822891399,0.10659201349824292
2018-10-18,-0.38965796256639695,-0.098652260392991686,0.3150012385114675,1.0360657180150845
2018-10-19,-0.44814454932538306,1.051965661838608,-0.040399660374865004,-0.43748421206769289
2018-10-22,-0.19756176896027494,0.41561985791453226,-0.23289037785106095,0.14302814900434085
2018-10-23,0.4713408711965888,-0.069116194319935334,0.35412575863426443,0.51145706715693118
2018-10-24,-0.25258755332636973,-0.45809149526572995,0.21030138114766581,0.35072667497320131
2018-10-25,0.36562348474826806,-0.48815285971565159,1.1809661221600976,-0.57998979672817952
2018-10-26,0.048131979283649776,0.42505790306635366,1.3477659092096366,0.52339569828743437
2018-10-29,0.26750334472197163,0.13273621440509659,1.0046603378568282,0.098960567735196986
2018-10-30,-0.23833078541145675,-0.58839909838110305,-0.98526643132215497,0.31048351086114523
2018-10-31,0.31072960689899232,-0.78125991512472992,-1.5294642410412496,-1.162465949497435
2018-11-01,-0.67384781826399054,0.62869535106379071,-0.39309380515605336,0.25192944106611448
2018-11-02,-0.63685730232648563,-0.72718511576178457,-1.6828381553476668,-0.15116078144045944
2018-11-05,0.26512391781507011,0.53656122475752155,0.023452991591825782,0.57276182422200084
2018-11-06,-0.15593485515379329,-0.34361352444143844,0.82854546160584541,-0.12209163594822385
2018-11-07,-0.050726994255288781,-1.4638989462277079,-0.74936586413857142,0.087431183613021587
2018-11-08,-0.62057978151479609,-0.80159767800468473,-0.22870703936857043,0.09770472012894213
2018-11-09,-0.91851155225097425,0.66163672339861967,1.1299919159471004,-0.82217452854411077
2018-11-12,0.37169431708646827,0.27960730512043497,0.46185632101458463,1.7906427076759217
2018-11-13,-1.0207457951415149,-0.016513514421298888,-0.48550837152220383,-0.25964906256970471
2018-11-14,-0.24709797787917614,0.47707270528066903,0.6756483428800687,-0.2290865742920537
2018-11-15,0.2871718131872571,0.22161679564035247,-0.29839160337334747,-0.1928576295161368
2018-11-16,0.0010129773587584309,-0.086553993538968477,0.73263718808826239,0.045562277071298077
2018-11-19,0.07294843880205619,0.57053796980528482,-1.2709657731202815,1.8674891978080026
2018-11-20,-0.024843301977025029,-0.48972974020259524,1.7619722881741722,0.62463561970444792
2018-11-21,0.43726149472665582,0.19081425451325021,-0.46237269072494558,-0.53244362326223194
2018-11-22,-0.30328015843734235,0.040007105674752901,-0.46114501619996712,-0.25374034001645401
2018-11-23,-1.3946720336268057,-1.3217269520225288,-0.00054564123642771196,-0.41232322729358961
2018-11-26,0.86834191394117577,-0.23858966916037749,-0.12027879704207013,0.16948080971656238
2018-11-27,0.061841861205498602,-0.561873074703369,0.15095378231365736,-0.14738427321066266
2018-11-28,-0.074393795867686976,-0.83390194251621252,-1.2432224579272511,-0.31977671350231146
2018-11-29,0.32029096667706547,0.11462330764697359,-0.67359960935282537,-0.39681245214648381
2018-11-30,-0.046561619840971777,-0.70384108418626556,-0.3369436375353651,0.12872045727884393
2018-12-03,1.3445370290167964,1.7867705910840475,0.017146055425269497,-0.24173894804380003
2018-12-04,0.086094505975522775,0.12012197733176178,0.44990332658468857,-0.16244664976467188
2018-12-05,0.33227235391036419,0.97486700075539978,0.12618141798360091,0.66100186730058841
2018-12-06,-0.4573912405749605,-1.3691185280083156,1.4522948832539302,0.53806703006734913
2018-12-07,0.82987868429509304,0.70417206849990444,-0.79837973561531372,0.27886213147484518
2018-12-10,-0.33226548021912633,-0.59498510657672754,1.4142978892867264,0.66546588324070655
2018-12-11,0.55253665677646913,-0.63376326528173954,-0.097298784224636059,-0.87690976985396119
2018-12-12,0.082623369546915251,0.30518239750440934,-0.76757679457678507,-0.032868385507000476
2018-12-13,-0.041819239140857174,0.23432908196437641,0.20845817265623076,-0.31966648928662167
2018-12-14,-0.34523686292504419,-0.01935144569275676,1.1299950233350176,0.75390351286495305
2018-12-17,0.19757816622647137,0.14332606304979009,0.42137582122567535,1.1648161815866529
2018-12-18,-0.47492751261353044,-0.1894082797151164,1.2428494584101402,0.016461730310550329
2018-12-19,-0.29774354115323581,-0.20781074778809058,-0.87201399920340161,-0.089089264286984798
2018-12-20,-0.62749611036282982,0.62746825041712695,0.56032234863047359,0.26943748989407373
2018-12-21,0.14352192790564736,0.12373589039175571,-0.60684666600584891,-0.0044595687893214967
2018-12-24,0.23207624006544333,0.43282085335173126,0.021395465865617358,-0.0013485080935772518
2018-12-25,-0.00048507698220891699,-0.00021985472207429498,0.70466957815911435,-0.003777112023928338
2018-12-26,0.001323036880588322,-0.000219834804721616,-0.27273391839416611,0.0033667232518601008
2018-12-27,-0.31195805176075186,-0.1378494869272146,-0.6518017159223044,-0.47053080121963986
2018-12-28,0.72681399360459165,-0.42358682785693563,1.0126847604554057,-0.16247434104745118
2018-12-31,-0.23901982559720236,0.54166162495143533,0.025312276578636633,0.000154067242202658
2019-01-01,-0.0043382453826704848,1.9999999999999998e-18,3.0000000000000002e-18,-0.0015913805901821129
2019-01-02,0.75981166731001459,-0.38291007411042571,2.2e-17,0.058773070501451884
2019-01-03,0.13917092174630252,0.87267876014647339,1.2999999999999999e-16,0.76612635056990241
2019-01-04,1.1427884443202208,0.092514141427376614,1.3261790264224687,-0.32993916637372611
2019-01-07,-0.68948444317190938,-1.2433197132227922,-0.90472739227143295,-0.88126695494125529
2019-01-08,-0.73007735414656449,0.033824872350070014,-0.0095237323755107111,-0.60081756909144346
2019-01-09,-0.31396206005035548,0.61221287608894337,-0.11234170569895204,-0.80945976567870082
2019-01-10,0.44428830897477639,-0.62015991658776659,1.3188326663491019,-0.12661604491687661
2019-01-11,-0.035053404591735511,-0.54794067902990928,-0.22294842138658386,0.013070055512722726
2019-01-14,0.21503045613953439,-0.88973662256085118,0.001465132019871722,1.4381461435699339
2019-01-15,-0.12846948264844307,0.47615957347192234,-0.6170373921088429,-0.55796883311395218
2019-01-16,-0.089857214588051515,-0.080165388824351702,-0.73339333100780879,-0.49827615978332784
2019-01-17,-0.17574555874803488,0.015746869071687535,-0.35529591360861679,-0.039800913474592442
2019-01-18,0.32218910948911095,-0.32509408024187197,-0.39296910838144206,-0.85519311703488088
2019-01-21,-0.044173548090464893,-0.49800453120759519,0.95178951062707495,-0.037504087627053061
2019-01-22,-0.60820691835576979,-0.20665678291584616,0.46136112741265461,0.059591604756154645
2019-01-23,-0.30965988976743314,-0.39958813211039707,-0.028919594553391496,-0.40814376010704156
2019-01-24,0.013709956047744366,-0.049040819227489089,-0.15312096039282672,-0.3397232295977991
2019-01-25,0.5757772887848619,0.22164400705131965,-0.29185305504026676,-0.33593462559169834
2019-01-28,-0.68957795386309217,-0.94711336325830875,-0.45131288846310247,-0.027726456409924272
2019-01-29,0.75688144833836912,0.16117231427635983,0.032030255183963657,0.82468915918878993
2019-01-30,0.19074354877461538,0.81474811241378609,0.44867671811460558,0.55507352810161736
2019-01-31,0.21061917739069919,-0.44623442801553159,-1.163063296507056,-0.42584480990404194
2019-02-01,-0.08000205069286738,-0.69266488058607256,-1.0455175180447684,0.83944284569722571
2019-02-04,0.063491029090356102,-0.41534813040822616,-0.51130502770792319,-0.38851588897402983
2019-02-05,0.13656566762329919,-0.25168071623038202,-0.040999207478569943,-0.51091428418416729
2019-02-06,-0.3213113615302951,0.27409914599274071,-0.2757082668006966,-0.32707245117878214
2019-02-07,-0.62889508204083577,-0.57321916744329415,0.09052154586936699,0.10511790657872067
2019-02-08,-0.20194766986549173,0.28511695803496451,0.086386416417650422,-1.1256236241620745
2019-02-11,0.11163868913108779,0.011653319699341193,0.011394999931911825,-0.25655971371719494
2019-02-12,0.11491023950059906,0.034535481168895592,-0.95754978256376855,-0.1403582326315333
2019-02-13,0.19719648231271239,0.57417117931313744,-0.74131347080054144,0.70182642015121011
2019-02-14,-0.084872486484462245,0.30650863718293031,0.053365964640144245,0.14274800687392081
2019-02-15,0.067948409747210906,0.43749052482087886,0.33027481145493337,0.4943757343523052
2019-02-18,-0.082674238595495664,1.7398477641449999e-06,-0.073008108969373334,-0.59749812686753978
2019-02-19,0.17111953436349941,0.68770032763450351,0.012972927712920378,-0.13233061348276098
2019-02-20,0.58444001069153928,-0.022932412524111628,0.049767708644843998,0.39875939234099123
2019-02-21,-0.39316350046316789,-0.41262005705703558,-0.25434717168299387,-0.16807326024402192
2019-02-22,0.081071159505311102,0.38227308020566675,-0.30362466603111216,0.20311077478490647
2019-02-25,-0.27927870141098865,-0.36255607400306689,-0.55862881805200837,0.21878510483576635
2019-02-26,-0.093428474730591751,-0.25276161274446041,0.049324497734977477,-0.088834154027242568
2019-02-27,0.35692171801878442,0.4260520101309947,-0.044264939731537375,0.99595432847844123
2019-02-28,-0.49275958273864934,-0.17505941795268504,0.56677397144850072,-0.80636131083442297
2019-03-01,0.42781488557006475,0.19353212732592726,-0.87211298095849732,-0.042636693898482098
2019-03-04,-0.37919449477283723,-0.084552842760815858,-0.92439080605947954,-0.12263686952807312
2019-03-05,-0.14669664891628259,0.16249185452211082,0.063450055844441605,-0.30513203291910013
2019-03-06,0.41855761648191131,-0.41673601379645542,-0.3752122630222684,-0.13036318745325998
2019-03-07,0.3206942039792357,-0.084158837451988336,0.55801619505958222,-0.37357760354116332
2019-03-08,-0.41972702402666773,-0.10297712343401109,0.59294443074906966,-0.089501104587765626
2019-03-11,0.16543498373633561,-0.095838758272070668,0.27265704102878702,-0.21572846403254808
2019-03-12,-0.08776978148197731,0.77125784255506158,-0.3103367056023556,0.57464153582089172
2019-03-13,0.23023449016595915,0.35729855656702353,-0.1906996558051966,0.23914736091451674
2019-03-14,0.15569081615892272,-0.59148102182446061,0.18434647686738576,-0.24152730134386394
2019-03-15,-0.41257099677105297,-0.7850120023855649,0.048937226091278194,-0.38224105334166458
2019-03-18,0.32310675592748139,0.076992694768024172,-0.46097764527911755,0.50862970562984711
2019-03-19,0.79567530442609846,0.48067574799637336,0.22143768973306774,-0.17305654931693742
2019-03-20,-0.14684418214633413,0.78423999703721281,-0.0077180966923115074,-0.8312573610078422
2019-03-21,-0.21201182645388247,0.21131291381637851,-0.0060483073040195918,0.2231834252115347
2019-03-22,-0.3960753524996069,-0.67744833341173094,0.3196059016730764,-0.4616333210605103
2019-03-25,0.41988719532830948,-0.46652496445936265,0.44774254387875734,-0.4430195314567823
2019-03-26,-0.36705825615860954,0.16513078241346948,0.30605337818747846,-1.1085601886169507
2019-03-27,0.18307641996188703,0.14062539241296357,-1.0671231653434619,1.3073994827721227
2019-03-28,-0.48882091391007076,-0.7565718959742469,-0.50853339180057477,-0.21802245291826974
2019-03-29,0.031681682191496245,-0.44375968122030091,-0.47455450311704467,-0.20672344748052396
2019-04-01,0.13486191600105607,0.20761301561274034,1.0049977086056199,0.37159927374013829
2019-04-02,-0.21907522892556891,0.077519859878522168,0.78681994341267514,0.81069408656349773
2019-04-03,-0.026602775174224599,-0.63746323285161777,-0.44088063683525253,0.068118176333532537
2019-04-04,0.21528649227087365,0.35520728499482146,-0.17861752098483069,0.14090961896604987
2019-04-05,-0.017515072997738031,0.20394023626888239,0.22702399341527729,0.57914315906495506
2019-04-08,0.65134319263782536,1.0907307565467019,-0.60216007783673176,0.10616112577944795
2019-04-09,-0.070976617268755066,0.27135873928054932,-0.035338038309565799,0.074278390767048078
2019-04-10,0.22678549843022688,0.74975405375257476,-0.45191691574902187,-0.84031121250255103
2019-04-11,-0.3979331112936576,0.011842474464999059,-0.10838011845093731,0.27736292429254511
2019-04-12,-0.11460441210038563,-0.1313845506829211,-0.25603078696971032,0.45448513304831123
2019-04-15,-0.055363131274433854,0.32327059764802096,-0.10531468477023197,-0.11028526388961246
2019-04-16,-0.60286111837616663,0.2428347005689184,-0.2157757221930979,-0.29475352994424037
2019-04-17,-0.20566516941017809,-0.0978279833844585,0.10381436289956456,0.39686906348936812
2019-04-18,-0.192564248047602,-0.29495750812783417,0.61212016595699448,-0.046964435881699747
2019-04-19,0.00017338323118789101,-0.000219117797990746,-1.0161122931445434,-0.0010438405169512482
2019-04-22,0.00045773914533996595,0.24669080433487375,0.080252207882949567,-0.002203765115917362
2019-04-23,-0.15602087019062899,0.020393127294435785,0.2260196539075166,-0.39296301070370288
2019-04-24,-1.0255692106194805,-0.47830409326339229,-1.1937080369578517,-3.168402348401552
2019-04-25,-0.31401599079384213,-0.23169054537095041,-0.13737913562705345,-0.051035507633842507
2019-04-26,-1.0826828206179437,-0.65723327915990715,0.23653398300331113,-0.27294328561559072
2019-04-29,0.2130667238161528,-0.4121418207776677,0.0026327223185972338,0.12090087492992564
2019-04-30,-0.13627433969954902,-0.34132555019489058,-0.0052470461685154065,-0.98609842736695885
2019-05-01,-0.53393653236070882,-1.1306953349602218,4.3000000000000002e-17,7.999999999999999e-18
2019-05-02,0.30334504894982017,-0.84055161135928846,-4.9000000000000001e-17,0.53513223681497779
2019-05-03,-0.10838306262206684,-0.34494588670130399,4.9000000000000001e-17,-0.74985621548746695
2019-05-06,0.00046102665569895299,0.17237030205583095,4.3000000000000002e-17,0.2646151135827598
2019-05-07,-0.31766895790054878,-0.44142888746761116,-0.77654222179908106,0.17394121472248192
2019-05-08,-0.19617688499160493,0.38403674518567604,-0.22988358983428089,-0.292169354705554
2019-05-09,0.20431365179658978,0.059798972730049041,-0.08944285395232851,-0.27183256039402359
2019-05-10,-0.35209138053866063,-0.26663312661654931,-0.46924718415938382,-0.37052243108593425
2019-05-13,0.24431212062880989,0.43883964275560783,0.52331985734520159,-0.56699653388627147
2019-05-14,0.20171595686244384,-0.5817397817481802,0.64664933630396249,-0.37379447747585492
2019-05-15,-0.56543605002465258,-0.54686291880039384,-0.85500154284047847,0.29324948907341264
2019-05-16,-0.33904484120997086,-0.30636503049733277,-0.047957419079483539,-1.0821791843655757
2019-05-17,0.068555650382099528,-0.31339006914367828,-0.49721704666082067,-0.19121339165816092
2019-05-20,0.30895463094665038,0.000362311221468692,0.45310185002051478,0.49425906554768018
2019-05-21,-0.10719946408517278,-0.52955064060189172,0.14007326980348001,-0.58695664504608303
2019-05-22,-1.1265594509272832,-0.93435142389240067,-0.20832061423508946,-1.0607606781352441
2019-05-23,-0.8566908730554853,-0.81398170785395318,-0.14301166014743957,0.34235866633959511
2019-05-24,-0.186865618595877,-0.19508035217228611,0.011567714506406153,-0.34996759671593536
2019-05-27,0.0038810151428261756,-0.01157462393748507,-0.047032712570768645,0.070553941759921038
2019-05-28,-0.2552172256278385,-0.42267944823068654,-0.7779646233131251,0.19162655794209188
2019-05-29,0.26541384123543965,0.49428495063087591,0.39872854658652562,0.36509869119554866
2019-05-30,-0.24076299855244013,-0.43910991948911454,0.72073228873418438,-0.45442907185639975
2019-05-31,-0.12517179378645155,0.020750614911721345,-0.54042870251263986,0.62171797828336095
2019-06-03,0.30614407726974313,0.75123064705960552,0.76331384676699243,0.048181066525693685
2019-06-04,1.0868828033991291,0.26655536033357008,1.1716838574383488,1.0734303163873133
2019-06-05,-0.63753708910044438,-1.0439485918559139,-0.4572322418067018,-0.36146949597190958
2019-06-06,0.13625135632174182,0.29774834161241226,-0.0603308138293423,-0.51647110600654178
2019-06-07,-0.006791673456818385,-0.031175704204923414,-0.57392887026488226,-0.74721225639380817
2019-06-10,-0.047362296254874564,-0.38883101802498343,-0.46471769092160059,0.018601448210245002
2019-06-11,0.56185191997492256,0.13124696349722595,0.17767584434336944,0.31204739087187405
2019-06-12,-1.3915459794158751,-0.91672045356946463,0.20061126325262843,-0.31198772789830326
2019-06-13,0.51607535750233902,1.1937203702283479,-0.11005728216466519,-0.042437204594833702
2019-06-14,-0.2607027675101119,-0.71198432162331993,-0.68496761827207109,0.094001629102815787
2019-06-17,-0.17181527024006993,0.74997683135526305,0.15824050405728388,-0.70961124431938793
2019-06-18,0.73224693237635829,0.43670145232926216,0.43993147175986558,-0.40559271876757597
2019-06-19,-0.41193073694641158,-0.088266150026142035,-0.00028458940442266899,1.0151741198775477
2019-06-20,0.17131694737620673,1.4015278836957223,-0.78393748486540515,-0.47301214805384323
2019-06-21,0.60246122249498757,0.21361328157452758,0.64166810358222082,0.19420435643409426
2019-06-24,-0.3243832877741531,0.67986297092434245,0.19652815287265613,-0.58443038915213219
2019-06-25,0.18944343447934192,0.69885487873008867,-0.004796443485077643,0.26623466580270777
2019-06-26,0.38571195696428712,0.40096012643977924,0.17093961049484724,0.076823529944162583
2019-06-27,-0.075053068393896943,-0.91648247769798763,-0.060667482560336689,0.58595498760602971
2019-06-28,0.081117088085731634,0.043773637586086982,-0.36906531487617261,-0.98206220730141935
2019-07-01,0.52761667924408595,9.9999999999999988e-19,-0.086943545163958247,-0.30497010829677179
2019-07-02,-0.42259710498732561,-0.98988347125433551,-0.23381452075764814,-0.62588169838677932
2019-07-03,-0.67513338153044811,-0.40489306225934302,-0.27332617483653121,0.3969900119736004
2019-07-04,0.06195025215667832,0.16560369072438338,0.097946988432280307,0.824777871820777
2019-07-05,0.27465823473562068,-0.028165429729057508,-0.17522463394230486,0.083712042048440627
2019-07-08,0.5758318490335198,0.26407825911691735,0.34586959709261755,-0.82920773152730454
2019-07-09,-0.31957924233416612,0.092196956716356207,0.0045415729751895244,-1.3866714440319567
2019-07-10,0.30136849551431211,1.170825810389897,-0.34739776056838867,-0.23880105727171599
2019-07-11,0.23175910676918252,0.067288988404289901,0.085679947757866637,0.14737131880380774
2019-07-12,0.24209128954583367,0.37923613465002826,0.44318673002047887,0.19468447831701996
2019-07-15,-0.4150495194144086,-0.038969271263827543,-8.752973198443e-05,-0.22926056815300822
2019-07-16,-0.010283056818955924,-0.6094027609960444,0.28095247259246736,0.3396583272365179
2019-07-17,-0.68428392074829925,-0.14121452311827293,-0.065396861419617439,-0.45561900442487524
2019-07-18,0.45524619126160615,-0.61137360018050868,-0.28087874743248414,0.35674586732010793
2019-07-19,0.74951177851774087,1.3176013922014445,-0.024559467476000095,0.21612960405711715
2019-07-22,0.15204447988616221,0.19318559703508231,0.41138848476971607,0.028472349307341164
2019-07-23,-0.014552302744017144,0.20977894355011939,-0.0056033276754309611,0.9171363107796674
2019-07-24,-0.06891818417962739,-0.47455753734287454,0.22992884775722106,0.043086247047669217
2019-07-25,-0.37917192424944551,-1.1394929267980267,-0.29730492737024022,-0.77572912653533144
2019-07-26,-0.22071112842755045,-0.94762797932635889,-0.64308220844262565,-0.80236320048269838
2019-07-29,-0.45098546515173016,-0.078431966673698936,-0.51013783282267466,-0.65814778237836524
2019-07-30,-0.18534302682758061,1.1936658583313173,-0.056254259379400796,-0.63807181121722389
2019-07-31,-0.11866433067128268,0.73424495652528965,-0.48478906434927438,0.011781254996490794
2019-08-01,-1.2136793780250754,-1.5810815313381661,-0.053354007782253736,-0.58838516136796915
2019-08-02,-0.37475639188919513,-0.85050745182092025,-1.1273137382539717,0.02424309499421503
2019-08-05,-0.38682712816383497,0.00020219328113998399,0.066456925583891713,0.44614449480543167
2019-08-06,-0.16216704748474262,-0.40543746711342338,-0.4076370052885388,-0.33846673723455017
2019-08-07,-0.88690300588598314,-0.80201400296951564,-0.55447920703814801,0.0045228690693253255
2019-08-08,0.43585473710574574,0.18590328311773568,-0.16267491786358312,0.22741281920446102
2019-08-09,-0.133009595931011,-0.59063087056994312,0.23943368913989452,0.097220893350512885
2019-08-12,-0.4246400068925259,0.5731921585605747,-0.0030543750159194158,-0.62443282231497466
2019-08-13,0.86188741173817907,0.17597241019046864,-0.43835913783353386,-0.16202067525049457
2019-08-14,-0.29074727225120356,-0.26219978689211598,0.36102216419170829,-0.72316180754687931
2019-08-15,-0.46547678643718593,0.669687138514929,0.27612614482916159,-0.72836238687348109
2019-08-16,-0.0053920387164312824,-0.45974425785112261,0.1198056316283157,-0.26820862176138149
2019-08-19,0.86012123061176649,0.79166262659295128,0.22454987010456751,0.30800460621984432
2019-08-20,-0.61333030292892721,-0.48409267961556629,-0.59361444622403281,-0.064533972725756727
2019-08-21,-0.053524001441034939,-0.11245531816693644,-0.31873436727583915,-0.16898250605815696
2019-08-22,0.49506535297013671,-0.48632871944663381,0.13998078286453819,1.1657083828955312
2019-08-23,-0.30662203352334971,-0.17857961479027265,-0.083153026254679352,-0.99981110038181664
2019-08-26,0.00089813541518714605,-0.64454275472136446,-0.17142064050366357,0.80114475114926431
2019-08-27,-0.24911651303078033,-0.57259980996060855,0.032111212512895407,-0.2399765393677627
2019-08-28,0.3131035530769346,1.3852045971122893,0.36956701695972816,0.53372142420320023
2019-08-29,-0.16276648937619961,0.25559261670303662,0.45368253583298679,0.27309192343080974
2019-08-30,-0.017624032086338309,-0.60252142099795369,0.21793066832061364,0.14910863829003712
2019-09-02,-0.66239562945488495,-9.9999999999999988e-19,0.3724619438476019,-0.54800390126058107
2019-09-03,-0.32204516499260438,0.035463128356785119,0.23479227151245816,-0.16164487701942845
2019-09-04,0.63903010328117338,1.0045085680187154,-0.45651373644127391,0.73083308974298067
2019-09-05,1.344230272400694,0.43448394336991525,0.074789056948122143,0.2350854111288298
2019-09-06,-0.42996293625038967,-0.4775378162494775,0.34600259525716143,-0.02869938716812321
2019-09-09,0.94691962611418468,1.7235635749135232,-0.24241316775792587,1.2546227015026372
2019-09-10,2.2206712369669548,1.2088099836002402,2.1731823822318725,2.2167343186170725
2019-09-11,-0.23114034169441972,-0.33212438274429579,1.305304807286978,-0.225696984128677
2019-09-12,-0.07558367122140755,0.22195853996608253,0.16859789812311665,-0.12997525363690268
2019-09-13,0.61513354820425226,0.65915027173644669,0.20104941867713275,1.245468884812172
2019-09-16,0.77730925126294503,3.4861174623871234,0.00098998823764536001,0.46077381746154839
2019-09-17,-0.65682868007898243,-0.26096216154161805,0.10581315177793844,-1.3421536017068478
2019-09-18,-0.39778197351998712,-0.91719478093480766,-0.76923644835956551,-0.18538981880192351
2019-09-19,-0.34458251896032938,-0.19659480592108075,-0.59552134125828127,0.20971966133268494
2019-09-20,0.12174609329036787,0.62206580290773117,-0.20795139856356729,-0.059780204121598214
2019-09-23,-0.21007436505459973,0.40407865850017044,0.010595993867402878,-0.72868046412741805
2019-09-24,-0.96379266145560227,-0.30579025143858807,-0.34388270769754842,-0.65012468941238166
2019-09-25,0.30430430344803755,-0.35883492164872888,-0.050795739414478382,0.86406661309881339
2019-09-26,-0.28550607775622855,-0.4577334602779497,0.74735131314181125,-1.0591447167146244
2019-09-27,0.063426589551533324,0.50877000180798682,-0.21374323893257713,0.046354708249378145
2019-09-30,-0.32349806616355348,-0.2603886658953079,-0.66952448897806172,0.32757649407429429
2019-10-01,0.001334720673003666,-0.91923846878504534,0.43920124919028897,-0.68426606032407788
2019-10-02,-0.26071985175568568,-1.3081968438637352,-0.29170221541664476,0.17265517169528694
2019-10-03,-0.013758024720272996,-0.40107333676267726,-0.24623322683817336,0.010165724238834049
2019-10-04,-0.044138438372115667,0.065636886206352676,-0.44987746216509411,-0.8598812029098315
2019-10-07,-0.038556850575666581,0.11492875814473537,-0.28270344401553865,0.47174611790172288
2019-10-08,-0.24195516175125556,-0.45256649366487312,0.040538547830957908,0.10577413017064691
2019-10-09,0.25737611954040091,-0.71121623129481171,0.21183913248499875,0.12982334708722143
2019-10-10,0.72861992172218915,0.83962732688358799,0.71015238381298529,1.4405491906029355
2019-10-11,0.35711772617533083,0.6077874791264567,1.0831711965054467,-0.49691170211446817
2019-10-14,0.13547750418535517,0.00016272410998716,0.0012305680688071928,-0.3276250590150227
2019-10-15,0.60953041385180329,-0.80834691718731366,0.36294465363687095,0.083623046888416139
2019-10-16,-0.10774625022829057,0.48883948615210548,0.15791624015376263,0.53789181579039247
2019-10-17,-0.033006278003231693,-0.37417317718046395,-0.44180337087284477,-0.20635914185311754
2019-10-18,0.52408825081357668,0.55169900401415739,0.23010052401456751,0.62789095946256823
2019-10-21,0.085915012749004233,0.44428559294454545,0.12648812853138539,0.13944316273732962
2019-10-22,-0.19698710994495361,0.3451719201725254,0.000184165399615641,-0.27578244808503366
2019-10-23,0.14159762845980373,0.19667359716340391,-0.24647020643991319,1.227288565354236
2019-10-24,-0.30778278283522303,-1.078052400542715,0.2782851439121351,0.41207198454952493
2019-10-25,-0.13520902559951534,0.6855294955814345,-0.41327928201143721,0.49954804121380059
2019-10-28,-0.28773170000065623,0.30105662509541781,0.48517967537870493,-0.063604534852582037
2019-10-29,-0.046936054207076396,0.83401773753657094,0.66283660680971412,0.034503613694130332
2019-10-30,-0.92145655796782955,-1.56853058429966,-0.38870273372500058,-0.68267004400463216
2019-10-31,-0.48680256269553296,-0.86982939231118639,-0.283690640959669,0.48104385617354395
2019-11-01,0.91774400062006789,1.1366504277997851,-0.48345697322880415,0.18499530618132171
2019-11-04,1.1531806228771584,2.1068767786852458,0.0018801480149298511,0.36083466773099088
2019-11-05,0.42021909739007585,0.77807407448622168,0.67013297747143197,1.0308983526527415
2019-11-06,-0.27882853001864139,-1.2009189424177165,0.67188089164037834,-0.42732441146702566
2019-11-07,0.42323850572006649,0.69971752537569021,-0.26986470515892497,0.64671054583714094
2019-11-08,-0.71051412455060436,-0.41084186278946228,1.0897968883311497,-0.067354678684665381
2019-11-11,0.10830931631510465,-0.04158132770737967,-0.18756359775745587,-0.047302660216455142
2019-11-12,0.051479422308420286,-0.15585365149447014,-0.18161420339619799,0.62640973976518866
2019-11-13,-0.92382408489616297,-0.13106109502629684,-0.18846736199290745,-0.73296041664461575
2019-11-14,-0.50518724377435653,0.3805826337372713,-0.82211577747073583,-0.21439650443637767
2019-11-15,0.19566349683623144,0.86267036175616296,0.20552603250478027,-0.24228247845878526
2019-11-18,-0.72876357650403722,-0.63727481524047269,-0.87241177686810767,-0.64545776275738798
2019-11-19,-0.0031162179361028577,-0.98530039233045463,-0.50126794303810307,0.080397042039682093
2019-11-20,-0.27226749528459265,-0.24154474869683096,-0.50486377342874644,-0.25830338078020176
2019-11-21,-0.48236509432243063,-0.09849479418375609,-0.17695166853429062,-0.35037374656288039
2019-11-22,0.078400692560463447,0.34895055987616108,-0.25346122886719896,0.24335854972573537
2019-11-25,-0.73729208059706108,0.23418484047844587,0.24304181509024322,-0.2767787872098284
2019-11-26,-0.18810657389297017,-0.65665975885634098,-0.36691340574062858,-0.056442737043392852
2019-11-27,0.17037908008826716,0.076677537590265021,0.025501273170371777,-0.20037550108858046
2019-11-28,-0.29388936057840648,-0.14384035477741011,0.094965488785469468,-0.34802560054216608
2019-11-29,-0.63907538564232147,-0.49324093681116865,-0.12968745086226591,-0.41267714544988671
2019-12-02,0.7464728648561848,0.33635971479984983,0.20779738888558322,0.61885204100982116
2019-12-03,-0.47678766921139998,-0.49703760875598102,-0.3864763703382999,-0.62561731439553159
2019-12-04,0.54386705970479887,1.3730675738091775,0.41835937828955005,0.34874711694249255
2019-12-05,-0.60562477843080198,0.071566087924855484,0.78254999889503496,0.16084828251582775
2019-12-06,0.51558654819883054,1.0268396722991646,-0.16501864709040365,0.62255718485489719
2019-12-09,-0.33784588533243809,-0.31579136347964176,0.49417131490041766,0.047319222802152935
2019-12-10,0.091318689660126601,0.40096138217261595,-0.42460143505332087,0.32340998264115906
2019-12-11,-0.010566913537189106,-0.14662723280956919,0.48597413022930264,0.38417674873394142
2019-12-12,0.97492470284472554,0.9682063311665039,0.18419962902970574,0.25983072008407188
2019-12-13,-0.28963729648317627,0.49364000574116534,0.94975111689758041,0.46795783148487075
2019-12-16,-0.67257180285280471,0.79660510637954363,-0.13253958958907736,0.1186555218019439
2019-12-17,0.60276882318046943,1.0473407493837952,-0.57375632267715004,0.06767933478454155
2019-12-18,0.17976891264264538,0.25807109519212929,0.18392332273267611,0.162848263200809
2019-12-19,-0.13670994223864957,0.30783408453475419,0.36408706849023448,-0.66825546254789037
2019-12-20,-0.39328176062320297,-0.83237015488257116,-0.46085092155135471,-0.30364057434823388
2019-12-23,0.12963634207040012,1.5330849314874651,-0.49129765297936867,-0.055775511771239628
2019-12-24,0.10446971705234864,0.13637209046606971,-0.57983964457975068,0.000105586052745116
2019-12-25,-0.00024621001871764296,-0.000416588339952159,-0.52357681349170415,0.00065444133518048598
2019-12-26,0.00036048846183453097,-0.000416564081710853,0.187960927046781,0.00095292727461094499
2019-12-27,0.3823568671542556,0.14400651871297154,0.17891821785290773,0.076304864700174099
2019-12-30,0.048649436262614025,0.59919883618399272,0.12764276342028749,0.028417181536642667
2019-12-31,0.11594146392776385,-0.15846666806934037,0.00088093028583216798,0.00077249136145413294
2020-01-01,0.00083710677045516495,0,0,3.8000000000000001e-17
2020-01-02,0.5520033607840964,-0.71622504436730849,1.1e-17,-0.19592407975505621
2020-01-03,0.58320128336466082,0.19502233518449386,0,-1.0035157314076681
2020-01-06,0.2112331079458323,0.79688607799186817,0.13289480718948307,-0.15631689414083005
2020-01-07,0.75929114729627523,0.28433192174927557,-0.35841358685702746,0.52560345911203221
2020-01-08,-0.51418300122828264,-1.1561983178215827,0.045342260676830032,-0.088747374469165655
2020-01-09,-0.22088054737474239,-0.43973383036859548,-0.48615679590300442,-0.37827631846170906
2020-01-10,0.33745328060371871,0.22444175016243834,-0.75836430026822643,-0.56283837817778537
2020-01-13,-0.11110272008329106,-1.0020941052894849,0.0053021040616407908,0.28197291368976235
2020-01-14,-0.61142101553766515,-0.20814629160424361,-0.30235670505792356,-1.0591253457720959
2020-01-15,-0.48512526681766266,-1.0069234222612768,-0.19170071011718176,-0.27989767161803469
2020-01-16,0.30187021018549837,-0.27258104808457406,-0.15164693926517314,-0.13852119217109554
2020-01-17,-0.67172216009700192,-0.18615832712990668,0.72162563709190808,-0.9008481661035137
2020-01-20,-0.032124765382664545,0.084672108169419252,0.42885916743245522,-0.036225147956465149
2020-01-21,-0.57033658172674251,-1.0211226789092882,0.58747198539271173,-0.53358750783166187
2020-01-22,-0.26887938487784568,-0.20078973033611866,-0.50827295205261958,-1.505624621766775
2020-01-23,0.35655121144282248,-0.69348826539070452,-0.18765079076553393,-0.16163123172700042
2020-01-24,-0.18348873784625905,0.046020714679164514,0.19442298512729259,-0.76065381133412535
2020-01-27,-0.55720758655051095,-0.55038111428259606,0.32856934812041028,0.60724301255521484
2020-01-28,0.12498921466674688,-0.49980465391289464,-0.37158845559038645,1.0880770914945388
2020-01-29,-0.27252189329739418,-0.074696647915789727,0.46632114366490629,-0.11750814299241695
2020-01-30,-0.14023226126296254,-0.13837170026104859,0.28436772403459226,-0.38083994682498967
2020-01-31,-0.69832291836129323,-0.42626091625036189,-0.29142559603830465,0.12577574057895421
2020-02-03,-0.88548620311525716,-0.67787965758541435,-0.38904513286732184,-0.42635787847777501
2020-02-04,0.67446080796409336,-0.7138326421601604,-0.4636700256326941,0.37141166202464815
2020-02-05,0.79706009338202155,1.6766447182071209,-0.09879145782815664,0.74227693531713546
2020-02-06,-0.41457198755288932,-0.20498930726729958,0.23531043437308019,0.22862065605481771
2020-02-07,-0.37123179502840598,-0.24539321686972104,-0.1386717177029676,-0.041555261187649503
2020-02-10,-0.77538797800406423,-0.67575758037742872,0.073055943678233037,-0.34330349893285139
2020-02-11,0.36750106938658206,0.4872977356099561,0.00062246324118547,-0.15700905484647257
2020-02-12,0.82871291847284867,0.070828051026386646,-0.4207513455765215,0.80895703288605825
2020-02-13,0.020769227312031801,-0.36108417038096491,-0.52575186048521061,-0.0050490462887184569
2020-02-14,0.0089860831077473759,-0.5314970476958355,0.46789838966402753,0.57810837020228589
2020-02-17,-0.11810163808423654,7.3426726686261998e-05,0.67576498741253233,0.12222242520746941
2020-02-18,-0.63789695683109882,0.27499174966815021,0.71393721000834443,-0.7658633041137054
2020-02-19,-0.13571341329848732,1.0189723614302799,-1.0919813571541592,-0.88094642717308957
2020-02-20,0.48307070759880266,0.46488850954131705,0.7884454885232518,0.6539989555137693
2020-02-21,-0.22689141463080745,-0.044138442024816829,0.48859538454366669,-0.08753479887537953
2020-02-24,-0.48244825690394882,-0.50233371831155094,0.0029486307946394522,-0.79857975285237592
2020-02-25,-0.15053155587967526,0.021629080801181019,-0.18752903582282993,-0.1330556674727307
2020-02-26,-0.19293163537247754,-0.36949819780812343,0.63717572343290985,0.17473473492290639
2020-02-27,-0.45345739242159189,-0.40880144894816733,0.27044161840993669,-0.02707830751008506
2020-02-28,-0.69454694018498431,0.22019122328797475,0.44519053358643762,-0.34014599266934953
2020-03-02,-0.63559122607407037,-0.46567226316639265,-1.8416398859248977,0.98550383095602179
2020-03-03,-0.12451106346425471,-0.66512450021918668,-0.07930757918793406,-0.98164008457853402
2020-03-04,0.55941745740214699,-1.5706730425786002,-0.54374413827756152,0.42849841149355972
2020-03-05,-0.42961059579289773,-0.21111262907867676,-0.61162940378030484,-1.7054652688214174
2020-03-06,-1.1561673059640314,-1.4781625346848561,-0.49423432147763086,0.30072949104945584
2020-03-09,-5.7918123790382694,-6.6985801675915697,0.17502671768399836,-1.2471585379636303
2020-03-10,0.64005992618835905,-1.0598787443504492,-0.7164544473439205,-1.0009064818991444
2020-03-11,-0.91515281485836897,-1.2364891769962179,1.3975197344569816,1.1583355860244477
2020-03-12,-2.1612737566182627,0.17904943689393202,0.28641335241053301,-2.5582559920958632
2020-03-13,0.65486276609334459,-1.2042864707601946,0.48478595062129148,0.6237432413954439
2020-03-16,-0.47329274971639917,-0.49280905373905692,0.17123331319922364,-1.7719344305348557
2020-03-17,0.43961040689982156,-1.9844707532881127,0.24686276156291542,0.50286829793501009
2020-03-18,0.91431841800808344,-1.5620782301797995,-1.1446762351391373,-0.6001882935026297
2020-03-19,-1.7931483574712532,-2.3268105712019986,0.22045186888226542,-1.4663709545763588
2020-03-20,-0.31534639490054817,0.48434685860346954,0.028299641225167114,-0.57140139107618904
2020-03-23,2.7203495643192186,-0.23391093494477511,0.014152922637757082,-1.0564309071593714
2020-03-24,1.6144799429616468,-0.50497031368253442,-0.46203256916638508,1.6635803926575246
2020-03-25,0.045083956505087348,1.379250907444987,0.25742037970981085,0.64527037558197342
2020-03-26,-1.2235968217728841,-1.8731778899408655,0.9361630718566698,-0.91418939839713242
2020-03-27,-1.1563838127038029,-0.17294459216178482,0.43517138036593339,0.33940488500833588
2020-03-30,-0.72531838311649144,0.071995156604753793,-0.29619505672692026,-0.86995288068471943
2020-03-31,0.62704309982841488,1.2476669282547144,-1.9088219557169397,-0.29350906164353335
2020-04-01,-0.20602133976150971,-0.26480529573196282,0.020205573061124124,0.009993186101080187
2020-04-02,2.8695593596582722,2.7261925552548036,-0.83911349565501447,-0.43008243540923025
2020-04-03,-0.13645177984607085,0.61442839934670257,0.35732313685883504,1.1065991972386977
2020-04-06,0.54949122383240345,-0.10233313838020892,0.49169667252227456,0.74528014192124392
2020-04-07,0.82047136847092272,1.4908052500770126,-1.0844537350587249,1.3471544525693191
2020-04-08,-1.2585621085342804,1.9759705829127627,-1.1979431775878928,-0.56463829687824907
2020-04-09,-0.36926503143578032,0.051220584802460896,-0.6872945917281772,-0.14601109407258117
2020-04-10,0.0029465514237914919,-2.7370171142911001e-05,0.6032392601884411,0.11974222869710258
2020-04-13,0.0043109607980083807,-0.65028050439283913,-0.77682556474526421,-0.0082794800432996682
2020-04-14,-2.9843586453158317,-1.6825445397294989,-1.1983960276129029,0.08398678176907487
2020-04-15,-2.3109863418549552,-2.4792507625356248,-1.8539573940599556,-1.5214829858120886
2020-04-16,-1.6567544119436155,-1.8998518268965641,-0.081717989616024334,-1.2243703977607978
2020-04-17,-0.017333479330776998,1.659687794114673,-0.35078331062096585,1.6385545670383541
2020-04-20,0.27535516224139911,-0.83305835075935064,-1.0031554815647963,-0.092616802689246311
2020-04-21,-0.90465546126456498,0.11928734190652904,0.97029815912367867,0.248961779261093
2020-04-22,1.5858037185166898,0.85877598509231157,-0.027312333501296887,-0.086397483387613397
2020-04-23,1.6544614287555408,1.3533125459663455,0.89895121080585527,0.83916410001554054
2020-04-24,-0.2763111153518687,-1.6628572080165271,-0.18106952609545496,-0.80486627269198718
2020-04-27,-0.88381977373659482,-0.049659758468993613,0.089180907316433258,2.2820810562926077
2020-04-28,0.86422148051754633,1.2305827957427671,-1.0765144843173795,1.8787368619152218
2020-04-29,1.4154003171579186,4.5705727026704803,-0.012022349887587798,0.73799050325415139
2020-04-30,-1.3793607197016888,0.30063355781495971,0.074861544075847331,-1.2031299189925133
2020-05-01,-0.83013526681966021,-1.1952833317611955,-1.1137711242052568,0.050802998234893149
2020-05-04,-0.81294268380175272,-1.4479756061975075,0.001411944225376612,-0.61544626763806121
2020-05-05,0.99206698579691888,-0.19368894417347668,-0.0031096287243848756,0.25250783246385966
2020-05-06,-1.3717341963403766,-1.4447662441097595,-0.0055605035694424113,0.15333558833195005
2020-05-07,0.70297034589646767,-0.11647242667812416,-2.0998479629139535,-2.5812910433938443
2020-05-08,-0.020174039177431671,0.48189282246746229,1.2364390252684809,1.6766595206897086
2020-05-11,-0.71317594378612004,-2.0711603432872607,0.25842833657515007,-1.0984321628651503
2020-05-12,-0.26400862400107522,0.15228037280425333,-1.4862105523552636,0.053207143955932998
2020-05-13,-0.8432940605124627,-1.543490129293793,-0.79028453318334346,-1.375203296616601
2020-05-14,1.4550593272777679,0.5989072912230391,-0.34928232237933898,-0.42850782916355468
2020-05-15,0.37612315421306453,-0.10651010404107383,-0.039713853752635503,1.1639396715922756
2020-05-18,1.1408314371425077,2.5916592685437001e-05,-0.76255540661903631,0.78729510587202089
2020-05-19,-0.0047599458742109031,2.5405933368960709,0.54559860992981768,-0.31424522352348155
2020-05-20,-0.47952897696469204,1.8204557900045031,-0.73660271555136891,0.074077919368134737
2020-05-21,-0.57803991381591857,-1.0749045707710316,-0.17129237205531578,-0.49224539543961715
2020-05-22,0.14322587725931379,-1.5265727826938578,-1.0279245079033212,-0.68456758497245873
2020-05-25,-0.0026359612197365198,-0.68594463613408851,-1.013720439070086,-0.98595263908294561
2020-05-26,0.037383431555821495,2.2421545411695201,0.90471882675588566,0.54489874774808211
2020-05-27,1.6365389274219191,0.92519133713230584,1.5278883598998458,2.2574707863381822
2020-05-28,-1.3812241609702935,-0.8728651996012402,0.60215035728357158,-0.21461799497671891
2020-05-29,-0.61157845644438436,-1.2886914358868173,-2.4658947267596081,-2.1219792843399281
2020-06-01,0.64688240966654686,1.13171537594195,-0.90767889198987883,0.013287722347332399
2020-06-02,1.3013683604936257,1.6709279466728,-0.061779773279611809,1.5414450762739969
2020-06-03,1.1896422540331488,1.5074553286461208,0.85289855093686606,1.4618053459726668
2020-06-04,-0.14695683787131014,0.56763253404811942,-0.28827442708923984,-0.48041499457935277
2020-06-05,2.9376661095454106,2.7704002588677756,1.2535242029932663,2.4833716477388212
2020-06-08,1.8678516435281678,2.8404344527419951,0.91796136135069084,1.3629495695243206
2020-06-09,-0.64117383503115155,-0.47416338202698322,-0.78105627492011287,-1.155698032073907
2020-06-10,-0.65256263790460356,-1.24177229822428,-0.76153602227996853,-0.85314894506314121
2020-06-11,-2.1730097069439078,-3.1538178412658713,-1.1607313809256734,-1.7790037153294018
2020-06-12,0.69246239337423265,0.3658543986900506,-0.058893708064262834,0.45867225129970784
2020-06-15,-0.86310840838198577,-0.28018397629042563,0.75277944935676411,-0.4058038434036435
2020-06-16,0.72282123322809055,-0.80947725628473,0.38678712165818291,0.32879326769509359
2020-06-17,-0.95475618735693635,-0.71616080933539783,-0.99139644377965841,1.5891954004943747
2020-06-18,0.3790554878012321,-0.55365595739573836,-0.389260704781696,0.45706012296798193
2020-06-19,-0.033057459909061754,0.11824837973367633,-1.1139675483596168,-0.33483646862734873
2020-06-22,0.13290576912093799,0.10797305803021326,-0.56138561462392866,0.1665916238483014
2020-06-23,0.54200061758150953,1.5343970581781943,0.28568863068835365,0.54651816666216368
2020-06-24,-0.33310600246656025,-0.44804496544874722,-0.66006059597779865,-0.58644622526199686
2020-06-25,-0.26493337143013074,-0.0997507217909194,-0.97403915883153536,-0.18350261175193422
2020-06-26,-0.76499987363002631,-0.89744449865392306,0.65057775752362534,-1.3351495832272811
2020-06-29,0.46827439288623729,0.30293203282669356,0.26987040763659759,1.4295891745015226
2020-06-30,-0.1717805544099712,0.33726327768964537,0.30661546401942552,-0.67192308300398884
2020-07-01,-0.40915260681621757,0,-0.20855484151453066,-0.8605457782596968
2020-07-02,0.26170169946503047,-0.24284473197689294,1.4892402505817974,0.21241993237476584
2020-07-03,-0.24347347536570765,0.11761931982649325,-1.5018045974978542,-0.20508264051702663
2020-07-06,0.20113587000565111,1.4267909513157104,0.46927768878037074,-0.45011368249042016
2020-07-07,-0.37191515629756661,-1.2616256671705512,-1.509721803350933,0.23348395638361297
2020-07-08,-0.40368085577179119,-0.98916397817351931,-0.30370335988871822,-0.77379615693224835
2020-07-09,-0.7149538161601956,-0.96918272128559935,-0.35670607452176256,-1.5674488725307336
2020-07-10,-0.23556194279054232,1.6270942263613757,-0.53989316963675427,1.0695259255797371
2020-07-13,0.50703391835003342,1.1615456207397494,1.5312793554433046,0.46490057426581965
2020-07-14,1.4868091289403125,-0.052117336403697492,0.99597591229126736,1.8857236942770368
2020-07-15,-1.262257931164767,0.71384155415723416,0.32728105349261194,-0.56374753956732271
2020-07-16,0.20732759633302345,-0.38761662856751794,1.2988568938642646,1.0441637101407413
2020-07-17,-0.25685943688141816,-1.0005797767758235,-0.31670644380612978,0.44749403584675829
2020-07-20,-1.2884118779946001,-2.0606775524231655,-0.17892377905015844,-1.3492121317172823
2020-07-21,1.2651223840645838,2.6916627358558527,-1.841774383877361,0.27785224385111096
2020-07-22,-0.45595578681081361,-0.18911948937779768,0.094179877847762702,-0.61557296902769587
2020-07-23,-0.42049630494152407,1.3036799924819036,-0.00105666159154483,0.41828432320903264
2020-07-24,0.37616219404314211,-0.53546764756786269,-0.0072652120478346356,0.98695617123172064
2020-07-27,-0.24135083481899144,-0.55300884102436187,0.43631044543819125,-1.128648325342561
2020-07-28,-0.43933452252676536,-0.64016407051460489,-0.3038995121739545,0.06288945026885516
2020-07-29,0.13242308533836278,-0.40337240704644545,-0.49276155436920427,-1.0532864060769074
2020-07-30,-1.5794184343049453,-1.1470301224795447,-0.66280848227256461,-0.092586333960980496
2020-07-31,-0.53446767800446937,-0.6497392611949423,-1.0152360012095998,-1.2211698819448371
2020-08-03,-0.42036483297845939,0,-0.46079418359380159,0.53689833355881567
2020-08-04,1.850927974010149,0.021841955684260454,1.1529021636041308,1.2835152823290064
2020-08-05,1.6843282060497244,1.4062902833442092,-0.44568626943322226,-0.30587287989922668
2020-08-06,-1.0243408628286212,0.93605222857526516,-0.000182067039680305,-0.26687528181227216
2020-08-07,-1.6330664653751152,1.0705171171105443,0.054370370741978702,-0.17637376638404162
2020-08-10,0.92172124453640014,1.5352228909691086,0.00013654429077780201,1.2884216174969438
2020-08-11,0.60450326135599541,1.3529612238341753,1.8807630031226559,0.63233659702734513
2020-08-12,-0.46309734451593398,0.24188665657223601,0.97326047057305687,0.35376352688007395
2020-08-13,-0.71033765327049536,-0.83760035989753479,-1.1594550340575216,-0.97951214287512323
2020-08-14,-0.20424635825561244,0.71928697772992212,-1.2938609029531607,0.64455467447075265
2020-08-17,-0.67294809324810134,0.30436005170058528,0.10586164629933627,-0.51596996350425783
2020-08-18,0.39243951238865343,-0.42486528012883701,-1.3663360660716102,0.35172329178255773
2020-08-19,-0.089310232814463139,0.69443586473086405,-0.75885843276457587,0.42612578594894079
2020-08-20,-1.3029481441127249,-1.0674086547914887,0.13284800928951046,-1.8757347237682711
2020-08-21,-0.093049340796476671,-0.69757766147357181,-0.42985085176919252,-0.89643769719665378
2020-08-24,0.39836203812538284,1.6827589501433353,-1.1348613533195397,1.0931341764396512
2020-08-25,-1.3114622635339319,-0.52851187112110498,1.6290357495729004,-1.0329958173828753
2020-08-26,0.27923598261418636,-0.96089968539023185,-0.60706822180064735,-0.79540673844856657
2020-08-27,-0.17661726663023455,0.12437213205444834,-0.16982595180846319,0.38367559128524914
2020-08-28,-0.012671280779124466,0.08156341725126226,2.0607447543820756,-0.030100942460710781
2020-08-31,-0.0025403539419395038,-0.78322600814183463,-0.73371284327056818,-0.053951546654024587
2020-09-01,0.4929336072388632,-0.3098309589082423,-0.83909107802651939,-0.86261398207877449
2020-09-02,-0.89615179163714531,-0.19306782492003638,-0.59983960849452767,-0.22682153886180306
2020-09-03,0.083411884892848898,0.60643238467492622,-0.41554053387106732,1.0732624523751007
2020-09-04,1.0784274143112238,0.97671535826911116,1.109192822297403,1.4936200990430364
2020-09-07,-0.17275812827071552,-4.6959883257220002e-06,0.43339533012921844,-0.53133836948257018
2020-09-08,-1.333764257352523,-1.9287681418490905,-0.37653088273018337,0.68718789031945426
2020-09-09,0.15016957353198282,-0.58546693333696409,0.12408386610871583,-0.4261005816642503
2020-09-10,-0.014673807800700156,-0.60719260744860726,0.6645718975197602,0.37185859472691457
2020-09-11,0.19977924300006236,0.39597997620045722,-0.52970505987837191,0.18567647028382464
2020-09-14,-0.64709159043286535,-0.41711191884844245,1.2720575486664571,-0.23939273664616406
2020-09-15,-0.083404743301507489,0.18793126168414162,-1.1063695079272369,-0.33268239738735345
2020-09-16,-0.11081985523161476,1.9130501865405904,-1.1239598890550087,-0.15821711038913655
2020-09-17,-0.35502246697883022,-0.042089025789462761,-0.2610905391834466,0.44951557103805218
2020-09-18,-0.33874277161546607,0.14717956493121331,-0.19362183217504553,-0.84173039454156751
2020-09-21,-1.0427486944822082,-1.8151487863542228,0.0051986415178154402,-1.6560602748230218
2020-09-22,0.69043458790466106,-0.3659934105649148,0.0057710048951443689,-0.12402801329929893
2020-09-23,-0.23672550961613553,-0.24775988195162971,-1.5891558336703144,0.21886761258747192
2020-09-24,0.1763644656773897,-0.2294395106450528,-0.14872418980673099,-0.17922548796461718
2020-09-25,-0.11613616249091172,-1.1761816049699529,-0.34256265634003324,-0.32965543590072316
2020-09-28,0.25216678267973192,0.33740717117971719,1.0810413264264942,0.10701205965668188
2020-09-29,-0.7393179623985584,-1.9042664314320672,-0.87761889030676732,0.58983298508800774
2020-09-30,-0.27499393001434574,0.54251764294633675,-0.50939415482716399,0.80721297631785494
2020-10-01,0.081320040893987894,-1.3773423228960691,-4.1470533113999998e-07,-1.0958997453787735
2020-10-02,-0.44969712493217845,1.2224542218719441,0.34093334844407802,0.039857532511547555
2020-10-05,0.82082796037447092,1.0657692715739906,0.64604462549913932,1.2115670897340769
2020-10-06,1.7395078282709666,-0.32776939653436582,0.24014533376456282,0.79301466109211161
2020-10-07,-0.053973111000152479,0.19836255803543107,-0.23045703913579371,0.84431374008202653
2020-10-08,-0.22464007556808216,1.4810146619418647,-0.46491655367729423,-0.53930873721358863
2020-10-09,0.19775270497775407,-0.68034297505494257,-0.91941164622522109,-0.49965959316899211
2020-10-12,-0.46099158995585032,-6.1348521197119998e-06,-0.567243963811628,-0.58810192472642153
2020-10-13,-0.45214562437854805,-1.0217487083823087,-0.24904941525111865,-0.20407326192297767
2020-10-14,0.42580925579512319,0.14007824208379188,-1.0116350036746062,-0.21991751188940595
2020-10-15,-0.014059883675597053,0.23547795557646739,0.56540334305536089,0.57471236680322979
2020-10-16,-0.25228588031903298,-0.37337334300796343,0.59540431473610056,0.20950545838696708
2020-10-19,0.28504017290029604,0.80118967001545205,0.16311369941482812,-0.22872607511942503
2020-10-20,0.28103071150852715,0.87636236069876683,-1.2390248597246962,0.64046047483929491
2020-10-21,0.43716547608187856,1.0326321656956114,1.188425072464401,0.61930465303320814
2020-10-22,0.52602432197093929,0.71224524397112787,1.1384671524114498,0.52354431214548902
2020-10-23,0.68505402013703431,0.23982623464113853,1.009481661302442,0.76484989276699999
2020-10-26,-0.047222638918165943,-0.21787054829398061,1.0693747197330312,3.236798345990973
2020-10-27,-1.2017221055705034,-1.0853410222564768,-1.0536629076893542,-0.49582219052398574
2020-10-28,-0.58322338341184576,-0.28884296550903882,-1.3020342978535728,-0.42811923658383783
2020-10-29,0.58365759596024369,1.0808924199078025,0.18167237874474762,-1.0609596073876466
2020-10-30,0.8383695395090035,0.54580170364680836,0.18685078835506502,0.78845280373823057
2020-11-02,0.32541325249689257,0.89313628922317012,0.64145737809440107,1.2136127640265555
2020-11-03,0.012721263919179696,-0.001632108712880423,0.0019229258463476051,-0.41198452261198021
2020-11-04,-1.8059513036284207,-1.5689573067493598,-1.6580187562497246,-1.1494056782385984
2020-11-05,-0.39402930122154278,0.15273331190938019,-2.0323563015411481,-0.81925952785369494
2020-11-06,0.46083297468967888,0.66079003379487788,0.91297874527602185,0.13530286222661092
2020-11-09,3.3856181472656739,6.4663962038078573,-0.14728074406433234,1.9684021416060917
2020-11-10,1.9450528456005991,0.69699896968081942,3.1057865565172622,1.5731963477918043
2020-11-11,0.37212379756133607,-1.1101584746938418,-0.19239679061539744,-0.54824769198102719
2020-11-12,-0.29706218179605148,-1.8117587959898835,-1.3822228443437259,0.15808683876977997
2020-11-13,0.60161168931628728,0.452036131588542,-0.4289866494242538,0.68427074864632487
2020-11-16,2.683249745625893,2.4562602799777653,0.86256058661780577,1.1794856503740803
2020-11-17,0.42902396086768335,0.8917528647875097,1.3240384667685692,0.51466066250774567
2020-11-18,2.149252589663265,0.40694929540118063,-0.54178769541931493,-0.68293709842235795
2020-11-19,-1.8017203913586359,-0.057942098167863082,-0.76594505870008045,-1.1628346984738576
2020-11-20,0.15846293875393117,0.058286178901501298,0.31366714269110141,0.30658602930871426
2020-11-23,2.0629534565046979,2.3587865679901272,0.00169491758119152,1.7346765327522191
2020-11-24,2.9918960930451632,3.1560402542349126,-0.86468921436012125,2.6279260155470636
2020-11-25,-0.17562852979139934,-1.307086360202141,0.46395393329389056,0.5601573603596306
2020-11-26,-0.43572842663751332,-0.087379827685472311,-1.4111444970441649,-1.0433614566480902
2020-11-27,-0.620628765869504,0.77658312342881575,-0.66160074980867856,-0.38276216015367004
2020-11-30,-1.7097868914592644,-1.4203277636112313,-2.1078245989843296,-1.5956367120892905
2020-12-01,1.3259679741287353,0.24153236891673843,0.49484677312225717,1.2339879578925346
2020-12-02,0.66346492977230631,0.53384661231508201,0.745969964596496,-0.23946885013395999
2020-12-03,0.81628946674143066,0.42935558215032954,1.4705224000455053,-0.4362187561243302
2020-12-04,0.60108303723581069,2.3628563175299542,0.85653447371274205,0.16639874427570772
2020-12-07,-0.77013760707628909,-1.1525886368477627,0.83964894988211491,-0.18480434307928995
2020-12-08,-0.29892439717520192,0.4105174449332335,-0.90112527591252878,-0.13267849426322775
2020-12-09,0.11405384931400318,0.55060154917106563,0.8937678066146697,-0.49239631986864241
2020-12-10,0.065356879158351394,1.4087337374680027,1.3624970302609574,-0.12634948482834757
2020-12-11,-0.80051753555863592,-0.02463210601269808,-0.64362196316088394,-0.56707375106907465
2020-12-14,0.10417759543524338,-0.67349284236343221,0.78451913671154172,-0.2435586202876581
2020-12-15,0.99828838249917029,0.0091836085868758095,0.12456156505464562,0.89152908774502804
2020-12-16,0.12345717418394768,-1.8030213992248971,0.59431906031446269,0.35657360232485003
2020-12-17,-0.086044725581623738,-0.18657145290400576,-0.97664639465164949,-0.65708098318064923
2020-12-18,-0.13899258135033762,-0.15942741221383602,0.87857500292337576,-0.23603509613485379
2020-12-21,-1.4804189172605828,-1.5202794520193335,0.011261754191756807,-1.2794218962684245
2020-12-22,0.18069505871475974,-1.7375289622847871,0.18370684768513768,-0.42119697128817063
2020-12-23,1.0827512312402718,2.3671574282649361,-1.8562706247183578,0.82193445355626849
2020-12-24,0.10395514328500664,-0.62079250906459549,0.14529506933935632,0.0016224252522085679
2020-12-25,0.0011272544068970771,-9.9352853696900004e-07,0.44324374642493636,-0.00012677450731863999
2020-12-28,-0.019119727779388366,-9.9352536755899993e-07,-0.18667284859368616,-0.575217653248979
2020-12-29,-1.4281756886247072,0.53172104439732493,-0.34899965420190843,-0.84967433138718829
2020-12-30,0.3636277852850171,0.93575796317711957,-0.38367651643145273,-0.27556148750044535
2020-12-31,-0.1928280485406568,-0.51755519027334895,0.0041781376281414566,0.044870662766443095
2021-01-01,0.000595343795216401,0,1.6788608288999998e-08,1.7000000000000002e-17
2021-01-04,0.35291704825813847,1.4723936838548775,-0.75216492236444643,0.49460070982683418
2021-01-05,1.2337149853725371,2.1831542173561127,0.20938426557245104,-0.14940632432124887
2021-01-06,2.5412900080413641,1.5906258080243609,1.4041551609172032,1.1423412408201903
2021-01-07,1.211640706776496,0.05859898147983271,0.8091096561838661,1.3069089685941822
2021-01-08,0.17066945598911226,-0.31752019489678146,-0.3007267555801586,-1.2554116722162052
2021-01-11,-0.30981033343103564,-0.38198845316842372,-0.0035774879868334694,-0.30342056082779639
2021-01-12,0.98898915712131907,1.3501627765422382,0.4742022144258688,0.82982774949253257
2021-01-13,-0.47250921128664075,-0.16757894303101026,0.19996082604819371,-0.13670095503251536
2021-01-14,0.77607479659988177,1.3563554529504647,0.21682764434863555,0.47389909669958941
2021-01-15,-0.80847208028734274,-0.71280242797325077,-0.47450812608931109,-0.16013784556177468
2021-01-18,-0.24299439120975369,-1.3719502617809023,-0.4403905199074753,-0.91977940806557912
2021-01-19,-0.91606729048095048,1.4455490385985841,0.043844931444018576,-0.98243273408087584
2021-01-20,0.2664730674305788,-0.47216145710791241,0.6182410345459497,0.4421801807061726
2021-01-21,-1.1741030307814431,-0.24725876403134264,-0.17666122019718489,0.16919328871928571
2021-01-22,-0.97214629462884372,-0.44001330423881663,-0.52556823834532729,-0.34680820642443755
2021-01-25,-1.3012933441600469,-0.64758640350870766,-0.61066273094443213,-1.0960657245700938
2021-01-26,-0.52181117398597021,-0.20321269643561105,0.62691003920984367,-0.035035419137936133
2021-01-27,-0.089563668946555167,0.97744526355798222,-0.42898145387259895,-0.66384988874375706
2021-01-28,0.3851214649800252,-0.52866032207826796,0.55212378610338675,1.0228746797879547
2021-01-29,0.50555935151049336,-0.55856464560298447,0.055304037855254728,0.10230280459718578
2021-02-01,0.66262441979326603,-0.30934227059585689,0.33053617045726696,-0.96801734545314699
2021-02-02,-0.77758844414334172,-0.2770381211724845,0.42645719333775972,-0.84467690673832618
2021-02-03,1.1025894378088357,1.7464986248732459,0.45670493739954926,1.4798433973394105
2021-02-04,-0.22333808287928417,0.076441295468737222,1.4714861990996655,0.33312522063539629
2021-02-05,0.93205955115491268,0.8171169086170913,0.59974794218919636,-0.22064114709841426
2021-02-08,0.51229463722420177,0.59551186534437062,0.94181322057821526,0.14751807792461538
2021-02-09,0.29922310785265016,-0.38631735290339331,-0.30390438668278358,-0.35955524291157043
2021-02-10,1.0774892212339779,1.4647572172256875,0.35397902689424454,1.3359495630766141
2021-02-11,-0.65226035638743762,-0.20188088088886519,-0.0036565666038182979,-1.2147300037891149
2021-02-12,-0.097378628304717857,0.34288581527645567,-0.40974940137183791,-0.13572458581961044
2021-02-15,2.5610681401466628,-9.0306850033000001e-06,-0.13533771252216067,0.1060499802875898
2021-02-16,0.67153831858051038,2.0708638720993449,0.11505173534149368,-0.051158846611171122
2021-02-17,0.65670162050611658,0.58436367667050326,1.1085369873277728,1.1842153585932136
2021-02-18,-0.28909960150094693,-0.36540904896320836,-0.50237257093003007,-0.38086445010805375
2021-02-19,1.4251463624187413,-0.0026823117425056422,0.02391256610716529,0.79888533082808633
2021-02-22,1.0894373398651265,2.9917959492650454,0.76798418681670988,1.2852848426075629
2021-02-23,-0.11752040989861093,0.81396868157389957,-0.0044069351584459611,0.4595568912024125
2021-02-24,1.3938077163213185,1.0715305482306965,0.98384215060302527,1.3149497051082042
2021-02-25,0.8985872721063628,-0.65246099294644788,0.72626995726868082,-0.3094812490370682
2021-02-26,-1.5840166280569585,-1.6173476672136871,-0.058564820230854082,0.71213743520994055
2021-03-01,0.56794780224415597,0.20177645206002148,0.31044549020090861,-0.059574571683787762
2021-03-02,-0.12055480694593079,0.20004484124519104,-0.10422490258575018,0.63239703432642225
2021-03-03,1.2692867172173277,2.4453267416131057,2.2449792978306164,1.4104649033784782
2021-03-04,-0.12165594645368544,1.2005989115661686,0.98301139567458695,0.90323671673160288
2021-03-05,0.31711661993344797,1.6122654694512548,0.63482804987912345,0.90954041839319266
2021-03-08,0.72492970954920866,0.55072424749312188,1.3646814795280704,1.18044441706072
2021-03-09,-1.1680542625174171,-1.4360672302399802,1.0099243124950468,-1.4920034800228794
2021-03-10,-0.19278271923590706,1.2945226615176098,-0.36834333572043115,0.26328005532405674
2021-03-11,0.79471880778332837,0.90041501215416508,-0.012451155495796706,-1.3969680879184847
2021-03-12,0.57517284290483051,0.014967245471134389,-0.61597683322569796,0.68988262727992555
2021-03-15,-0.14036922120529244,-1.0528300742599164,1.1042832179623712,-0.85784937045360454
2021-03-16,-1.34884316568183,-0.66487053850777222,-0.8901858310486177,-0.49248849243919668
2021-03-17,0.34804796905989505,0.35207507556531209,-0.41148472092643451,0.95483578822327664
2021-03-18,0.59745295810993138,-1.1736650252967029,-0.1166347980424164,1.1005940688246179
2021-03-19,-0.49391236740019101,0.051588488289523934,1.2027577680121686,-0.73883328230671308
2021-03-22,-0.64333677237495313,-0.50737512175377575,0.72350536940097288,-0.52734369234031819
2021-03-23,-0.99908402731403656,-1.631781046472051,-0.59879614252087765,-0.29083385114220311
2021-03-24,1.03156394344686,0.98392424697535552,-0.57192110031885512,1.2895075346941853
2021-03-25,-1.3314090618957377,0.7435026409683162,0.72283602280687198,0.43765913807191081
2021-03-26,1.0565023726137135,0.83638271703947653,-0.64756438572483832,0.50917525230143057
2021-03-29,-0.49960510377722778,-0.056590391236320807,-0.44314788253108112,0.49479142259540415
2021-03-30,0.16290972588300193,0.75024929339966739,0.46344773547523216,1.4894915011149419
2021-03-31,-0.23453091646088636,-1.1924700122547154,-0.83237551458787695,-0.22249324129026757
2021-04-01,-0.40109774220919836,-0.079113584881909033,-1.8427814037817944,-1.1267325417843979
2021-04-02,-9.4083284524300002e-06,9.5011354733000002e-08,-0.76689643708370259,0.026943662649908537
2021-04-05,0.00026417091284890599,0.45103996243111028,1.1476122617071314,-0.0051987974886104913
2021-04-06,0.44965429221384584,-0.0041443579850801021,-0.078414135263158463,0.17851767310175176
2021-04-07,0.48093877952852837,-0.034845075250770997,0.81831766081209878,0.08801789983238098
2021-04-08,-0.64044207618506654,-0.67809241404611664,-0.80439583754712762,-1.4361908880751186
2021-04-09,-0.88370242603902549,-0.63635860070654748,-0.80259145724262826,-0.90169061043839194
2021-04-12,0.025996955995387278,0.09309621045090731,0.99221432428125322,0.64555807762289408
2021-04-13,-0.303566483782723,-0.67814632482071224,0.073023265153261491,-0.97360046737372041
2021-04-14,0.53724834383136122,2.5606121666174717,-0.65305715455896995,-0.30868687502692366
2021-04-15,-0.6620022187723088,-0.25862814055044114,1.028091296741261,-0.66885239214810999
2021-04-16,0.011202494730773145,-0.13727783425711165,-0.45652311702484111,0.49763898302294418
2021-04-19,-0.61872429313576771,1.1273008365075463,0.24445803991268961,-0.11760195974493688
2021-04-20,-1.156353379551208,-1.1790546743502546,-0.069299325990529237,-1.6405958594202605
2021-04-21,0.3599836012512595,0.18747617060359562,0.073677094401889812,-0.0064912368242416247
2021-04-22,-0.77749039718291957,-0.66986250453871699,-0.87844208005776314,-0.71180383479199538
2021-04-23,0.34313651696174519,0.3954271299061819,0.20217706080952724,0.38669514795911858
2021-04-26,1.1153425520770093,0.6627651713985413,0.0016537769535955199,0.36814987438692054
2021-04-27,-0.21350566787954614,0.42038522490082975,0.45893094505152482,-0.19954931729730965
2021-04-28,0.4182554674906882,-0.033452504317896446,0.29305449792265348,0.39217052299794586
2021-04-29,0.25067697356819607,0.56721641539031376,0.001032375757126087,-0.62320461631827684
2021-04-30,-0.47096558438479275,0.6229226078929595,0.65907063650936726,0.38143158264423455
2021-05-03,0.0029974685524427041,1.5405652614331085,-1.4330151633965001e-05,0.27231119122321928
2021-05-04,1.0739422003935633,0.58143566822222936,1.5937840671211999e-05,0.98154240385465896
2021-05-05,1.4242217957494232,1.7323745951696297,-3.9071595125620006e-06,0.5814091288301485
2021-05-06,0.49785393680159551,0.63373332101187729,1.2976290687298806,1.5255332798588754
2021-05-07,0.32188918979115627,0.71247811175428777,0.74275073017757554,-0.75266088516239638
2021-05-10,0.99848318668259683,1.1862879031257432,0.89625590599297089,1.7740600345392561
2021-05-11,-0.016769309128862118,-0.47305401694593857,0.55077942628827758,-0.15993197876086057
2021-05-12,-0.17205759590685701,0.25093262425027657,-0.64576028374485361,1.2611465251963161
2021-05-13,-1.2137110880636994,-0.67248111529825816,0.40528911517523808,-1.1428188983413292
2021-05-14,0.1532829917036917,0.25661990369391602,-0.87198970983969404,-0.013538044460115662
2021-05-17,-0.033244451940908651,0.065175869383524376,0.53933595721280847,0.19036870496631852
2021-05-18,-0.56944910840895158,-0.25148435646187273,-0.027968300350580868,0.10421767269965532
2021-05-19,-1.5114719276457602,-2.1049721438753242,-1.0624214319823591,-0.83676430894301534
2021-05-20,-0.77600428640672225,-1.2812733461113701,-0.45890304474059873,-0.35568445313543784
2021-05-21,-0.32072475572764325,-0.14349982046799484,-0.93915311165351389,0.28188643936885049
2021-05-24,0.24424840651364588,-7.7551902263800004e-07,0.81937913752865121,0.073055345418262849
2021-05-25,0.18022042270059965,-0.6899867110328588,-0.54644895956126571,-0.48312024898310585
2021-05-26,0.70517316856834844,0.42326762215050856,-0.76105912216117777,0.24794807894672885
2021-05-27,0.65508992160380186,1.1398078258669457,-0.26024490190272453,0.74677615209503057
2021-05-28,-0.43742505115382646,0.30590220729711526,0.98868446597500659,-0.43470949588040569
2021-05-31,0.0027508251665177559,1.2260533327545746,-0.45421970904515191,-0.040127960383115592
2021-06-01,1.2338669037628922,0.72641798479292741,0.62804793505376022,1.1051884900379636
2021-06-02,0.3941874772425305,0.22216654076150258,0.91780773208065791,0.74599550896226696
2021-06-03,-0.14334574654016613,0.65684485145325555,-0.23093070479384331,0.65803016329122421
2021-06-04,-0.33981034776353009,-0.21533741857290628,1.2102081617621279,-0.53712288437652678
2021-06-07,-0.075368764984537387,-0.53770878475506678,-0.77467241171330437,0.21529301607301488
2021-06-08,0.088334242435455013,0.033631049677098297,-0.4641582503681117,-0.053497456216692899
2021-06-09,-0.2505465822813866,0.36519624856193889,-0.02948338857907919,-0.32730416405541912
2021-06-10,-0.21886831624805245,-0.15249357338434044,-0.42437879221118424,-0.0060678566523828057
2021-06-11,0.028853844319394098,0.44527541089957628,-0.55791836268903727,-0.10721852371949703
2021-06-14,0.40399935096460221,-0.68926176441399789,-0.38195038180089902,-1.0362302819290967
2021-06-15,-0.053474615118005636,0.41601624811970817,-0.50771615470889242,-0.13236363721925709
2021-06-16,-0.54803736009012505,-0.30046157794656836,0.47355286123584012,-0.44347172995400302
2021-06-17,-0.70527729020175123,-2.5659550048764985,0.25015284588048786,-0.99043629402836153
2021-06-18,-0.99016973274610665,-0.10379522385008284,-1.1642951805026815,-1.0116480520428055
2021-06-21,0.62471496435858631,1.9834114620061398,-0.3199427198420155,0.95454130061465203
2021-06-22,0.56103737900622896,-0.10354210980853275,0.1759558373922423,-0.056270722296133675
2021-06-23,0.13122659870935735,0.73268340316593095,-0.31094723906598692,0.20389580159053938
2021-06-24,-0.41212128852256347,0.081601650013219312,0.68435087294404262,-0.14503352438921491
2021-06-25,0.016606634153611893,0.49208408447686292,0.30353211670341673,0.27578509130648865
2021-06-28,-0.90232393424605761,-1.1960515979409458,0.31447582883531316,-1.1724726404909043
2021-06-29,0.080325778886482638,0.50837652552094059,-1.2113053470346526,-0.43237319552704512
2021-06-30,-0.023561123741127125,0.84014960427828322,-0.45006285035412602,-0.065858753829744404
2021-07-01,0.33779026924186328,0,0.38875203392256352,0.89058702891127528
2021-07-02,-0.044069240481664246,0.25936022431110428,0.39847999835929065,-0.6434098879298088
2021-07-05,1.0528995502208685,1.1361600533093221,-0.04070221131603656,0.66203740208057671
2021-07-06,-1.3384470671824942,-1.8512391186610244,0.38314959993690051,-1.9878086864994753
2021-07-07,0.015541408937999851,-0.71933142236167957,-0.781884528249574,-0.16925816207931951
2021-07-08,-0.10355265739067847,1.3018310348493221,0.32786336692036139,0.15174207369239417
2021-07-09,0.8469367689992825,-0.035002617503116014,0.20501560664290502,1.1322343165345128
2021-07-12,-0.66719864551263264,0.25488551678367771,-0.46707307215030763,-0.5344920665464824
2021-07-13,-0.091649818561743632,-0.33323009507719209,0.72851644534712412,-0.52356786648681686
2021-07-14,0.29354110077416073,-0.091217229197168792,-0.60833970713110685,0.76485543902021247
2021-07-15,0.1735577145229916,-0.52349623724129501,0.41880915339230373,0.41291248511257944
2021-07-16,-0.59045940852401091,-0.40011937437343909,0.29252660116427254,-0.47343561540822671
2021-07-19,-1.917808866220351,-1.0857704558887618,-0.048474204688763206,-1.6187934837100317
2021-07-20,0.31897641944590849,-0.61894087567279754,-0.092829168314647811,0.76109469739058244
2021-07-21,1.1609877876110821,0.18558879818042451,-0.13834596143590844,0.34117070525671123
2021-07-22,-0.36095787978856009,-0.26339663533682456,0.001177285217765701,-1.6772744559404127
2021-07-23,0.17386842879033768,-0.52760258897193213,-0.0036532995943211735,0.63557437968641162
2021-07-26,1.0461304865512135,0.92507831209325353,0.47109191013903989,1.5879767212851073
2021-07-27,-0.18227974300723224,-0.15850916487184186,0.47054793593966993,0.32542143128150941
2021-07-28,-0.16466217068595554,-0.51709748489948082,1.0336540345141545,-0.66049018966149731
2021-07-29,0.32531569713686254,0.196728674674221,-0.66306492995736344,0.46549481342486693
2021-07-30,-0.88499493622465131,-0.57777938390754413,0.21733016237005295,-0.76488723006296933
2021-08-02,0.24715766145311591,0,0.73904555669845828,-0.98835127662414846
2021-08-03,0.68935815478762941,0.045412431822980097,0.25327966524353518,0.5350008716975877
2021-08-04,-0.28317439150846041,-1.8548941867293132,-0.010696423367590607,-1.0515041284120346
2021-08-05,-0.062482249051441417,-0.92224293764162268,-0.52472530450503974,0.054562925902693918
2021-08-06,0.2916592029007396,0.37685978443136325,0.17384918124640847,1.0363801985810568
2021-08-09,-0.39692148940399224,-0.71664894404328272,0.00023128772385385001,-0.34012064154085597
2021-08-10,0.67786516472472491,1.744076759670582,-0.71928210392020298,-0.23947010908758093
2021-08-11,0.63200454355279889,0.26000723926908303,0.79824383528406073,1.0390879939795297
2021-08-12,-0.25808252322023545,-0.27901913164838921,0.63337858218705267,0.60084735406274048
2021-08-13,-0.042632615384078545,-0.34310470604051679,-0.50510916459639188,-0.9299991382258942
2021-08-16,-0.2980267597964123,-0.32328078699309126,0.45467439623526357,-0.036577049788271129
2021-08-17,-0.29815340552358621,0.44160150625206507,0.55142983248870259,-0.37598426246974248
2021-08-18,-0.093799139677403234,-0.58539208277857235,-0.8809451600882714,-0.34593351711955656
2021-08-19,-1.5545320239084903,-0.7790039475228463,-1.3339377788733435,-0.84462632535173243
2021-08-20,0.045533012817373569,0.010195331300285769,-1.4416979543043615,0.063249653309638859
2021-08-23,0.44694415727738812,-0.80380485208779529,-0.77994582937014356,-0.40439596878343914
2021-08-24,0.71170401139865591,0.44363715746155413,-0.36744551068550174,-0.13826273470978478
2021-08-25,0.10011693539384325,0.22262130122590426,0.01046794588509066,0.18243352967233606
2021-08-26,-0.14817379401027381,0.59533255024787723,-0.1030471469929525,-0.34696339188913861
2021-08-27,0.20201674154089283,0.33641470555332137,0.081318156672842368,0.4060740182260919
2021-08-30,0.000712589565948746,-0.49884597120809426,0.3814035521717607,-0.11801287146135583
2021-08-31,-0.80023031448212334,-0.57787705934377498,-0.95403852362238217,-0.75191946875846039
2021-09-01,-0.71102223729546199,-1.1676147733020381,-0.18486887734623772,-0.57811987174074031
2021-09-02,0.20170361732670503,1.2728201260367182,-0.56651955085036565,-0.23004622305457723
2021-09-03,0.2329875667805599,-0.84907725872271822,0.26629493347455824,0.21616648198236169
2021-09-06,-0.69770474027365803,1.224499086722e-06,-0.61066262268338467,0.22007469033010571
2021-09-07,0.36541874149985343,0.063902975757777383,-0.12819277129037074,-0.26040176224924449
2021-09-08,0.27047601747801286,0.43601845034428072,-0.0094458835127262004,-0.17239338460572851
2021-09-09,0.017600072780074853,0.30791546502072764,0.086523095368456121,-0.72033416138386297
2021-09-10,-0.094132935268553292,0.014390988713900961,-0.91131306906855369,-0.30381096955190701
2021-09-13,1.249657804767965,2.1005086066253589,0.11299391566772865,2.102484830323665
2021-09-14,-0.47600617724703981,-0.13766194787405719,0.39880677562890943,-0.3865826512308535
2021-09-15,0.73839626790301605,1.9084990674030522,-0.55798519159175464,1.3106896808473674
2021-09-16,-0.55473678448249486,0.60177462828493555,1.3493387238861649,-0.32122873741292918
2021-09-17,-0.31539340712908825,-1.0549127438237926,-0.80483650822443953,-0.6125633222350777
2021-09-20,-1.000833305357222,0.17369474576510421,-0.0060925638540521541,-0.45750449795261688
2021-09-21,-0.23462702223058302,0.013468233027273907,0.11178788892931961,-0.30406112660689177
2021-09-22,0.51002103647503361,1.5148225566432003,-0.0689762645610833,1.5763501667151778
2021-09-23,-0.19319915973839896,1.1514163456455886,0.008465158064263862,-0.47201328470185422
2021-09-24,-0.1821389048085631,1.0450752976869937,0.067703339537907109,1.2918075305882142
2021-09-27,1.4062452566505357,1.6446532669962408,0.82622612366695558,2.2296245424849821
2021-09-28,0.31101703869420699,0.8988635488079233,1.6416446066482306,1.4788186166639103
2021-09-29,-0.33630607262689027,1.0765559169276699,0.91574921396970244,0.2345546738507169
2021-09-30,0.0033399505969070823,-0.14126420940126677,-0.91156080886661173,-0.045095758196603164
2021-10-01,0.25935735106998442,0.44437340475786435,-0.30298568062251485,-0.15867471255829793
2021-10-04,0.58942535716097022,1.8008200928134404,1.3572756984073255,0.97698977501287065
2021-10-05,0.31210533932329726,0.54509239808072474,1.2151467915141185,-0.14703860500796115
2021-10-06,0.0036884090634130458,-1.0984457370487584,0.82116186889470721,-0.73034935490985209
2021-10-07,-0.44750837269353622,0.19548062522535375,-1.0914210035780958,0.42971704916235504
2021-10-08,0.52432704839950095,1.472066067571886,-0.53759914586338686,1.3634116013905322
2021-10-11,0.87669533962244939,-5.2308188776699994e-06,0.033378189364827088,1.1198902075453676
2021-10-12,0.079449910849697936,0.14816799694963387,0.89738085547720892,-0.81549105720573634
2021-10-13,-0.40473235849948486,-1.8843944268090342,0.17884454145268816,-0.98118712486675552
2021-10-14,0.55583841669996381,0.77897278377723511,-1.1781771294496444,-0.63089160461786975
2021-10-15,0.21607337930915435,-0.37315917846005792,-0.61355779685443546,-0.37210866492923994
2021-10-18,-0.13267125491806978,-0.35612711942994407,1.1264152603917876,-0.7322663601797621
2021-10-19,-0.12461571052239025,-0.72820234780621207,-1.3967931997448457,-0.35752996473019566
2021-10-20,-0.39149234992221366,-0.54330221040238114,0.022686683598838665,-0.037098654583710165
2021-10-21,-1.3287321285542009,-1.1650780260590821,0.81035173924197956,-1.1057028552422361
2021-10-22,-0.27344374980836683,0.90741430759567199,-0.50485020615755583,0.26820664966257296
2021-10-25,1.0203549725088852,0.08826576870103818,0.20506339998761233,0.87835710091232533
2021-10-26,-0.055168734172416758,0.86844745538071366,-0.35004999742551929,-0.45139592063126205
2021-10-27,0.22319782185944065,-0.64273914221847839,-0.34041602484124406,0.79548070353326394
2021-10-28,-1.3900768254025557,-0.26092948166075247,-0.65418093055867732,-0.83664912329910957
2021-10-29,-0.47820263573030536,-0.50037402664410668,-0.072311434443060249,0.57438053912006981
2021-11-01,-0.0075763152743601476,0.13866176930266086,-0.28662845306200774,0.42192590270725466
2021-11-02,-1.3255619204340388,-0.17468387096248417,-0.34708550599914723,-0.35492142755027123
2021-11-03,-0.48432366797064691,-0.42667620333278861,0.00077645290978556997,-0.24849367297505681
2021-11-04,-0.40502573592167257,-0.23976805228508083,0.037760599910433248,-0.7101364736508855
2021-11-05,0.49476904584437703,0.57562130921921995,-1.4305240559391685,1.583816752625236
2021-11-08,0.16112221810759708,-0.17851865641225123,0.83548541136777987,-0.47790450649400029
2021-11-09,-0.33526422434605768,-0.2370208192949497,-0.31799719570234869,-0.34694244764764165
2021-11-10,-0.15379359241776847,0.23650164765293691,-0.39687997457736651,0.65971376342186283
2021-11-11,0.30445465877335204,-0.50626830848935056,-0.21840605942807129,-0.056694313326357194
2021-11-12,0.7409017107151562,-2.3140706735172936,-0.23683253635517007,-0.50409813288225258
2021-11-15,-0.35359130054444621,0.46731845766109825,-1.1973044861408189,-0.29699946369105357
2021-11-16,1.0395630409124679,-0.16845146569095165,-0.78144355513904573,0.092507622543598886
2021-11-17,-0.070094253510011501,0.43562587198092079,-0.47659164945778548,-0.14043998179546666
2021-11-18,0.38754460974419569,0.32671930775908542,-0.23929587372638678,0.16858478221611406
2021-11-19,-0.67237655839375443,-1.7115078530781567,0.39748868431486928,-1.9715349035459759
2021-11-22,1.4850933208156101,2.0461315654318284,-0.037936950407607001,1.9106540934230147
2021-11-23,1.2234845228355791,1.7680894830657896,0.0099007716215281771,1.3285469546193047
2021-11-24,0.41544698937168184,-0.0079289240743247794,2.0386125298264739,0.089869784457901253
2021-11-25,-0.083866041908598046,-0.14816598119264837,0.69048667670407204,-0.19327875758428456
2021-11-26,-1.8299217227104789,-0.80906257086283861,-0.18748960440802839,-2.4426119057068858
2021-11-29,0.63532859010508003,0.010739053301609736,-0.64426937849352495,-0.97288539541460772
2021-11-30,0.10236401065179203,-0.86743460061420519,0.11194690325273295,-0.47712932812836961
2021-12-01,0.91669344921503237,1.5725135857689616,0.75036940561096988,1.5343198579648398
2021-12-02,0.10457308642669325,0.56651520753764972,0.63815950105214159,1.4475057759869803
2021-12-03,0.14939232767638444,1.0985083893256662,0.33989212838290273,0.6961547100616704
2021-12-06,0.29818043207262096,0.65793632079880537,1.0160820943996338,1.0808097805648509
2021-12-07,0.32532748030819936,-0.5852958874720221,0.15076803006298195,-1.680012547431819
2021-12-08,0.44292073646293817,-0.11062552502540879,-1.3151863214929196,1.1827877619072511
2021-12-09,-0.30374637748919076,0.36604739271451359,-0.1854957940589716,0.01991167783490155
2021-12-10,0.03520400135024334,0.50046912376508479,0.98864981443046673,1.6316030751835062
2021-12-13,-0.36164020588151186,-0.020655026230085673,-0.2220956760384149,-0.097279023353366453
2021-12-14,0.60240687483551592,0.13515481694990253,0.72696046845852069,1.3599457643952211
2021-12-15,-0.40849373177794079,-0.10888870969364092,0.33935920123702656,-1.1442611794738762
2021-12-16,0.49333879249107349,0.19396830684802097,-0.0082805825876182786,0.92369381333339895
2021-12-17,0.081065779050342818,-1.2290200197713175,1.7689942854459857,-0.7562967875300517
2021-12-20,-0.54844809450291876,0.40310455591345379,-0.63580901298554582,-0.10088488263975684
2021-12-21,0.73642428391134684,0.31721952720954205,-0.74566777703248799,0.41646120401441594
2021-12-22,0.097078314967705442,0.49264261397301051,-0.60855701820528152,-1.1354546830412515
2021-12-23,-0.17510273388462189,-0.84607577745372564,0.40151297392457774,0.60274549893667917
2021-12-24,0.2852364722585865,0.31171895090257545,-0.055945165851327201,0.019227352727948815
2021-12-27,0.0053390015445061514,-7.2165681207800005e-06,0.63010498759573952,-0.17979095885461302
2021-12-28,-0.00037437538758858702,-7.2165542084589999e-06,-0.33557614441026373,0.04817668844884445
2021-12-29,-0.7456773120572654,1.7988795135704529,0.40237967526798452,-0.059605081522375557
2021-12-30,-0.23239811007052438,-0.41093222939148338,0.11500072940426108,-0.51004005690313026
2021-12-31,0.10004335823501767,0.53753444566471631,0.00013299589132865101,0.040624487582984162
2022-01-03,-0.0036907107002257175,0,6.0941568581539999e-06,0.48396249764368438
2022-01-04,2.6273688516801217,2.3714898489720473,0.47480981431605024,3.5524330038741865
2022-01-05,0.88978236171826097,1.4513777756258315,2.7962548639777332,1.0871280297305406
2022-01-06,1.2800748365508228,2.1852587301078685,1.8765531459974172,1.9094234044683831
2022-01-07,0.68504525228759738,0.75084906222462822,0.72200859872789891,0.84035154822149871
2022-01-10,1.0066203347164304,0.489238276719,0.025879619525822153,1.3758508097128499
2022-01-11,0.28297505181391758,0.66172698870059188,1.2181471240336865,-1.1516025196762674
2022-01-12,1.1571043643265742,0.65197503112038535,-0.52139498178410359,0.20924905406758165
2022-01-13,0.80603954879632234,1.3636798078013281,1.809395248373584,1.8676948531205539
2022-01-14,0.43418167260908458,0.80195040730356337,0.77115605718681535,1.2539489996605071
2022-01-17,0.51991513789378796,0.98526738778997058,0.50819969075297478,0.18939898606441169
2022-01-18,1.2474072328626418,0.91033175495251051,-0.95317702355962908,0.067256541434250236
2022-01-19,0.23976079537322723,-1.0769629489213233,0.96851551265716307,-0.71288956963496874
2022-01-20,-0.56432294314749887,-0.49548927081790023,-0.98708603649168658,-0.87061722431521404
2022-01-21,0.051811703823766674,0.7068760325608987,0.23155087189594409,-0.11107216815902884
2022-01-24,0.050702780154707368,-0.77559038808697889,0.55976256195833507,0.92060309699274534
2022-01-25,1.0043621582165037,1.6238906687036456,1.1826004738486651,0.70340999023027617
2022-01-26,0.97339700178524358,0.78980029626460524,-0.7010704551092497,-0.074028734566582891
2022-01-27,-0.10446082972547771,1.5568683123920579,1.5787819238099985,0.93250792404249028
2022-01-28,-0.30989874490527808,-0.30269140323194532,0.36794286118347097,-0.31539278870498422
2022-01-31,-0.49436403561902065,-1.1107158052794934,-1.1235208775272971,-1.3193397360088992
2022-02-01,0.95184732685322304,1.1435648783432122,-0.94681121118587908,-0.45609687711819052
2022-02-02,-0.25757571198983997,1.032166950896529,-1.1291350453960478,-0.088690937836319955
2022-02-03,1.4236110051509288,1.9081125553991285,2.2970135335629549,2.7055493526689163
2022-02-04,1.0186121171763145,-0.71306233310015199,-0.29299921918847921,-0.64037390937313321
2022-02-07,0.40136287022004036,-0.49572181435956936,0.94482530368130369,-0.10318858732457593
2022-02-08,0.56519282369937063,-1.4899895417295814,1.272924999707981,1.0782462105718409
2022-02-09,0.33487087521381254,-0.37619034967830578,-0.58956414046561589,0.018178425127698006
2022-02-10,0.31635606847805847,1.3015351856535839,-0.61320708926560363,2.9396857161019576
2022-02-11,0.7125460138902705,1.8749896328921398,-0.00051209084033767996,1.9579011873052075
2022-02-14,0.95340822254537017,-0.73239893672913348,2.0971259021643256,-0.97514153170727769
2022-02-15,-1.530333010657023,-0.8673463767586429,-0.044534713400874296,-0.79799215152410086
2022-02-16,0.73328747066653921,1.6699340880637066,0.09854389327202924,1.0463611435971141
2022-02-17,-0.16311281820926327,0.9744485239159717,1.2304838598389272,0.37031264043442541
2022-02-18,0.045703605759936733,-0.30582328517156676,0.066193712627301504,1.2624648741082347
2022-02-21,-0.2720029327585376,-4.5243126073274e-05,0.27191551782533818,-0.07310359041931358
2022-02-22,0.5254135138413164,1.0256933499677503,-0.28379971153194733,-0.7474870496655176
2022-02-23,-0.25586092642366681,0.4131501691269539,-0.004391994206717661,-0.037828330158715659
2022-02-24,0.56914431058701287,-0.67092449806428012,0.17782382311507242,-2.2100477296204235
2022-02-25,-0.52914058415166343,0.84795997768670783,-2.1763858204875457,0.50713284870455877
2022-02-28,-0.40892647975225205,0.54767426468816527,0.04012470900012334,-2.6579001349250766
2022-03-01,0.25543515490738289,-0.084476253763320353,-1.8397145060237434,-0.62152643966688714
2022-03-02,1.6085097050529427,0.3821037147095287,0.0071262716266448818,0.61204423777339745
2022-03-03,0.17347318385638988,-0.18231560737020222,1.4480248236797364,0.28959033670312823
2022-03-04,0.021587121790325736,1.7114362079922143,1.0008302173063173,0.33251565920711035
2022-03-07,2.2727298303224814,1.0334328492141598,1.1396505604766261,-0.86556417792953599
2022-03-08,1.8542391826609792,0.1435348826798987,-2.1016528782265254,1.1728828550921124
2022-03-09,-2.3780425310382656,-2.3145320112668619,0.1415075575480586,-0.67131832362858979
2022-03-10,0.76981341559964334,1.3133397834019995,-0.3400352965081595,0.9649447388273974
2022-03-11,-0.20318914060210649,1.5512159976872506,1.8712585309171348,-0.53021653050552109
2022-03-14,-1.9281498351603688,-0.054631216324813006,0.95468120540099655,1.0732041233759337
2022-03-15,0.52197145355023777,-1.3796207735978119,-0.29986901488219031,0.89201783035890159
2022-03-16,-1.4731419263583643,-1.3083303390674055,-0.7542572302376237,-1.4016874719528611
2022-03-17,0.57866735665202074,0.71085396506444787,-1.7015544262373969,-0.78829702070766805
2022-03-18,-0.34101135429419599,-0.3636146952981581,-0.73880991082918435,-2.3683046117376785
2022-03-21,1.6038590261791563,1.1402409271483813,0.00053738686924051002,1.2215496104908099
2022-03-22,0.36755093396036054,-1.0318510581801796,1.5398108762153568,-0.27969994612587756
2022-03-23,0.49110673301463031,1.0092189212911231,-1.1517259365871866,0.52382826867622778
2022-03-24,0.31800456532878452,-0.22837525836770459,-0.60297950673372636,-0.29026322116976466
2022-03-25,0.4208985955035372,2.0659643529350711,0.21763885641696762,0.87030010110475986
2022-03-28,-1.1864021401978513,-0.66846271800759816,1.1926005917384772,0.010412783566937775
2022-03-29,-2.0341797390063396,-1.1483130230853338,-1.1796160207848922,-0.60824962445697972
2022-03-30,1.851627545334023,0.84648087004209094,-1.1810955175529185,-0.19566874105427903
2022-03-31,-0.13987394830732378,0.06986739700411293,0.0095977156744420419,0.58704913902263944
2022-04-01,0.78573236073576458,0.2758065107174909,-0.20318278455417702,-0.45879543953420454
2022-04-04,-0.33986206042460382,-0.42702340169545777,-1.1846726880872063,-1.666372694937893
2022-04-05,0.20257368510166904,0.3276076019065009,-1.1508714138985627,-0.58932266561318014
2022-04-06,0.57528430715348267,0.21805796231232299,-0.0490046474836291,1.4548027149081413
2022-04-07,-1.3477745618424852,0.21255692666191403,0.95632991788487964,-0.010758752744887421
2022-04-08,0.68997670238659869,1.826160548953875,-0.71773042535192921,1.0551536573200599
2022-04-11,-0.26264410830100121,-0.74503227101085834,1.8414224313567502,2.2811775926779307
2022-04-12,1.2334362409038448,0.83198377394083245,0.72332350483474961,-0.085592238322526729
2022-04-13,0.27345366090039058,-0.14598513248874068,-0.84285721301968786,0.41687199632800698
2022-04-14,-0.12241461999130299,0.7984474342048723,0.88703072654384407,0.23569085312093846
2022-04-15,0.000147910757627048,-6.3144612187827995e-05,0.64856776086811074,0.016988374894693542
2022-04-18,-0.0068925442853799753,1.7312472014054485,0.64692320844980356,-0.0043221422419070449
2022-04-19,0.85019239789030987,-0.62891400850147139,0.72729182230613587,0.45913887834286971
2022-04-20,-0.61803891545911072,1.5611702062071,0.7664716489428568,-0.12176672699672325
2022-04-21,-0.59504645155524927,-0.073145208026727568,-0.52658911861712898,1.6519553557188842
2022-04-22,-0.44709955889002029,0.20745165679971742,0.59824421093199343,0.41926110597923522
2022-04-25,-1.6771256175234424,-1.185479813874913,-0.17775887370896781,0.37343737494342133
2022-04-26,0.97702531869264075,1.495330792207942,-0.65840712840649884,1.0124897250216462
2022-04-27,0.76415240800374062,1.3743379190264791,-0.48059487863828032,0.71453292416917114
2022-04-28,-0.10092834191869392,0.65804198562037686,1.3888517125000748,-0.33660043247527138
2022-04-29,-0.078906579383420147,0.31133779642432574,0.022942979488945914,-0.27441537175214376
2022-05-02,-0.0024844775183547607,-0.30525266050452149,1.1987771614614871,-0.0086260661927806508
2022-05-03,1.5376051473722048,1.5692456917014805,0.0031393481027296231,0.34764794604996518
2022-05-04,0.8859141359175291,-0.25654431907066733,-0.00044777238689849798,0.5809697935198882
2022-05-05,-0.11338182181111654,1.7175488589066825,-0.0039797072709846556,1.2033853494837901
2022-05-06,0.74908626572903658,0.8485539448066981,1.9871184318751747,0.91282721792741894
2022-05-09,-1.2008797297747318,-0.64631216866524976,1.2829697138050471,2.2594886436858022
2022-05-10,-0.50631830376708908,0.57733212492027386,-0.70624920636612121,0.52685112206047069
2022-05-11,1.7265105820731537,1.2552246904739344,-1.2403991018679104,-0.79951664043697612
2022-05-12,-0.96752684013610113,-0.71353269270063358,2.3559906226684144,0.62560259026646481
2022-05-13,0.25803362147606335,0.0075810089979626363,-0.95826997412289738,-1.2388394931903406
2022-05-16,0.55859949148029897,1.6722607320589375,-1.8020396099387881,0.25689954789237435
2022-05-17,0.68339754881148396,-0.12091833732081232,0.11241866145379187,-0.14858762651951432
2022-05-18,0.93927740596895692,0.16504589352260576,-0.040887887356724252,1.952320535655415
2022-05-19,0.30287733054339411,-0.68325096970404298,0.73304684899551409,-0.84255256252876043
2022-05-20,-0.13476119327071731,-0.019263286686027708,-0.44254676505018353,-0.26268800652741564
2022-05-23,0.67818073715337635,-0.00016210452467771199,-0.88425016617532937,0.54810973512307193
2022-05-24,0.22651553450694933,2.1052645811386306,1.0460993258261566,1.1875242300146562
2022-05-25,0.88661798219529486,0.77370434092243756,0.6496818006096351,0.45290435609092677
2022-05-26,-0.02184193240355628,-0.74927397521722727,0.24876897545000609,-0.66767581715927882
2022-05-27,-0.53746680139490488,-0.41219535039531652,0.32192910457087082,-0.79933480233992005
2022-05-30,-0.31533134723367784,0.78302040650171068,-2.1232482294949229,-1.5639990438411027
2022-05-31,-0.68627947520680432,0.024267495073701576,0.21034042542724965,0.56472010890053737
2022-06-01,0.66676743502835178,1.0622019174739823,1.2158479119437082,1.4191419332788462
2022-06-02,0.0066023017466971898,-2.8668477865684872,1.1097142167599465,-0.87682512578075389
2022-06-03,-0.0045563270461342316,1.5402817648279488,-0.93049636672952063,0.072737786480540287
2022-06-06,0.86222295249811254,0.70283294876963731,0.16360008066084031,-0.12669026842098796
2022-06-07,1.1446183737617626,0.60608385431445955,1.3005870298889253,0.52480299892661797
2022-06-08,0.44595449369513163,0.76060376331282242,-0.15828556297946794,-0.67500248276703745
2022-06-09,0.56434789931679985,0.10287997940150925,-0.24561035940828579,1.4778419534230876
2022-06-10,-0.79434776197615575,-1.1638965613690648,0.6398940856193237,0.25236749570753253
2022-06-13,-0.18003151840007592,0.67296831629960974,1.3030014095634301,1.2528018072344449
2022-06-14,0.77186355517503324,0.25320907553954181,0.32711219316897305,0.63945547140823555
2022-06-15,-0.22277220140198908,-1.1186906430724963,0.30218607116651802,-0.88794777732714092
2022-06-16,-0.84489129261707197,-1.7326102212305503,0.90192511547913945,0.2851088785976596
2022-06-17,-2.7441490823799755,-2.8500387280674886,-0.0051483021229011341,-1.3678599594884469
2022-06-20,0.19643202978011082,0.9983903413408719,-0.85212248677102886,0.025123569404367999
2022-06-21,0.48794623726978875,0.53970820803150932,-0.43962244535301809,0.12589875380399668
2022-06-22,-2.1670622865532732,-2.2287941388041137,0.061023994720614962,-0.67614979471978864
2022-06-23,-0.97035973149894195,-3.4079332888327749,-0.40573287721616008,-1.5418580542166469
2022-06-24,-1.0163685367283686,-0.31502471008662442,-2.2362834084695344,-0.81763094911698331
2022-06-27,0.46754864735601054,2.1901943954558099,-0.23212294406879239,-0.12268683436220418
2022-06-28,1.0909273464085176,2.9967474080615975,0.63411498509309749,1.2052742875225653
2022-06-29,-0.036801327034019241,-1.0678289638063834,-0.20267160580143348,0.15707631902482752
2022-06-30,-0.72565396011529337,0.26958691144465202,0.17862441314944474,-0.79892246851106141
2022-07-01,-0.79184967916965787,9.9999999999999988e-19,0.20390528950725773,0.062944096288031909
2022-07-04,1.2164115039691887,0.4033019411595255,0.12360187478055967,0.83715860727087543
2022-07-05,-2.9467445907215524,-2.7096137923773713,-0.90645703500440433,-1.6975853124938058
2022-07-06,-1.7058134039859778,-0.45831136591706095,-2.0231623158498806,-1.97298544680264
2022-07-07,1.4412057619672127,0.22706637785851494,-0.12772160318105413,0.55242806277825107
2022-07-08,0.061803036753997634,-0.68791161432733183,0.0594605105709941,0.87039669341520776
2022-07-11,-0.58342748530129862,0.79252085059520194,0.45662214932669953,0.05533104617424503
2022-07-12,-0.27046297073019876,-0.19975356895789714,0.36178150084777783,1.2224867106454911
2022-07-13,0.082756298320778673,0.32677083231413673,0.053638011216249969,-0.021966790736922988
2022-07-14,-1.2416726284362793,-0.7477512731842535,-0.32657055696848708,-0.047363808542223482
2022-07-15,0.31387699589562634,0.36037820341496551,-0.59842345826352161,0.41757290619620802
2022-07-18,0.96585071564544678,0.80635202234283498,-0.0060247341021021734,-0.32397461019183071
2022-07-19,0.043869121331467857,-0.42712656243430303,0.69476629342992247,0.19316127791286306
2022-07-20,-0.33719709349325711,-1.0336582170913533,-0.97931516274284214,-0.73383030204510802
2022-07-21,-1.4619093313632272,-1.8263375222683165,-0.86845907783435861,-1.7147541489024487
2022-07-22,-0.011574369083068364,0.520855017155052,-0.80523732976775753,-0.77278611885233006
2022-07-25,1.6118044317393432,1.1825003171704243,1.0785390104662089,1.0323839193531561
2022-07-26,0.4004350748508117,0.83656305097661365,0.46583771981777861,0.31745424402495465
2022-07-27,-0.064315026084661192,-0.84078837506527171,-0.39629294276619037,-0.91511363345532715
2022-07-28,-1.4698059707675919,-0.54080708651256015,-0.6361292138407133,-0.24570969778063309
2022-07-29,-0.39984775595070748,0.32186626977644844,-0.97550444483965826,-1.1215270880756811
2022-08-01,-0.37526726912711145,0,-0.3928465621892166,-0.68708952054142602
2022-08-02,0.41697042261076889,-1.1939226553157549,0.33128251764164246,1.2170641359814056
2022-08-03,-0.6908763124042181,-2.0158932979092694,-0.69397512038776732,-0.94156599200536439
2022-08-04,-0.605739198871172,-2.0641972428680804,-0.89435253305592455,-2.1844552665221713
2022-08-05,1.4180462815519708,0.097990086876415278,0.028173986385152377,1.3699976705950372
2022-08-08,0.15794065302087784,0.28786130370718088,1.0014586177782239,0.0865451549358289
2022-08-09,1.6004617579608835,1.2363553261844387,-0.64868541247153022,1.3580407307371551
2022-08-10,-0.90938649811327676,-0.43361150604996468,1.5661007421186615,-0.98349078797401701
2022-08-11,0.61770353537706146,1.870260600989567,-0.00062942130820973293,-1.0194794091120054
2022-08-12,-0.054862542690963578,-0.47562423803774084,-0.50140416781185015,0.58649582491252517
2022-08-15,-0.81617177954221676,-0.49779973902889674,-0.36506330546448196,-0.23440049076080602
2022-08-16,0.79881369787249867,0.02032923431342026,-1.1436605672879459,1.6025333009678084
2022-08-17,0.086701809906516825,1.192118106242158,0.12856012018218288,-0.15568856054698402
2022-08-18,0.52157448745321233,0.73227041680346672,0.28626458941248972,0.79136830898767496
2022-08-19,0.04804512441446826,0.80935329155750402,0.62758342813382251,0.61062398118575056
2022-08-22,0.48963299847755093,0.40593480400797877,0.99669399572752726,0.70438280117988339
2022-08-23,2.0627813311710028,0.96755487437611487,0.13326602639164542,1.3541544004726669
2022-08-24,-0.61852537255055684,-0.11560141161928872,0.97862220538249578,-0.97562063106923436
2022-08-25,0.64527882360886224,-0.082461787174157572,-0.47550239776753422,0.33765977529584174
2022-08-26,0.94265461162921127,0.83007708503248878,0.020441139780425693,0.89550424202432277
2022-08-29,-0.039633845960296656,0.86074812896543529,1.2273048465578023,1.0115196668848885
2022-08-30,-0.55494826937919028,-1.0252008773282104,-0.059135674634348302,-0.57612994773828552
2022-08-31,-0.067883954166164537,-0.44334312733011422,-0.41162681724919681,0.30726420415194988
2022-09-01,0.1736657966463388,-0.5941855021845347,0.49006931217599004,0.87550893397871987
2022-09-02,0.21220287213801001,0.78429053785048064,0.49019855705910215,-0.054919434948776449
2022-09-05,1.0017979441770408,-2.1247294029446002e-05,-0.41607521517745438,-0.43927551203602505
2022-09-06,-0.71521130619677742,-0.19628496780647228,0.19959321806817368,0.18693895428753543
2022-09-07,-1.2118544247973384,-1.1574819936453533,0.46409429455906087,0.33788196616945027
2022-09-08,0.055759199417246406,-0.67156262506134556,-0.40163500588268608,-0.92882540986291928
2022-09-09,0.09755168276886711,-0.26921869978078189,-0.45313963902432647,0.13132414911652063
2022-09-12,-0.13422923502112993,0.24653471208583863,-0.67628090631762383,0.66482299138718981
2022-09-13,0.14575997916521868,0.93595993303681357,-0.27321174780613339,2.1297599330526884
2022-09-14,0.41810758820834354,0.12370728528696767,0.84228553903848735,-0.43154654342305854
2022-09-15,-0.21529532466047055,-0.11403726014953151,-0.13104670432447507,1.1990065813273354
2022-09-16,0.0022942810943498092,0.28657940777004148,0.84547712096566663,0.22024783874956866
2022-09-19,-0.00070278763024424998,0.65788071755383226,-0.001755963156506142,0.97794408712743719
2022-09-20,-0.12784600835726559,0.010073348380655933,0.49442162616484214,0.061481308967378724
2022-09-21,-0.073671863880507393,-0.21429490935356837,0.39301534175111763,-0.313449499802395
2022-09-22,1.3592251343233626,0.31553714458670784,0.38506042240802707,1.6798413350969248
2022-09-23,-1.7204874208094072,-1.5848345884290207,-0.014730900762305885,-0.01609028763880473
2022-09-26,-0.79802607180993834,-0.94572327494785902,-0.69495335571734684,-0.47543414661949451
2022-09-27,0.2215706030689347,0.10269900055763534,-0.31231914816745993,-0.42180260615644866
2022-09-28,0.76174187709885777,0.56278930655004222,0.28984121253250278,-0.65480304860188376
2022-09-29,0.31800447678642146,0.33346998670070011,-0.05847325985640249,-0.72816883825031975
2022-09-30,-0.046502474055910022,-0.1661915284305647,-0.06145227733342757,-1.0854882001745341
2022-10-03,1.5713709813773253,0.72611723179634902,-0.24799217751547536,0.52164991106370384
2022-10-04,-0.66163564936438213,-0.19268037527890117,0.05203624310066253,-1.2866196126277212
2022-10-05,0.61706698305101393,0.81599486927839437,-0.37756145575847322,-0.33597389763785745
2022-10-06,-0.76289686698898496,1.3264347296128645,-0.2464891739173585,-1.1849482250530234
2022-10-07,1.2906297237306825,1.032813719769307,0.11147686016751783,2.246181711984335
2022-10-10,0.26280560304218281,-0.00046637050473973896,0.0026918189728692191,1.1997847179931549
2022-10-11,-0.42179849424462584,-0.52469347496963814,0.95968918807787185,0.26197428723446031
2022-10-12,-0.11425986829049686,-0.13456509415705917,-0.3746500424596807,0.72732406684042561
2022-10-13,0.6877109134889523,0.86536459596485482,0.61205607696213493,0.29238209330937998
2022-10-14,-1.1384395031619825,-0.3166061415668584,-0.76485457206256791,-0.41220873094076166
2022-10-17,-0.066008805405096044,-0.30628303680824231,0.50337137847102031,-0.083471975557840222
2022-10-18,-0.75251153652909564,-0.54829879579938878,-1.2553649211325548,-0.2743049545035654
2022-10-19,0.82239772445965009,0.81034455246259773,0.66302609202202223,1.1865516745477336
2022-10-20,0.51324451824700856,0.4338824719469393,0.31998950956868305,-1.0212318815188299
2022-10-21,0.52562765504841558,0.04205460947790949,-0.30068707654345916,0.97068421311875264
2022-10-24,-0.43226481681444967,0.18294467209173501,-0.41746001603262223,0.043053169147561035
2022-10-25,-1.0690668255818614,0.052828179788970614,0.56142915493638068,-1.5676027755021846
2022-10-26,-0.32028009457894435,1.1805975958541417,-0.86829268702268669,-0.30950959502440928
2022-10-27,1.0096505516045333,-0.33645795668388745,-0.4946291078650325,1.8493517885979811
2022-10-28,-0.50026427716327693,-0.75309120168978017,-0.32778004464254729,0.46014258609323855
2022-10-31,0.015094268858203988,0.90148006120298452,0.24944762703968029,0.7726826323104069
2022-11-01,0.74129038598680308,0.30923989359062082,0.47415602065956386,-0.033668576578849488
2022-11-02,-1.2538014047749642,0.64551094106256701,1.2244121220554105,0.38069218941441108
2022-11-03,1.5016112076251302,0.1958140096819945,-0.014883721843271048,0.78592343864455727
2022-11-04,0.94537992932715087,1.5378175555377012,1.0492772416417548,-0.13646249891840456
2022-11-07,0.16354683895850883,0.17843874798502624,-0.48022150479597392,-0.51703460100534981
2022-11-08,-0.55910245256444036,-0.94274458347332157,-0.35926950012375675,-1.8558551725063446
2022-11-09,-0.53590871705479115,0.057834588259765216,0.43109100886055163,-0.52845445773943811
2022-11-10,-2.1296910618076632,-0.45341794834637406,0.11156565767472719,-2.5394768253996833
2022-11-11,1.1548275474048142,0.88531875748387701,-3.1846388247063038,-1.9267209398992
2022-11-14,-0.23374972838255278,-0.14519710776876713,-1.795067250504689,0.082142464984167204
2022-11-15,0.56486666277372377,1.0306644273203798,0.55633757135297801,0.35496020757201363
2022-11-16,0.23031044881536289,-0.6285058722757827,-0.05183538465654753,0.59603812170691806
2022-11-17,-0.11159317104046994,0.190523827046474,0.31180644382964939,-0.65831405904621498
2022-11-18,-0.58373072968620121,-0.30278053521167725,0.70652224118625484,0.76165031251271609
2022-11-21,-1.3393279916377716,0.11634868497650148,0.47948155140688892,1.2036440262479027
2022-11-22,1.365646041903231,0.81636836051305217,0.81933961892733076,1.0181531003292521
2022-11-23,-0.11384085856491979,-0.47545578760321316,0.0039585902636564852,-1.0845812590452673
2022-11-24,-0.13435275318724257,-0.24824532781638348,-0.96571853417384657,-0.52434146954627436
2022-11-25,0.032419768123927849,0.26421477921077718,0.53248203884678136,0.75353362892642184
2022-11-28,-0.17904694593930903,-1.1385755857976501,-0.16091483666696321,0.80896486117243915
2022-11-29,2.0038545574805364,0.9924549245344787,0.013263487079433721,1.0686487980713009
2022-11-30,0.28976701387946502,-1.3018998923646341,0.82227673412194513,-1.0708690468010349
2022-12-01,-1.3730420091792861,-0.52486613371340707,-1.2030787585385039,-1.5745113591638522
2022-12-02,-0.1203548406206623,-0.11658542812897836,0.061497274747769504,-0.2220148137276827
2022-12-05,0.33197744119975031,-0.12633835339984431,-0.031256342106470013,0.62316706541337441
2022-12-06,-0.249229321129119,-0.11661210006811187,0.80221676110145657,1.4507611682546384
2022-12-07,-0.40126753057725012,-0.32428231982995404,0.51574206210177009,-0.059619429758172811
2022-12-08,0.82745878146588592,-0.07123465176393938,0.4944453588199057,0.11886736929940812
2022-12-09,-0.69936588675525491,-0.075317830284944098,-0.80464620245294471,0.34577457014001917
2022-12-12,-0.53206875133411391,-0.04405222061438982,0.05493079274393449,-0.66828765262321432
2022-12-13,-0.24051282938081781,0.84040030067368399,0.26687310715208057,-1.3690546289384069
2022-12-14,-0.23521527311297541,0.34691622374740838,-0.27340977454809839,-0.1215408782500246
2022-12-15,0.86693376222847485,0.27486307922601233,1.0454039160636555,1.7868499743345085
2022-12-16,0.057878402601653348,-0.67178267750523601,0.20495702447037492,0.34107231872541505
2022-12-19,0.52861173413007978,0.34091437545793385,0.43586525041933616,1.0537034046150986
2022-12-20,0.63213669547278462,0.63773015682442447,1.4886866109931527,0.65948899332977318
2022-12-21,0.36273968524198835,0.55680629238665369,-0.28678399102818047,-0.61798491641192166
2022-12-22,0.50966156582937283,-0.099646523149629865,0.31296041150018383,0.7190238714627466
2022-12-23,0.22708182921351003,0.98738783486680071,0.68312044654691917,0.26635876910809919
2022-12-26,0.000627186787499058,-0.000304020279802707,0.47072499455874689,0.0015548201862895239
2022-12-27,-0.0047831301237694166,-0.000303969285976936,-0.38573669910415564,0.17629046774493709
2022-12-28,0.035571459620722064,-0.044379545669893834,0.49189032789213116,0.054553781021213853
2022-12-29,-0.48734158394718757,-0.082739014734136487,-0.39217876372814764,-0.98252809943652386
2022-12-30,0.17616460766480879,-0.31496688566778475,-0.049184187740306883,0.075913745942279676
2023-01-02,-0.000135585476898268,9.9999999999999988e-19,0.00049069676022923893,0.93040899259058918
2023-01-03,-0.28500262226798029,-1.5433301465366336,3.3426756051500003e-07,-0.57794722184808944
2023-01-04,-1.6355090520058675,-0.82488416711528934,0.51388748309173482,-0.041568670867151658
2023-01-05,0.91853135204056147,0.69148008841185415,-0.44561750711067244,1.0105197632753997
2023-01-06,0.73270334386818581,-0.2885855122172819,-0.26558819733161998,0.02775415643511453
2023-01-09,0.52026693410132574,-0.072192561686767964,-0.00083121453857146492,-1.4613291025257067
2023-01-10,-0.18332518716507012,-0.36258721102768454,-0.59595294702692658,0.69473179724271172
2023-01-11,0.14281050809549473,0.52703152881565096,-0.8664767828170068,-0.42640212629359509
2023-01-12,0.80214540036930349,1.0094408319286441,0.12129857173011414,0.63859598121131012
2023-01-13,-0.24083580534661528,-0.78210838117021841,0.45231798863580308,-0.98649252138105392
2023-01-16,-0.29191167570834675,-0.25401300469261401,0.21642764119247893,-0.44573269265105708
2023-01-17,-0.14697717733980717,0.63164330882473818,0.15398603660699636,-0.10245172293476576
2023-01-18,0.69718875200878105,0.24691069827331766,-0.8636449529842567,-0.27926576204478398
2023-01-19,-0.0782365923033915,0.66420506490382147,-0.59116815421046265,1.0069912416107019
2023-01-20,0.48865638786817861,-0.20659147889149146,0.60049356130930776,0.078189514363607382
2023-01-23,-0.26823694182450214,0.17030616390171568,-0.62532403844585016,-0.31558997756472079
2023-01-24,-0.44816432225641045,-0.34702285085666845,-0.16457647584499713,0.18417883866251278
2023-01-25,0.42234612628598439,-0.21467460052946216,0.25784657391071858,0.9933702568733167
2023-01-26,0.34094537258822699,1.2459316637369202,0.2896190615170029,-0.56989739050479415
2023-01-27,0.10255839784663667,-0.24631576602130162,0.30682779576812913,-0.092390464976564779
2023-01-30,0.026281665815956583,0.066741256739683077,-0.45505627559731854,0.58379291143485612
2023-01-31,-0.4136431457907751,-0.55036999792819119,0.72703019710636207,0.29213569414471297
2023-02-01,-0.26502248406036932,-0.50118249224291556,0.10745073782997884,-0.15009091803454894
2023-02-02,-1.9745102284364644,-1.0766376337078349,-1.086046735721949,-2.5191289786031841
2023-02-03,0.054183258417446464,0.048929527732082978,-0.59648420935198621,-0.39781042937824374
2023-02-06,0.24929390602932938,0.051677380536047111,0.88379332661342491,1.1062127890569702
2023-02-07,1.4011360917211966,0.37460102048578237,-0.2069608047069921,0.7793977472842335
2023-02-08,-0.11523435875817163,0.1428800401283607,-0.36002331213119204,-0.002607646345164564
2023-02-09,0.31132037731797174,-0.07137605316157436,0.17441304893353637,0.58641395702321664
2023-02-10,0.9649189939308358,0.3988174986133266,0.56696745842117224,1.3203582273355368
2023-02-13,-0.43673258807901405,-0.18929263258986681,1.1627243057823207,-0.16929618707155328
2023-02-14,0.73154881391642046,0.32598213059786862,0.12066117798543211,0.64274357010622585
2023-02-15,-0.47959743262198679,-0.67921781632639533,0.75771359160716689,0.014641579678961725
2023-02-16,0.064880066871337613,0.57255322802198871,-0.43145685174827264,-0.23493956431487467
2023-02-17,0.14227122754281141,0.078392827036467799,1.2320910541282033,1.5068889898914841
2023-02-20,0.17721644265182349,9.8680968259441996e-05,0.6779385388926793,0.22565185424044468
2023-02-21,-0.4596843012392649,-0.086384173681783027,1.3772335711073824,0.97722202875013164
2023-02-22,-0.69053802388922747,0.29866057580141231,0.12751491109026578,-0.030561945353825691
2023-02-23,0.41480418445280171,0.36118773542783406,-0.0042000520236198892,0.22916750022333429
2023-02-24,0.060641253956707282,1.1572242416240424,-0.17237776377945005,0.2695262650148102
2023-02-27,0.37619573910340598,-0.26445834929936068,0.85848000562590321,-0.2896570456411936
2023-02-28,0.48664700266757061,-0.15388045242410825,-1.0445665568016418,0.043281712667064862
2023-03-01,0.51837335946956287,0.59029608786221222,0.88528762186494048,0.7125590322428268
2023-03-02,0.11944994383573537,-0.022990970594781081,0.062086216588929766,0.14427134919844239
2023-03-03,-0.17659297216252762,-0.38215060261815692,-0.3130182681294163,-0.22369741832630291
2023-03-06,0.45389355217945876,0.30402218518600316,-0.066706556656545526,0.1838051785479464
2023-03-07,-0.011807023523933546,0.065949990982014053,0.29791243150952385,-0.052685213125766267
2023-03-08,0.49744361692806927,-0.72820912783134539,0.039244364282695024,-0.3851403862367947
2023-03-09,-0.67572929969129392,-0.47306432087402772,0.20055360720849955,-0.80392618824873596
2023-03-10,0.70674042827147832,0.49555117814052607,0.15395335365974419,0.76945607394193583
2023-03-13,-0.06068997535370918,-1.4948350732256519,-1.071469277251262,-0.29281490758596784
2023-03-14,-0.22348984742429504,-0.99598026109197058,-0.80514398066309678,-0.5917717302257044
2023-03-15,-1.5896359313277799,-1.1206001934759851,1.1053696855170907,0.3166319645274025
2023-03-16,-1.2753140820577435,-0.14975651062024226,-1.1733690276570732,-0.8194851489869146
2023-03-17,0.3220744231847163,-0.87280052555439214,-2.1138232973005855,-0.79868811101525861
2023-03-20,0.89335190965891143,0.47840632721595672,0.34006368589540148,1.324820727508335
2023-03-21,0.030269899102196577,0.43612106927669975,0.014449172582451687,0.90380409388991922
2023-03-22,0.046558239341857419,-0.17604638328997652,-0.4905324883856404,-0.0089605949915112053
2023-03-23,-0.041048585141346711,-0.46667209737921961,0.11956635873480144,-0.83945990365289891
2023-03-24,-0.36841568686584236,-0.061210530680268944,-0.18423669822288069,0.3002404806273315
2023-03-27,0.0034298755387280602,0.59169240763081787,0.29521458353445912,0.21936384801687858
2023-03-28,1.2200835446541511,-0.4095415489428802,0.49189270113990313,1.0963439478388957
2023-03-29,0.27939715594563469,-0.27424303372819653,0.16090852900633654,-0.81748646565840688
2023-03-30,-0.67714907031016425,-0.49134700933767755,0.24299218008771067,-0.89041695013618405
2023-03-31,-0.22681161639838601,-0.28836293019354009,0.78879667430753808,-0.31603022668054004
2023-04-03,1.248761009518055,1.8043257133913564,0.57414074190211806,0.42737087046885935
2023-04-04,-0.11055653833024442,-0.66106684673542981,0.55205854233337726,0.084029696472979309
2023-04-05,0.2472016136973175,0.75248576865609429,-0.27737919387731125,0.091233871137686412
2023-04-06,0.18691409394039582,-0.20713039120577081,0.23794723824149214,0.14571652448467429
2023-04-07,-0.0030000120448332702,-0.00030947479270443899,0.044800952967573714,-0.00096108372784273199
2023-04-10,-0.0080994194380643991,-0.028309494670149531,-0.22999032841462536,-0.0045013144636982293
2023-04-11,0.87122207156232656,0.026008139787967562,0.093628448123517005,-0.047884682585012071
2023-04-12,-0.017134319714848387,-0.16536588139467789,0.41865194070160128,-0.0015224675876819021
2023-04-13,0.17950372678483589,-0.19658595616833921,-0.62530681132070287,-0.47774067664575415
2023-04-14,-1.1254939420976477,-0.19502930466580456,-0.41447949833339909,0.38609902175203209
2023-04-17,-0.0098978065466239305,0.3651579399717837,0.29277892516244064,0.29723885727603006
2023-04-18,0.81017419340117824,-0.026241839238702401,-0.094641287282264688,0.35103080020131588
2023-04-19,0.1092932906611063,-0.38315266059159231,0.38584632821579412,0.59201822420899686
2023-04-20,-1.1378521996491131,-0.12914337932217712,0.30795423337033323,0.043460244452770636
2023-04-21,-0.91871765885167889,-0.31303738940965009,0.30530862129630654,-0.17445312121658918
2023-04-24,0.17797380835603516,0.59125617100184991,-0.10328768269292864,-0.33415780008231444
2023-04-25,-0.60521679771171255,0.063032761619176661,-0.058878720859042673,0.099435651660531629
2023-04-26,1.1589842793681377,-0.40919805253893116,0.68942760839253836,0.36345548756787055
2023-04-27,-0.77182240889344367,0.066092808714670173,0.22966640818925191,-0.40266918473309249
2023-04-28,0.27763077599864494,0.60687695586041035,0.4035826453175278,0.095088189087914318
2023-05-01,-0.0024448409951192181,-0.033789251772019989,0.21033134993636823,-1.2999999999999999e-16
2023-05-02,-1.4077640023782232,-0.98555477604420816,-0.50204566026759279,-0.46179006750126861
2023-05-03,-0.44915456009498372,0.16564413043312043,-0.0023407171210953859,0.088924124352946721
2023-05-04,-0.11074927462386011,-0.64554982043619458,-0.0018895137763769898,-0.050377281970102619
2023-05-05,0.83076904457197975,0.016779935561959919,0.0015654798240993628,0.50822614043915726
2023-05-08,0.00028848193930797601,-0.48089128815151477,0.3561292203356865,0.28113746731523037
2023-05-09,0.093865610843962069,-0.16445982101398507,0.13515682885712954,0.91901521338194414
2023-05-10,0.22096915661883149,-0.76892257282490462,0.38460179505720776,-0.03354444651860683
2023-05-11,-0.99926018618929424,-0.1416974734334594,-0.84036617037902828,-0.78008834566783525
2023-05-12,0.47867486391453412,0.66608390362137482,-0.46552445356665234,-0.3209825882467125
2023-05-15,0.15679058136200905,0.66629812814689415,0.19197158870331185,0.42048819986986002
2023-05-16,-0.47047350476312727,-0.011147108755704205,-0.45290874409481358,-0.43751449813001531
2023-05-17,0.50225856612786202,0.51521965028836003,-0.081373830684548898,0.61067270218659131
2023-05-18,-0.7629013675336207,-0.19012783247557205,-0.54616396768082842,-0.077382219191813872
2023-05-19,0.26582279966477357,-0.0658820556477758,-0.68965788998889621,0.33315980290400737
2023-05-22,-0.27485342667303109,0.000294242254012856,0.37075154853422582,-0.1949219143779353
2023-05-23,0.57083926768620152,0.9165531571096851,0.16516589181474164,0.47359648305504831
2023-05-24,0.45939942765220004,-0.22345302976318804,0.76895515632777378,1.0676730263031433
2023-05-25,-0.58778796820665513,-0.69346501323613874,0.14399313737740499,-0.84281824931556271
2023-05-26,-0.049285864588349909,-0.28894727788822416,-0.44516310630723332,-0.64685884623442491
2023-05-29,-0.0016427631044772821,0.34640466559179384,0.67958356804339226,-0.00030675618741478398
2023-05-30,-0.13850126507293367,-0.13846236566132886,-0.3328399333151984,-0.51037798614118235
2023-05-31,-0.81651755796660008,-0.28204794503235137,-0.94105040954515029,-0.52241034435328892
2023-06-01,0.55888902565270104,0.24312531343072796,-0.17696793714503289,-0.10054049506187045
2023-06-02,0.58242884344856216,0.92485347196702894,-0.065482925081847582,-1.0889778033371769
2023-06-05,-0.05713133554170307,-0.83894154211383121,-0.096422118960184114,0.60110962760793907
2023-06-06,-0.54229007215065939,0.49760251930340788,0.39064089885664183,-0.06371033452090831
2023-06-07,0.084871124926139255,1.1042530712527241,0.28990291192120315,-0.11011257717862019
2023-06-08,0.65091517572239221,-0.084585648947294381,1.3276903927548276,0.056502451297568743
2023-06-09,0.077244122457121991,-0.16136095802315173,0.1139427231893962,-0.19733413249149448
2023-06-12,-1.0081126131740625,-1.4013449447271924,-0.77108361328442698,-0.60977217613546486
2023-06-13,0.018121548057066506,0.2518988503403039,0.027500853758341548,-0.022814483556690999
2023-06-14,-0.087288541187329788,-0.44060666308428381,1.1530972111554663,0.50427601378740627
2023-06-15,-0.0019796934626761932,0.053321325207105405,0.19959658961943832,0.015956191175422109
2023-06-16,-0.096015825768788129,-0.18648529441920003,-0.96591049006712304,-0.1516457458443024
2023-06-19,0.54806791409226252,-0.46396130558712467,0.031196166894813596,-0.091526015333655161
2023-06-20,-0.18735069410053037,-0.70697476389665148,0.17823474025052077,0.58683135462159075
2023-06-21,0.34752736080013613,0.77604091467697955,0.88573531453968557,0.64334093149126348
2023-06-22,-0.31564112969412167,-0.82796801304039824,0.95776988923632922,-0.84305487884385222
2023-06-23,-0.24740502232427161,-0.48061161921113549,0.16142813197715794,-0.02473332853983011
2023-06-26,0.79955641770558283,0.67170354427915313,0.33586991852904086,0.12310502757089326
2023-06-27,-0.02148364579639073,-0.30818806605574411,0.66998451353939781,0.40709269053132202
2023-06-28,0.061244934058606426,0.020082988968886654,0.11801291108550155,-0.13706114623735327
2023-06-29,0.14823643564947744,0.56363891537953348,-0.45729310692665298,0.17438450614191439
2023-06-30,-0.34242642411040219,-0.45704627855650626,0.23577136895359752,-1.086277286337767
2023-07-03,1.6134721946093438,-3.0000000000000002e-18,0.39803655857985987,0.71177130682748857
2023-07-04,-0.23033110051558547,0.57229712003266486,0.45030054393576807,-0.52354355899907834
2023-07-05,-0.66025361219252476,-0.16856401277425989,0.6875674042805503,0.14681494245175911
2023-07-06,0.02737707538624036,-0.12477760565665186,0.6305355526661528,0.086675027214674127
2023-07-07,0.86320563542336293,1.0254269961139191,-0.3178497123322287,-0.12644654995981106
2023-07-10,0.23602915200830915,-0.14658913917303626,0.24187079118715621,-0.23619633425134196
2023-07-11,0.53389682393194904,0.35633514496635577,-0.68566753097218991,0.50633357458320671
2023-07-12,0.77472810246477841,0.51554217084897858,0.59491523997661777,0.35212900893329263
2023-07-13,-0.21303444880038394,0.37195928552937607,-1.0918153902269068,0.58482765177153095
2023-07-14,-0.55935394488610712,-0.90757634577557,-0.4121253238720769,-0.30399208746150991
2023-07-17,-0.077853364078660392,0.12052362708435496,-0.0012515144501834049,0.3283842456548271
2023-07-18,0.24003620320139607,0.58916778493790756,0.61489143027098336,0.010820104414319132
2023-07-19,0.65990748430051605,0.59509973532818361,0.60054008262379399,-0.82568412123365575
2023-07-20,0.41858687515525639,0.15494486895343151,0.97466080376074971,0.14150535809676265
2023-07-21,-0.54884240002709594,0.099041004012269326,0.65237515611977048,-0.082458635413797138
2023-07-24,0.6096534054697601,0.25441332861092458,0.44448397276644835,0.20770213465913348
2023-07-25,-0.54058512688598992,0.018343600042020351,0.79250417888548397,-0.37417910900800877
2023-07-26,0.17227978035571248,0.18473374040368093,-0.31576956210124058,-1.6343895155069368
2023-07-27,-0.57744033088402325,-0.046864642783425239,-0.43888746252538824,0.69279604807007178
2023-07-28,-0.51283978819902154,-0.071490077391836659,-0.19500553862614667,0.47250813988048934
2023-07-31,-0.14975316456570797,0.14140832726565175,0.50563636011706259,-0.71250551454950639
2023-08-01,-0.43442768257697628,-0.23975353304039573,0.39691265232454076,-0.47257316147544309
2023-08-02,-0.085113129631485429,0.31870495583978287,0.43161961635112778,-0.56182469157633341
2023-08-03,0.48139936760174518,0.38765401486251189,-0.51748731486340083,-0.81543174556478848
2023-08-04,0.69680029650927944,0.36532920419378534,0.2289426600477458,-0.19648917893769646
2023-08-07,-0.2329807488595475,-0.00017447629675712599,-0.31114612520290374,0.6299849507783799
2023-08-08,-0.555765706894355,0.45542992615546091,0.78878969945165922,-0.19494962711094285
2023-08-09,-0.088407632437089809,-0.32977418748146536,-0.49378689296569234,-0.072988323262744681
2023-08-10,-0.0040541698227638742,-0.1873474283547838,1.1915400901174877,-1.2984363399215306
2023-08-11,-0.24253899961517925,0.18627751055239822,-0.0054255521077943725,-0.46836441305109094
2023-08-14,-0.90200299338227719,0.35369962284525713,-0.1558009801786033,-0.44086983203581315
2023-08-15,0.26036282638080088,0.21754085890678801,0.37696360359711184,0.037793921459785329
2023-08-16,0.18498312619594312,-0.29836202869911066,0.035688285481480772,-0.021723161091136232
2023-08-17,-0.22897142706465018,0.20944358718703962,0.23288070115709478,-0.20435354388117039
2023-08-18,0.27152671448594101,-0.28933340951785302,0.2049457535634075,0.39440446856370298
2023-08-21,-0.032361160684346635,-0.71581428807173353,-0.41866658747385865,-0.72816658519736133
2023-08-22,0.12781235191627827,-0.23577670263591108,0.38536072093760049,-0.096633548343674422
2023-08-23,-0.014939040699361514,-0.22538831964423858,0.031595524340223821,-0.51325894578138698
2023-08-24,-0.21163748648754241,0.083323389567946105,0.037691606602961489,-0.058713673784476471
2023-08-25,0.22412319127413516,-0.11647017190237452,0.056351368437094908,-0.10358426256074191
2023-08-28,0.00013692783585481701,0.55641872456452335,0.50174267461906585,0.19826908706527985
2023-08-29,0.4145272657128336,0.45632126822705243,-0.34021034583632975,0.26332559625536262
2023-08-30,0.24105457830727273,-0.17853965904109814,-0.014007932294644372,-0.48332093101868412
2023-08-31,0.30274401694594416,-0.21381216375340456,0.14496562269008634,0.3823722590730298
2023-09-01,0.28455954761602842,0.0926140744575282,0.66900431133956351,-0.47793322463512766
2023-09-04,-0.67994330573099138,-1.9685854023323e-05,1.1976642805018285,0.58101394173849819
2023-09-05,-0.060760989490924032,-0.12643972176634735,-0.27298818370051542,0.21278230943717744
2023-09-06,0.32442867906568945,0.32113129886159242,0.33553379014763934,0.62293006032870279
2023-09-07,-0.60518726080391538,-0.28747513625876014,0.70157346989675884,0.5672009300732942
2023-09-08,-0.4700722647116749,0.52811070434345864,-0.031915716960038976,-0.7303285513159935
2023-09-11,0.553999838954504,1.1478653033051183,1.0417301187434544,0.28340585841998495
2023-09-12,0.10292145076273196,0.27791045917873547,0.34301038998101352,0.42634758032699482
2023-09-13,0.46307363192545203,-0.91464347760043474,0.29824126326182127,0.43192716995129576
2023-09-14,0.53435177440110793,0.32034017934832609,0.73142138136138124,-0.034137519252096349
2023-09-15,-0.11383314370726248,0.14120924408031446,0.80554916295395607,0.5269537158896378
2023-09-18,-0.074307701196133794,-0.25906254615757757,0.0024886630964475712,-0.059086585857112919
2023-09-19,0.011441888714624544,0.29134761262044984,1.8122010620485776,1.0495656505524711
2023-09-20,-0.2585070000629468,-0.3175553271739146,-0.41167520460441437,0.46187652827397824
2023-09-21,0.37431016363807057,-0.32942785721523926,0.83697535740267837,-0.030699954572207089
2023-09-22,-0.07206035602157676,-0.065561122393941129,-0.52667474653794855,-0.51787700693101346
2023-09-25,-0.084699096085886882,-0.066305338376429504,-0.52860935482955584,0.28918666298240253
2023-09-26,0.017398456380993785,-0.32330502899224595,0.43406742787980307,-0.32294269566300293
2023-09-27,-0.19499324137907353,0.3137596738620636,-0.30749374001342755,0.47259214463724147
2023-09-28,-0.062971302563771619,-0.51162865927463719,0.48890973483376227,0.33123863291639077
2023-09-29,-0.45366837015907063,-0.30736079965765861,-1.3869637173380502,-0.59728024394690027
2023-10-02,-0.035632580220308151,-0.84280922001249947,0.56512723989491354,-0.27467259253202841
2023-10-03,-0.39704673990507527,-0.65045831645950547,-1.1917023746437494,-0.17516094401587323
2023-10-04,-0.35648343904781971,0.13202043535824015,-1.9556294440340638,-0.62502699328452271
2023-10-05,0.44316589883713992,-0.1879658953495453,0.053480221164193577,0.15586665465637575
2023-10-06,0.58953008388334183,0.21377070982409196,0.74908570801736341,-0.19697512509245879
2023-10-09,0.62033739475523464,0.000287360956254906,0.0012300715666624189,0.15829606047417602
2023-10-10,0.51285302088262963,0.81284431531711854,1.108047987135766,0.1289146081749486
2023-10-11,-0.049155783837983615,0.014672701942968104,0.09841891148476499,-0.33739228421555501
2023-10-12,0.34476155857978974,-0.57005334885718451,-0.28075873853754019,-0.37509976761194685
2023-10-13,0.50628511654511188,-0.1804275344948757,0.29947549523105027,0.12197289039412909
2023-10-16,0.38910677332439308,0.63618106803214947,0.89252689818141717,0.43718158714747207
2023-10-17,-0.12493978917577951,0.031084951704121212,-0.72121682325371439,-0.5129735455164357
2023-10-18,0.58102422396888109,-0.25296932785303716,0.087941836796852038,-0.73214397860471436
2023-10-19,-0.18685938799210439,-0.26301664503574435,0.50314895307727092,1.4248000491035675
2023-10-20,-0.19586215241994887,-0.66732756305153795,-0.069414220135151389,-0.61130345812717135
2023-10-23,0.1220839913576366,0.032498195055683826,0.17381579492087737,0.08403788922890254
2023-10-24,-0.14185103726081041,-0.064767616069404524,-0.60421740116630385,-1.3418433923151321
2023-10-25,-0.38269972428891263,0.11397610285371414,0.48001797381067624,-1.1420399788523996
2023-10-26,0.43453050328933718,0.72038793867746109,0.59454337662987411,0.19374960988687837
2023-10-27,0.50287612569018469,-0.1932727654654201,0.3773632518528478,0.11672344874408253
2023-10-30,-0.24864061153986147,0.11559252688612197,-0.85015086640569093,-0.5115084747445473
2023-10-31,-0.69639094568026438,-0.28278986276196494,-0.23030406874978163,-0.63864509412180581
2023-11-01,0.22175515654321332,0.81520980079744787,0.62026162175868482,-0.66637306476696689
2023-11-02,0.65970303837481203,0.38541798197675481,-1.5353941456601361,1.0565997238036675
2023-11-03,-0.092887670980377771,0.28079483382126508,-0.0078968410439561043,-0.25208010882291459
2023-11-06,0.11656065049372803,-0.10049494987051097,-0.64154738062094507,-0.68829709744358325
2023-11-07,-0.75438990727795474,-1.4263246239485696,0.31247786233737296,-0.41208145298541732
2023-11-08,-0.22845876040801472,-0.61323735774993815,-2.11036546097642,0.46868351168983735
2023-11-09,-0.25520426614228992,0.13346704102337711,0.47282216995480092,0.32699076932945248
2023-11-10,1.1088454052502417,0.29707940746935807,0.70594800859223539,-0.61584943659625713
2023-11-13,0.86691251666849245,-0.76071370809183314,0.12416256014216016,1.2164918435705343
2023-11-14,0.40682945304818641,0.8147413457056798,0.40456543631535358,0.28896367953868868
2023-11-15,0.12338929856640514,0.19738572431091811,-1.2424755448516183,1.046776223579863
2023-11-16,-0.44344175172141886,-1.0715168267636304,0.16340003081291191,0.11869275621799184
2023-11-17,0.18539169249953974,0.023543100170672224,0.57845760713987804,0.60530939643254023
2023-11-20,0.5345099988378873,0.36843220203217553,-1.2699638482940325,0.42279652776584586
2023-11-21,-0.20895982243445582,-0.36448014539711682,-1.0410810141369551,-0.33731151146131039
2023-11-22,-0.48187592391988499,-0.29894234115208884,0.50996894602109333,-0.55164765515735503
2023-11-23,0.18078274753281381,0.004914904924765276,-0.00079379465627369902,0.54583593480367398
2023-11-24,0.21980852913569535,0.10633122444834654,0.74069834189395334,0.5366588273235342
2023-11-27,-0.12194408129029581,-0.47772035218296321,0.17718764397790415,-0.61989328546275568
2023-11-28,0.18239257142150653,0.18354351032613334,0.31961912974447954,0.11010973283577118
2023-11-29,-0.39783385276371908,0.87232523394527561,-0.80738593021789196,0.50931070420175717
2023-11-30,-0.82589292493377564,-0.40213989151231128,0.26663777100217056,-0.45081907467500471
2023-12-01,0.22832373022097507,0.36429141810370547,0.99575468446304971,-0.011607341749003729
2023-12-04,-0.57321058307376072,0.15511984241590737,-0.8624705137252916,0.19170741028583707
2023-12-05,-0.21551835799983057,-0.32159928634686469,0.70684059701166713,0.45546138249225704
2023-12-06,-0.15753109750261404,0.078205643622981907,0.081308968167699641,0.043088035401481227
2023-12-07,-0.2854571006707064,0.042976232133854639,0.33676754771562428,0.65296014681688308
2023-12-08,-0.046573331361698313,0.53221840670904097,-0.74926935857251586,0.22727755399028401
2023-12-11,-0.14106815877091519,-0.10475103024498479,0.56462035118361875,-1.5471476432143474
2023-12-12,-0.61646137154251734,0.015274847665441935,-0.083639213417235736,-0.052087575334918042
2023-12-13,-0.17888574926785858,1.1909274890588135,-0.31139876276765199,-0.1983710669318807
2023-12-14,1.2618624919072323,1.4511917737687789,-1.1799560917500598,1.6294765115672918
2023-12-15,-0.098722707733574833,-0.06779828821330125,0.17332846782487729,0.72050316888718713
2023-12-18,0.21834076046031189,0.10233759431529234,-0.024395306888006993,0.66748244406769541
2023-12-19,-0.20935974544735655,0.85914111915708724,-0.85468194561120858,-0.45350212347610241
2023-12-20,0.44294412566039437,0.48998621842256224,0.18252415724213841,0.97704479785068565
2023-12-21,-0.14929240251799028,0.010291135596168831,0.046657827611409075,0.37487014606951907
2023-12-22,0.57508667714014783,0.20392758316662463,0.65264949853795795,1.3105148040097485
2023-12-25,0.001709031672424545,-0.001019243311797583,-0.16959823475074504,0.019241748448818905
2023-12-26,-0.00073429033228604901,-0.001019039699954578,0.24169186850715807,-0.0039704618118731345
2023-12-27,-0.49931519083983161,0.50389330771693319,-0.28475252352824537,0.037237830214234463
2023-12-28,-0.17840682028871691,-0.32416486017045404,-0.35315129262130296,-0.04082322033692673
2023-12-29,0.18819944940241301,-0.52212340230789045,0.21266424311201013,-0.77088684897562898
2024-01-01,-0.00023113991762507098,0,-7.2843770234908006e-05,0.0015363638025407212
2024-01-02,0.23738341996581433,-0.11811972355935266,4.0201428555500004e-07,0.86066273440097862
2024-01-03,-0.00098630601528403201,0.34970891470950211,8.4746533089700001e-07,-0.38486661560113045
2024-01-04,0.021590643832259053,-0.035964796873967801,1.5233641707156993,0.99467255494501627
2024-01-05,0.028107960719076591,0.40503712609395415,1.3281773111861304,0.48810515807131694
2024-01-08,-0.37182970144545119,-0.042165879175704357,0.0096590343412267729,-0.56790929855441552
2024-01-09,-0.42317053320300102,-0.52717106614726073,-1.1229838596038388,0.067517487297148265
2024-01-10,-0.065790820294372873,0.019348560890372603,-0.6406562080242858,-0.73638861102593378
2024-01-11,-0.43992544842269959,-0.23723420268927314,0.26343637867177283,0.55114825414672819
2024-01-12,0.15531532428878547,-0.81769717594124292,-0.99469406134995964,-0.80486700392885779
2024-01-15,0.32965028357030629,-0.17066153776199341,0.87884155862556834,0.14459805460353481
2024-01-16,-0.049347301135692315,-0.1214961721495879,0.28205235594230532,-0.21076411308733409
2024-01-17,-0.20272521323254095,-0.44655608762666565,0.56890729251625416,-0.19892610344662798
2024-01-18,0.067325706982127753,-0.30209514043897634,0.55159064531035051,-0.13517528859626032
2024-01-19,-0.21624344476551963,0.52481685129420064,-0.35321363001095513,-0.073962472946198982
2024-01-22,0.54854786234288311,0.70599831692457538,-0.21159799130784923,0.08419436198211859
2024-01-23,-0.24261413463281165,-0.26091596704431264,-0.49337623732191338,0.4611482551201066
2024-01-24,0.37115900548142394,0.13533978696626817,-0.095629261685048761,0.40013558388622095
2024-01-25,-0.29954669573906045,0.56815173511629391,0.41043549321702966,-0.92206554225163984
2024-01-26,0.039111888461160031,0.13776447468563358,-0.16641771653286958,0.044130868665272695
2024-01-29,0.065485120914013442,-0.22869859680493057,0.82730800224521295,0.19015446969883776
2024-01-30,-0.44461644936554773,-0.23653973647448512,-0.41191462337183732,-0.25648789738718891
2024-01-31,-0.21463387025261407,0.12202679003380529,0.98058284849531951,0.71081686176389847
2024-02-01,0.22360223959795303,-0.53725897928882516,0.34818980592708798,-0.45964022022700335
2024-02-02,-0.058434239978765755,-1.0753768060659541,-0.22597512107222217,0.19743755042208794
2024-02-05,-0.72245069294594311,0.55588923867516737,0.31913809181576613,-1.8870944861346279
2024-02-06,-0.37229078401808252,0.66035904116679489,0.22872202062326005,-0.55917613370087482
2024-02-07,-0.23588962601492719,-0.36372984537818359,1.4437003316348396,0.11213468978053527
2024-02-08,0.87525291486328993,-0.69169114358402617,-0.52946263525656978,-0.27063356930827653
2024-02-09,-0.06293081931577317,-0.27112362686408442,-0.45278330912647319,-0.14559802976386538
2024-02-12,0.91906794228873645,0.6168112597604426,-0.00078844944873233394,0.59148178784708283
2024-02-13,-0.56911217079848275,0.092054344530055399,0.14685919944953668,0.63001112831522987
2024-02-14,-0.15143470462299882,-0.44366181215119532,-0.29749603356669163,0.17657101149404225
2024-02-15,0.55710715625124818,1.0286442325597647,-0.1148026435578446,-0.66261524674318406
2024-02-16,-0.048978859497905529,0.070439819617108268,0.061808529377413435,0.67169705534259561
2024-02-19,0.73298496558096304,7.9742351562111003e-05,0.92026121154459672,-0.29410076476262903
2024-02-20,-0.05436711070120067,0.34904042531076618,-0.36402389083832365,-0.18254293153463272
2024-02-21,0.40764583998473147,0.42228255422362199,0.43300672386290884,0.90094032640681809
2024-02-22,-0.6826224308429002,0.15511499108942162,0.62992425840413424,-0.3172397890068599
2024-02-23,-0.30012275460056342,-0.60729902258523782,0.0029046747367702302,0.14019577747510145
2024-02-26,-0.77518642494809253,-0.25654092342057905,-0.85529377603281787,0.52483390492891013
2024-02-27,0.40729099853445139,0.59961805453586858,-0.16584526179300477,1.2752621205571963
2024-02-28,-0.27632816312875896,-0.65752051175973392,0.065465219440363459,1.2604176212783011
2024-02-29,0.61192597461334386,-0.58140930640474453,-0.081637745824644059,0.09665741860127558
2024-03-01,-0.0023272048406854881,-0.040289620005267229,0.10520665713457193,-0.15082869494939305
2024-03-04,-0.38814213463275393,0.40259595129360493,-0.50141664698382826,0.064892692971298391
2024-03-05,-0.48946902970671807,0.37432058353843972,0.57067321985861019,0.10308088519593765
2024-03-06,0.607451345185826,-0.1765949439246968,0.43917080534410563,-0.81270266778274058
2024-03-07,-0.055047790225392926,-0.22107690580299039,0.082404744444612626,0.2065927504408244
2024-03-08,0.081146715168827974,0.42732229862865984,1.0623903931941452,0.40496612160249512
2024-03-11,-0.31433110544548265,0.23400947635133473,-1.4323136067332507,-0.1391204148270678
2024-03-12,0.19957683677829385,-0.26166563307235807,-0.31000220959313463,0.50181878506739852
2024-03-13,0.38013618238668029,0.22839770185026748,0.39305876998337663,-0.54233672682736889
2024-03-14,-0.060051300805244588,-0.31777144429863574,1.0137305148972171,-1.4185775806206724
2024-03-15,1.2571969652042558,-0.077135625018160361,1.4619486662340586,0.74753670597455946
2024-03-18,0.12909484757647793,0.5999802725498421,-0.91795192412705384,-0.014361173715742069
2024-03-19,0.13716131034347501,0.31155617448224709,0.55154179868532427,0.29254901272965961
2024-03-20,0.46859825756696349,0.18761782778576297,-0.014196619027951165,0.31584192085950957
2024-03-21,-0.10473452508224501,0.25497493231243579,0.90980912213241683,0.1200676148433736
2024-03-22,-0.027642075156470707,0.28129857919537871,0.19717557116214909,0.041936460157289621
2024-03-25,0.47143501844488855,0.52387270556945154,0.36741034890754876,0.20232230051215275
2024-03-26,0.093927389821193891,0.42509047818277396,0.051933411603301401,-0.14278556654046209
2024-03-27,-0.21338723338016277,0.35087060607329418,0.10219788413293585,-0.004819579193507742
2024-03-28,0.0087249570043055474,0.090582824130269204,0.24284834785177956,0.11266028789879252
2024-03-29,-0.0022912483769675163,-0.00073989395005630298,0.24752797985350783,0.000162728630372942
2024-04-01,-0.0031652774950241625,-0.65206401827066673,-1.0494125818448605,-4.9999999999999996e-18
2024-04-02,1.1182325655552656,-0.21786838936879777,0.47858531320442466,0.88796211829035943
2024-04-03,0.67008987585700008,0.52637127473667433,1.2091942321339426,0.71809236062651138
2024-04-04,0.21190280499745898,0.03183816853822917,0.43060912733628842,0.54466461226720686
2024-04-05,0.10117461196888057,-0.49000189916489556,0.35151330116065665,0.082854265519741219
2024-04-08,0.42990882691227983,0.17738175604929135,0.25338385961657783,0.80204858030540949
2024-04-09,-0.22585162478561499,-0.31432388789093257,0.23948656355488573,-0.11770140200388499
2024-04-10,-0.098070825588667018,-0.67568759401206258,0.40429952855418971,0.025663025174306658
2024-04-11,-0.44020250844369274,-0.40108471602497175,0.7165784401829588,-0.36994798864048806
2024-04-12,0.96221438065524767,-0.23583089357999218,0.10981766601140985,0.30687156986516712
2024-04-15,-0.33921478127674204,-0.43169127074484331,0.92998426581107319,-0.021943569329612129
2024-04-16,-0.42484288944122617,-0.51878566980619378,-1.2524002506515153,-0.79387224760698294
2024-04-17,0.42367643873154459,-0.15342758632316553,-0.18807735613080231,-0.28059328350216584
2024-04-18,0.11825510768088379,0.61121057534189061,0.015063942106078579,0.032286148750461756
2024-04-19,-0.24033674038593189,0.3053216409221689,0.70811377008429011,0.18088401525278441
2024-04-22,0.96332845716495219,0.13880140871926167,-0.26411286368436643,0.19547207810303993
2024-04-23,0.17154043654099368,0.22733862649005238,-0.21500488705310555,-0.33716873959708882
2024-04-24,-0.34596192019661481,0.083933415851868948,-0.19205746674703186,0.33911776483792055
2024-04-25,-1.1178502828050962,-0.27944560066634161,-0.21103293942972062,-0.40315549175864929
2024-04-26,-0.27567382293010217,-0.59925018719760437,-0.50869508249458761,0.22911937917194633
2024-04-29,0.55718489920598246,-0.27011845985244148,0.0070188361150687589,0.92791911847895181
2024-04-30,-0.20348842513629684,1.8837304244698569,0.81810188123552252,-1.1504934595574432
2024-05-01,-0.6704395204985657,-0.051417234244623591,-0.36509630009055566,3.4956968069011003e-05
2024-05-02,0.4272214876291599,-0.11567860786850007,0.07050276284444193,0.35261975918505339
2024-05-03,0.32495984379262338,0.23718203533580531,-0.001716309523121956,-1.1234820903900438
2024-05-06,-0.010276297839003558,-0.073596032319190152,0.0021467978232651841,-0.070894917484379066
2024-05-07,0.087257186439807247,-0.23250497642723048,-1.1616294837490586,0.35191485881407608
2024-05-08,0.036572781933706666,1.0509832825648935,-0.22297229232539603,-0.23254235958180677
2024-05-09,-0.22946664409322876,0.20833344907612988,0.55638352257990031,0.39663995704656629
2024-05-10,0.48941514194801261,0.45607597700254915,-0.13572091181846849,0.37988193793529634
2024-05-13,0.12264620603937801,0.10962819403008842,-0.58617384444475062,0.20478760916712863
2024-05-14,-0.096841989550329285,0.33323888015475117,-0.62070979192849718,-0.8977311481175656
2024-05-15,0.73179316056049193,0.24223271623384146,0.33647514149303798,0.35382668714252391
2024-05-16,0.50096116789026879,-0.23209284380734832,-1.7278100809807719,0.15629317952011806
2024-05-17,-0.064495004947408813,-1.0558273983458588,0.67935216011582189,-0.018089881399156002
2024-05-20,0.064728796970595345,-0.00018028209505093401,0.74915516678119487,-0.52570779134739132
2024-05-21,-0.32490877304422927,0.51068618762916029,0.42071229416219597,-0.4567609996524406
2024-05-22,-0.28212268749545921,-0.16499536830799769,-0.071380948636091346,-1.1557403572442699
2024-05-23,-1.0645623589753956,0.16087962754932589,-0.01343044901606855,-0.118087651492377
2024-05-24,-0.16006504607721689,0.35661693705233832,0.44261661187768697,0.61865707510044576
2024-05-27,0.012654837419000069,0.06758805332912575,0.45959270695983639,0.50897790404965437
2024-05-28,0.6429971308877267,-0.45861862268704101,0.65905449523506898,0.61149125685657846
2024-05-29,-0.091259271464991812,-1.0429481733498038,0.59113702451625427,-0.7806855295784676
2024-05-30,0.26336786026836256,0.023364345559867966,-0.28249947675161236,-0.00030342033819910001
2024-05-31,-0.62995568023855963,-0.20494379113935346,0.40547918968238689,0.190442807377981
2024-06-03,0.83693046549225858,0.27152650088264868,0.019842170080037417,-0.03020807213013401
2024-06-04,-0.78877999658223263,-0.19106588530587851,-1.4193168720920499,-0.5137454117590593
2024-06-05,-0.49263300516929448,0.13534186245144833,-0.44805278920080427,-0.28761714946645711
2024-06-06,9.3917210877063006e-05,-0.73217499951164433,0.27604967288498489,-0.2202730207246103
2024-06-07,-0.0069179757942686854,-0.073120816994999699,-0.33696780111747182,-0.24413815009346687
2024-06-10,0.39591991384593112,-0.003551751237717627,0.7715134029037658,0.092956541853162003
2024-06-11,0.13333672983935732,0.015710504554399322,-0.33219662703693076,-0.16085886392323423
2024-06-12,-0.4900207191671711,-0.038238846015972286,0.29840945721623258,-0.23705967532286898
2024-06-13,-0.65314847197822079,0.096628277115532915,-0.99859837332761914,-0.40037260821196435
2024-06-14,-0.1544425530922382,-0.030861045508306255,0.90184407337546169,-0.28258817050864937
2024-06-17,0.52141872807642198,0.49002834827476993,-0.57356229714476559,0.82993537449053001
2024-06-18,0.27949111681310213,0.18893106815678209,0.15845006458421271,0.30964620705681678
2024-06-19,0.064640397570301517,-0.078428057820030067,0.57894820457892926,1.0696635637965928
2024-06-20,0.35076322081656336,0.250445529482206,-0.319780562916057,0.079508428195419478
2024-06-21,-0.28178115530212422,-0.51307216560823465,-0.59985052918197879,-0.23983272107940121
2024-06-24,0.29624076513087683,1.0916009087860064,-0.12460385424406363,0.044973966688763127
2024-06-25,-0.22013118327968118,-0.18978093065687443,0.40527820708582962,0.14653356933716902
2024-06-26,-0.17333822381230629,-0.50450473411754149,-0.77222998856393055,-0.19712010094581867
2024-06-27,0.54122058457639721,0.210582390068804,0.22601405923052714,-0.23407257376188126
2024-06-28,-0.043516107825269504,0.32056561471766076,0.40822254493149535,0.53229670345099556
2024-07-01,0.80275387195388181,9.9999999999999988e-19,0.99358204137727402,0.92900970493891288
2024-07-02,0.35952877682235873,0.15119786242760114,-0.38800646790018767,-0.17906005644146319
2024-07-03,0.024274420260179345,-0.006630876377353552,-0.66764311615295291,-0.000116549814584913
2024-07-04,0.39289758750911408,0.044307045274566449,0.67943035590940204,0.092398849619552387
2024-07-05,-0.073232454883501732,-1.3105112478273175,-1.0676390814952097,-0.35654666138107577
2024-07-08,-0.043219081146982259,0.30173438816174186,-0.36500968798630895,-0.21128444219302123
2024-07-09,-0.44605415739165422,-0.051084024512198831,-0.72036041143805196,0.036599775215415763
2024-07-10,-0.33159272979806637,-0.14477482671188616,-0.13758681872378509,0.11962394100160671
2024-07-11,0.048786478404691039,0.86756969046584764,0.33578664064057145,-0.048216151495564241
2024-07-12,-0.45065422640281838,-0.079649043338582234,-0.8375464388209557,0.28107474984756553
2024-07-15,0.037768470598724853,0.068951239745568993,0.000135709136405985,-0.71734701259442224
2024-07-16,-0.43152709332342587,-0.49298775096984465,0.30310170619462551,0.017132823922520919
2024-07-17,0.10822543415101786,1.2046276704178676,0.36229994665450371,1.1377132676686326
2024-07-18,0.80011269342170843,0.61772369168972974,0.46275434248893088,0.90738498367160991
2024-07-19,-0.57125025445796607,-0.39228697685321057,-0.40837123811609721,-1.0978217568291466
2024-07-22,0.024139281316612964,0.14050117859875449,0.39273856591324346,-0.35464623769427339
2024-07-23,-0.62983188422603198,-0.12789866524521115,0.23844698139298556,-2.072842330739145
2024-07-24,0.7932985456199958,0.49202450279982551,-0.74285041686242292,0.065457950124841013
2024-07-25,0.36146404816094263,0.89426506582979981,0.18097493372425572,-0.33079179174026346
2024-07-26,-0.35121914592851466,-0.32144166417622183,-0.13400212933507893,-0.54763315627961373
2024-07-29,-0.70324308154873805,0.44609422219881056,-0.18906690991387787,-0.35846039842569188
2024-07-30,0.15569326341798626,0.35665843828691168,-0.057886394732329989,-0.093427482225659303
2024-07-31,0.19944697494175284,-0.35588247570980802,0.36784430870879514,-1.0524077323956855
2024-08-01,-0.0037941251473628482,0.53930763532492143,-0.99500142326087238,-0.91564145983556977
2024-08-02,-0.70162615529223527,-0.10475390950287569,0.51623198604141096,0.30327418588952826
2024-08-05,-0.67934854764540376,-8.8997141523569992e-05,-1.5349662820544365,-0.16356315505195163
2024-08-06,-0.17096750961298235,0.74624409977607398,-0.2739406101025601,-1.0557922367407493
2024-08-07,0.26250621630879623,-0.8011154986472957,0.13192597017921223,0.61411070494963449
2024-08-08,0.19300340283323528,-0.42597542507490649,-0.59431370057556887,-0.11059987410334063
2024-08-09,0.071436757008303028,0.28404101324856279,0.37618475949109326,-0.46734381038179268
2024-08-12,0.50812366245758744,0.41969774968412193,0.015262801848914938,0.015333374003012211
2024-08-13,-1.0670167333023857,0.30562031183179555,-0.55143559102669371,-0.40401061452990056
2024-08-14,-0.0046756841803314809,-0.30575133596933313,0.5166193733885992,-0.67634829484264336
2024-08-15,-0.41014521133249782,-0.72482334174268548,0.87706905452280115,0.009989837269104726
2024-08-16,-0.0078696094262794038,-0.15043973981506692,-0.7241146543169541,1.0195414588182117
2024-08-19,0.53274173851045359,-0.027720620774947798,0.16970817771154692,0.53180113240974769
2024-08-20,-0.3091133081636952,-0.097868409549038304,-0.870246475484583,-0.042770920336607197
2024-08-21,0.28234282298389768,-0.43125957224237926,-0.30705204509898537,0.49427358365157126
2024-08-22,-0.061693563798496207,0.65018382625351168,-0.89244341610253231,-0.10457207997070592
2024-08-23,0.11283314778601497,0.72470976262466358,0.35644849840228088,0.87726646167519506
2024-08-26,0.0034783093786084512,0.29569102408235093,-1.2166496022172735,0.16308042469587161
2024-08-27,0.075536614788245582,0.038330615959429916,0.43391310393337734,-0.00084654750453418603
2024-08-28,-0.62555540103590279,0.27748426676014043,-0.22170505263266063,-0.36213446441193231
2024-08-29,-0.19796970303364581,-0.07592529405449068,0.25181902795754707,-0.86270413519953371
2024-08-30,-0.10842008004905407,0.055709720813577904,0.26891029498882596,-0.080452335585317933
2024-09-02,0.15963331234599445,9.9999999999999988e-19,0.79918014622400113,0.20034868168580092
2024-09-03,-1.1422748978495596,0.44226839132998985,-0.4707727076307065,-0.028970211433725329
2024-09-04,-0.012170731214451242,0.38178763649388892,-0.092263936275446212,0.76854390201929279
2024-09-05,1.3566014000693076,0.099735240111151244,0.44845477527557548,0.39775527188786125
2024-09-06,-0.9504995555213287,0.068009216147562057,0.37814706692237948,-0.89626289187683517
2024-09-09,-0.10747252729898839,-0.29329327161104946,-0.35511873029777902,-0.32886570160233308
2024-09-10,-0.067382537127630135,-0.11988786193076406,-0.31673318159723174,-1.4267620793335924
2024-09-11,0.43136768597217173,-0.73362505844270864,-0.19955528745102405,-0.060764258571046961
2024-09-12,0.4884345668506509,-0.011328498081799584,-0.54503200889015424,-0.64871125434124888
2024-09-13,0.77157417996118316,0.67683779131794475,0.11054806627751679,0.98963181812296663
2024-09-16,0.014913921147220364,0.2581609792672363,0.00017248059969720601,0.10158140974987165
2024-09-17,0.44981289491790122,0.64507194306748683,0.038763349275506016,0.61674220884026776
2024-09-18,0.30453992383396072,0.28553027696338029,0.57065375700799725,1.0570004915655831
2024-09-19,-0.1640872111273334,-0.056170302661977277,-0.16889925813247819,-0.44731821949589795
2024-09-20,-0.11772137211230453,-0.31524380952089209,-0.34964698861596544,-0.51018461510833379
2024-09-23,0.42435704636574312,-0.44204716346401307,-5.7589942336114997e-05,-0.11552066739719746
2024-09-24,0.31856797553879962,-0.074704016212930463,0.38814794065702157,0.36752194978183333
2024-09-25,-0.15956120783565092,-0.23551882024535389,0.19703110761722231,-0.1983152647131326
2024-09-26,-1.0848573230708365,-0.46310460219444138,-0.40415815723988485,-0.14668596615355672
2024-09-27,0.12566288706352172,1.28238478090497,-0.2267728357953869,0.647358844395309
2024-09-30,0.055460343832331796,0.12486394591706569,-0.0076148740987790065,-0.6911189395748728
2024-10-01,0.409640355307829,0.433350212647443,0.28454529044502391,-0.38315703497026027
2024-10-02,0.20964345809852455,-0.23904101753462725,1.4529873881285671,-0.44354949074949229
2024-10-03,0.56109732582470762,0.28708149479391165,-0.31704846136322506,-0.39651520300625998
2024-10-04,1.0853005265752165,-0.76082409994933553,0.053767981344797641,0.46175684125929667
2024-10-07,-0.024964067201308709,-0.0033212994559002557,-0.19386209961858367,0.22922827480605021
2024-10-08,-0.90458357347595519,-0.86273262014165375,-0.19465272164073255,-1.3312086229173741
2024-10-09,-0.36906178889367336,-0.16274189208359716,-1.3561901344296261,0.19546751006477298
2024-10-10,0.24086590414625353,0.084546347133515262,0.98157170950535744,-0.00639389636377663
2024-10-11,0.053981355534569758,-0.092627043258513925,-0.38789821112197942,-0.48564129800638661
2024-10-14,-0.50205169924321102,0.00024107460165698501,-0.0011947836115323571,-0.36829571592862459
2024-10-15,-0.88348362975107819,-0.15201183238934643,-0.37633182705150303,0.45834353455032961
2024-10-16,0.38419713387459287,-0.091652102688141251,0.75396277615756069,-0.12784305844228966
2024-10-17,0.313091027835535,-0.064985262901339783,0.934566056399596,0.1872082978924923
2024-10-18,-0.041541594210558946,-0.48884319228094447,-0.25535424496865805,0.25413101253524306
2024-10-21,0.28219616734312164,-0.21290583395518992,-0.60600049063914641,0.25187053881486532
2024-10-22,0.38574313218921819,-0.10481746869607095,0.64556413476735164,-0.75720968633118846
2024-10-23,0.075290637981880029,0.53040476987680341,0.69222032372640629,-1.0313176924043896
2024-10-24,-0.17988107732266587,-0.33317150697326281,-0.30962802220972024,0.11377504855811524
2024-10-25,0.66477879229399817,0.010529527023978151,-0.041430535060232213,0.28301754843391119
2024-10-28,-0.088291391625546334,-0.48007590625808938,-0.50043800164214991,-0.54778286108822871
2024-10-29,-0.44402767472432647,-0.92309659730498861,0.062695095421555325,-0.90527320218127783
2024-10-30,-0.32070673742944278,0.67443573892540698,-0.22705442385928123,0.37269480348932643
2024-10-31,0.93359670702220643,0.63118393538936346,0.13601024452002142,0.88612653166476463
2024-11-01,-0.081535306735433868,0.26361784895907964,0.34353703266637375,-0.1334464428891845
2024-11-04,0.16123799449880874,0.83464610447631393,0.001944744991443786,0.28564319892675366
2024-11-05,1.2867729581892293,0.28347830947784197,0.18866685201894151,-0.2253195492431177
2024-11-06,0.4387043636421013,-0.27697160030251938,-0.66080500423548105,-0.77223794725402517
2024-11-07,-0.46293688634065722,-0.9051500848437527,1.239057259988845,-0.025279313142379488
2024-11-08,-0.69932269227142707,-0.27469897837106461,-1.4139326904839946,-1.260229975684628
2024-11-11,-0.64539059554412603,0.22307023837940754,-0.39506307709056443,0.24785160569820502
2024-11-12,-0.61977766842576842,-1.7596659674473412,0.55073646168594448,-1.1757540915333413
2024-11-13,0.15928390841487347,-0.38415755316822814,0.46467830788633524,0.30490774941733123
2024-11-14,0.407105918476452,1.89177360344291,0.039030597479319806,-0.24432340646575748
2024-11-15,1.7950493908135325,-0.10706117731878362,0.21403220539474682,0.74601450308988593
2024-11-18,0.55911079858890866,0.075750578428450829,0.48129425220952199,-0.35862051133413386
2024-11-19,-0.067058209817165884,0.34876646020839058,-0.18888601138302924,-0.18665728263105807
2024-11-20,-0.14781321557398125,0.18442121927891103,-0.24069307096746723,-0.55429759360076358
2024-11-21,0.093473014177778133,-0.12997173474331758,-0.26780665834990952,-0.21924668011951473
2024-11-22,-0.46393842571467597,-0.25913052493352917,0.16668597403950866,0.00063687794671053104
2024-11-25,-0.55733248789851308,0.48729396209261322,-0.44901942155450614,0.19496029389041578
2024-11-26,0.077064465907136809,-0.39285821390699005,-0.003564458815138026,-1.0036085052851798
2024-11-27,-0.22850838708884297,0.0068364979270763987,-0.70699176564292709,0.72389768172304458
2024-11-28,0.029816041482245526,-0.10138504780470138,0.13385896103113668,0.42280123169322537
2024-11-29,0.50086181776788052,-0.31184335151031456,-0.24880315776001188,0.14913449914094964
2024-12-02,0.062423644301794298,0.12533093286260188,0.35135535977318377,0.023405290563510098
2024-12-03,0.18086217327886986,0.063371159725161996,-0.15587368745034111,0.062030299398450464
2024-12-04,0.25948131156725196,-0.38791635576411476,-0.61781388736478426,-0.85140908468714549
2024-12-05,-0.57468476483760256,-0.13348042252401718,-0.070788446095372534,0.67659053170297268
2024-12-06,-0.14430131365325258,-0.51998435116046493,0.41460595918163723,0.19688378612818286
2024-12-09,0.56110224053364222,0.76044073834782666,-0.11336938170018412,1.0302842854182499
2024-12-10,0.25696416474973632,0.29890159027142654,0.13597529053056751,0.17341235647592518
2024-12-11,-0.19721982869586305,-0.19829306247894268,0.12789561007324701,0.067151267255716962
2024-12-12,0.13176198327492969,0.03324034887995956,0.0758749327562597,-0.65705330434226017
2024-12-13,0.22298851251352231,0.1832425054075511,0.39468023255140527,0.0321433461949788
2024-12-16,-0.84463914291914577,-0.62198948591329595,0.23861981622262585,-0.66047228198697971
2024-12-17,-0.2290587597774312,-0.18467426778161417,-0.46245288377751531,-0.59693416588824655
2024-12-18,0.310862845666528,-0.067343161370684593,0.37863487542794688,-0.23225957085552701
2024-12-19,0.16621845081734055,0.10256066972962397,-0.12422939676117253,-0.033625634221401954
2024-12-20,0.023560400619518678,0.2152225101322458,0.16687263441471378,-0.80758474099598743
2024-12-23,0.40897792618911599,0.6713365909101997,0.13574568428349273,-0.52961960419868825
2024-12-24,0.2192639301372038,-0.28956016302641802,0.84225057415499816,0.0017768648418652999
2024-12-25,0.00027196082421218002,-6.9043475388359991e-06,0.60771940037985439,-0.0041747779522852361
2024-12-26,-7.5782883270765001e-05,-6.903135824802e-06,0.67891648065830035,-2.8872437938939999e-05
2024-12-27,-0.048885229543899275,-0.014641973393195572,-0.56639107387800625,0.28435631267768968
2024-12-30,-0.13748737165811722,0.71303172825411076,0.37099526488143997,0.50528796125219622
2024-12-31,0.44939059160453798,0.3113998153926138,-0.0015556019017123591,0.0031669377913018382
2025-01-01,-0.00025279288055450702,1.0199999999999999e-16,3.1295327824710003e-06,-3.5999999999999999e-17
2025-01-02,0.90518684413850681,-0.5736119806897455,-3.8327755880565002e-05,0.084218179604844012
2025-01-03,0.42942814360286607,-0.28141934537871482,2.0058526765706999e-05,0.31096433155800213
2025-01-06,0.39160269084291655,0.037966188772506196,1.0861862784260545,0.71257443730757641
2025-01-07,-0.23022425962995766,0.98394102006781647,-1.0771672227334095,-0.32071723936251278
2025-01-08,-1.0210770918624477,-0.20816121914887503,0.16197181525619975,-1.4801438838377536
2025-01-09,0.088858571453239818,0.29212570403741084,-0.62846750986646038,0.06529772112348238
2025-01-10,0.35160573287265479,0.038242106295680194,-0.13164960543409393,-0.64094874886069564
2025-01-13,0.90643861842455031,0.35778176375272575,-0.000269987236329927,0.85720642266601432
2025-01-14,0.72365181933997125,0.11861129468498574,0.54383424349705101,0.18257181014444138
2025-01-15,0.35497619276853087,-0.21862245325790577,0.19734818678358573,0.52696046878572977
2025-01-16,-0.11713359615700999,-0.10807977959218229,-0.47987078791137461,-0.88108761248198497
2025-01-17,-0.19060244734747933,-0.4976873290070416,0.32661050546901438,-0.11474315590007636
2025-01-20,0.24764486515190792,0.10715420870863984,0.1127177402682355,0.7850117132276081
2025-01-21,-0.78041592910300528,0.32471343421019339,-0.23958523526215816,0.39584207795271292
2025-01-22,-0.26368344276529093,-1.2642919843380336,0.12583735670990503,-1.0919991783007528
2025-01-23,0.10869334140939384,0.13392230404165265,0.20358556251844406,1.0162011323438647
2025-01-24,-0.68371914642066423,0.097561834272191908,-0.61219017774995932,0.32070778909110226
2025-01-27,-0.72892914672676457,0.89673890159491332,0.1993702814905238,0.018804024107971738
2025-01-28,-0.023074501909913923,-1.1326805976831884,-1.3371085228366821,0.35637999559269962
2025-01-29,0.25094944534996871,0.029417504772503451,-0.089381361884239147,-0.3677503625123425
2025-01-30,0.95748923484163717,-0.35289671853507631,0.40949269445444014,0.63022330578340768
2025-01-31,0.067012550389277045,0.1856294347986269,0.61447812284354963,-0.13688307137984457
2025-02-03,0.32983199270785901,-0.52699561652770954,0.27206789063886733,-0.048645883027190501
2025-02-04,0.4435888101650749,-0.7346591313048787,0.30594319463898317,-0.7794487861110877
2025-02-05,-0.034777533108830576,0.2898880596706731,0.51465416839458267,-0.80787142376301468
2025-02-06,-0.097800351438205521,0.31873959144645686,-0.42917373823594213,0.93618495993231865
2025-02-07,0.54170911409483502,0.041158989448742529,0.37948964634357402,0.53195322183486293
2025-02-10,0.60465416224932378,-0.25451495235575672,-0.28829815492280098,0.20987126957346344
2025-02-11,0.0077304265622770568,-0.23005261147530837,-0.0030536808192480674,-0.99937357034960461
2025-02-12,-0.12329281013390214,0.10749615233599122,0.084944193228232975,0.38377259764043059
2025-02-13,-0.69921878707679386,-0.14888675385731714,-0.022835490120551402,1.5548319041527707
2025-02-14,-0.16383508099823171,0.93874051610800013,0.66740936314815125,0.16397515361005444
2025-02-17,-0.19515888205842896,3.5186764476779005e-05,-0.12374508195331342,-0.45361800534299013
2025-02-18,0.16540135046703475,0.35043771420027803,0.17874569493588394,0.75839674153028425
2025-02-19,0.12503268099366222,0.31548099724506712,-0.4018674088012355,-1.5138774479644304
2025-02-20,0.056785292489331264,0.18891619420202177,0.09753292681811615,0.37393860301640958
2025-02-21,-0.074044478987305637,0.75288908196538096,-0.021097303134008562,0.33684920943543445
2025-02-24,0.63136234049964446,-0.17383731207249944,-0.0016574145948128852,0.13973133582032676
2025-02-25,-0.42369076557943347,-0.11087402760398676,0.47633149546853404,1.0157926837368567
2025-02-26,0.46915103535723329,-0.49738819218408736,0.14172813900435879,1.4704435530840019
2025-02-27,-0.0031368452913079145,0.53826043375287613,0.7751105474994342,-0.064465568520998537
2025-02-28,0.22955068317396798,-0.095162179050002904,0.98229316957880275,0.42143561735033575
2025-03-03,0.12730080127707957,0.37247885134538566,0.098809292533604029,-0.37987908415340055
2025-03-04,-1.894349766358171,-0.61585796377171487,-0.26019168584901131,-0.16826953345764054
2025-03-05,0.11371180205669881,-0.4285733724096496,0.50911917111759064,1.8262474871420655
2025-03-06,0.71424641415228618,-0.78507049370319992,0.52376647801193243,2.8107368307230121
2025-03-07,0.41116602000107599,-0.012950513772145905,1.6212077540031591,-0.41627087220759229
2025-03-10,0.11885759267370705,0.98275275367819048,-0.30644133614233354,0.68209103850753816
2025-03-11,0.88187599689788665,0.36523643508057668,-0.35586788242786727,0.16350932275439833
2025-03-12,0.1832801624847161,-0.23858871213377,-0.064085620991761197,0.086407676170049103
2025-03-13,0.14109028701856235,1.1530089943915527,0.15526301192393802,0.48922653572803043
2025-03-14,0.44707909196785606,-0.15847369191283109,-0.033295920233565354,-0.12365704153668461
2025-03-17,0.91395835735160247,0.19660316704995534,0.55957328322040811,0.24322925532366965
2025-03-18,0.77191564569729298,-0.022694394907202937,0.1457766514876383,0.80203420185394736
2025-03-19,0.34894783243163663,-0.1470324221682984,0.49936532846886456,-0.12089335835579952
2025-03-20,0.041284061938412518,0.14155006409696727,0.021629621262977593,-1.1869846618711579
2025-03-21,-0.21840788316982701,-0.10918916382561632,-0.033731930589683906,0.71144018984879387
2025-03-24,0.42966269357768933,0.23402187475005418,0.12168831765217354,-0.81797417075481149
2025-03-25,0.65031099338757337,0.55185364833900685,-0.24266792987794514,0.63339161026237312
2025-03-26,0.49905508034554191,0.52167214785350713,-0.25091799778689611,0.71076606209904813
2025-03-27,-0.25361065733738991,0.22035742425795232,-0.55435919878705242,-1.070732385593431
2025-03-28,-0.60059677442354542,0.48663370424375008,0.086004352523401509,-0.31598590301568452
2025-03-31,0.21307947367259628,0.1513940062541009,0.44975371885913695,-0.51519076543286513
2025-04-01,-0.11494811430080712,0.51263683633945023,0.28006995249093586,0.20171040396655499
2025-04-02,-0.38864806412942343,-0.49955035498288169,-0.31585571972282289,0.11355828658211628
2025-04-03,-1.9276484834900589,0.020011828195174851,-0.68697726244465129,-0.42807657941898725
2025-04-04,-0.79853386920657343,-0.70510369814892282,-1.1487349178116841,-1.4424953179232691
2025-04-07,0.63621540295502721,-0.48273404096605954,0.60779986560464994,-0.084383507447105197
2025-04-08,-0.19646683701230486,-0.52249928773604282,-0.54082179818534193,-0.013743991381031804
2025-04-09,-0.37415825340508552,-0.78625614004212874,-0.47318389612654593,0.23943128606126834
2025-04-10,-0.57000071933107654,-1.2331925928471046,-0.99395168026872494,-0.87969828070720779
2025-04-11,0.71961248834052183,-1.2865425491381874,-0.15647920029631535,1.5803515595029258
2025-04-14,0.13378956115188978,0.0061990517276417686,-0.18192142605031261,-0.081641667907223103
2025-04-15,0.056721647252807886,-0.17502941112402678,0.11551985493402235,-0.051394670813277823
2025-04-16,1.1514916199443737,-0.27738503137642234,0.049293563397334712,0.21664542203577081
2025-04-17,0.21497041385679566,0.59945766971342129,-0.26736009282235029,0.95185201590287127
2025-04-18,-0.002603562158270698,0.00083832225043476197,-0.038255622109756172,0.00046742962792366201
2025-04-21,-0.019488183814991573,-0.27581264641368486,-0.56341613517056421,0.0024708895083165269
2025-04-22,-0.32506103033611872,0.65397178486421403,0.86686180557498727,1.6481693643209245
2025-04-23,-0.42868145274457303,-0.44849610134427303,0.26921954349365068,-1.544492232374469
2025-04-24,0.17401845459133494,-0.42788132048796068,0.22297250805720886,0.19414600087689862
2025-04-25,-0.14542997988356185,0.097584884793030097,-0.25041964908162745,-0.040336343553455375
2025-04-28,0.0087445247731567262,0.07809691481162355,0.54190058627098237,0.45546379100594914
2025-04-29,-0.38818775854845633,0.14480753497406551,-0.0088071721204733208,-1.2222681140201721
2025-04-30,-0.90565411121357375,0.054949905433719831,-0.56825242153944688,-0.83589442058523455
2025-05-01,0.11155566256555302,0.4159964217117974,-0.34865011937035412,-7.5619999999999994e-15
2025-05-02,-0.052736913164938476,-0.68160745306554116,-0.29088921205648749,-1.0140823895502546
2025-05-05,-0.00049852989380019602,-0.46263384385138318,-0.0025771478237173119,0.28979084435182267
2025-05-06,-0.91061250068441968,0.2417737135349356,-0.0040558277164893467,0.54158473201594493
2025-05-07,0.067090383921057511,-0.091536497077156206,0.026440659850541191,-0.33955588958702443
2025-05-08,0.21936656828636319,0.48525199915986517,-0.057801236766212141,-0.41008843311415233
2025-05-09,0.24610493628628977,0.61036210827213333,0.099954130787703474,0.21776323223927874
2025-05-12,0.3653200651719033,0.35005107581559203,0.49643710182384249,1.0976336081469222
2025-05-13,0.42293022254742796,0.54811580284464834,-0.36124213726145504,0.41804275209873382
2025-05-14,0.26054739643399522,-0.35507255859105558,-0.35752004211552552,-0.65973214412239589
2025-05-15,-0.60528077099891853,-0.32573077102158393,-0.011081968805205854,-0.86710263485095807
2025-05-16,-0.064434479959606231,0.10693771383605555,0.10269320935465387,-0.030958855996449659
2025-05-19,-0.13220006114154478,-0.00013899771518971401,0.37669102840963847,1.0990234672124848
2025-05-20,0.43915955001914403,-1.1007989212611053,-0.12797732719658181,0.95340069185016929
2025-05-21,-0.17569426079517753,0.70052690355934777,1.2355320666637237,-0.77439098076376212
2025-05-22,0.15470716143086527,0.17275301370679752,-0.37532511948346181,-0.10197968799597946
2025-05-23,0.2615090979244471,-0.25451084826522763,0.19106381096887481,-0.53639219246519176
2025-05-26,-0.00080045817389075204,-0.34246591027993645,-0.96609480756759192,0.88942324644153103
2025-05-27,0.30846423955162139,0.10269606022214579,-0.43017972442063918,-0.82626729071289451
2025-05-28,0.19295350280482165,-0.73158289276337274,0.33972702171036084,0.49304317459014985
2025-05-29,0.082960405801570214,0.67165939685152187,-0.061550751984361253,-0.18575111571008082
2025-05-30,-0.24905638187423365,0.011989468649145402,0.44520345743702983,-0.35494139936447611
2025-06-02,0.62105153462846052,-0.226224616442667,-0.20939239251421871,-0.11396738297006856
2025-06-03,-0.022536762238641626,0.06522933208425212,0.058428506610858306,-0.50667651355049925
2025-06-04,-1.0488095636589603,-0.16891166222492093,-0.21660476301996723,-0.17214657921482066
2025-06-05,0.16286260399957589,0.26185452892011912,-0.28263340025250105,-0.12129964571099118
2025-06-06,-0.018020902143971087,0.54453799744498299,0.23045292570127215,0.36955567754726204
2025-06-09,0.0082515748484251489,0.13252509837288745,-0.65674933483685105,0.089853077507816598
2025-06-10,0.54911424419551358,0.39785058610835639,-0.29078674089602186,0.3880041336225325
2025-06-11,0.10457701937450672,0.23287186442115163,-0.19939101882376276,0.37913462686043453
2025-06-12,0.55257196546722387,0.83737983358408119,-0.036380973199106055,-0.076376399910974169
2025-06-13,0.53505084310090545,0.87092274505856726,0.91638830389690762,0.33557524016715107
2025-06-16,0.32808762882781733,-0.27614872288528275,0.073426637487239738,0.35273861735649659
2025-06-17,1.0398087958366586,0.1334165769093737,-0.27290866494464633,-0.24235518232829734
2025-06-18,0.36465945703849989,0.28026084237959986,-0.32984326692948718,-0.36330608560568117
2025-06-19,-0.11995285758525853,0.17229311066712824,0.45495404194092526,0.58401456078331826
2025-06-20,0.094454427019764878,0.71326138685449614,0.39463664396213727,-0.11433561704415533
2025-06-23,-0.29900756590235361,-0.7900494510825834,-0.13872691899726317,0.046636845073271635
2025-06-24,-0.67275352533647292,-0.73509592585952288,-0.6093763986463121,0.29696586996275204
2025-06-25,-0.10798559668695,-0.31605828766909266,-0.35956659599844293,-0.1434401406304063
2025-06-26,0.63295697644244686,-0.21277837354606235,0.45755388064093627,-0.35316055361538851
2025-06-27,-0.44885300655475657,0.34517808227971064,0.1803018661526217,1.2023942642118579
2025-06-30,-0.045660868911431306,-0.16641685222893432,0.00078350805196962504,-0.46895808048424892
2025-07-01,-0.66780209971372262,-1.0000000000000001e-16,1.0687340606072921,0.68454245158997584
2025-07-02,1.0368410012513063,1.3985378978282759,1.2705085751871883,1.9558526869910724
2025-07-03,0.41358001828424323,-1.0361856803379097,0.92900142299967947,-1.387641455367846
2025-07-04,0.11636633790518386,0.0036425283831907837,-0.071118568879467478,-0.093193531936941992
2025-07-07,-0.62072625080389332,-0.56726478382977341,-0.94716764305281909,-0.58662020997334463
2025-07-08,0.19470504390322238,0.88014046119478073,-0.03673184414963817,1.4619567155801925
2025-07-09,0.056364946155991275,-0.70639338063249857,0.68999332535692237,0.74287007383541181
2025-07-10,-0.057284525986842277,-0.74227205088144155,-0.008352808955018479,1.6094244851583066
2025-07-11,0.98279677881453997,0.32923282101467127,0.77653028669301705,0.39499008697574239
2025-07-14,-0.68090018189398394,-0.72308168080005941,0.23483731972602986,-1.1723575353540785
2025-07-15,0.18164427461163116,-0.12963218644106805,0.18077351056394286,-0.28314010899734282
2025-07-16,-0.23637339524178025,-1.0017365761624435,-0.38354686899486518,-0.93904100031438498
2025-07-17,0.27973268512779537,-0.23449626504094789,-0.75013646232832476,-0.49517389395360978
2025-07-18,0.36541930647254667,0.27012778725482051,0.26509210319366272,-0.96132160717234783
2025-07-21,1.1254761081083597,0.12798382833014046,0.023778638799956849,0.71580829360378706
2025-07-22,0.098076077901600944,0.953080322904583,0.26187548349408263,0.7329882920997085
2025-07-23,-0.25002346931550873,0.62945171403967326,0.65891892835497023,2.0633563915621775
2025-07-24,-0.26608259867154788,-0.29973271900685305,-0.30883987278519209,0.065916761479041824
2025-07-25,-0.0098736373799252711,-0.026315541248635329,0.1078051397161765,0.72603339718634285
2025-07-28,0.52521491698842904,0.75210637459673546,0.48459691492277079,0.10789496020598673
2025-07-29,-0.82256622987314643,-0.056006132272316489,0.12199913725069896,-0.68181148398534963
2025-07-30,-0.60374205822984506,0.63832101360994153,-0.011499472611303525,0.21539335719623778
2025-07-31,0.74966087191244102,-0.19061093051528483,-0.33835032902553913,-0.97246244524501357
2025-08-01,0.22610315483644294,0.23883998590871328,1.1687180534515911,-0.27906695063247461
2025-08-04,-0.020292281993809818,-4.0403908417908001e-05,-0.013831813290748495,-0.38074576385840248
2025-08-05,0.26089742580760905,-1.0583153137249353,0.024816099373102519,-0.047058151205800286
2025-08-06,0.89092813066276377,-1.3552221244420875,0.68977264840752506,-0.10511901186670836
2025-08-07,-0.71918303297629671,0.43385874088480647,-0.1987109190989988,1.9881767113316537
2025-08-08,0.99091607716057795,-0.20045765734300744,0.41017055455329227,2.0055902492064881
2025-08-11,0.562193271042978,0.11083284353341864,-0.0036691437691041009,-0.13488826146686181
2025-08-12,0.603407401952055,0.3303589220499305,-0.17057194820761487,2.3765367857308837
2025-08-13,-0.65426791625365899,0.95862084297816119,-0.4706893029715673,-0.1469317779737398
2025-08-14,-0.18041414360474564,1.3626357337840118,0.25912477266769612,-0.6536263492613088
2025-08-15,0.13586188081175896,-0.2038246566881867,-0.10612435302046952,1.1857941754533605
2025-08-18,-0.66825362438992608,-0.34490234437180445,-0.35480101031032368,-0.36901091291986948
2025-08-19,-0.30852889087382773,0.65892258118699976,0.26180837360135539,1.668967048505261
2025-08-20,-0.31177795757928339,0.33966401983472599,1.0019793500146055,0.22921560385761783
2025-08-21,0.15839801246686902,0.18249655096791523,0.77759468576888602,0.075995414522562962
2025-08-22,0.38311828039809015,0.1633590856824042,0.61204289012935642,0.79725415908504893
2025-08-25,0.0052583377905393537,1.0515267664011678,-0.10657879798126377,-0.2856364298209853
2025-08-26,0.28835997420411053,0.64597965876346086,0.18739113313082095,-0.0054036307605558245
2025-08-27,0.020975403465016723,0.13993827616785082,0.46800089790787497,-1.1298991529270515
2025-08-28,-0.082986564117219275,0.56641190362529137,0.28512124756137425,0.34840663174327491
2025-08-29,0.21263560771305903,-0.49787833055785441,0.31379569497776061,0.075289157636195897
2025-09-01,-0.63932704132500184,4.8000000000000003e-17,0.68613555780432589,-0.43344293685003005
2025-09-02,-0.50636275407081699,-0.019667085659300559,0.906805234111703,0.15102813356630959
2025-09-03,-0.28700354591577665,-0.32725559656972109,0.47424247487143401,-0.99864737256676384
2025-09-04,0.26017709497950464,-0.4498118339844896,-0.072714753743305133,0.47047228757497944
2025-09-05,-0.33558898559233946,-0.021741049661931879,0.45778611192869639,0.44139657102566893
2025-09-08,-0.1564039186043546,0.17566308715069806,-0.27153367019549235,-0.26803728217841816
2025-09-09,0.28163160782386265,0.75889048315478946,-0.24405050578786325,-1.1539049919372957
2025-09-10,0.26485730631090931,0.72692166505940936,-0.41936766005026826,0.11601942722917681
2025-09-11,-0.33552799654586052,-0.54859842092134414,0.11226846601466733,0.53346543322511175
2025-09-12,0.19544520911013441,0.5006576742134371,-0.33785610189875981,-0.56099490292747234
2025-09-15,0.53217929123697882,-0.40800229980310165,0.0047376724768088659,0.051860701105672147
2025-09-16,0.52350525607926368,0.41465241556996291,0.33513666826467381,0.84517934737748135
2025-09-17,-0.64250374896413276,0.14917656681126432,-0.370481408143783,-0.38636854283647193
2025-09-18,0.20448947622027447,-0.37426778106235448,-0.67378609254442579,-1.6300095810316249
2025-09-19,-0.27436678395881392,-0.68055645788477759,0.16295016566674864,0.11506200772827296
2025-09-22,0.73045427339761271,-0.078569193500025961,0.028582489315411498,-0.47623487834089778
2025-09-23,0.70287522654552048,0.89841149210196902,-0.00045148950429649298,0.72061904132832255
2025-09-24,0.20533608733992081,0.45795531679105539,0.12674731530746458,-0.86418469459349989
2025-09-25,1.1068033257711394,0.373406201005206,0.48781293580472873,-0.11841969400696517
2025-09-26,0.47338402826245668,-0.19397693217640474,0.45976061866040324,0.88061990010121405
2025-09-29,-0.5176517983531036,-0.29922048011842689,0.13054779935304708,-0.44722002264817368
2025-09-30,-0.61096360883842282,-0.68668766847480189,-0.33652279151505676,-0.74619184516667592
2025-10-01,-1.0076513720986284,0.10766578631855402,-0.16795606912560901,1.5949788235159881
2025-10-02,-0.61491000114620509,0.14217058627708531,0.14593002493243659,-0.81920231420775547
2025-10-03,-0.038885349502469614,-0.54683213310471857,-0.75866210056003569,0.94756078244966646
2025-10-06,0.76745255913692001,-0.12248222932068979,-1.546861872847215,-0.0042137574997242778
2025-10-07,0.4874073760008667,0.094824115091356506,0.64816639382562025,-1.0366912916103674
2025-10-08,-0.51803053473994698,-0.76920074307003705,-0.048766241304217084,-1.390053736578968
2025-10-09,0.14636008654408747,0.61630421580132799,0.05421010940434165,-0.22483986533149078
2025-10-10,-0.73814111454275333,-0.1028075398967162,-0.94420989107233366,0.89284496267390023
2025-10-13,0.24904527641285423,9.0893681761409993e-05,0.012481665680622261,-0.17850459339520874
2025-10-14,-0.35925796352872896,-1.089334255244542,0.97543257413193041,-0.35206284385593445
2025-10-15,0.43005342179083039,-0.22660169160408769,-0.10034068973325438,0.16174345295314388
2025-10-16,-0.15324499701164027,0.06564355079799529,0.31086506196762564,0.16147819267552008
2025-10-17,-0.33744638536525806,0.48877445514468926,0.31941816126923367,1.5927294762961051
2025-10-20,0.28000898417376907,-0.40459401600332173,-0.72909055043732096,-0.80054790350764859
2025-10-21,-0.050256093349679155,0.53823012642736967,-0.20337673372116016,-1.0509040800193796
2025-10-22,0.25342706532748294,0.19850612683572447,0.37570901905104931,1.1290161417233671
2025-10-23,1.4024727202462131,-0.29088067766627873,0.85148327337333984,-0.74927143492627102
2025-10-24,0.3967530268906585,-0.18789252524334216,0.30108574907347124,1.0373683645095229
2025-10-27,-0.070027281792157045,0.35403103716163925,0.19373568376560787,0.15783370441164049
2025-10-28,0.026731183937729195,-1.4773273741699724,-0.47223422759052702,0.63194855284713514
2025-10-29,0.55410687857247432,0.52487606154903665,-0.29733463093810852,2.0003199510526124
2025-10-30,0.42873139907152658,-0.48143990835315226,0.3262713343490149,-0.63387750708980228
2025-10-31,-0.21009493588290709,-0.43134735871967461,-1.591410672813617,-0.26657934862916521
2025-11-03,-0.16653204332510049,0.69532488248598179,-1.6799999999999999e-16,-0.54304633055639462
2025-11-04,-0.45607904048762787,1.2052446636534218,1.0812563771907604,-0.24729044334935285
2025-11-05,0.22996135629517875,-0.20413242516211438,0.065929357515335157,0.88832033637357488
2025-11-06,0.1371841966124959,2.2979362628643138,0.35532333021915014,0.077230595544896127
2025-11-07,-0.064579384236017098,0.81689852643304273,-0.25832289955252419,0.98189827243001093
2025-11-10,0.38085404568526532,0.22203747696026999,0.11839470739847816,-0.6255901100289698
2025-11-11,0.57592837426717225,0.36831439037036889,-0.30773661623139192,0.068716931477485768
2025-11-12,0.55447348510482708,-0.19618778093951433,-0.027428645320912028,1.969186929799934
2025-11-13,0.30294693801922828,0.79527833249215774,0.54044465850364565,0.74027705363594565
2025-11-14,0.10396206851419439,0.15211890170537537,1.1185627895193717,-0.59995940628378308
2025-11-17,0.63685871182290588,0.40101093089050949,0.15199389222265897,-0.98558673211684
2025-11-18,-0.87359222495861988,0.43442055920288081,0.323927618892626,-0.52217018555552319
2025-11-19,0.25097231530904246,-1.1485121022688403,0.30062937262137979,0.74521826091842591
2025-11-20,-0.06632800740435893,0.16486969798463941,-0.20341518094934441,-0.92098144564806006
2025-11-21,-1.1078320811857321,-0.042700317491000644,0.087857548812706993,1.7540167351426499
2025-11-24,0.2569455245629268,-0.5177123418942412,-0.0041305631400525827,1.0245477768678526
2025-11-25,0.16387990705374439,-0.85676293719288021,0.87834736010834469,1.1575610225740087
2025-11-26,0.41032632722519052,-0.26855486257713268,-0.081919155828484011,-0.63924913790775717
2025-11-27,-0.60279885052799076,-0.24024375938964992,-0.20116744784150076,-0.01147309722830071
2025-11-28,0.84493801904407351,-0.015747500712694696,0.41420410569253141,-0.10497808215279275
2025-12-01,0.28038494581648682,1.4065880335387924,0.39736214198255165,0.74603603440591892
2025-12-02,-0.10777209669305282,-0.51942705375806053,-0.029834826161116018,1.1703259040656262
2025-12-03,0.7883582779757039,-0.35642521658966408,-0.0023193407469114889,-0.16969199118071243
2025-12-04,0.79300564303647403,-0.39881194150992155,-0.34384194023090608,-0.62242874148872285
2025-12-05,-0.78942003417655482,0.40774564543754183,0.014635952999482265,0.23067930993265454
2025-12-08,-0.059320567293086907,0.11536386855935325,0.54383688085244031,0.27557753835916754
2025-12-09,-0.45952299333452995,-0.090823991659479603,0.31842178640095659,-0.47763826435534873
2025-12-10,-0.034896850041465727,-0.14716786501980525,0.72514060925354773,-0.64791354522911304
2025-12-11,-0.30008596750017758,0.23758277643713388,0.30627420219920864,1.3390300826314361
2025-12-12,-0.3693387087807608,1.0684734330399932,0.34395923419233526,0.65968516375758701
2025-12-15,0.14055304799859153,0.15333644041153741,0.059416193222033231,-0.053766911239981334
2025-12-16,-0.63096957623740424,-0.33277001716904497,0.030751701302199102,0.15309610932524809
2025-12-17,0.47910797966151603,0.28227167453165219,-0.011441897912300308,0.1617112091657758
2025-12-18,0.024699663447503638,-1.238169087368757,3.8188591651239002e-05,-0.87300885712869714
2025-12-19,0.046085830264621652,-0.42324247448874908,0.078838075146444669,0.21345956449649489
2025-12-22,0.56615183754522924,-0.43694727293365143,0.48260296606594644,-0.33784576210326406
2025-12-23,0.12142314798256056,0.43599550863220959,-0.39537714237638216,-0.068855113850366981
2025-12-24,0.088665232923174603,-0.46596888070347781,0.26197048436808051,-0.00037936708061705099
2025-12-25,-0.00016371646503114199,5.0008396918829001e-05,-0.2030404713635704,0.00078532140925589302
2025-12-26,-3.7271863937749996e-05,5.0000911778137999e-05,-0.24389053252388757,-0.00092124530114875893
2025-12-29,-0.1113761744487396,0.20058189264733559,0.49425297435740645,0.23742723090621085
2025-12-30,0.86458020911489575,0.64042968127378574,0.40899601426746429,-0.12949490384126036
2025-12-31,0.16387311512923625,0.34807908851113706,-0.019978974369078792,-0.005207087996708464
2026-01-01,-0.00029409351981162901,-2.9000000000000003e-17,3.0200000000000003e-16,-4.1999999999999998e-17
2026-01-02,0.76291981784173579,0.89700031754030518,-2.038e-15,1.7676740110202038
2026-01-05,0.34764995461928461,-1.0928498923193668,0.042118031248685933,-1.7873505013763384
2026-01-06,-0.74832610312719727,-0.38418439029423296,-0.21456246766880432,0.84939427227519004
2026-01-07,-0.90265405922397934,0.31194875536956934,0.60834940301612761,-0.87680776565116614
2026-01-08,-1.0748810551954386,-0.015404063389918099,0.13376622670243909,0.47893050317141572
2026-01-09,0.66152617143182646,0.093371570738149237,0.12305342406052698,-0.73172999923540694
2026-01-12,0.54993785029616848,-0.56808662109758268,-0.0013728388046019,0.29002660764004279
2026-01-13,1.1371077531879932,0.9842727300011862,0.5160874571052334,-0.58440916750961791
2026-01-14,0.18519673766557893,1.656645295518298,0.47390522580720174,2.3793304980268348
2026-01-15,0.41622471454590154,0.089061967154728527,-0.10628574992271975,0.70120058164826071
2026-01-16,0.47365373257969468,0.28296613318903568,0.46082158382125882,-0.061658610108056899
2026-01-19,0.57921741952463202,0.19663491377383802,-0.033072452241918217,0.42904233616665471
2026-01-20,0.39882796732535353,0.7621818637161718,-0.084254610747967279,-0.04135853043472329
2026-01-21,1.0874792536016313,0.60477636361668841,0.42611455802925285,1.6017278618818434
2026-01-22,-0.77759519829518642,-0.70365761812354577,0.585160597513808,1.1074188818807291
2026-01-23,0.45668747308751395,0.76137518854746888,-0.22948494590064561,-1.8275542599143664
2026-01-26,0.76825719544033788,0.72165059194119563,-0.27390924429680669,0.1223122907629241
2026-01-27,0.63799288803583665,0.29006269122984291,0.24534455310386244,0.37105401091804008
2026-01-28,0.67545065787144287,-0.14470043165867016,-0.058606098479423593,0.28644951243540301
2026-01-29,1.2193252817850739,0.56499790695782981,0.84354841006086223,2.364589700644431
2026-01-30,-0.95982548230949816,0.53374885413941586,0.1341271455863981,-0.5937996400786002
2026-02-02,-0.53134524931064486,-0.119509869155323,-0.1466573285353733,-0.053714637510318339
2026-02-03,2.4030489140250499,1.3575652785902406,0.52172130085615165,1.977139442306735
2026-02-04,0.096569681464424295,0.25101958949424985,2.5718963713386986,2.2656061271854404
2026-02-05,-1.6247490585372517,0.76059456795617342,0.21275242761704763,-0.83120829713644073
2026-02-06,0.73535101607333364,-0.51537952669783393,0.76131594588859985,-0.49647776820268552
2026-02-09,1.1924312417539584,-0.48662697118802367,-0.60966511315624872,-0.45089069027357176
2026-02-10,-0.69452923301596536,-0.30102002164369501,-0.22853989615674772,1.2700096375881005
2026-02-11,1.6414740026201271,0.27276632084233909,0.016865579706660031,0.31836185486421587
2026-02-12,-0.74509087849052469,1.0072522014826997,1.7773114969195112,-0.69480841981319541
2026-02-13,-0.62189972338443789,0.1436231246558459,0.053727261964577486,-0.79708664138191176
2026-02-16,0.6263653457181565,-0.000332466196109214,-0.32129394504861586,0.14426800005699322
2026-02-17,-1.2960430057002821,0.11853300290667781,0.68990017511075818,1.0010275275934808
2026-02-18,1.0295859518682215,0.028581270753518427,0.17301990136893916,-1.0446518870872838
2026-02-19,0.23230362555116124,0.19030378335553202,0.10273904381366177,-0.014751819053641316
2026-02-20,-0.32777042096566089,-1.2191703648068071,-0.092455226777928529,-0.76362856952247204
2026-02-23,0.68808398812240146,0.62036842694333572,0.018210628934577078,0.53873365403223228
2026-02-24,0.0036141417047526672,-0.091944226215913347,1.1380056859842325,0.57432197432684329
2026-02-25,1.6873346163273069,-0.43247662296606421,-1.0039131389962317,-0.11881133234054614
2026-02-26,-0.38843571132813992,-0.70651028343613653,-0.7920978787561419,-0.47653138390714178
2026-02-27,-0.69763329947058739,0.55769888573075332,1.0232398209093525,0.28219293331601569
2026-03-02,1.6517984691363501,0.033021549044571233,0.75529861562185119,-0.55242313760093831
2026-03-03,-0.26327325317196792,-0.11058520970169097,-0.093766311076704925,-1.537844964689199
2026-03-04,-0.51317557758496823,-0.20849711770290477,-1.9511504989384951,-0.4714577248413776
2026-03-05,-0.092996224832889635,-0.17473434667165816,0.20879644173444067,-0.17721413196982833
2026-03-06,0.019323260677359448,0.27878914592887394,-1.2651102652413273,-1.4205103766062592
2026-03-09,0.52104391333089295,-0.58035934416195711,-0.50297210670466119,-0.21064215843569009
2026-03-10,0.68633620880754775,0.30725696321353452,0.24609097906027974,0.92710407703627939
2026-03-11,0.90600690335393141,1.2617196937597319,0.53989919838264289,1.3810003607635457
2026-03-12,1.1635962957702528,1.1454667118587547,-0.63552279675990175,0.12277597406283075
2026-03-13,-0.026883652629323334,0.56375534437073416,-0.31967254776307913,0.36746942380239783
2026-03-16,0.32840578659633068,-0.54207419435326931,0.10591047312520248,-0.30953866938889685
2026-03-17,0.10410804704229079,0.51141979086002576,0.49282512052153149,0.46720475782928783
2026-03-18,0.28033685777476147,0.80300409151932395,0.94267502928561497,0.087840542366813032
2026-03-19,0.71627627309343611,1.0052229428190724,-0.36798327115468182,-0.88924569853623681
2026-03-20,-0.49245192214321276,0.63244185284410182,0.012145980755369989,0.77479145329346077
2026-03-23,-0.33677001429305481,-0.55504484157614942,-0.49568002961809032,0.056731522685097166
2026-03-24,1.5590251428858724,1.328154512962086,0.39754391163244507,1.3993731219132644
2026-03-25,0.033174890674715518,-0.047711238332526121,0.15052105307270502,0.78492701129317632
2026-03-26,0.4779114017509738,0.20540444611970651,0.54077643348848636,0.2084698727447776
2026-03-27,0.011868846866518026,0.91995466268411252,0.14352098820428316,1.4642629052706679
2026-03-30,0.46222952396608391,-0.37555095278250306,0.62719389260495473,0.76945618355983969
2026-03-31,0.15014233094363247,-1.0781686528836663,-0.088398369538230659,-0.02508616184618874
