date,SVENY01,SVENY02,SVENY03,SVENY04,SVENY05
1986-01-02,9.0054882000000003,9.0668862000000008,9.2032898000000003,9.3011111,9.3867095999999997
1986-01-03,9.2763852,9.2113049,9.3012426000000001,9.3902508000000005,9.4704854000000012
1986-01-06,9.4369668000000004,9.4480027999999994,9.5149258000000003,9.5700153999999991,9.6298701999999992
1986-01-07,9.1913792999999995,9.1279494000000003,9.1961496999999994,9.2962316999999999,9.4090503999999999
1986-01-08,9.3905911,9.3436294000000011,9.4721008999999992,9.6036616000000006,9.7072810999999994
1986-01-09,9.4400104000000002,9.4490722999999992,9.5641625999999995,9.650431900000001,9.734141300000001
1986-01-10,9.3561083000000007,9.3518176999999998,9.5297781999999991,9.6798235999999989,9.7931717000000003
1986-01-13,9.6923151999999995,9.6916825000000006,9.8180171000000005,9.9230351999999993,10.014542
1986-01-14,9.6968203000000006,9.7110381999999991,9.7920172000000001,9.8348458999999995,9.8873826999999999
1986-01-15,9.7290623000000007,9.7016520999999987,9.7415084000000007,9.793049700000001,9.868627
1986-01-16,9.6989093999999998,9.6517698999999997,9.7196125000000002,9.7853542999999998,9.8555658000000008
1986-01-17,9.7007229000000006,9.6199249000000009,9.6777137999999994,9.7506806000000008,9.8332048000000007
1986-01-20,9.7056243000000002,9.6825188999999998,9.7587401000000007,9.8161620999999997,9.8772493000000008
1986-01-21,9.6602585000000012,9.6348072000000009,9.7100477999999999,9.7871751000000007,9.8720241000000009
1986-01-22,9.5498370999999995,9.6150246999999993,9.7547098999999999,9.8273703999999995,9.8925967999999997
1986-01-23,9.5491279000000002,9.5608819999999994,9.6917517999999987,9.7740025999999993,9.8491166000000003
1986-01-24,9.6974589000000009,9.6577734,9.7512764000000001,9.7898466000000006,9.8225478000000006
1986-01-27,9.8431215999999999,9.7439101000000008,9.7825211999999997,9.7998241999999998,9.8303586000000003
1986-01-28,9.7851417000000005,9.7170769999999997,9.7753762999999996,9.7905625999999994,9.8117304999999995
1986-01-29,9.7306740999999999,9.6440057999999986,9.721316400000001,9.7812318999999999,9.8379539999999999
1986-01-30,9.8611634000000006,9.7128093999999994,9.7854367,9.8231374999999996,9.849439499999999
1986-01-31,9.9062353000000005,9.7899259999999995,9.8649711,9.8874873000000001,9.8941302999999987
1986-02-03,10.124335,10.012432,10.034978000000001,10.008454,9.9816383999999996
1986-02-04,10.100726,9.9948557999999998,10.034217,10.015532,9.9825667000000013
1986-02-05,10.063835000000001,9.9575502,9.9986521999999987,9.9662404999999996,9.9261502000000004
1986-02-06,10.017966000000001,9.7990910000000007,9.8680117999999997,9.8937919999999995,9.8916293
1986-02-07,10.136721999999999,9.9010367000000006,9.9888579000000011,10.018151,10.011665000000001
1986-02-10,10.117298,9.8759764000000008,9.9623162000000001,10.001697,9.9981547000000006
1986-02-11,10.08924,9.8622686000000002,9.9326073000000008,9.9482637,9.9395597000000002
1986-02-12,10.161895999999999,9.9261585999999991,9.9524149000000008,9.9547889000000005,9.9476300000000002
1986-02-13,10.366289,10.035632999999999,10.022352,10.002621000000001,9.9812817000000003
1986-02-14,10.149272,9.8922544000000006,9.9062079999999995,9.8716264999999996,9.8360807000000001
1986-02-17,10.118624000000001,9.8656731000000004,9.8055263999999998,9.7457231000000011,9.7197800999999995
1986-02-18,9.9372687000000006,9.6742697999999994,9.6513995000000001,9.5993887999999998,9.5714298000000007
1986-02-19,9.9038135,9.6736801000000003,9.6484951999999993,9.592479299999999,9.5711819000000009
1986-02-20,9.8484683000000004,9.6256257999999999,9.5773685999999998,9.5141410000000004,9.5037813999999994
1986-02-21,9.563955,9.4103823999999996,9.3313932000000008,9.2468668000000012,9.2641805000000002
1986-02-24,9.4464664000000003,9.380093200000001,9.4206445999999993,9.3767474000000011,9.3670109000000004
1986-02-25,9.629852399999999,9.368981999999999,9.3874808999999999,9.4098917000000011,9.4402015000000006
1986-02-26,9.5552831999999999,9.4272153999999997,9.4384186999999997,9.3984038999999999,9.4076389999999996
1986-02-27,9.6941822999999996,9.5675880000000006,9.5417231999999998,9.3809114999999998,9.2936978999999997
1986-02-28,10.004016999999999,9.8450548999999992,9.7637078000000006,9.5899631999999997,9.5033124999999998
1986-03-03,9.9620905000000004,9.8417158000000011,9.7776774999999994,9.6167005000000003,9.5320410999999989
1986-03-04,9.8732293999999996,9.5775513000000014,9.6441860000000013,9.6097557000000009,9.5401033000000002
1986-03-05,9.9627064000000001,9.6716254999999993,9.6341760999999995,9.611558800000001,9.6009902
1986-03-06,9.8653569999999995,9.5312768999999999,9.4701632,9.4730045,9.5119945000000001
1986-03-07,9.5007035000000002,9.2197732000000006,9.2179465999999994,9.2689074999999992,9.3340957000000007
1986-03-10,9.1618487999999996,8.8719307000000001,8.8795579999999994,8.9714416000000003,9.0853412999999996
1986-03-11,9.1782392999999995,8.8844204999999992,8.8714977000000008,8.946715600000001,9.0508812999999986
1986-03-12,9.1020245000000006,8.8613762000000005,8.8703105999999998,8.9231707,8.981640500000001
1986-03-13,9.1751062000000001,8.957847300000001,8.9764631000000001,9.0117984,9.0416647999999995
1986-03-14,9.0512169,8.8634781999999994,8.9082966999999993,8.9547927999999999,8.9828992000000003
1986-03-17,9.0351288000000007,8.8807047000000008,8.9199956999999994,8.9688311000000009,9.0107891999999996
1986-03-18,9.1546368999999999,8.9990227000000012,9.0155570000000012,9.0582127000000003,9.1119401999999994
1986-03-19,9.1841967999999987,8.9872487999999997,9.0105587000000007,9.0818081999999993,9.1676120000000001
1986-03-20,9.2452281000000003,9.0475160999999993,9.0519613000000003,9.1076160000000002,9.176665400000001
1986-03-21,9.3307313999999995,9.1218155000000003,9.1152437000000006,9.1509652999999993,9.1998197000000008
1986-03-24,9.2998145000000001,9.0857235999999997,9.0708431000000012,9.0954845000000013,9.1350116999999997
1986-03-25,9.3378955000000001,9.0983561000000002,9.0902671999999995,9.0985391999999994,9.1302349000000014
1986-03-27,9.1260782000000003,8.8895020999999996,8.7915112999999998,8.7231831999999994,8.7229310000000009
1986-03-31,8.9662372999999995,8.8070852000000013,8.7227300999999997,8.6046426,8.5521525999999994
1986-04-01,8.9460970999999994,8.7959657,8.7223828999999995,8.6346179000000003,8.6160427999999989
1986-04-02,9.0580169000000001,8.8909295000000004,8.804237800000001,8.7166107000000004,8.6835837999999992
1986-04-03,9.0940829999999995,8.9451591999999991,8.8707618999999998,8.7906955,8.7729011999999997
1986-04-04,9.0985399999999998,8.9882393,8.9508609999999997,8.924346700000001,8.9350845000000003
1986-04-07,9.0290901000000012,8.9035978999999994,8.8562053000000009,8.8553700000000006,8.8980934000000005
1986-04-08,8.8109953000000001,8.7745830999999992,8.7029533000000008,8.6195169000000007,8.6059447999999996
1986-04-09,8.6211161999999995,8.7118493000000008,8.6578177000000007,8.5287775000000003,8.4849887000000006
1986-04-10,8.6847306,8.6301296000000001,8.5369846000000003,8.4782284000000008,8.5378144000000002
1986-04-11,8.8524616999999992,8.6739473,8.613305200000001,8.6260590999999991,8.6828503000000001
1986-04-14,8.8581947999999997,8.7477689999999999,8.6699382000000007,8.637474000000001,8.6529941000000008
1986-04-15,8.8913911999999993,8.7388572999999994,8.7273878000000007,8.7624215999999997,8.8220572999999991
1986-04-16,8.6822172999999996,8.6228911000000004,8.5886156000000007,8.5770168999999985,8.5982243
1986-04-17,8.6925960999999994,8.4976425999999989,8.4977287999999991,8.5473943999999999,8.6108570999999987
1986-04-18,8.6888036999999994,8.5141154999999991,8.5138665000000007,8.5646371000000006,8.6357666999999996
1986-04-21,8.6729938999999998,8.4974840999999994,8.4760805999999995,8.5123134999999994,8.5779881000000007
1986-04-22,8.7900366999999999,8.6055782999999995,8.6198671999999998,8.6724957000000007,8.7319844999999994
1986-04-23,8.8848970999999999,8.7322597999999996,8.6883179000000013,8.7165131000000002,8.7929402000000003
1986-04-24,8.9228129999999997,8.7130561999999987,8.6897181000000003,8.7494247999999999,8.8446221999999999
1986-04-25,8.8621201999999997,8.674331200000001,8.7100536000000002,8.8048693,8.906498599999999
1986-04-29,8.6552770999999993,8.5376300000000001,8.5709337999999988,8.6671499000000001,8.7782590999999996
1986-04-30,8.6531076999999996,8.5470474000000003,8.5744863999999996,8.6684698999999998,8.7834500999999996
1986-05-01,8.7217783999999998,8.6015318000000001,8.6063074999999998,8.7148732000000013,8.8669975000000001
1986-05-02,8.6954789000000012,8.5678181000000002,8.6002202000000008,8.7345284000000003,8.9007553999999995
1986-05-05,8.6234560000000009,8.5106351999999994,8.5367785000000005,8.6700505000000003,8.840532099999999
1986-05-06,8.5368700000000004,8.4247800000000002,8.4904323999999995,8.6228256999999999,8.7610425999999997
1986-05-07,8.5647096999999999,8.4529139999999998,8.5133261000000005,8.6504340000000006,8.799043600000001
1986-05-08,8.4688885999999997,8.3602190000000007,8.4407602999999991,8.5802265999999996,8.7210666999999997
1986-05-12,8.5895495999999998,8.4777535999999998,8.5291221999999998,8.6874868999999997,8.860887700000001
1986-05-13,8.6276533999999998,8.4925828999999986,8.5433970000000006,8.6700146,8.8093684000000003
1986-05-14,8.5241378000000001,8.5119910000000001,8.5775036,8.6955402999999993,8.8280887999999997
1986-05-15,8.5451473999999994,8.5356158999999998,8.6471478000000008,8.798233699999999,8.9461087999999993
1986-05-16,8.6506836000000007,8.6435808999999999,8.7275750999999993,8.8912243000000011,9.0760101999999989
1986-05-20,8.5761120000000002,8.6222893999999997,8.7268369999999997,8.8688742999999999,9.0161067999999993
1986-05-21,8.5460048999999998,8.5601038000000003,8.6831747000000004,8.8380407999999999,8.9853354999999997
1986-05-22,8.5167149999999996,8.548525999999999,8.7336685000000003,8.9019408000000002,9.0211082000000005
1986-05-23,8.5304739999999999,8.5557645999999998,8.7379791000000004,8.9017348999999992,9.0151156999999991
1986-05-26,8.522919700000001,8.6017140000000012,8.7520106000000002,8.8955794000000008,9.0112988999999999
1986-05-27,8.5466748999999993,8.5875851000000001,8.7448526999999991,8.8892173999999997,8.9969038999999995
1986-05-28,8.7015799000000005,8.7336425999999996,8.8362555999999994,8.9818166000000002,9.1252838999999994
1986-05-29,8.8591676999999986,8.8992164000000002,9.0303763999999997,9.1854838000000001,9.3188823999999997
1986-05-30,8.917503,9.0352721999999996,9.1195804999999996,9.2251723999999999,9.3341467999999992
1986-06-02,9.1630032000000003,9.3135526999999989,9.3625334999999996,9.4322945000000011,9.525754899999999
1986-06-03,9.0583024000000005,9.1855928999999996,9.2473918000000008,9.3046089999999992,9.3671230999999988
1986-06-04,8.981856500000001,9.0100018000000013,9.1977887999999997,9.3559219000000002,9.4554916000000002
1986-06-05,9.1633215999999997,9.3244144000000002,9.2982326000000004,9.2943327,9.3457367999999992
1986-06-06,9.1286715000000012,9.275534200000001,9.1821344000000007,9.1214179000000009,9.1413527999999999
1986-06-09,9.0802078000000002,9.2560018999999993,9.2373265999999994,9.2346906000000004,9.2772777000000008
1986-06-10,8.9416012000000009,9.1386286000000005,9.1332538999999997,9.1282899999999998,9.1685873000000004
1986-06-11,8.9267572000000008,9.1117704999999987,9.1372991999999993,9.1533771999999995,9.1959914000000005
1986-06-12,8.9468496000000002,9.0173152000000005,9.0684345000000004,9.1450452000000002,9.2342893000000004
1986-06-13,8.7549489999999999,8.8564933000000003,8.8846573000000006,8.9350120000000004,9.0167069000000009
1986-06-16,8.6519022000000003,8.7232807000000001,8.7743973000000004,8.8466415999999999,8.9355568000000005
1986-06-17,8.7464975000000003,8.8155450000000002,8.8482407999999992,8.9062259000000008,8.9845803000000011
1986-06-18,8.7795011000000009,8.8757081000000007,8.8949561999999993,8.9311835000000013,8.9930567000000003
1986-06-19,8.9524670999999998,8.9783796999999996,8.9350021000000002,8.9488909000000003,9.0189913999999991
1986-06-20,8.880682199999999,8.8402583000000003,8.8147970000000004,8.8434101999999992,8.9114863999999994
1986-06-23,8.7702089000000001,8.7432141000000012,8.7587374999999987,8.8204212999999996,8.9040020999999996
1986-06-25,8.5642683999999996,8.5840385000000001,8.6937856999999994,8.8177038000000003,8.9257133999999994
1986-06-26,8.7443687000000008,8.7272043999999998,8.7265382000000002,8.7659646000000002,8.8396431999999994
1986-06-27,8.704838800000001,8.6943682999999989,8.6858164000000002,8.7172324000000003,8.7843660999999997
1986-06-30,8.6250257000000001,8.6360141000000006,8.6318515999999992,8.6658358,8.7369482999999999
1986-07-02,8.5705862999999987,8.6162504999999996,8.6211061999999998,8.6568653999999992,8.7313957999999996
1986-07-03,8.5496683000000004,8.5683436999999998,8.5660077999999995,8.5949304000000009,8.6597682000000002
1986-07-04,8.5188176000000002,8.5344338999999998,8.5202165999999995,8.5446860999999998,8.6059502999999999
1986-07-07,8.4581639000000006,8.4992543999999999,8.5075123999999995,8.5459792000000014,8.6171249000000003
1986-07-08,8.6109931,8.6466098999999996,8.658147099999999,8.7148896000000011,8.8081619999999994
1986-07-09,8.5692015000000001,8.6131327999999989,8.5991365000000002,8.6263053000000003,8.6959004000000011
1986-07-10,8.5351353999999997,8.5953301999999994,8.6123562000000007,8.6502076999999993,8.7142946999999999
1986-07-11,8.4919504000000003,8.5693173999999992,8.5787745999999991,8.627244000000001,8.7196920000000002
1986-07-14,8.4582858999999999,8.5888653000000001,8.5786651999999997,8.5888799000000002,8.6470190999999996
1986-07-15,8.3861869000000002,8.514641000000001,8.5636430000000008,8.6098188000000011,8.6686906999999991
1986-07-16,8.4006005999999989,8.5135362000000008,8.5230651999999996,8.5629992999999995,8.6497536999999998
1986-07-17,8.4453850999999993,8.5686175000000002,8.6001776999999997,8.649754699999999,8.7315236000000009
1986-07-18,8.433581199999999,8.5621483999999999,8.6084598999999997,8.6599266999999998,8.7319367000000003
1986-07-21,8.3605558000000002,8.5293732000000002,8.5792888000000005,8.6222453000000012,8.6896040999999986
1986-07-22,8.4298184000000003,8.5894649000000012,8.6425879000000005,8.6878233999999992,8.7498129000000002
1986-07-23,8.7088418999999995,8.8035928000000006,8.7545792000000002,8.7782371000000001,8.8777557000000016
1986-07-24,8.8694436000000003,8.9186308000000007,8.8689012999999992,8.8651115000000011,8.9166166000000011
1986-07-25,8.8278267999999986,8.8514335000000006,8.8326367999999995,8.8561288000000005,8.9183609999999991
1986-07-28,9.0235855000000011,9.054292199999999,8.9962833,8.9904849000000002,9.0425256999999988
1986-07-29,8.9086293999999988,9.0064095000000002,8.992572599999999,8.9611529999999995,8.9591419999999999
1986-07-30,8.4376756000000004,8.709307299999999,8.8846090000000011,8.9598424999999988,8.9837040000000012
1986-07-31,8.6740657999999993,8.8052720000000004,8.8120013000000004,8.8230433000000001,8.8659716999999993
1986-08-01,8.7728438000000004,8.8502501000000002,8.8301043999999997,8.8277728,8.8628053999999992
1986-08-05,8.7216588000000002,8.8620305999999989,8.8726234000000002,8.8700633,8.8916298000000005
1986-08-06,8.7991553000000007,8.9155183000000005,8.908353,8.9004222999999989,8.9241484999999994
1986-08-07,8.8231964000000005,8.9052768000000011,8.8726765000000007,8.8640511000000011,8.8995221000000004
1986-08-08,8.8167167000000006,8.8392795,8.7859379000000004,8.7638031999999999,8.7879146000000006
1986-08-11,8.8570061000000013,8.8816999999999986,8.7848623999999997,8.7283562999999997,8.7368050999999998
1986-08-12,8.9363238999999997,9.0018186999999994,8.9480950999999997,8.8823839000000007,8.8469931000000006
1986-08-13,8.8732325000000003,8.9667420999999994,8.8387476000000014,8.7405453999999985,8.7219519999999999
1986-08-14,8.8374251000000008,8.9200344000000005,8.8837431000000002,8.8360178000000005,8.8137216000000009
1986-08-15,8.8842088999999991,8.9091430000000003,8.844138899999999,8.8027633999999999,8.8069071999999995
1986-08-18,8.8814516999999995,8.9668479999999988,8.8993743999999992,8.8231906000000002,8.7866400000000002
1986-08-19,8.8190966999999993,8.8789652999999991,8.7886473000000009,8.7209696999999995,8.7101264
1986-08-20,8.7602499999999992,8.8077459000000005,8.7416011000000005,8.6734162999999995,8.6442242999999994
1986-08-21,8.6479825999999989,8.6443763000000011,8.5804924000000007,8.5732390000000009,8.6263797000000011
1986-08-22,8.6046548999999999,8.7056319000000002,8.733191699999999,8.739649,8.7544266999999998
1986-08-25,8.6451484000000001,8.7253941000000008,8.7282510999999996,8.7115373999999992,8.7118950999999996
1986-08-26,8.6074210000000004,8.5517991999999996,8.6293799,8.6796018000000004,8.6951226000000013
1986-08-27,8.7364963000000007,8.6478424999999994,8.6965743,8.7606623999999993,8.8085459999999998
1986-08-28,8.7487837000000006,8.7810970000000008,8.7670607999999994,8.7397986999999997,8.7297642
1986-08-29,8.6627174999999994,8.698753,8.6595557000000003,8.6166674000000008,8.608407399999999
1986-09-02,8.623206999999999,8.6915855999999998,8.696413999999999,8.687125,8.6932074999999998
1986-09-03,8.6828947999999997,8.7615976,8.7755439000000006,8.7755997000000008,8.7906275000000011
1986-09-04,8.6734821000000011,8.7722441999999994,8.7598626999999993,8.7438313000000001,8.7552703999999988
1986-09-05,8.6864433999999999,8.7832986000000002,8.8049695000000003,8.823493899999999,8.8619330000000005
1986-09-08,8.7451544000000005,8.8400436999999989,8.8301198999999997,8.8427799,8.8955418999999996
1986-09-09,8.6947072999999993,8.8090489999999999,8.7930176000000007,8.7964751999999997,8.8455072000000001
1986-09-10,8.7164251999999998,8.8336492999999994,8.8239211999999991,8.8194685999999987,8.8513533000000013
1986-09-11,8.8184408000000012,8.8817895999999994,8.9060863000000001,8.9178370999999999,8.9413081999999999
1986-09-12,8.7744380999999994,8.9066112999999998,8.9414745,8.9540842999999999,8.9745690000000007
1986-09-15,8.7230606999999996,8.8743385999999997,8.9017949000000005,8.9192909,8.956567699999999
1986-09-16,8.7973599,8.9477337000000006,8.9514014999999993,8.9549028000000011,8.9913128999999987
1986-09-17,8.864381100000001,8.9975912999999998,8.994651300000001,9.0049852999999995,9.0542627000000007
1986-09-18,8.9454571000000005,9.0482022999999998,9.0821947000000005,9.1392302000000001,9.2185103999999995
1986-09-19,9.0275105999999994,9.1925732999999994,9.1743729999999992,9.1739575999999996,9.2237305000000003
1986-09-22,8.8732746999999996,9.0345351000000012,9.0522538000000008,9.0624675999999997,9.0986726000000004
1986-09-23,8.8757111000000002,9.0317019999999992,9.0006629,8.9929846999999992,9.0451264000000009
1986-09-24,8.7613494000000003,8.9302273000000003,8.9290617999999995,8.942945400000001,9.0029707000000005
1986-09-25,8.8164317000000008,8.9502302,8.9662462000000005,8.986999299999999,9.0397227000000004
1986-09-29,8.8205372999999998,8.9589371,8.9725930999999992,8.977495900000001,9.0087992000000003
1986-09-30,8.8066100999999986,8.9460484000000005,8.9242848000000006,8.903443900000001,8.9268432999999998
1986-10-01,8.8337222999999998,8.9657914999999999,8.9218802000000004,8.8912263000000014,8.917615399999999
1986-10-02,8.8335696000000006,8.9492203000000003,8.9480634999999999,8.9658727999999996,9.0282602000000001
1986-10-03,8.8024656000000014,8.9306796999999989,8.9255757000000013,8.9341438999999987,8.9846044999999997
1986-10-06,8.7694574999999997,8.8836981999999995,8.8698111999999991,8.894822099999999,8.9724665999999988
1986-10-07,8.7557700999999994,8.9407075999999996,8.9700703000000015,9.0161885999999996,9.1003433999999999
1986-10-08,8.7754785000000002,8.9743868000000013,9.0173380999999999,9.0747555000000002,9.1653108999999997
1986-10-09,8.6965739000000006,8.9866478999999995,8.9968413999999992,8.9785107000000011,9.0500886000000005
1986-10-10,8.8148074000000012,8.7596083,8.8610281000000004,8.9983527999999993,9.1204968999999991
1986-10-14,8.7713921999999993,9.0181097000000001,9.0609149000000002,9.0912948,9.1513725000000008
1986-10-15,8.7741813000000004,9.0029115000000015,9.0342094999999993,9.0663498999999987,9.136247599999999
1986-10-16,8.7781444000000004,8.9766466000000005,9.038011899999999,9.0954084000000002,9.1745500999999994
1986-10-17,8.7814353000000001,8.9797786000000013,9.0414250000000003,9.0958357999999997,9.169289899999999
1986-10-20,8.8815583,9.0879832999999994,9.0870587999999994,9.1195675999999999,9.2096195999999999
1986-10-21,8.8213960999999994,9.0054572000000004,9.0211833000000006,9.0599047000000006,9.1458196000000012
1986-10-22,8.7606166000000005,8.9684279,8.9906567000000006,9.017141800000001,9.0861928999999986
1986-10-23,8.7320612000000004,8.8655629999999999,8.8981846000000004,8.9486606999999996,9.0337873999999996
1986-10-24,8.7264353999999997,8.863661500000001,8.8862027999999995,8.9276730000000004,9.0085641999999986
1986-10-27,8.6729520000000004,8.7826496000000009,8.8288507999999997,8.8816363000000003,8.9550254999999996
1986-10-28,8.7128136999999999,8.7990066999999996,8.8537602,8.9109605999999992,8.9795808000000008
1986-10-29,8.6982675999999994,8.7880629999999993,8.8419153999999995,8.9028443999999993,8.9778456000000002
1986-10-30,8.6185560999999993,8.7417858000000006,8.8122018000000004,8.8597498999999988,8.9103799000000006
1986-10-31,8.6562859000000003,8.7575103999999993,8.8389534000000012,8.9007740000000002,8.9564432000000007
1986-11-03,8.6721935000000006,8.8023898000000003,8.8487413999999998,8.8771065,8.9145880000000002
1986-11-04,8.697928000000001,8.7881169999999997,8.820296299999999,8.8524402000000002,8.8997154999999992
1986-11-05,8.6705598999999989,8.7518323999999996,8.7890452999999997,8.8282255000000003,8.8822133999999995
1986-11-06,8.7443463000000001,8.8112729999999999,8.8395937,8.8897116999999994,8.9660232999999998
1986-11-07,8.7836292,8.8742051000000011,8.8850268000000003,8.9153235999999989,8.9812832
1986-11-10,8.7812166999999999,8.8624934999999994,8.853143900000001,8.8657481999999987,8.9164724999999994
1986-11-12,8.6918073000000007,8.7796938000000004,8.750843699999999,8.7565346000000002,8.8155842999999994
1986-11-13,8.5796910999999998,8.6842369000000001,8.7236729999999998,8.7614267999999988,8.8147105000000003
1986-11-14,8.6097369000000015,8.6820005000000009,8.6924057999999995,8.7113551999999999,8.7563563999999996
1986-11-17,8.5313577000000009,8.7075586999999999,8.6735529000000007,8.5629413000000003,8.5065018000000006
1986-11-18,8.5486138,8.6259195000000002,8.6277442000000004,8.6434203000000007,8.6942160000000008
1986-11-19,8.4885483999999991,8.5463228999999998,8.551245999999999,8.5632756000000008,8.605655500000001
1986-11-20,8.5182129,8.5675756000000014,8.5621542000000002,8.5744185999999996,8.6248521
1986-11-21,8.5207264000000009,8.5538641999999996,8.5464289000000004,8.5540396000000012,8.6012975000000012
1986-11-24,8.4519757999999996,8.5028143000000007,8.4940777000000001,8.5073378999999996,8.5599149000000008
1986-11-25,8.4114479000000006,8.5016062000000012,8.5844029000000006,8.6324833000000005,8.6693774000000001
1986-11-27,8.3736537000000002,8.5219062000000001,8.5502955000000007,8.4825290999999989,8.4446976000000014
1986-11-28,8.4223382999999998,8.4810323000000007,8.5077976,8.5390031999999998,8.5908357000000013
1986-12-01,8.3696221000000008,8.4571839000000004,8.5005998999999992,8.5430483000000006,8.5992118000000008
1986-12-02,8.2924574,8.3305091999999998,8.3849990000000005,8.4779944,8.5895425999999997
1986-12-03,8.3203794999999996,8.2834149999999998,8.3315099999999997,8.4370943999999994,8.5581662000000005
1986-12-04,8.2946982000000009,8.2687632000000004,8.2867055000000001,8.3679492999999994,8.485562100000001
1986-12-05,8.2843456,8.2643532999999998,8.3118230000000004,8.4250279999999993,8.5597618999999998
1986-12-08,8.2154267999999995,8.298138100000001,8.3270420000000005,8.3525020000000012,8.4031094999999993
1986-12-09,8.2132924999999997,8.2914270000000005,8.3497868999999998,8.3778071999999995,8.4092339000000003
1986-12-11,8.4165085000000008,8.3050613999999996,8.342989600000001,8.4491657,8.5648945000000012
1986-12-12,8.3915437999999991,8.3837340000000005,8.4169879999999999,8.4936848999999999,8.5874480999999996
1986-12-15,8.4111273000000004,8.4301794000000001,8.4638204999999989,8.5368350999999993,8.6274373000000004
1986-12-16,8.4287652000000008,8.4268628000000003,8.4900801999999995,8.5967079999999996,8.7037596999999991
1986-12-17,8.4302428000000003,8.4299853000000002,8.4693473000000008,8.5490582999999987,8.6368886000000007
1986-12-18,8.3731086000000001,8.377677799999999,8.4466047,8.5430401000000007,8.6346911999999989
1986-12-19,8.3844172999999991,8.3620009999999994,8.4293224999999996,8.5312090999999999,8.6260712000000002
1986-12-22,8.3482657000000007,8.3264893000000004,8.4331420000000001,8.5544051000000003,8.6464017999999996
1986-12-23,8.3634027,8.3166130000000003,8.3906107999999993,8.4987092999999998,8.5945470999999998
1986-12-24,8.3215906000000004,8.3149101000000005,8.4041133000000006,8.5050297999999991,8.5848194000000007
1986-12-29,8.3721053000000012,8.3488424000000006,8.4504981000000008,8.5776354999999995,8.6775213000000004
1986-12-30,8.3499903999999994,8.3886564999999997,8.5100861000000005,8.6269226999999997,8.7105508
1986-12-31,8.3840332000000011,8.3805247000000005,8.4803159000000008,8.5958332999999989,8.6884005000000002
1987-01-02,8.3420290000000001,8.3797686999999996,8.4837547000000004,8.5472863999999991,8.5776248000000006
1987-01-05,8.2697501000000013,8.3083100999999999,8.3960621999999994,8.4431320999999997,8.4671462999999996
1987-01-06,8.2170419999999993,8.2743363999999993,8.3514914000000005,8.3896452999999998,8.4144971000000002
1987-01-07,8.1233708,8.2512135999999998,8.3315997999999993,8.3527883999999997,8.364439599999999
1987-01-08,8.0821614000000004,8.1559039999999996,8.2176553999999999,8.2433826000000003,8.2671495000000004
1987-01-09,8.0409041000000006,8.099716299999999,8.1354422999999993,8.1303574000000012,8.1316667000000002
1987-01-12,8.0221441999999996,8.0592681000000006,8.0831578000000004,8.1022490999999999,8.1433747000000007
1987-01-13,7.9678225000000005,8.0408459000000008,8.1128832000000006,8.1375945000000005,8.1620304000000008
1987-01-14,7.8668918000000003,7.9621695000000008,8.0628530000000005,8.0998891000000004,8.1265537999999999
1987-01-15,7.8868720000000003,7.9466228000000001,7.9988714000000005,8.0214047999999991,8.0592511000000009
1987-01-16,7.7627952999999996,7.8574807999999994,7.9252431999999997,7.9371052999999998,7.9551268999999998
1987-01-19,7.6590429000000002,7.7841411000000003,7.8606642000000004,7.8961348000000005,7.9425906000000008
1987-01-20,7.5240553999999999,7.7042361000000001,7.8173173,7.8633547999999998,7.9075735999999992
1987-01-21,7.3507030000000002,7.6228904000000002,7.8040551999999996,7.8761617000000008,7.9155473000000001
1987-01-22,7.4391673000000003,7.6888666999999993,7.8350002999999999,7.8905133000000003,7.931476
1987-01-23,7.6604756999999992,7.8532609000000004,7.9288249000000004,7.9503809999999993,7.9858704000000005
1987-01-26,7.5069565000000003,7.8063754999999997,7.9849314000000007,8.0690027000000004,8.1288549999999997
1987-01-27,7.3571299000000003,7.6971157999999997,7.9579172000000007,8.0964913999999997,8.1776917000000005
1987-01-28,7.2433125,7.6043710999999998,7.8509853000000005,7.9400051999999999,7.9724761000000006
1987-01-29,7.2262436000000001,7.5648016999999994,7.8049395999999991,7.8799343999999998,7.8921380000000001
1987-01-30,7.3668927999999996,7.6633654,7.8481655999999997,7.8889052,7.8922536000000001
1987-02-02,7.3527158999999997,7.6622329000000002,7.8476155000000007,7.9021498999999995,7.9282533000000006
1987-02-03,7.4355976000000004,7.7027117000000009,7.8564517,7.9170231999999992,7.9734157999999997
1987-02-04,7.3298711000000001,7.6449113999999998,7.7821847999999996,7.8101278000000001,7.8545767
1987-02-05,7.3524704999999999,7.5849807000000009,7.6774902000000003,7.6675736999999993,7.6833509999999992
1987-02-06,7.4013926999999997,7.6353765000000005,7.7269087000000001,7.7205607999999994,7.7371023999999995
1987-02-09,7.4157492000000005,7.6447512,7.7746969000000004,7.7976182000000005,7.8263917000000003
1987-02-10,7.5434300999999992,7.7491442999999993,7.9402903999999994,8.0212275999999996,8.0718646000000014
1987-02-11,7.7307192999999996,7.9108055999999998,8.0732856000000002,8.1650731000000007,8.2353719000000005
1987-02-12,7.8246375000000006,7.9864938999999993,8.1214079999999989,8.167435600000001,8.1933994999999999
1987-02-13,7.7573547000000005,7.9459793999999997,8.0863281999999987,8.1539850999999999,8.2036990999999997
1987-02-16,7.8257966999999997,8.0350672000000003,8.1632707999999994,8.2367032000000009,8.3074536000000005
1987-02-17,7.763028199999999,8.0023090000000003,8.1339325999999996,8.1762357999999988,8.2046214000000006
1987-02-18,7.7857837999999999,7.9809726999999997,8.0757060999999997,8.1251089000000007,8.1799619000000003
1987-02-19,7.7093740999999998,7.9181757000000008,7.9979973999999991,8.0360202000000012,8.0945823000000008
1987-02-20,7.4085942999999999,7.7475880999999998,7.9405134000000004,7.9871671000000006,8.0074000000000005
1987-02-24,7.3329247999999998,7.6791377999999995,7.8919650999999993,7.9707844000000003,8.0040300999999996
1987-02-25,7.3827867000000005,7.7524625,7.9030243999999996,7.9569637999999996,8.0052020000000006
1987-02-26,7.635162600000001,7.842789999999999,7.9416561999999997,8.0025434000000004,8.0674469999999996
1987-02-27,7.6748072000000001,7.8807875999999997,7.9440621,7.9654296000000002,8.0048763999999988
1987-03-02,7.4440828999999997,7.7690712999999993,7.9000575,7.936006700000001,7.9631544999999999
1987-03-04,7.4605990999999996,7.8060244000000001,7.9140668999999999,7.9413347999999999,7.9766273999999999
1987-03-05,7.4836983999999998,7.7965818000000002,7.9252839000000002,7.9698999000000006,8.0093367000000004
1987-03-06,7.5178528999999994,7.8430150000000003,8.0327017999999999,8.1263249000000002,8.182834699999999
1987-03-09,7.5094243000000009,7.8547850000000006,8.0302059999999997,8.1154647999999998,8.1731670000000012
1987-03-10,7.5024695000000001,7.8508522999999997,8.0089690000000004,8.0785643,8.1296470999999997
1987-03-11,7.4173597999999989,7.7710619999999997,7.9460319999999998,8.0229172000000002,8.0741851000000011
1987-03-12,7.1815083,7.6014787999999998,7.8082557000000001,7.9089789999999995,7.9837927999999998
1987-03-13,7.2947848999999998,7.5926520999999996,7.7502357999999996,7.8380579000000008,7.9167933999999995
1987-03-16,6.9900633000000001,7.5510836999999995,7.8040890000000003,7.8223309000000008,7.8023778000000004
1987-03-17,6.9988220000000005,7.4640360000000001,7.7047554000000007,7.7840481000000006,7.8146818000000007
1987-03-18,6.9644313000000002,7.4054560000000009,7.6694765999999994,7.7687695000000003,7.8105565000000006
1987-03-19,6.9865977999999993,7.3804577999999994,7.6232747000000005,7.7302000999999994,7.7913895999999996
1987-03-20,6.9201467000000001,7.3254749999999991,7.5830691000000003,7.6976155000000004,7.7575799999999999
1987-03-23,6.8893523999999999,7.3479341000000007,7.5801294000000006,7.6777487000000004,7.7438567000000003
1987-03-24,6.9255364000000004,7.3573387000000006,7.6078204999999999,7.7213656000000004,7.7890934999999999
1987-03-25,6.9998702999999995,7.4447559999999999,7.6570111000000001,7.7345205999999997,7.7844945000000001
1987-03-30,7.1210811999999999,7.5192361999999999,7.6857677999999998,7.7479015999999996,7.8031577000000008
1987-03-31,7.0579622999999998,7.5129984999999992,7.6927114000000003,7.7077152,7.7248172000000004
1987-04-01,7.1429931,7.5953479000000002,7.7746541000000002,7.7717726000000003,7.7760535000000006
1987-04-02,7.2013763999999991,7.6592250000000002,7.8241985999999999,7.8111539999999993,7.8084838000000003
1987-04-03,7.2528130999999991,7.7002931999999999,7.8971574000000002,7.9330657000000002,7.9509677999999999
1987-04-06,7.2102299999999993,7.6831485000000006,7.8512786000000006,7.8463218000000001,7.8412306999999997
1987-04-07,7.2026877000000002,7.7139395000000004,7.9134950999999996,7.9494298000000008,7.9771450999999995
1987-04-08,7.2512794000000005,7.7154641999999996,7.9038690999999996,7.9751611000000002,8.0327835000000007
1987-04-09,7.4021179000000004,7.8539566000000001,8.0237476999999995,8.0914791000000008,8.1481121000000005
1987-04-10,7.5354918000000009,7.9455340999999997,8.0727962000000009,8.114265099999999,8.208280499999999
1987-04-13,7.6067665000000009,7.977913,8.1902261000000003,8.3202434000000007,8.4175658000000002
1987-04-14,8.1730039000000012,8.4714877999999985,8.6310040000000008,8.7460597999999994,8.8462347999999995
1987-04-15,8.2860922000000006,8.5874302,8.6683628000000006,8.6840238000000003,8.7061771999999991
1987-04-16,8.1270948999999995,8.4147940999999999,8.5303429000000008,8.5805322999999998,8.6220791000000006
1987-04-20,8.1096832999999986,8.3787660000000006,8.539239199999999,8.6504679000000007,8.7428007999999995
1987-04-21,8.4043653000000003,8.6093934999999995,8.6666609000000001,8.6965092999999989,8.7443030000000004
1987-04-22,8.6046253000000004,8.7798666000000001,8.8008177000000014,8.7926409999999997,8.8081665999999998
1987-04-23,8.7652560000000008,8.9948755000000009,9.0221118000000011,9.0403631000000004,9.0894819000000009
1987-04-24,8.9056177999999999,9.3105516000000001,9.4484139000000003,9.4396380000000004,9.4476465999999988
1987-04-27,8.9954932999999997,9.4029118,9.4477566999999993,9.3640261999999996,9.2646131
1987-04-28,8.8286023,9.1636465000000005,9.1433644999999988,9.0256155000000007,8.9368485999999994
1987-04-29,8.7403551999999998,8.9980816000000008,9.1065901,9.1585996999999999,9.1802306999999992
1987-04-30,8.6625475999999999,8.9199286999999998,9.0034261999999998,9.0164118999999996,9.0088077000000002
1987-05-01,8.8255376000000005,9.0472593000000003,9.0849867999999994,9.1036643000000002,9.128782300000001
1987-05-04,9.143298399999999,9.3585376999999994,9.3309744999999999,9.3221689999999988,9.3517250000000001
1987-05-05,8.9311149000000007,9.1461836000000005,9.1950413999999991,9.2342908999999995,9.2695136999999992
1987-05-06,8.7774778999999992,9.0433982999999998,9.1478544999999993,9.2129355000000004,9.2536064000000007
1987-05-07,8.6361443999999992,8.8902921999999993,8.9826287000000011,9.0377280000000013,9.0811048000000003
1987-05-08,8.6094535000000008,8.8103309999999997,8.9169668999999985,8.9914497999999998,9.0438065999999999
1987-05-11,8.5641458999999998,8.8165466000000006,8.9404668000000012,9.0316748000000011,9.0991805999999986
1987-05-12,8.7411419000000006,9.1100779000000003,9.1428065000000007,9.1941321000000009,9.2745767000000008
1987-05-13,8.7098604999999996,9.0344487000000004,9.0827860000000005,9.1341085,9.2205046999999993
1987-05-14,8.6871530000000003,9.0325854000000003,9.1219817999999986,9.1976517999999992,9.2897109000000011
1987-05-15,9.1315041000000008,9.4213605999999999,9.3638367000000002,9.3608069999999994,9.4376440000000006
1987-05-20,9.3008489999999995,9.5958316999999997,9.5733437000000006,9.5839576999999991,9.6502783000000001
1987-05-21,9.2130238999999996,9.5045268000000007,9.5113965999999994,9.5219001999999993,9.5660594000000003
1987-05-22,9.0822444000000004,9.2437657000000009,9.2693445000000008,9.334447299999999,9.428750299999999
1987-05-25,8.93506,9.1857240000000004,9.2168492999999998,9.2552448999999992,9.3232491
1987-05-26,8.7581210000000009,9.0063879999999994,9.0216890999999997,9.0404520999999995,9.0949915000000008
1987-05-27,8.8063760000000002,9.1235625999999996,9.1387929000000003,9.1368340999999997,9.1661763000000001
1987-05-28,8.911102099999999,9.1796766000000005,9.190615300000001,9.1909831000000004,9.2241449000000006
1987-05-29,8.7904681,9.065260799999999,9.0846194000000011,9.0778596999999994,9.0979454999999998
1987-06-01,8.7352866999999996,9.0333044000000005,9.0772429999999993,9.0929868000000003,9.1295292999999997
1987-06-02,9.0589653999999999,9.3478072999999995,9.3575523999999994,9.3184570999999998,9.3004065999999987
1987-06-03,8.9902759999999997,9.1978486999999998,9.1962279999999996,9.1989543999999999,9.2330757000000006
1987-06-04,8.9375946000000006,9.0839146,9.0897240000000004,9.1134946999999986,9.1650058000000012
1987-06-05,8.8097200999999998,8.9769857000000002,9.0520271000000001,9.0991742999999996,9.1374986000000007
1987-06-08,8.8966950000000011,9.1070189999999993,9.1605027999999997,9.1910004999999995,9.2217947000000002
1987-06-09,8.9591297000000001,9.1600190999999995,9.1769148999999999,9.1876990000000003,9.2213498000000005
1987-06-11,8.9569791999999993,9.1280871999999995,9.1717212999999997,9.1927465999999995,9.2169916000000001
1987-06-12,8.7150020999999995,8.9041388999999995,9.0027501999999995,9.0340722000000007,9.0377133999999995
1987-06-15,8.6713895999999995,8.872485600000001,8.9743870999999995,9.0034533000000003,9.0041498999999998
1987-06-16,8.6787001999999998,8.8430976000000001,8.9560057999999998,9.0095470999999989,9.0294062999999998
1987-06-17,8.7229843000000002,8.8343362999999986,8.9305594999999993,8.9785554000000012,8.9971946999999997
1987-06-18,8.7620386000000003,8.8887646999999994,8.9615036999999997,9.0055051000000006,9.0355519999999991
1987-06-19,8.7409039999999987,8.9069041000000002,8.9922410999999993,9.0439427000000006,9.0836713000000007
1987-06-22,8.6671243999999987,8.8458172000000008,8.9397754999999997,8.9852543000000011,9.0116551999999999
1987-06-23,8.6961742999999991,8.8538154000000002,8.9335132999999995,8.9924051000000009,9.0433231999999997
1987-06-24,8.701839699999999,8.8385321000000001,8.9485507000000002,9.035790200000001,9.1023294000000003
1987-06-25,8.6303082,8.7950993000000004,8.9277642999999998,9.0041548999999996,9.0413467000000001
1987-06-26,8.6934167000000002,8.8820566999999997,8.9574330999999994,9.0173793999999994,9.0832733999999995
1987-06-29,8.6896307999999998,8.8728876000000003,8.9547217999999997,9.0044912000000004,9.0506322000000008
1987-06-30,8.7157444999999996,8.9077229999999989,8.9856672,9.0387778999999995,9.0902722000000011
1987-07-02,8.6917894999999987,8.8471650000000004,8.9289392999999997,8.9735454000000008,9.0087073000000011
1987-07-03,8.6199173000000009,8.7495349000000004,8.8294534999999996,8.889194100000001,8.9450021
1987-07-06,8.6373228999999991,8.8150580999999999,8.8983708999999998,8.9368771000000002,8.9677629000000003
1987-07-07,8.6842386999999999,8.8464797999999991,8.9099514000000006,8.9665248999999996,9.0341456999999998
1987-07-08,8.6662006999999992,8.870769000000001,8.9997802,9.0797655000000006,9.1365239000000003
1987-07-09,8.767437000000001,8.9948972000000005,9.1276002999999992,9.2184708000000004,9.2887521
1987-07-10,8.8059268999999993,9.0147601999999996,9.0949811,9.1274210999999994,9.1554701000000005
1987-07-13,8.8089253000000003,9.0214765999999997,9.1137458000000002,9.2054954999999996,9.3040140999999998
1987-07-14,8.8089932999999991,9.0468033000000005,9.1673706999999993,9.2452062999999995,9.3109769
1987-07-15,8.8917397999999999,9.1295403000000004,9.2323833999999998,9.3166767999999998,9.3972101000000006
1987-07-16,8.8425530999999999,9.0286815000000011,9.1339643000000006,9.2207924000000006,9.2993147999999994
1987-07-17,8.8133933999999989,9.0295956999999998,9.1203541000000001,9.1873699999999996,9.2541647000000005
1987-07-20,8.8561081000000001,9.0702408999999999,9.1439231000000003,9.2159685000000007,9.301484799999999
1987-07-21,8.9447004000000003,9.1635998999999995,9.2467018999999997,9.3455049999999993,9.4557236000000007
1987-07-23,9.0767777999999986,9.2357271000000001,9.2656787999999999,9.3380116999999991,9.4483543999999995
1987-07-24,9.1327555,9.3142988999999989,9.3715469000000002,9.4223514000000002,9.4947841999999998
1987-07-27,9.210564699999999,9.3767589000000005,9.3906493999999991,9.4530102000000014,9.5616897999999999
1987-07-28,9.3114787000000003,9.4481274000000006,9.4696429999999996,9.5022550999999993,9.5652346999999995
1987-07-29,9.4060621999999992,9.5544074000000005,9.5627171000000004,9.5515859999999986,9.5793163000000003
1987-07-30,9.4364532000000008,9.4558979999999995,9.4924760999999993,9.5378354000000005,9.5919620000000005
1987-07-31,9.3735625000000002,9.4398113000000006,9.4993090999999996,9.5671087999999997,9.6501853999999998
1987-08-04,9.4448620000000005,9.5849425999999998,9.689311,9.7913351999999989,9.9043834000000004
1987-08-05,9.3303535000000011,9.5563163000000007,9.6999882999999993,9.8027202999999989,9.8931810000000002
1987-08-06,9.3930858000000015,9.5356585999999997,9.6300726999999995,9.729399299999999,9.8391827000000003
1987-08-07,9.3943604000000001,9.5455392999999997,9.5856124999999999,9.6297007000000008,9.7136140999999991
1987-08-10,9.3574121999999988,9.5167564000000002,9.5751527000000003,9.6247333000000008,9.7071883000000003
1987-08-11,9.3486218999999995,9.5170411000000001,9.5418105000000004,9.541443300000001,9.5868300000000009
1987-08-12,9.3723359000000013,9.4777167999999996,9.4750150000000009,9.4809125999999999,9.5326187000000004
1987-08-13,9.1880082000000005,9.3216464000000006,9.3159974000000005,9.3013343000000006,9.3491061999999996
1987-08-14,9.2889225,9.3333241999999998,9.3689067999999995,9.4139777999999996,9.4836313000000008
1987-08-17,9.3117394999999998,9.3952883000000007,9.4087379000000002,9.4431819000000008,9.5173149000000006
1987-08-18,9.5865477000000006,9.7305805999999997,9.7421782999999991,9.7706713000000001,9.8514478000000008
1987-08-19,9.5999777999999996,9.8760354999999986,9.8746314999999996,9.8382773000000014,9.8653957000000005
1987-08-20,9.6556252999999987,9.8093892,9.7674988000000003,9.729049400000001,9.7544288000000012
1987-08-21,9.5225787999999998,9.7229676000000005,9.7007364999999997,9.6677604000000006,9.7156172000000005
1987-08-24,9.5220134000000005,9.7011047999999995,9.7271391000000005,9.7480575999999992,9.812089799999999
1987-08-25,9.5003014999999991,9.6782307000000003,9.6737833999999996,9.6726701999999989,9.7261553000000003
1987-08-26,9.5207803999999996,9.6878223999999999,9.7223305999999994,9.7404718999999993,9.790935300000001
1987-08-28,9.6592996000000007,9.8703727000000008,9.9710017999999998,9.9906600999999995,10.014581999999999
1987-08-31,9.6510935,9.8920698999999992,9.9703082999999992,10.006473,10.054423999999999
1987-09-01,9.7455289,9.9691203000000002,10.035235999999999,10.062079000000001,10.111765
1987-09-02,9.8269119000000007,10.124167,10.230599999999999,10.264887999999999,10.297623999999999
1987-09-03,9.7568009999999994,10.062747,10.21428,10.283299,10.33295
1987-09-04,9.7938633999999993,10.086182000000001,10.204998999999999,10.251382000000001,10.293766999999999
1987-09-08,9.9518951999999992,10.237314,10.352827000000001,10.406651999999999,10.461337
1987-09-09,9.9647135000000002,10.273087,10.409678999999999,10.465981000000001,10.506148
1987-09-10,9.9636784000000009,10.252306000000001,10.328763,10.327544,10.332578
1987-09-11,9.9397944999999996,10.145648999999999,10.198219,10.228286000000001,10.281274999999999
1987-09-14,9.8996793000000007,10.159941,10.232296999999999,10.246954000000001,10.271488
1987-09-15,10.027379,10.273127000000001,10.360569,10.37843,10.391522
1987-09-16,10.005967999999999,10.256266,10.346110999999999,10.384222999999999,10.428771000000001
1987-09-17,9.9963673000000011,10.22691,10.327666000000001,10.372741000000001,10.418039
1987-09-18,9.8375861999999987,10.087657,10.192569000000001,10.251654,10.317592000000001
1987-09-21,9.8773308000000011,10.160507000000001,10.269145,10.323416999999999,10.386280000000001
1987-09-22,9.8013241000000004,10.112957,10.188841,10.212148000000001,10.262549
1987-09-23,9.9075100999999997,10.142464,10.216512,10.253387,10.310650000000001
1987-09-24,9.8896771999999995,10.174834000000001,10.321368999999999,10.380541000000001,10.421054
1987-09-25,9.9760674999999992,10.271208,10.376346,10.393922,10.408046000000001
1987-09-29,10.082542,10.152023,10.350422,10.521286,10.633554999999999
1987-09-30,10.160961,10.401396,10.491365,10.564496,10.644413
1987-10-01,10.130635,10.355718,10.444960999999999,10.508894,10.573993
1987-10-02,10.065014,10.28689,10.382688,10.443381,10.498340000000001
1987-10-05,10.119037000000001,10.368913000000001,10.456047999999999,10.495638999999999,10.529247
1987-10-06,10.040274999999999,10.318526,10.436105,10.501968,10.553849999999999
1987-10-07,10.020486,10.284637,10.444084999999999,10.540552,10.597322999999999
1987-10-08,10.193154999999999,10.372344,10.524493,10.6335,10.702560999999999
1987-10-09,10.315659,10.53903,10.608020999999999,10.625595000000001,10.648676
1987-10-13,10.309474999999999,10.492350999999999,10.586183999999999,10.648757,10.697984
1987-10-14,10.410444,10.616809,10.71716,10.772959,10.814736
1987-10-15,10.482370000000001,10.68491,10.787604999999999,10.827116999999999,10.846493000000001
1987-10-16,10.469828,10.653255999999999,10.767652,10.825327,10.859030000000001
1987-10-19,10.377375000000001,10.605481999999999,10.760427,10.856869,10.918134
1987-10-20,9.3608512000000008,9.7380599999999991,9.8951736999999991,10.017758000000001,10.137172999999999
1987-10-21,9.1601130000000008,9.5662999000000006,9.7030101999999996,9.7544777000000007,9.8051858999999997
1987-10-22,9.1167602999999993,9.4303419000000002,9.4758776000000005,9.5113903999999998,9.5863188000000008
1987-10-23,9.0173702999999996,9.2857816999999994,9.3804984999999999,9.4290250000000011,9.4819087
1987-10-26,8.7333029,9.0565928000000007,9.1445480000000003,9.2006201000000001,9.2725574000000002
1987-10-27,8.8379931999999997,9.1538625000000007,9.2535493999999989,9.2854701999999989,9.3067431999999997
1987-10-28,8.9480281999999995,9.2480145,9.3847942,9.4597792999999992,9.5140691999999998
1987-10-29,8.8604532999999996,9.1880918000000005,9.3046766999999999,9.3753323999999996,9.4417873999999991
1987-10-30,8.7834264999999991,9.1121482,9.2206969999999995,9.2912411000000006,9.3625796000000001
1987-11-02,8.8324429000000002,9.2556291999999996,9.4451218000000008,9.5347044000000007,9.5929894999999998
1987-11-03,8.9240084,9.3020113999999996,9.4227948000000001,9.4918004000000007,9.5641351999999991
1987-11-04,8.940498400000001,9.2840866000000002,9.369958200000001,9.4202145000000002,9.4841359000000001
1987-11-05,8.9445472000000006,9.2339731999999994,9.3572336000000007,9.4454436000000008,9.5242021000000001
1987-11-06,8.9590060000000005,9.2566658999999998,9.3793954999999993,9.4703657999999997,9.5565408000000005
1987-11-09,8.9786642000000008,9.2775938,9.3860904999999999,9.4706154999999992,9.557391299999999
1987-11-10,9.0242208999999995,9.2776735000000006,9.3516663999999992,9.4223350999999997,9.5077989000000009
1987-11-12,9.0439223000000002,9.2824799000000002,9.3555256,9.4443799999999989,9.556228599999999
1987-11-13,9.1636941000000007,9.3867203999999997,9.4446016999999998,9.5152732000000011,9.6073775999999995
1987-11-16,9.2066871999999993,9.4083043000000011,9.4243998999999992,9.4840327999999996,9.5872016000000002
1987-11-17,9.1773347000000012,9.4094875999999985,9.4297167000000002,9.4708688999999993,9.5503809999999998
1987-11-18,9.1141077999999993,9.3535962000000001,9.3988086000000006,9.4607305000000004,9.5530413999999997
1987-11-19,8.9779144000000013,9.2337526000000008,9.3206939000000002,9.4020209000000001,9.4950802000000003
1987-11-20,8.9443418000000001,9.1468098999999992,9.2349204,9.3302081999999995,9.4352
1987-11-23,8.9524828999999997,9.1673947000000009,9.2674718000000009,9.3687725000000004,9.4730892000000004
1987-11-24,9.1006862000000002,9.3903297999999999,9.4897922999999995,9.5810168000000004,9.6789336000000006
1987-11-25,9.0892177000000007,9.4280103000000004,9.5680826999999997,9.7094199000000003,9.8503265000000013
1987-11-26,9.1788509999999999,9.5364729999999991,9.6391515000000005,9.738725500000001,9.8460346000000012
1987-11-27,9.2520875999999994,9.6583991999999999,9.8457614000000007,9.9960764999999991,10.125057
1987-11-30,9.1638142000000009,9.5914096999999998,9.7292027999999995,9.8274662999999993,9.9288716000000008
1987-12-01,9.2164865999999996,9.6250235000000011,9.731201200000001,9.821887199999999,9.9380715999999989
1987-12-02,9.1995334999999994,9.5724531000000006,9.6659860000000002,9.778095200000001,9.9267325
1987-12-03,9.2348857000000013,9.5120240000000003,9.5479620000000001,9.6299267999999998,9.7678824999999989
1987-12-04,9.1602207,9.4358589000000013,9.5209646999999986,9.6338676000000003,9.7782479000000002
1987-12-07,9.2510306999999994,9.5784737,9.7405348000000007,9.8627176999999993,9.9670795000000005
1987-12-08,9.2955620999999997,9.590717999999999,9.7504615000000001,9.9055575999999999,10.048921
1987-12-09,9.2412539999999996,9.5511276000000009,9.6826904999999996,9.7966759000000003,9.9086155999999992
1987-12-11,9.2955331999999995,9.5166395000000001,9.765141400000001,9.9850436000000009,10.141359
1987-12-14,9.3491034000000006,9.7035320999999986,9.8000535000000006,9.8873724999999997,9.9934298000000013
1987-12-15,9.3592060999999998,9.6335698999999995,9.6612674999999992,9.7439178999999996,9.8817988000000003
1987-12-16,9.2914972000000002,9.6079276,9.6694691000000006,9.7466638999999997,9.8555729000000003
1987-12-17,9.1307352999999996,9.6761301,9.8627441999999999,9.9483620999999989,10.013945
1987-12-18,9.3336055000000009,9.6331129000000004,9.7162664999999997,9.7974321999999994,9.8982237000000008
1987-12-21,9.3325589999999998,9.6202903000000006,9.6946756000000001,9.7650246999999997,9.8506609999999988
1987-12-22,9.3193221000000008,9.6188383000000002,9.6976267000000007,9.7664136999999993,9.8522657000000002
1987-12-23,9.2515447999999996,9.5523866000000002,9.6140930999999998,9.6908910000000006,9.7986395000000002
1987-12-24,9.2575102000000005,9.4957055999999991,9.5423989000000002,9.6380169999999996,9.7741761999999994
1987-12-29,9.2844373999999998,9.5239425000000004,9.5905998000000015,9.6829765999999999,9.8008641000000001
1987-12-30,9.2626568000000002,9.4973498000000003,9.5571245999999999,9.639466800000001,9.7481307000000008
1987-12-31,9.2906938999999991,9.5063607999999995,9.5915223999999988,9.6949771000000009,9.8119131999999993
1988-01-04,9.2232012999999995,9.4699056000000006,9.5677450999999998,9.6866229999999991,9.8207628000000007
1988-01-05,9.1378965000000001,9.3456726999999997,9.4372885000000011,9.5561153999999995,9.6886873999999992
1988-01-06,9.1281347000000004,9.4048613999999997,9.5038157000000005,9.5962095999999999,9.6972674999999988
1988-01-07,9.1136971999999989,9.3607395999999987,9.4627599,9.5724644999999988,9.691954599999999
1988-01-08,9.3429938999999997,9.3623699000000009,9.5097474999999996,9.6491706999999991,9.7569689999999998
1988-01-11,9.1126984999999987,9.3812564999999992,9.4958431999999995,9.5958003000000005,9.6956445999999996
1988-01-12,9.0827165000000001,9.3454376000000003,9.4719388999999996,9.589433699999999,9.7046421999999986
1988-01-13,9.1272297000000009,9.3759575000000002,9.4688777000000002,9.5802998000000006,9.7078254000000008
1988-01-14,9.1372031000000007,9.3810621999999988,9.4799095999999992,9.576949299999999,9.6833846000000001
1988-01-15,8.9759419999999999,9.1799806000000004,9.2284647999999994,9.2898455999999996,9.3826257000000002
1988-01-18,8.8452365000000004,9.0837450999999998,9.1570862000000002,9.2174800000000001,9.2976667000000006
1988-01-19,8.8292850999999999,9.0998468999999993,9.2031168000000001,9.2923516999999993,9.3869638000000002
1988-01-20,8.8464337999999998,9.1208898000000005,9.208343600000001,9.2825658000000004,9.3682910999999987
1988-01-21,8.8142646000000013,9.0755818999999995,9.1793396000000005,9.2538003999999994,9.3345228000000002
1988-01-22,8.7419173000000008,9.0126557999999992,9.1184770000000004,9.1599801999999997,9.1922207
1988-01-25,8.6829018999999992,8.8927700000000005,8.947887699999999,8.9655389000000003,9.0020366000000003
1988-01-26,8.792857399999999,8.9850836000000012,9.0682380000000009,9.1211895999999992,9.1755140999999991
1988-01-27,8.6399874000000008,8.8574157000000007,8.8720020999999996,8.8260959000000003,8.8277053999999993
1988-01-28,8.6524032000000002,8.6650811000000001,8.7560140999999998,8.8517731000000008,8.9422100000000011
1988-01-29,8.5517010000000013,8.7564221999999994,8.7891148000000001,8.7935048000000009,8.8321913999999992
1988-02-01,8.5252079999999992,8.7493619999999996,8.809899699999999,8.8301812000000002,8.8698292999999993
1988-02-02,8.5689285999999996,8.7740214999999999,8.8223728999999995,8.8375427000000002,8.8735074999999988
1988-02-03,8.5969487999999998,8.8151492000000005,8.9077670999999992,8.9537008,8.9985490000000006
1988-02-04,8.5546729999999993,8.7342216999999991,8.8237862000000007,8.8782546,8.9373664000000002
1988-02-05,8.4695809000000004,8.6201202000000006,8.6617054000000007,8.6937812000000001,8.7541817999999996
1988-02-08,8.4155253000000005,8.6088471000000002,8.6821225000000002,8.7561085999999992,8.8590722999999993
1988-02-09,8.4006603999999996,8.5818868000000013,8.6595645999999995,8.7292527,8.8199411000000012
1988-02-10,8.3245915000000004,8.5435388000000003,8.6552437999999992,8.7088838000000006,8.7576071000000013
1988-02-11,8.4370045000000005,8.5679326000000007,8.6225426999999986,8.6915832999999996,8.7888902000000009
1988-02-12,8.4661846000000001,8.6196215000000009,8.7474646000000007,8.8344357999999996,8.9111562000000006
1988-02-15,8.6564836000000014,8.7783797999999997,8.8585236999999992,8.9368583000000008,9.0247275000000009
1988-02-16,8.6732282999999999,8.829785900000001,8.8818386999999994,8.9275082000000001,8.9977087999999998
1988-02-17,8.6552122999999987,8.7908820999999993,8.8384975000000008,8.8813437999999998,8.9473286999999999
1988-02-18,8.625805999999999,8.7168554999999994,8.7579472999999997,8.8099454000000001,8.890979699999999
1988-02-19,8.6226918999999995,8.6851113999999985,8.7125343999999991,8.7677125,8.8577738000000004
1988-02-22,8.5790342000000006,8.6920503,8.752040899999999,8.8106532000000009,8.8863879000000008
1988-02-23,8.5353196000000011,8.6353606999999997,8.6844344000000007,8.726783600000001,8.7921498000000007
1988-02-24,8.5224585000000008,8.6241304999999997,8.6573522999999994,8.6844736999999999,8.7397042000000003
1988-02-25,8.6046098000000004,8.6060473000000002,8.5545833000000009,8.5514954999999997,8.6140578999999988
1988-02-26,8.5695882000000001,8.6398615000000003,8.683225199999999,8.7379169000000001,8.820457900000001
1988-02-29,8.5181831999999993,8.6161337000000007,8.6624490999999999,8.7233574999999988,8.81419
1988-03-01,8.5416620999999999,8.6495153000000009,8.7057161999999995,8.7583988999999995,8.8293733000000003
1988-03-02,8.5604230999999995,8.6462549000000006,8.7004671000000009,8.7453699,8.8065914000000003
1988-03-03,8.5014821999999999,8.6027661000000002,8.6504117000000011,8.6979001,8.7715139000000004
1988-03-04,8.6067843000000011,8.7203130000000009,8.7574775000000002,8.8345515999999993,8.9514601000000003
1988-03-07,8.5924186999999996,8.7277643000000005,8.7786218999999992,8.8693480000000005,8.9964984000000001
1988-03-08,8.6137273000000008,8.7692823999999998,8.8775411999999996,8.9940961999999995,9.1143772999999992
1988-03-09,8.5838724000000006,8.7060628999999992,8.7886299999999995,8.9049776999999999,9.0426511000000005
1988-03-10,8.6798833000000002,8.7169830000000008,8.7632858000000002,8.9271823000000001,9.1146072
1988-03-11,8.6063475999999994,8.6640226000000009,8.7334729000000006,8.8561119999999995,9.0050703999999993
1988-03-14,8.5767348999999999,8.6657808999999997,8.7165071999999988,8.8016363999999996,8.921296700000001
1988-03-15,8.5638836999999999,8.6610264000000008,8.7063670000000002,8.7984690000000008,8.9326749000000003
1988-03-16,8.6597387000000001,8.7247100999999994,8.8092463999999993,8.9427403999999999,9.0953373000000006
1988-03-17,8.634633899999999,8.6489588000000008,8.7572174999999994,8.8911655000000014,9.0212581000000007
1988-03-18,8.6656387000000006,8.6893940000000001,8.8191506000000004,8.9602734000000002,9.0850425000000001
1988-03-21,8.7023168999999996,8.7639763999999989,8.8445245000000003,8.9728244000000004,9.1205935
1988-03-22,8.7182539000000006,8.7480829999999994,8.806257200000001,8.936350899999999,9.0975318000000005
1988-03-23,8.6500771000000007,8.6991256000000003,8.7715829999999997,8.8869033000000002,9.0222111999999992
1988-03-24,8.7189814000000005,8.726711700000001,8.7700253000000004,8.8763608999999999,9.0157582000000005
1988-03-25,8.6655729000000008,8.6911806999999985,8.7539496999999997,8.8716089,9.0166475999999989
1988-03-28,8.6250459999999993,8.7145458999999992,8.8044288000000002,8.950246700000001,9.1212742000000002
1988-03-29,8.6922122000000002,8.7512021000000004,8.8328492999999995,8.9785473000000007,9.1478857999999992
1988-03-30,8.7333841999999997,8.7763048000000001,8.8699843999999999,9.0350561000000003,9.2195999999999998
1988-03-31,8.7527156000000002,8.7905984999999998,8.8778734999999998,9.025300399999999,9.1912134000000005
1988-04-04,8.796256099999999,8.8712385000000005,8.9636218999999997,9.1120892999999992,9.2777829000000001
1988-04-06,8.7931058000000011,8.8540401000000006,8.9171455999999996,9.0423624,9.1931952999999993
1988-04-13,8.9004627999999997,8.9196805999999995,8.924816100000001,9.012046999999999,9.1434484000000005
1988-04-20,9.0460912000000011,9.1005613000000007,9.1892133999999999,9.3319785,9.4837835999999989
1988-04-27,9.0566168999999999,9.1111350999999985,9.1820546000000007,9.3162678999999997,9.4705139000000003
1988-04-29,9.1154104,9.138259399999999,9.2064202999999996,9.3527072000000011,9.5198140000000002
1988-05-02,9.1488879999999995,9.1940077000000002,9.2493123999999991,9.390296600000001,9.562720800000001
1988-05-03,9.0522881000000002,9.1026581999999987,9.1730899000000008,9.3325279000000005,9.5214166999999996
1988-05-04,9.0695645999999996,9.1156977999999995,9.1821573000000001,9.3283474999999996,9.5049502999999991
1988-05-05,9.0717610999999998,9.1252390000000005,9.2319770999999999,9.3809262000000011,9.5339118999999997
1988-05-06,9.1856969999999993,9.2390620000000006,9.3069229,9.4267871999999997,9.5675880000000006
1988-05-09,9.1859283000000005,9.272121499999999,9.3339290000000013,9.4406949000000004,9.5720507000000001
1988-05-10,9.1599649000000003,9.2557132000000006,9.3197399999999995,9.4359369999999991,9.5820338000000014
1988-05-11,9.1692552000000003,9.2440559000000011,9.3262774999999998,9.4652695999999992,9.6232661999999998
1988-05-12,9.1888021999999996,9.2508406999999995,9.3189598999999994,9.4399023999999994,9.584102399999999
1988-05-13,9.2175086999999998,9.2556218000000001,9.3019694000000008,9.4159926000000009,9.5592196000000005
1988-05-16,9.1220496999999998,9.2447172999999996,9.3158720000000006,9.4345502000000003,9.5794273000000008
1988-05-17,9.180704200000001,9.2780894000000007,9.3587582000000005,9.5028231000000005,9.6714125000000006
1988-05-20,9.2803597,9.3105927000000008,9.3539583000000004,9.5000526999999995,9.6516210999999998
1988-05-24,9.2805266999999994,9.3747893999999992,9.3951989999999999,9.4840669999999996,9.5951367999999988
1988-05-25,9.224939599999999,9.2661578999999996,9.2823388000000016,9.400317900000001,9.5471937000000011
1988-05-26,9.230364100000001,9.2877577000000002,9.3373612999999995,9.4179198,9.5169277999999995
1988-05-30,9.2654747999999998,9.2894632000000001,9.3261464000000007,9.4179006999999988,9.534899600000001
1988-05-31,9.2820424999999993,9.2649480999999998,9.3171458999999999,9.4163361000000005,9.5252973000000001
1988-06-01,9.3077857999999996,9.2733007000000001,9.3207977999999994,9.4096089999999997,9.5025738999999998
1988-06-02,9.2692484000000004,9.2274124000000004,9.4315282000000007,9.5905781999999995,9.6632928000000007
1988-06-03,9.4644683000000001,9.4414122999999996,9.4535046999999999,9.5006139000000012,9.5616795999999997
1988-06-07,9.493800199999999,9.4134962000000009,9.4716690999999997,9.5994377000000011,9.7188526999999993
1988-06-08,9.4097922999999994,9.3931424000000003,9.438656700000001,9.5281590000000005,9.6196463999999988
1988-06-09,9.4185292,9.3614370999999998,9.4251015000000002,9.5334497000000002,9.6304859
1988-06-10,9.3626742000000007,9.3500095000000005,9.402469,9.4369313999999989,9.4726967000000002
1988-06-13,9.3629306000000003,9.279187799999999,9.3761488000000011,9.506394199999999,9.6074469999999987
1988-06-15,9.1942715999999987,9.1833267000000003,9.2754708000000008,9.3679696999999997,9.435103100000001
1988-06-16,9.2436684000000007,9.199136300000001,9.3243624999999994,9.4491398000000011,9.5327221000000009
1988-06-17,9.3803228000000001,9.3004151999999998,9.3940108999999996,9.5150313999999998,9.6141538999999998
1988-06-20,9.3463685000000005,9.2970185999999995,9.3966331000000007,9.5166366999999994,9.612028200000001
1988-06-21,9.3484122999999997,9.3029975,9.378109499999999,9.4939382000000005,9.6034533
1988-06-22,9.2223869000000001,9.2140047000000003,9.2476050000000001,9.3145889999999998,9.3974340999999999
1988-06-23,9.2560282999999988,9.1925830000000008,9.2469450999999996,9.3304304000000009,9.4096903999999988
1988-06-24,9.2434341999999994,9.2259066999999995,9.2911533000000013,9.3644078999999998,9.4273568000000001
1988-06-27,9.2774947999999995,9.2175235999999998,9.2898500999999989,9.3957976999999993,9.4882814999999994
1988-06-28,9.2716588000000009,9.2126119000000006,9.2679353000000013,9.3454016000000006,9.4158506000000006
1988-06-29,9.3031943000000012,9.2464545999999999,9.2917924999999997,9.3704678000000001,9.451193
1988-06-30,9.2903079999999996,9.2330344999999987,9.2809030999999997,9.3532506000000009,9.4256305999999999
1988-07-04,9.2540391,9.2289275000000011,9.2935903,9.3739052000000012,9.4491364999999998
1988-07-05,9.2943464999999996,9.2410764000000007,9.3022612999999996,9.3907447000000008,9.4729203999999996
1988-07-06,9.3186517000000002,9.2658782999999989,9.362139599999999,9.4774352999999998,9.5727596999999989
1988-07-08,9.4619829000000006,9.3655231000000008,9.4381472999999989,9.5431902999999991,9.6331133999999992
1988-07-11,9.446678799999999,9.403547099999999,9.4550152999999995,9.5373760999999995,9.6188476999999999
1988-07-12,9.4645209999999995,9.4509559000000003,9.5120655000000003,9.5999578000000003,9.6839931000000004
1988-07-13,9.5057297999999992,9.4967492,9.5593921000000002,9.6460583,9.7255695000000006
1988-07-14,9.4944971000000002,9.4831266999999997,9.5658992000000005,9.6525587999999996,9.7146623999999999
1988-07-15,9.5140542999999997,9.4841517999999994,9.5645768000000011,9.652253700000001,9.7137422000000004
1988-07-18,9.5353223000000007,9.5102492999999999,9.5845362999999999,9.6850658000000003,9.7669346000000008
1988-07-19,9.4507402999999996,9.5049542000000002,9.6144901000000011,9.7111121999999988,9.7748314000000001
1988-07-20,9.4632889000000002,9.4893561000000002,9.5684381999999992,9.6608830000000001,9.737503499999999
1988-07-21,9.4636180999999997,9.4455824999999987,9.5332273999999995,9.6369899999999991,9.7200810999999998
1988-07-22,9.4272975999999993,9.408233000000001,9.5230195999999996,9.6435326999999997,9.7293091
1988-07-25,9.4172016999999997,9.4082173999999998,9.5252137999999995,9.6407562999999996,9.719982400000001
1988-07-26,9.4664567000000002,9.4172868000000012,9.5266333999999997,9.6557685000000006,9.7533358000000003
1988-07-27,9.4668492000000004,9.4460083000000008,9.5627917,9.6941754000000007,9.7908348000000007
1988-07-28,9.5219199999999997,9.4713447000000013,9.5869543999999998,9.7178319000000002,9.8107523000000008
1988-07-29,9.5184683000000003,9.4361812999999994,9.5587652999999992,9.6975462999999991,9.7917483999999995
1988-08-02,9.4532106000000002,9.4071233999999997,9.4899577999999991,9.5952835000000007,9.6782330000000005
1988-08-03,9.462421599999999,9.4392428000000006,9.5295510999999991,9.6251233999999997,9.6927372999999992
1988-08-04,9.4833517000000001,9.4261681999999993,9.5114745999999997,9.6151726000000011,9.6907657
1988-08-05,9.5979618999999996,9.5073276,9.5851544000000004,9.6919763000000003,9.7731190999999988
1988-08-08,9.5930888999999997,9.5550701999999994,9.6543612999999997,9.7669263000000015,9.8450267
1988-08-09,9.6493774999999999,9.6653825999999992,9.7528755999999994,9.8554683999999995,9.9361011999999995
1988-08-10,9.8652346000000009,9.8988845000000012,9.9712454000000008,10.055154,10.122358
1988-08-11,9.8743368,9.8606365,9.9427081000000008,10.03009,10.088485
1988-08-12,9.8701801000000007,9.8512521,9.9378676000000006,10.036683,10.106577999999999
1988-08-15,9.8968122000000012,9.9286084999999993,9.9965410000000006,10.076400000000001,10.142093000000001
1988-08-16,9.9082354000000006,9.9351643000000003,10.003194000000001,10.088208999999999,10.167185
1988-08-17,9.8810901000000015,9.9334288000000015,9.9865355999999998,10.066247000000001,10.150998
1988-08-18,9.9302067999999988,9.9546968000000007,10.016674999999999,10.093802,10.175032999999999
1988-08-19,9.9450132,10.000520999999999,10.066161999999998,10.123184999999999,10.175505999999999
1988-08-22,9.9897147999999998,10.019878,10.055434999999999,10.107501000000001,10.169667
1988-08-23,10.013102,10.029667,10.058612999999999,10.091785,10.1274
1988-08-24,9.9927017000000014,9.9822103000000002,10.030583,10.077000999999999,10.114511
1988-08-25,10.155032,10.149168,10.161670000000001,10.179857999999999,10.209377999999999
1988-08-26,10.15333,10.153426,10.163373999999999,10.181804999999999,10.211939000000001
1988-08-30,10.198733000000001,9.9967635000000001,9.9772745,10.030268000000001,10.104398
1988-08-31,10.159443,10.148812,10.124266,10.106959,10.119450000000001
1988-09-01,10.141885,10.119532000000001,10.115086,10.105727,10.114898
1988-09-02,10.050839999999999,9.9251424999999998,9.8668449999999996,9.8463601999999995,9.8651820000000008
1988-09-06,9.8983693000000006,9.799972799999999,9.7975250000000003,9.8026371999999995,9.8217878999999986
1988-09-07,9.8854081999999988,9.7867680000000004,9.814667,9.8547181999999989,9.8990635999999999
1988-09-08,9.9921630999999991,9.826864200000001,9.8453721999999999,9.8863038999999997,9.9251433000000002
1988-09-09,10.070218000000001,9.9399396000000007,9.9164794999999994,9.9171958,9.9337654999999998
1988-09-12,10.032870000000001,9.8721855999999999,9.8318362000000015,9.8690482999999993,9.920693
1988-09-13,10.032239000000001,9.8737627999999997,9.8386777999999993,9.8273773999999996,9.8370549999999994
1988-09-14,10.012761000000001,9.8586519999999993,9.8242411000000001,9.7984188000000003,9.7960079000000011
1988-09-15,10.056124000000001,9.886000000000001,9.8520043000000008,9.8382247000000014,9.8435249999999996
1988-09-16,10.104552999999999,9.8876446000000016,9.8250976000000012,9.8093655999999996,9.8253176
1988-09-19,10.046429,9.8751695000000002,9.8443289000000007,9.8347656000000008,9.8425872000000005
1988-09-20,10.050825,9.856202699999999,9.8082390999999998,9.8084734000000005,9.8364050999999986
1988-09-21,10.001171000000001,9.819692100000001,9.7899012999999986,9.7660490000000006,9.7556544999999986
1988-09-22,10.021520000000001,9.8008913,9.7485768999999998,9.7309271000000006,9.7417940999999999
1988-09-23,10.00131,9.7538572000000006,9.7504005000000014,9.7915560999999993,9.8401683999999996
1988-09-26,10.02875,9.8205162999999995,9.8126010000000008,9.8351222000000007,9.8698463000000007
1988-09-27,10.088933000000001,9.8893193000000004,9.8504299,9.8625219000000008,9.8988119999999995
1988-09-28,10.068111,9.9104150999999998,9.8716574999999995,9.8840845999999996,9.9200131999999996
1988-09-29,10.065034000000001,9.8410019999999996,9.783768499999999,9.7863153000000001,9.8130582999999998
1988-09-30,10.046742999999999,9.7618594999999999,9.7194488000000003,9.7440640999999992,9.7769841
1988-10-03,9.9865407000000008,9.7507097999999992,9.7099314999999997,9.7249245999999996,9.7494472000000005
1988-10-04,9.9714609999999997,9.7537956999999995,9.7107770999999996,9.72438,9.7499475000000011
1988-10-05,9.9875952000000012,9.7521478999999989,9.6991794000000002,9.7097005000000003,9.7357113000000002
1988-10-06,10.010771999999999,9.7585543999999995,9.7123396,9.7163386000000003,9.7274759
1988-10-07,9.9436408000000007,9.5907754999999995,9.546339399999999,9.5470109000000001,9.5371048999999992
1988-10-11,9.9349287999999998,9.6148451999999995,9.5343647000000011,9.5451803999999996,9.5856899000000002
1988-10-12,9.9422493999999997,9.6566882000000014,9.6050582000000002,9.6256313000000002,9.660585600000001
1988-10-13,9.95946,9.6463317000000011,9.5590645999999992,9.5664647000000009,9.6087969999999991
1988-10-14,9.9236864999999987,9.6135815999999998,9.5152719000000001,9.5211164999999998,9.5701301999999995
1988-10-17,9.8147546000000006,9.5577442000000001,9.4919506000000009,9.4991687000000002,9.5291069000000004
1988-10-18,9.7612591000000002,9.5147454000000007,9.4841466000000008,9.5089644999999994,9.5399270999999999
1988-10-19,9.7737166999999996,9.4792063999999989,9.4598160999999994,9.5130373000000006,9.5701500999999993
1988-10-20,9.7078872999999994,9.4147718000000005,9.429371999999999,9.4840596999999995,9.5232656000000002
1988-10-21,9.7798777999999995,9.4862470999999999,9.4626531000000007,9.5022764999999989,9.5464918000000001
1988-10-24,9.7490739000000008,9.4520461999999998,9.4537794999999996,9.5000256000000007,9.5334773999999989
1988-10-25,9.7461515999999992,9.4830883999999998,9.4943290000000005,9.5332819999999998,9.5528558999999991
1988-10-26,9.7712183999999986,9.4904376999999993,9.462741900000001,9.5025264000000007,9.5488101000000007
1988-10-27,9.7184176999999998,9.4305420000000009,9.3258138000000006,9.2975323999999997,9.3419679000000002
1988-10-28,9.7752847999999997,9.3831287000000003,9.3575645000000005,9.4069201000000007,9.4503135
1988-10-31,9.8635769999999994,9.5350736999999999,9.4725088,9.4655456999999998,9.4689503999999989
1988-11-01,9.9881165999999997,9.7237624999999994,9.6372283999999997,9.5916650000000008,9.5696399999999997
1988-11-02,10.016045,9.7454567000000001,9.6800300000000004,9.6655405999999999,9.6649831000000006
1988-11-03,9.9540026000000008,9.6249283999999999,9.5639099999999999,9.5407563,9.5177560999999997
1988-11-04,10.083902999999999,9.700338799999999,9.6290887000000005,9.6307928,9.6339716000000006
1988-11-07,10.285220000000001,9.9668188999999998,9.9094376999999998,9.9026940999999997,9.8929333999999987
1988-11-08,10.291712,9.9884312000000008,9.9158463000000001,9.8823778999999998,9.8500709999999998
1988-11-09,10.284927000000001,9.965405800000001,9.8799989000000004,9.8738602999999987,9.8827148000000005
1988-11-14,10.276879999999998,9.9952602000000006,9.9151170000000004,9.9024171999999986,9.9063429000000003
1988-11-15,10.306512,10.007974000000001,9.8974393999999997,9.870117500000001,9.8745703000000002
1988-11-16,10.337399,10.040920999999999,9.9631506999999999,9.957741200000001,9.9666820000000005
1988-11-17,10.453006999999999,10.143354,10.025221999999999,9.9855171000000009,9.9749543999999997
1988-11-18,10.371067999999999,10.043013999999999,9.9538466999999997,9.9326334999999997,9.9230163999999998
1988-11-21,10.232956999999999,9.9441793000000001,9.8299195000000008,9.7761759000000001,9.7478628999999994
1988-11-23,10.369596,10.053728000000001,9.9372954,9.8986563000000007,9.8847674999999988
1988-11-24,10.357199999999999,10.022955999999999,9.9317163999999991,9.904657799999999,9.8886023999999999
1988-11-25,10.453192,10.095345999999999,9.9891147,9.9613243000000011,9.953566799999999
1988-11-30,10.363991,10.049782,9.9407533000000008,9.9208280999999996,9.9190072000000011
1988-12-01,10.379903000000001,10.027289,9.9136275999999999,9.8713420000000003,9.842936700000001
1988-12-02,10.544684,10.183569,10.104946,10.098980000000001,10.082153
1988-12-05,10.459949,10.146319,10.041919999999999,10.002002000000001,9.9687244999999987
1988-12-06,10.387762,10.064041,9.9318354000000006,9.8716162000000001,9.8334206000000002
1988-12-07,10.393296000000001,10.072573999999999,9.9686815000000006,9.9112115999999997,9.8514888999999997
1988-12-08,10.506833,10.138598999999999,10.011823999999999,9.9614086000000004,9.9198138
1988-12-09,10.495383,10.163152,10.047058,10.001806999999999,9.9633073999999997
1988-12-13,10.619707999999999,10.347012999999999,10.222468999999998,10.154608,10.098184999999999
1988-12-14,10.670717,10.468685000000001,10.328249,10.255464,10.217895
1988-12-15,10.698240999999999,10.453871000000001,10.316602,10.23128,10.172527000000001
1988-12-16,10.64354,10.389206,10.247162999999999,10.168614,10.129151999999999
1988-12-19,10.569546000000001,10.306156,10.182373,10.131387,10.103028999999999
1988-12-20,10.571318999999999,10.290141,10.153272000000001,10.08886,10.043576999999999
1988-12-21,10.589978,10.271806999999999,10.103908000000001,10.046375000000001,10.02515
1988-12-22,10.566796999999999,10.253228999999999,10.092106000000001,10.02154,9.995422099999999
1988-12-23,10.585637,10.219517999999999,10.047681000000001,9.9845043999999987,9.9579109999999993
1988-12-28,10.611411,10.270313,10.121479000000001,10.076497,10.06052
1988-12-29,10.581315,10.275708999999999,10.117608000000001,10.07169,10.081595999999999
1988-12-30,10.630784,10.272497999999999,10.135821999999999,10.098574000000001,10.083333
1989-01-03,10.613448,10.315517999999999,10.192446,10.160631,10.148712
1989-01-04,10.627132,10.327918,10.173521000000001,10.133357,10.141045999999999
1989-01-05,10.680296,10.368143999999999,10.22132,10.179133999999999,10.185584
1989-01-06,10.766950999999999,10.407437999999999,10.236442,10.168029000000001,10.160667
1989-01-09,10.711658,10.428915,10.268886,10.209947,10.204373
1989-01-10,10.755466,10.447248999999999,10.292532,10.230089000000001,10.205793
1989-01-11,10.743109,10.442614000000001,10.285005999999999,10.216987,10.185967999999999
1989-01-12,10.726241,10.378674,10.236146,10.177994,10.139633
1989-01-13,10.695226,10.333624,10.158602,10.053471,9.9879003999999991
1989-01-16,10.676222000000001,10.290797999999999,10.089701,9.9999184000000003,9.9555624999999992
1989-01-17,10.897592,10.336544,10.109677,10.031561999999999,9.9931100999999991
1989-01-18,10.608534000000001,10.23638,10.071019,9.9915311000000013,9.9330486999999987
1989-01-19,10.572581,10.186288000000001,10.022815999999999,9.9470026000000011,9.9105188999999996
1989-01-20,10.583829999999999,10.227729,10.071785,9.9885884999999988,9.9384324999999993
1989-01-23,10.629244,10.240019,10.060644,9.9828412000000011,9.9393717000000006
1989-01-24,10.604488,10.173486,9.9708690999999998,9.9065988999999988,9.8827355000000008
1989-01-25,10.588939999999999,10.20101,10.026561000000001,9.9600174999999993,9.9276928000000009
1989-01-26,10.711964999999999,10.252815999999999,10.045185,9.9749046999999997,9.9501598999999992
1989-01-30,10.729986,10.266667,10.031059000000001,9.9616265999999989,9.9522157
1989-01-31,10.677282999999999,10.299257000000001,10.088109000000001,10.004955000000001,9.9681639000000004
1989-02-01,10.700576999999999,10.32422,10.083815999999999,9.9874776000000001,9.9568689999999993
1989-02-02,10.741108000000001,10.292365999999999,10.058607,9.9667589000000003,9.9374847000000006
1989-02-03,10.775554,10.334654,10.105831999999999,10.004344,9.9534175000000005
1989-02-06,10.827401,10.403964999999999,10.128742000000001,10.010987999999999,9.9693573999999998
1989-02-07,10.796496999999999,10.386354000000001,10.110270999999999,9.9729534999999991,9.919482799999999
1989-02-08,10.822087,10.29496,10.018917,9.9367634000000002,9.9257708000000004
1989-02-09,10.893196,10.404334,10.154992,10.065150000000001,10.029528000000001
1989-02-10,10.977814,10.550813,10.277796,10.151864,10.101989
1989-02-13,11.032722,10.637446000000001,10.3264,10.17267,10.116744000000001
1989-02-14,11.066707000000001,10.704384000000001,10.390245,10.215297,10.143315999999999
1989-02-15,11.074101000000001,10.691884,10.376173,10.206102,10.136509
1989-02-16,11.107285000000001,10.690073,10.408726,10.269678000000001,10.203177999999999
1989-02-17,11.108537999999999,10.720291999999999,10.440154,10.278197,10.192366
1989-02-20,11.085709000000001,10.728824000000001,10.449074,10.290143,10.212783999999999
1989-02-21,11.136704,10.815082,10.525076,10.3429,10.24248
1989-02-22,11.274820999999999,10.984496999999999,10.705135,10.519535000000001,10.401671
1989-02-23,11.429778000000001,11.119503999999999,10.838523,10.63921,10.505896
1989-03-31,11.632365,11.094874000000001,10.788812,10.616101,10.488621999999999
1989-04-03,11.409943999999999,10.873265999999999,10.616375,10.486996,10.387722
1989-04-04,11.30879,10.797414,10.560884,10.444501000000001,10.353655
1989-04-05,11.393271,10.898752999999999,10.632749,10.488659,10.386032
1989-04-06,11.534242000000001,11.029498,10.729972999999999,10.558951,10.442305000000001
1989-04-07,11.583318,11.065402000000001,10.760198000000001,10.580195,10.451912999999999
1989-04-10,11.564251000000001,11.057044000000001,10.745259000000001,10.567643,10.448236
1989-04-11,11.570737000000001,11.052152,10.737589999999999,10.556846999999999,10.434111999999999
1989-04-12,11.534253999999999,11.065089,10.744457000000001,10.557558999999999,10.439197999999999
1989-04-13,11.701286,11.061221999999999,10.721491,10.550711999999999,10.446192999999999
1989-04-14,11.4871,10.786023,10.462788,10.326064000000001,10.252780999999999
1989-04-17,11.493577999999999,10.882405,10.594286,10.458330999999999,10.369971999999999
1989-04-18,11.187415000000001,10.411769,10.163629,10.113466000000001,10.095018
1989-04-19,11.162030000000001,10.39335,10.122956,10.058967000000001,10.042700999999999
1989-04-20,11.444791,10.692245999999999,10.380902000000001,10.269921,10.219867000000001
1989-04-21,11.298655,10.529176,10.220072,10.113661,10.066941
1989-04-24,11.285769,10.575583,10.265344000000001,10.145681,10.087856
1989-04-25,11.210778000000001,10.535124999999999,10.230442,10.108636000000001,10.050803
1989-04-26,11.281500999999999,10.506615,10.073741999999999,9.9335854999999995,9.9273150000000001
1989-04-27,11.029162000000001,10.185311,10.036973,10.027228000000001,9.9944442000000002
1989-04-28,11.092200999999999,10.385361999999999,10.133583,10.014436999999999,9.9307247000000007
1989-05-01,11.135377999999999,10.450138000000001,10.173732000000001,10.056532000000001,9.9855564999999995
1989-05-02,11.091998999999999,10.395226000000001,10.110785999999999,9.9850487999999995,9.9070617999999993
1989-05-03,11.10411,10.399772,10.107747999999999,9.9918892999999986,9.933189500000001
1989-05-04,11.102848999999999,10.306889,10.002698000000001,9.8982448999999999,9.8525567999999986
1989-05-05,10.989331,10.168143000000001,9.8480885000000011,9.7392870000000009,9.7011345999999996
1989-05-08,11.038681,10.258021000000001,9.9199014999999999,9.802415700000001,9.7702057
1989-05-09,11.17788,10.512274000000001,10.178668999999999,10.033275999999999,9.9704759999999997
1989-05-10,11.208159999999999,10.518549,10.192714,10.055524999999999,9.9918741000000004
1989-05-11,11.097318000000001,10.337358999999999,10.034711,9.9199566000000008,9.8511680000000013
1989-05-12,10.698494999999999,9.9391721000000004,9.6793963999999999,9.5821646999999999,9.5229343999999987
1989-05-15,10.813830000000001,10.09459,9.8399648000000006,9.7584103000000013,9.6984755000000007
1989-05-17,10.933022000000001,10.237350000000001,9.9217795999999989,9.7866600999999989,9.6945004000000008
1989-05-19,10.860074000000001,10.209766999999999,9.8828797999999995,9.7152151,9.6150476000000005
1989-05-23,10.829426999999999,10.200353,9.9061038000000003,9.7541307999999987,9.6389037999999996
1989-05-24,10.936906,10.379335000000001,10.098853999999999,9.9168021999999993,9.7610691999999997
1989-05-25,11.059060000000001,10.428312,10.121484000000001,9.9177175000000002,9.7420822999999999
1989-05-26,10.896540999999999,10.207289999999999,9.9120806000000012,9.7373615999999998,9.5928217
1989-05-30,10.788143999999999,10.214972999999999,9.9220115,9.7378681,9.6127415999999997
1989-05-31,10.745952000000001,10.12663,9.8405892000000001,9.6733416999999999,9.5588715999999998
1989-06-01,10.685620999999999,9.9215701999999997,9.7423169999999999,9.6772644000000003,9.6016973000000014
1989-06-02,10.548799000000001,9.791499,9.5314862999999992,9.4359301000000002,9.3769609999999997
1989-06-05,10.390841,9.6721875999999991,9.4354808999999999,9.3330283999999999,9.2692528000000003
1989-06-06,10.479525000000001,9.7766216999999997,9.5174848000000001,9.3888797000000004,9.3057503999999991
1989-06-07,10.402894,9.688486000000001,9.4236460999999991,9.2907395000000008,9.2018604000000011
1989-06-08,10.403009000000001,9.6784520999999994,9.3855497000000003,9.2584842999999992,9.1864954000000001
1989-06-09,10.338169000000001,9.6174760999999993,9.3057925000000008,9.1645486999999992,9.0895895000000007
1989-06-12,10.292482,9.7140437999999989,9.4225911999999994,9.17821,9.0287906000000007
1989-06-14,10.487941000000001,9.7687466999999994,9.4230786000000002,9.2559904,9.1667391000000009
1989-06-15,10.672913000000001,9.9636303999999996,9.6151862000000001,9.4259094000000001,9.3059902000000001
1989-06-20,10.741897999999999,10.01998,9.6724146999999991,9.4971528999999997,9.389733699999999
1989-06-21,10.792007,10.12721,9.7920405000000006,9.612348299999999,9.4946649999999995
1989-06-22,10.806087999999999,10.075728,9.7400326999999987,9.5740902999999999,9.4681215999999999
1989-06-23,10.598992000000001,9.8397357000000003,9.5502311000000013,9.4205681000000006,9.3313456000000006
1989-06-27,10.374542,9.5843202000000005,9.3092699999999997,9.2095713000000003,9.1524254000000003
1989-06-28,10.47494,9.6959068999999989,9.3871731999999994,9.2645406000000001,9.2006437000000005
1989-06-29,10.446958,9.6329515000000008,9.3643544999999992,9.2691552000000001,9.2091954999999999
1989-06-30,10.371676000000001,9.524825100000001,9.2950603000000012,9.2282127999999997,9.1743268000000011
1989-07-04,10.336399,9.5368210999999992,9.3043501000000006,9.2352937999999991,9.1856523999999986
1989-07-05,10.332394000000001,9.550082999999999,9.3445730000000005,9.2915279000000002,9.2445903999999999
1989-07-06,10.288946000000001,9.4886421999999992,9.2697248999999999,9.2212064999999992,9.1917199000000007
1989-07-07,10.266536,9.5262826999999994,9.3274293999999998,9.2704570999999998,9.2221697000000002
1989-07-10,10.253902,9.5178425000000004,9.3073557000000005,9.2478306999999997,9.2037267000000007
1989-07-11,10.240587,9.4559040999999997,9.2446070999999996,9.1981660999999999,9.1675340999999992
1989-07-12,10.204607000000001,9.4246601000000005,9.2194289000000005,9.1736272999999997,9.1420380999999988
1989-07-13,10.199622,9.3980324,9.2154855999999992,9.1849932999999986,9.1556190999999991
1989-07-14,10.211489,9.4085289999999997,9.2193293999999995,9.1910926000000011,9.1696933999999999
1989-07-17,10.368218000000001,9.5540404999999993,9.2996321000000002,9.2421349999999993,9.2231371000000006
1989-07-18,10.47485,9.6848983000000004,9.4131090999999998,9.3425329999999995,9.3160021999999998
1989-07-19,10.47762,9.6168785999999997,9.3105034999999994,9.2298162999999995,9.2088018999999992
1989-07-20,10.448929,9.562150299999999,9.2732851000000007,9.2040545999999992,9.1848410999999999
1989-07-21,10.466127999999999,9.6250054000000009,9.3363183999999997,9.2456747999999997,9.2031027999999999
1989-07-24,10.389778,9.5396894000000003,9.2667864000000009,9.2218047999999992,9.2237419999999997
1989-07-25,10.38392,9.5001202000000013,9.2304019999999998,9.1761353999999997,9.1625729000000007
1989-07-26,10.382615000000001,9.5386664999999997,9.2639537000000001,9.1975981999999998,9.1753260999999995
1989-07-28,10.423905,9.5256453000000008,9.1570236000000005,9.0429214999999985,9.0250293999999993
1989-07-31,10.385285,9.4736366000000007,9.0419973000000002,8.9016392999999994,8.8905813000000009
1989-08-01,10.317912,9.2793016000000001,8.8400540000000003,8.7234908000000004,8.7363678
1989-08-02,10.299861999999999,9.3358243999999999,8.9585076000000008,8.8403156000000003,8.8119572000000002
1989-08-03,10.372942999999999,9.3670545999999995,9.0158149000000005,8.9229072000000009,8.9028700999999995
1989-08-04,10.550656999999999,9.5968710999999995,9.2367562000000003,9.1325508000000006,9.1029254000000002
1989-08-08,10.512692999999999,9.5773634999999988,9.2234943999999999,9.1338174999999993,9.1213443999999999
1989-08-09,10.514239,9.6049130999999992,9.2656253,9.1900903000000014,9.1932971000000006
1989-08-10,10.508571999999999,9.5516699000000003,9.2112056999999989,9.1345061000000012,9.1299894000000013
1989-08-11,10.565875,9.6193834000000003,9.2731068000000008,9.1877397999999992,9.1738384000000011
1989-08-14,10.70767,9.8732807000000005,9.5329592999999999,9.424787199999999,9.3858081000000002
1989-08-15,10.691141,9.8433838999999992,9.4730544000000005,9.3438596,9.2978237000000004
1989-08-16,10.674436,9.7998879999999993,9.3937898000000004,9.2477456999999994,9.203533199999999
1989-08-17,10.795705,9.8975025999999993,9.4838825999999994,9.3323105999999996,9.2819298999999997
1989-08-18,10.933740999999999,10.016491,9.5599141000000003,9.3805644999999984,9.3178422999999988
1989-08-21,11.036352000000001,10.122781,9.6290782000000004,9.4292387000000009,9.3609422000000002
1989-08-22,11.052425000000001,10.122949,9.6559974000000004,9.4736510999999997,9.4065029999999989
1989-08-23,10.995673999999999,10.068467,9.5884687,9.3977927000000001,9.331881000000001
1989-08-24,10.997658000000001,10.038165000000001,9.5727843000000004,9.3993932999999998,9.3442336000000008
1989-08-25,10.993529000000001,10.046695999999999,9.5926889000000006,9.4234550000000006,9.3687033
1989-08-28,11.014211999999999,10.145990000000001,9.6774646999999998,9.4883354999999998,9.4261032999999994
1989-09-01,11.004136000000001,10.068660999999999,9.6238144999999999,9.4525333000000007,9.3908551000000013
1989-09-05,10.886569999999999,10.023642000000001,9.5971030000000006,9.4285454000000009,9.3670763000000008
1989-09-06,10.888303000000001,10.038178,9.6007550999999989,9.4292166000000002,9.3725017999999984
1989-09-07,10.900957,10.03177,9.614515299999999,9.4566979999999994,9.402088899999999
1989-09-08,10.930028,10.048070000000001,9.6233707000000006,9.4587228999999997,9.3977728000000003
1989-09-11,10.893713,10.031719000000001,9.6163466,9.4565757000000001,9.3969892000000002
1989-09-12,10.96255,10.049661,9.6509161999999993,9.5133743000000006,9.4347861000000002
1989-09-13,10.944789,10.047647,9.6414720000000003,9.5077946999999998,9.4691393999999995
1989-09-14,10.884651,9.9571927000000002,9.6058281999999995,9.5046137999999996,9.4687213000000003
1989-09-15,10.874875000000001,9.9436154999999999,9.5777830999999995,9.4787987000000005,9.4559433999999989
1989-09-18,10.872062,9.9707361999999993,9.5971581999999991,9.4831225000000003,9.448886400000001
1989-09-19,10.88087,9.9548813000000003,9.5638783000000007,9.4489565999999989,9.4211701999999988
1989-09-20,10.949709,10.015568,9.6111445,9.4874330000000011,9.4571246000000002
1989-09-21,11.0083,10.042956,9.6370059000000001,9.5186486000000006,9.493882300000001
1989-09-22,11.002324,10.035254,9.6600222000000002,9.5708723999999989,9.5602367999999984
1989-09-25,11.040293,10.139899,9.7926864000000009,9.7219136000000006,9.7254459000000004
1989-09-26,10.983089999999999,10.082753,9.7563879,9.6985413000000005,9.7061942999999999
1989-09-27,10.960946,10.093911,9.790127,9.7393594999999991,9.7436597999999996
1989-09-28,10.991362000000001,10.106318,9.8074513999999997,9.7546131999999997,9.7497141999999997
1989-09-29,10.994416999999999,10.092868000000001,9.7978284000000002,9.7459604000000013,9.7365894999999991
1989-10-02,10.951408000000001,10.145137,9.8622282000000006,9.7831198999999991,9.7386163000000003
1989-10-03,10.891843,10.081982999999999,9.8119627999999999,9.7437153999999992,9.7043736000000003
1989-10-04,10.875328,10.085914000000001,9.8227262999999994,9.7535816000000004,9.710090300000001
1989-10-05,10.841823,10.015640000000001,9.7732024000000006,9.7074391000000002,9.6507366000000001
1989-10-06,10.800575,9.9428942000000013,9.6669629000000015,9.5824332000000005,9.5193784000000008
1989-10-10,10.789467,9.9796391999999994,9.7031726000000003,9.6074997,9.5347767999999995
1989-10-11,10.853926999999999,10.097802999999999,9.8436594999999993,9.7547712999999998,9.6806234
1989-10-12,10.850867000000001,10.059431,9.7879926000000008,9.6905416999999989,9.6155849999999994
1989-10-13,10.51947,9.6170943999999992,9.3901152000000003,9.3525787000000005,9.3223923000000006
1989-10-16,10.686655999999999,9.9585603000000003,9.6931168999999997,9.5886962000000011,9.5091379000000007
1989-10-17,10.715997,9.9698875999999998,9.7277842000000003,9.6388778999999989,9.5602578999999999
1989-10-18,10.728698,9.9542659000000011,9.7163312000000008,9.6348141999999992,9.5593263999999998
1989-10-19,10.734736999999999,9.9085744000000009,9.6493557999999986,9.5632695000000005,9.4920037999999991
1989-10-20,10.736851,9.9224204999999994,9.6510897,9.5510723000000013,9.4717807000000001
1989-10-23,10.675564,9.8614126999999989,9.5866801000000006,9.4885181000000003,9.4139732000000009
1989-10-24,10.622066999999999,9.8213287000000005,9.5480008999999999,9.4546568000000004,9.3897749000000008
1989-10-25,10.605777,9.8096297999999997,9.5427403000000002,9.4580537000000007,9.4009447000000002
1989-10-26,10.665179,9.8312150999999997,9.5525726000000013,9.4682919000000005,9.4156955
1989-10-27,10.697912000000001,9.8992840999999991,9.5876373000000008,9.4894550999999989,9.4385042000000006
1989-10-30,10.700946,9.8882180999999996,9.597401099999999,9.5089661999999997,9.4595385000000007
1989-10-31,10.739395999999999,9.9407272000000013,9.6162900999999987,9.5081842000000005,9.4589911999999998
1989-11-01,10.743556,9.933057100000001,9.5968289000000002,9.4796645000000002,9.4258262999999989
1989-11-02,10.824519,9.9615025999999993,9.6017831999999999,9.4684862999999986,9.4029521000000003
1989-11-03,10.884592999999999,10.034502,9.6845794999999999,9.5475889999999985,9.4698007000000004
1989-11-06,10.900903000000001,10.076071000000001,9.7170024000000002,9.5696218000000002,9.4859293999999998
1989-11-07,10.868003,10.014063,9.6449999999999996,9.4934662000000003,9.4087689999999995
1989-11-08,10.875811000000001,10.031540999999999,9.6563910000000011,9.4997875000000001,9.4134226999999999
1989-11-09,10.936322000000001,10.077076999999999,9.6920387999999988,9.5234353999999986,9.4264142
1989-11-10,10.99371,10.14669,9.7487718000000001,9.5631114000000004,9.4530852999999997
1989-11-13,11.075915,10.197056,9.7451284000000005,9.5313217000000012,9.4164437999999997
1989-11-14,11.080955000000001,10.223630999999999,9.7551421000000005,9.5264743999999997,9.4051048000000002
1989-11-15,11.08508,10.231289,9.7526830999999987,9.5159310000000001,9.3924284999999994
1989-11-16,11.09459,10.254369000000001,9.8012001000000009,9.5674890000000001,9.4319705999999996
1989-11-17,11.121789,10.302827000000001,9.8654740000000007,9.6339354999999998,9.4901108000000001
1989-11-20,11.143591000000001,10.34801,9.8719766999999994,9.6120295000000002,9.4603044000000001
1989-11-21,11.225716,10.435969,9.9534159999999989,9.7039971999999999,9.5686134000000003
1989-11-22,11.209294999999999,10.386392000000001,9.9054292000000004,9.6766161000000004,9.5638819000000002
1989-11-23,11.207257,10.3459,9.8725115999999993,9.6487648999999998,9.5375377999999991
1989-11-24,11.198848999999999,10.358231,9.8942104000000004,9.6688512000000006,9.5499994000000008
1989-11-27,11.235715000000001,10.514487000000001,10.070236000000001,9.8358007000000001,9.7006101000000005
1989-11-30,11.203022000000001,10.488275,10.076068000000001,9.8706703000000005,9.7547984000000003
1989-12-01,11.113125999999999,10.401522,10.013033999999999,9.8173201999999993,9.7004166000000005
1989-12-04,11.026216,10.097287000000001,9.8845823999999993,9.8557021000000002,9.8035663999999993
1989-12-05,11.079110999999999,10.404698,10.058842,9.8929349000000002,9.787058
1989-12-06,11.072587,10.41499,10.063503000000001,9.8886838000000008,9.7771501999999995
1989-12-07,11.089424000000001,10.416590000000001,10.055928999999999,9.8699733999999992,9.7480010000000004
1989-12-08,11.01071,10.31705,9.9546536999999997,9.7698929000000003,9.6497504999999997
1989-12-11,10.876849,10.239986,9.9067336000000008,9.7455753999999999,9.6435022999999997
1989-12-14,10.940397000000001,10.217492999999999,9.8203598999999997,9.6310485000000003,9.5317766000000006
1989-12-15,10.983780999999999,10.273178,9.8744261000000009,9.6690544000000003,9.5506688999999998
1989-12-18,10.962005,10.281628,9.8737987,9.6574676999999998,9.5338368000000013
1989-12-19,10.941033000000001,10.238688999999999,9.8199696999999997,9.6024185000000006,9.4821898000000004
1989-12-20,10.956379,10.243124,9.8124514000000005,9.5931420000000003,9.4775215999999993
1989-12-21,11.002798,10.286425000000001,9.8650138999999992,9.6465260999999991,9.5243067999999997
1989-12-27,11.035816000000001,10.405436,9.999027400000001,9.7660172000000003,9.6228686999999997
1989-12-28,11.062206,10.381684,9.9482371999999994,9.7084118999999998,9.5703607000000002
1989-12-29,11.045873,10.378795999999999,9.9504784999999991,9.7134670000000014,9.5779034999999997
1990-01-02,11.019389,10.398436,9.9773195999999995,9.7520019999999992,9.6320264000000009
1990-01-03,11.050682,10.459772000000001,10.067136,9.8534359000000009,9.7305398000000007
1990-01-04,11.029868,10.440182,10.060805,9.8460310999999994,9.7147281000000003
1990-01-05,11.004358,10.450127999999999,10.093589,9.893647099999999,9.7721856000000002
1990-01-08,10.980165,10.509985,10.173755,9.9714876999999991,9.8411377999999985
1990-01-09,10.936968,10.612399999999999,10.298368,10.043973000000001,9.8484055999999995
1990-01-10,10.869192,10.436840999999999,10.124473999999999,9.9201373999999998,9.7791832000000003
1990-01-11,10.863096000000001,10.385491,10.103206999999999,9.9315838999999997,9.8085012999999996
1990-01-12,10.745803,10.286483,10.052168999999999,9.9225993999999993,9.8266048000000001
1990-01-15,10.374335,9.9327544000000003,9.8058158000000013,9.7622153000000012,9.7122583999999996
1990-01-16,10.489331999999999,10.126594000000001,9.9347975000000002,9.8249114999999989,9.7454566000000007
1990-01-17,10.496502000000001,10.109500000000001,9.9091582000000002,9.7966421999999991,9.7161962000000006
1990-01-18,10.498948,10.139885999999999,10.025475,9.8889201999999994,9.7621409000000003
1990-01-22,10.506335,10.08422,9.9415523000000015,9.7949393999999987,9.6644186000000012
1990-01-23,10.564194000000001,10.187488999999999,10.019540000000001,9.8375765000000008,9.6924031999999993
1990-01-24,10.573106000000001,10.168576999999999,10.013387999999999,9.8499423000000004,9.7114574999999999
1990-01-25,10.791736999999999,10.319794999999999,10.064800999999999,9.9117426000000002,9.8049064000000001
1990-01-26,10.943811999999999,10.458080000000001,10.183748,10.018656,9.9009003999999994
1990-01-30,11.046986,10.591132999999999,10.276517999999999,10.066263000000001,9.9255381000000007
1990-01-31,10.969294999999999,10.413166,10.121214999999999,9.9579713000000005,9.8523630000000004
1990-02-01,11.115575,10.516805,10.173384,9.9768708999999998,9.8579504
1990-02-02,11.171493999999999,10.597088000000001,10.243415000000001,10.031465000000001,9.9012381999999999
1990-02-05,11.206806,10.698560000000001,10.312673999999999,10.07169,9.9324838999999994
1990-02-06,11.166086,10.660057999999999,10.328463000000001,10.132517999999999,10.015226
1990-02-07,11.260247,10.741420999999999,10.399553000000001,10.184777,10.043312999999999
1990-02-08,11.506476000000001,10.898658999999999,10.493035000000001,10.230688000000001,10.053547
1990-02-09,11.613999999999999,11.026075000000001,10.57888,10.293006,10.114276
1990-02-12,11.750823,11.295723000000001,10.853246,10.530229,10.311001000000001
1990-02-13,11.539512999999999,11.088436999999999,10.707758,10.433504000000001,10.240799000000001
1990-02-14,11.842705,11.470751999999999,11.024623,10.668900000000001,10.418915999999999
1990-02-15,11.890779,11.39603,10.987228999999999,10.692693999999999,10.48152
1990-02-16,11.853969000000001,11.428004,11.039224000000001,10.738106999999999,10.513069999999999
1990-02-19,11.858222999999999,11.529865000000001,11.168523,10.870421,10.640936
1990-02-20,11.838066,11.542273,11.239214,10.980758999999999,10.767303999999999
1990-02-21,11.799613000000001,11.476687,11.177688,10.924232999999999,10.711039999999999
1990-02-22,11.773240999999999,11.442022999999999,11.133870999999999,10.873320999999999,10.656877
1990-02-23,11.758092000000001,11.400103,11.099203000000001,10.849468,10.640620999999999
1990-02-27,11.942178,11.570338,11.217000000000001,10.929247999999999,10.703459000000001
1990-02-28,12.037272999999999,11.712928999999999,11.386085,11.046599000000001,10.771753
1990-03-01,12.224167,11.838242000000001,11.438858,11.059887999999999,10.775250999999999
1990-03-02,12.195314999999999,11.733625,11.319961000000001,10.968627,10.724178999999999
1990-03-05,12.153257,11.732035,11.368425,11.043118,10.798684999999999
1990-03-06,12.135195999999999,11.679746,11.306496000000001,10.98968,10.754893000000001
1990-03-07,12.127243999999999,11.691644,11.336143,11.035,10.814095999999999
1990-03-08,12.104519,11.596907,11.250569,10.986234,10.795807999999999
1990-03-09,12.145018,11.634537999999999,11.314112,11.067423999999999,10.880137
1990-03-12,12.160321999999999,11.710039999999999,11.475247,11.219208999999999,10.947099
1990-03-13,12.27183,11.845164,11.535766000000001,11.327434,11.169719000000001
1990-03-14,12.226206000000001,11.790585,11.420423,11.173534,11.011023
1990-03-15,12.299578,11.851495,11.492141,11.245239,11.072369999999999
1990-03-16,12.326428,11.822409,11.436018000000001,11.18543,11.020254
1990-03-19,12.324441999999999,11.878066,11.459175,11.178314,11.003442
1990-03-20,12.238385000000001,11.728115000000001,11.306488,11.036083,10.866904
1990-03-21,12.233803999999999,11.757147,11.357713,11.084700999999999,10.900084999999999
1990-03-22,12.327954,11.773126000000001,11.343518,11.066444000000001,10.886634000000001
1990-03-23,12.334222,11.772672,11.355323,11.091882999999999,10.917873
1990-03-26,12.297677,11.769644,11.357815,11.097256,10.92545
1990-03-27,12.399702999999999,11.847113999999999,11.407449,11.136107000000001,10.970443000000001
1990-03-28,12.556965,11.930535000000001,11.459405,11.194006,11.048093
1990-03-29,12.843842,12.227304,11.732158,11.441782,11.278876
1990-03-30,12.858237000000001,12.238894999999999,11.727535,11.430861,11.270788
1990-04-02,12.721540000000001,12.253036999999999,11.797534000000001,11.518910999999999,11.362534999999999
1990-04-03,12.719204000000001,12.26482,11.816147000000001,11.535900999999999,11.371119
1990-04-04,12.734748000000002,12.266061000000001,11.830909999999999,11.566701999999999,11.409485
1990-04-05,12.834226000000001,12.352902,11.946281000000001,11.701451,11.552337
1990-04-06,12.956032,12.656120000000001,12.272102,11.974535999999999,11.756046000000001
1990-04-09,12.848818000000001,12.628644999999999,12.304452000000001,12.036432,11.828716
1990-04-10,12.873583999999999,12.658612999999999,12.336002000000001,12.089273,11.911239
1990-04-11,12.804293999999999,12.504370000000002,12.151298000000001,11.899226000000001,11.728002999999999
1990-04-12,12.802553999999999,12.424034000000001,12.070161000000001,11.823163000000001,11.650070999999999
1990-04-16,12.790562999999999,12.486595000000001,12.1409,11.894367000000001,11.727010999999999
1990-04-17,12.941577000000001,12.749168999999998,12.42022,12.158665000000001,11.971945999999999
1990-04-18,13.040404000000001,12.902617999999999,12.575262,12.298359,12.091532000000001
1990-04-19,13.248739,13.027341,12.628818000000001,12.335458000000001,12.142467999999999
1990-04-20,13.108169,12.856604999999998,12.484760999999999,12.218275999999999,12.03885
1990-04-23,12.993668,12.723694,12.337776999999999,12.068553999999999,11.898949
1990-04-24,12.911039999999998,12.583121999999999,12.211496,11.981716,11.851585
1990-04-25,12.932753999999999,12.566554999999999,12.176893,11.931894999999999,11.783322999999999
1990-04-27,12.968436000000001,12.594055000000001,12.213286,11.985587000000001,11.848768
1990-04-30,12.828498999999999,12.534338999999999,12.198872,11.992151,11.861286999999999
1990-05-01,12.862088999999999,12.571358,12.246506999999999,12.045786,11.917638999999999
1990-05-02,12.901126,12.662113,12.325773,12.101592999999999,11.958620999999999
1990-05-03,12.99197,12.680095,12.297221,12.041608,11.879204
1990-05-04,12.694787,12.301686999999999,11.950904,11.745039999999999,11.615929
1990-05-08,12.615098,12.225616,11.847381,11.612843999999999,11.457239
1990-05-09,12.661179000000001,12.266095999999999,11.884731,11.648771,11.496402
1990-05-10,12.670120000000001,12.066182,11.526714,11.268457,11.177948000000001
1990-05-11,12.663381000000001,12.045641,11.542189,11.260964,11.105881
1990-05-14,12.593287999999999,12.010405,11.519501,11.253219,11.111978000000001
1990-05-15,12.573087999999998,12.017463000000001,11.558481,11.301793999999999,11.153295999999999
1990-05-16,12.549274999999998,11.975878,11.522880000000001,11.274184,11.131114999999999
1990-05-17,12.477963000000001,11.771875,11.320309999999999,11.129263999999999,11.053027999999999
1990-05-18,12.388519000000001,11.720510000000001,11.293263000000001,11.104756,11.020868999999999
1990-05-22,12.773328000000001,12.301492999999999,11.880431,11.657245,11.54729
1990-05-23,12.761404000000001,12.265765,11.822481999999999,11.578809,11.448719000000001
1990-05-24,12.860046000000001,12.195757,11.720424,11.491211,11.383448999999999
1990-05-25,12.829974,12.218196000000001,11.760366999999999,11.530390000000001,11.416205
1990-05-28,12.717385,12.098781000000001,11.639474,11.413483000000001,11.303336999999999
1990-05-30,12.192562000000001,11.410950999999999,11.240219999999999,11.222977999999999,11.162573999999999
1990-05-31,12.470638000000001,11.740532,11.368010999999999,11.200396999999999,11.091766999999999
1990-06-01,12.504480000000001,11.781833000000001,11.353081,11.137357,11.004683
1990-06-04,12.442351,11.705506,11.237785000000001,11.001059,10.867570000000001
1990-06-05,12.460308000000001,11.804998999999999,11.383497999999999,11.159007000000001,11.018851
1990-06-06,12.291356,11.582567000000001,11.149333,10.940307000000001,10.825819000000001
1990-06-07,12.177957000000001,11.459515000000001,11.048337,10.851347000000001,10.736364
1990-06-08,12.272473,11.561303000000001,11.161322999999999,10.964905,10.839691999999999
1990-06-11,12.206752,11.548417000000001,11.167411,10.974824,10.846605
1990-06-12,12.321972000000001,11.783379,11.218128,10.886695,10.733937000000001
1990-06-13,12.193819,11.322048000000001,11.031656,10.959897999999999,10.899752999999999
1990-06-14,12.298938,11.584403999999999,11.176506999999999,10.957261000000001,10.807945999999999
1990-06-15,12.365919,11.634168000000001,11.244994,11.046466000000001,10.909402999999999
1990-06-18,12.524289,11.853394999999999,11.436896000000001,11.210594,11.061844000000001
1990-06-19,12.51648,11.875162,11.496175000000001,11.290701,11.146789999999999
1990-06-20,12.467874,11.784984,11.383084999999999,11.177128999999999,11.047218000000001
1990-06-21,12.558723999999998,11.809144,11.399990000000001,11.194911000000001,11.063112
1990-06-22,12.537288999999999,11.817178999999999,11.414390000000001,11.204872999999999,11.066314999999999
1990-06-25,12.451331999999999,11.841528,11.480492,11.275496,11.125154
1990-06-26,12.296657,11.569948999999999,11.183154999999999,11.00192,10.888854
1990-06-27,12.110151,11.353717000000001,11.03444,10.900634999999999,10.80171
1990-06-28,12.201005,11.409294000000001,11.068607,10.924571,10.824825000000001
1990-06-29,12.172070999999999,11.420157,11.111955,10.981062,10.878624
1990-07-03,12.079898999999999,11.373004,11.090348000000001,10.97784,10.885535000000001
1990-07-04,12.092828000000001,11.356038,11.047376999999999,10.922825999999999,10.830307999999999
1990-07-05,12.073826,11.259706,10.935155999999999,10.810169999999999,10.720659000000001
1990-07-06,12.189505,11.374435,11.035474000000001,10.903478,10.813435999999999
1990-07-09,12.254294,11.533478000000001,11.19922,11.055628,10.953632000000001
1990-07-10,12.294927999999999,11.583622999999999,11.236274999999999,11.081156999999999,10.977826
1990-07-11,12.296670000000001,11.589627,11.206109999999999,11.031158000000001,10.927641000000001
1990-07-12,12.264991,11.531248,11.171726999999999,11.018158999999999,10.923988
1990-07-13,12.160816000000001,11.414521000000001,11.099953999999999,10.984921,10.908563000000001
1990-07-16,12.063556,11.376714999999999,11.076404,10.962304,10.886203999999999
1990-07-17,12.012053999999999,11.285026,10.978499999999999,10.877757000000001,10.822115999999999
1990-07-18,12.013169999999999,11.300095000000001,10.965446,10.839943,10.776486999999999
1990-07-19,12.128662,11.389599,11.010389,10.852611,10.774813
1990-07-20,12.033762000000001,11.299175,10.948281999999999,10.803174,10.724147
1990-07-23,12.02955,11.331823999999999,10.96565,10.814363999999999,10.743081999999999
1990-07-24,12.032294,11.329285,10.973296000000001,10.834575000000001,10.770434
1990-07-25,12.054989000000001,11.310821000000001,10.953398999999999,10.812374,10.741187999999999
1990-07-26,12.036101,11.25421,10.879489000000001,10.735461000000001,10.671197000000001
1990-07-30,11.865990999999999,11.096467000000001,10.744899999999999,10.626151999999999,10.582890000000001
1990-07-31,11.698254,10.922914,10.579592,10.470421,10.438184
1990-08-01,11.640762,10.831778999999999,10.447172999999999,10.314146000000001,10.280941
1990-08-02,11.704926,10.835912,10.461615,10.360507,10.358492
1990-08-03,11.593855999999999,10.663814,10.312192000000001,10.254059999999999,10.291231
1990-08-07,11.558926999999999,10.858653,10.619532,10.588706,10.613889
1990-08-08,11.507363,10.789807999999999,10.60895,10.619409000000001,10.647508
1990-08-09,11.419095,10.605678000000001,10.407636999999999,10.410454,10.433309
1990-08-10,11.417154,10.621185000000001,10.414658000000001,10.416428,10.449058000000001
1990-08-13,11.252592999999999,10.507594000000001,10.344614,10.381448000000001,10.438562999999998
1990-08-14,11.21658,10.450027,10.259575999999999,10.286952000000001,10.351424
1990-08-15,11.231802999999999,10.475524999999999,10.304054000000001,10.339764000000001,10.399079
1990-08-16,11.259384000000001,10.552422999999999,10.405448,10.455435,10.525516999999999
1990-08-17,11.221749000000001,10.517939,10.395747,10.46081,10.535524000000001
1990-08-20,11.278955,10.616786000000001,10.470203,10.513529999999999,10.579350999999999
1990-08-21,11.342323,10.667113000000001,10.517322,10.556678999999999,10.617993999999999
1990-08-22,11.355259,10.730013,10.605530999999999,10.652393,10.714326
1990-08-23,11.439193,10.827769,10.723969,10.775309,10.836247999999999
1990-08-24,11.689874,10.749995,10.619736,10.724525999999999,10.771787
1990-08-27,11.687156,10.634157,10.416333999999999,10.496200999999999,10.548166
1990-08-28,11.909258000000001,10.620224,10.394887000000001,10.523551000000001,10.579951999999999
1990-08-29,11.422807000000001,10.663558999999999,10.420342,10.405977,10.449601999999999
1990-08-30,11.349328,10.569928000000001,10.391551,10.433282,10.503837000000001
1990-08-31,11.261298999999999,10.504560999999999,10.364051999999999,10.431590999999999,10.510492000000001
1990-09-04,11.211635000000001,10.478376000000001,10.356664,10.434311000000001,10.517595999999999
1990-09-05,11.148184000000001,10.488068999999999,10.365609000000001,10.439642000000001,10.529081
1990-09-06,11.106559000000001,10.440985,10.333544,10.422238,10.522719
1990-09-07,10.978401,10.310689,10.244947,10.370982,10.494498999999999
1990-09-10,10.943194,10.2789,10.199552000000001,10.313054000000001,10.433512
1990-09-11,10.942380999999999,10.339197,10.252927,10.338625,10.430906
1990-09-12,10.860076000000001,10.250346,10.190578,10.307249000000001,10.423580000000001
1990-09-13,10.835334000000001,10.242817000000001,10.187461000000001,10.291566000000001,10.392281000000001
1990-09-14,10.792432999999999,10.238030999999999,10.212552000000001,10.332400999999999,10.440244
1990-09-17,10.758127999999999,10.263812,10.285666000000001,10.427823999999999,10.541828000000001
1990-09-18,10.803429000000001,10.327342,10.343731,10.466791000000001,10.562845999999999
1990-09-19,10.808776,10.342305,10.356339999999999,10.470023000000001,10.554887000000001
1990-09-20,10.825463000000001,10.369074000000001,10.409423,10.542055999999999,10.636049999999999
1990-09-21,10.883017000000001,10.487261,10.577261999999999,10.69556,10.749121000000001
1990-09-25,11.222543,10.967169999999999,10.982324,11.033051,11.057309999999999
1990-09-27,11.312618000000001,10.866099,10.859254,10.923336000000001,10.948141
1990-09-28,11.234379000000001,10.795104,10.779308,10.849063000000001,10.891058000000001
1990-10-01,11.054803,10.704536000000001,10.687842999999999,10.750799000000001,10.793125
1990-10-02,11.102343000000001,10.749345999999999,10.720177,10.76882,10.799852
1990-10-03,11.144504,10.795688999999999,10.775959,10.826842000000001,10.858599
1990-10-04,11.099399,10.701497999999999,10.692259,10.772170000000001,10.830310000000001
1990-10-05,11.095686000000001,10.678769000000001,10.687423000000001,10.782195999999999,10.846811000000001
1990-10-09,11.206027000000001,10.789643999999999,10.782838,10.891658,10.99132
1990-10-10,11.460871000000001,10.667918,10.657537999999999,10.920336000000001,11.089625
1990-10-11,11.172445999999999,10.768499,10.779463,10.893186999999999,10.991148000000001
1990-10-12,11.090178,10.682725999999999,10.706230999999999,10.819108,10.902119000000001
1990-10-15,11.103695,10.730246000000001,10.737219000000001,10.837456,10.921065
1990-10-16,11.025321,10.781040000000001,10.798431000000001,10.85788,10.895771999999999
1990-10-18,11.341887,10.875340999999999,10.785423,10.807263000000001,10.836721000000001
1990-10-19,11.359750999999999,10.885733999999999,10.794236,10.822556000000001,10.856127000000001
1990-10-22,11.470903,10.988818999999999,10.857356999999999,10.860702,10.889377
1990-10-23,11.449532,10.989388999999999,10.872262000000001,10.878358,10.904407000000001
1990-10-24,11.316825,10.890532,10.80104,10.821434,10.853095999999999
1990-10-25,11.303953999999999,10.825856,10.735013,10.760019999999999,10.792474
1990-10-26,11.273887,10.779391,10.683492999999999,10.71669,10.758702000000001
1990-10-29,11.242183000000001,10.802704,10.691701999999999,10.713644,10.738099
1990-10-30,11.265846999999999,10.788622999999999,10.716151999999999,10.755357999999999,10.793284999999999
1990-10-31,11.213231,10.760295000000001,10.661109,10.680423999999999,10.711456
1990-11-01,11.181576999999999,10.681102000000001,10.568824000000001,10.584372,10.614644999999999
1990-11-02,11.147179,10.667790999999999,10.556333,10.562151,10.581231000000001
1990-11-05,11.05111,10.570145999999999,10.449615,10.462285,10.496383
1990-11-06,11.017203,10.560762,10.436377999999999,10.441953,10.468826999999999
1990-11-07,11.021409,10.574145,10.453082,10.457544,10.485256
1990-11-08,11.009872,10.552293000000001,10.436578000000001,10.451862999999999,10.491619
1990-11-09,10.850118999999999,10.339792000000001,10.25487,10.297161000000001,10.343969999999999
1990-11-13,10.825998999999999,10.326309999999999,10.203305,10.227057,10.272853
1990-11-14,10.818355,10.325604999999999,10.20951,10.235958999999999,10.28065
1990-11-15,10.777711,10.299045,10.217622,10.266409999999999,10.319126000000001
1990-11-16,10.759088999999999,10.260766,10.140860999999999,10.159853999999999,10.196924000000001
1990-11-19,10.815407,10.369813000000001,10.235274,10.236892000000001,10.266634
1990-11-20,10.810743,10.355465000000001,10.214957,10.213576,10.240282000000001
1990-11-21,10.754270999999999,10.297219,10.163418,10.169204000000001,10.19994
1990-11-22,10.748654,10.245861000000001,10.109249999999999,10.123348999999999,10.164935999999999
1990-11-23,10.742020999999999,10.262446000000001,10.138113000000001,10.150895,10.18707
1990-11-26,10.765155999999999,10.285410000000001,10.145797,10.151596,10.186923999999999
1990-11-27,10.787805000000001,10.291964,10.158858,10.171231000000001,10.209066
1990-11-28,10.831208,10.332381,10.192932000000001,10.201519000000001,10.238975
1990-11-29,10.893935000000001,10.408953,10.290631999999999,10.303059000000001,10.332036
1990-11-30,10.828719000000001,10.375502000000001,10.244329,10.236309,10.251842
1990-12-03,10.814251000000001,10.41065,10.263676,10.240067,10.24948
1990-12-04,10.762658999999999,10.372451,10.246782999999999,10.237501999999999,10.250959
1990-12-05,10.734707999999999,10.325041000000001,10.230627999999999,10.210687999999999,10.178085000000001
1990-12-06,10.751373000000001,10.343861,10.241887,10.206759,10.162805000000001
1990-12-07,10.651517,10.241632000000001,10.146906999999999,10.119577,10.071892999999999
1990-12-10,10.600623000000001,10.243763999999999,10.171139999999999,10.126946,10.044145
1990-12-11,10.594166000000001,10.25088,10.142942000000001,10.046801,9.9209578
1990-12-12,10.628596999999999,10.319015,10.199392,10.077173,9.9345890000000008
1990-12-13,10.659891,10.321251,10.193481,10.078548,9.9554252999999999
1990-12-14,10.631810999999999,10.309733999999999,10.198993000000002,10.096272000000001,9.9810687999999992
1990-12-17,10.624253,10.328159000000001,10.209921,10.109352000000001,9.9987743000000009
1990-12-18,10.595516,10.343729999999999,10.219372999999999,10.087318,9.9498795999999992
1990-12-19,10.57522,10.334976999999999,10.230005999999999,10.123680999999999,10.007485000000001
1990-12-20,10.591331,10.345449,10.237902,10.121972999999999,10.0022
1990-12-21,10.611325000000001,10.350728999999999,10.251536,10.156495,10.05125
1990-12-24,10.605639999999999,10.385724,10.289898000000001,10.201072999999999,10.108364
1990-12-27,10.613569,10.340528000000001,10.233889999999999,10.136229999999999,10.031713
1990-12-28,10.597585,10.343534999999999,10.254331000000001,10.163215000000001,10.055332999999999
1990-12-31,10.558107999999999,10.343713000000001,10.243978,10.148002,10.044565
1991-01-02,10.487131,10.264965,10.1568,10.040423000000001,9.9182486000000001
1991-01-03,10.358267,10.134302,10.060836999999999,9.9770418999999997,9.8760866000000007
1991-01-04,10.252632999999999,10.055159,9.9893260000000001,9.9137579999999996,9.8286648000000003
1991-01-07,10.315506000000001,10.160534999999999,10.09812,10.020332,9.9353683999999998
1991-01-08,10.287504,10.181816000000001,10.118515,10.035681,9.9509225000000008
1991-01-09,10.215006000000001,10.139917000000001,10.130785000000001,10.093757,10.034345999999999
1991-01-10,10.151203000000001,10.051186,10.002701,9.9441892000000003,9.8838051999999994
1991-01-11,10.15532,10.053055000000001,10.004643,9.9571103999999995,9.9094800000000003
1991-01-14,10.137836,10.07159,10.047878000000001,10.006606,9.9520842999999992
1991-01-15,10.258452999999999,9.9849457000000008,9.8952787999999998,9.9396678000000005,9.9859297999999992
1991-01-16,10.198112,9.9368073999999993,9.8584845000000012,9.9012444000000013,9.9425463000000001
1991-01-17,10.217742000000001,9.886721099999999,9.7914045999999999,9.8225250000000006,9.8415476999999996
1991-01-18,10.198994000000001,9.8828163,9.7741643000000007,9.8011602999999994,9.8244790999999996
1991-01-21,10.174139,9.904986000000001,9.8116664,9.8385735000000007,9.8572391999999986
1991-01-22,10.120643999999999,9.8780096000000004,9.8177468000000001,9.8671295000000008,9.8956261000000012
1991-01-23,10.059461000000001,9.8163999999999998,9.7618732999999995,9.8151513000000001,9.847896200000001
1991-01-24,9.9509051999999993,9.6730912,9.6083125000000003,9.6681644000000002,9.7130296000000005
1991-01-25,9.8964144000000012,9.6598951,9.602387499999999,9.6616873000000005,9.7060420000000001
1991-01-28,9.9281080999999993,9.7186987000000009,9.6992738999999997,9.7851461999999998,9.8283455000000011
1991-01-30,9.7149835000000007,9.7706897000000001,9.8107323999999991,9.8153018999999997,9.7886828999999995
1991-01-31,9.6644561000000007,9.6847069000000001,9.7710805000000001,9.8006670000000007,9.7775853000000001
1991-02-01,9.4682180000000002,9.5052611000000002,9.5889556000000002,9.6220995000000009,9.6135234000000001
1991-02-04,9.2575111000000003,9.3081390000000006,9.3844417999999994,9.4378568999999999,9.4751136000000002
1991-02-05,9.1825562999999999,9.1989058999999997,9.2754124999999998,9.3383773000000012,9.3839012999999998
1991-02-06,9.169376699999999,9.1711659000000001,9.2356061999999994,9.2845628999999992,9.3142072000000002
1991-02-07,9.1728193999999998,9.1505912999999985,9.1865335000000012,9.2188044999999992,9.2416588999999991
1991-02-08,9.0805298000000008,9.0991584999999997,9.1698336999999999,9.2243992000000006,9.2586917
1991-02-11,9.0882854000000002,9.0613568000000004,9.1212393000000009,9.1468235,9.1446192999999987
1991-02-12,9.0757648999999994,9.065105299999999,9.1152058999999994,9.1386244000000012,9.1422691999999994
1991-02-13,9.1898225999999994,9.1526980999999985,9.1919875999999991,9.2261348999999999,9.245984
1991-02-14,9.1935389000000001,9.1948164000000006,9.219926000000001,9.2057581000000006,9.1831773999999999
1991-02-15,9.1933237999999999,9.1524488000000002,9.1483735999999993,9.1327370999999999,9.1144952999999997
1991-02-18,9.2208056000000003,9.1767035000000003,9.1512545999999997,9.1230881000000004,9.0985167000000011
1991-02-19,9.2236858000000002,9.1718742000000013,9.1541801000000014,9.1448786999999996,9.1385032000000006
1991-02-20,9.2535176000000003,9.2456364000000004,9.2529516000000012,9.252518499999999,9.2481226999999997
1991-02-21,9.2923969999999994,9.2516272999999991,9.2591538,9.2592786,9.2538754000000001
1991-02-22,9.3634410999999993,9.2942546000000004,9.2683463999999987,9.2535831000000002,9.2480034
1991-02-25,9.4343789999999998,9.3602318000000011,9.3045889000000006,9.2646155999999991,9.2425712999999998
1991-02-28,9.3639001999999998,9.2892066999999994,9.2545647999999989,9.2420474000000006,9.2409770000000009
1991-03-04,9.4152174000000013,9.3878252999999994,9.3994655999999992,9.4139799999999987,9.4207131999999998
1991-03-05,9.3920770999999998,9.3522036000000011,9.3439353000000001,9.3384914000000006,9.3329325000000001
1991-03-06,9.4269945999999987,9.3740480999999996,9.3534845999999998,9.3411728000000007,9.3280002
1991-03-07,9.4435817000000011,9.3430608999999993,9.2963286000000007,9.2696397000000008,9.2560274000000007
1991-03-08,9.3764894000000005,9.2806701,9.2592705999999989,9.2519473000000012,9.2451988000000007
1991-03-11,9.3108769000000002,9.2256903999999995,9.1923556000000008,9.1861033999999986,9.1881722000000003
1991-03-12,9.2591724000000006,9.2275229000000003,9.2386414000000006,9.1925437999999993,9.1241608000000003
1991-03-13,9.2721118000000011,9.195177000000001,9.1803410000000003,9.1761859000000001,9.1734850000000012
1991-03-14,9.2678939000000007,9.1864291999999992,9.1855148,9.1891825999999988,9.1916431000000003
1991-03-15,9.2989271000000002,9.2418915000000013,9.2802346,9.3030872000000002,9.3029741000000001
1991-03-18,9.3648735999999992,9.3597432999999999,9.4050320000000003,9.4322929000000002,9.440728
1991-03-19,9.4995258000000007,9.4980670000000007,9.5174668000000011,9.5261303000000002,9.5214770000000009
1991-03-20,9.4847663000000004,9.4810692000000003,9.4692955999999988,9.4486340000000002,9.4326730999999988
1991-03-21,9.3998965000000005,9.398257000000001,9.4094823999999999,9.400976,9.3886394000000006
1991-03-22,9.3011224000000006,9.2789389,9.3147573999999995,9.3371210999999992,9.3485039000000008
1991-03-25,9.2646481999999999,9.2513147,9.2679573000000008,9.2702015000000006,9.2730622999999994
1991-03-28,9.2555032999999991,9.2021793000000009,9.2268205000000005,9.2409658000000015,9.2433403999999992
1991-04-01,9.2302786000000001,9.1914546000000001,9.2099858000000001,9.2226052999999997,9.2280455000000003
1991-04-02,9.2115480999999999,9.1534537,9.1487698000000002,9.1590664999999998,9.1738482000000001
1991-04-03,9.1326679999999989,9.0617072000000007,9.0735965000000007,9.1076859999999993,9.1406092000000001
1991-04-05,9.0485357999999998,9.0170870999999995,9.0691716000000007,9.1189418,9.1525812999999996
1991-04-08,9.0381085999999993,9.0098932000000005,9.0202089000000001,9.0550286,9.0991552000000002
1991-04-09,9.0668600999999995,9.0481484999999999,9.0814515999999994,9.1214613,9.1582557999999992
1991-04-10,9.0786336999999993,9.0553012000000006,9.0830134999999999,9.1221040000000002,9.1597284999999999
1991-04-11,9.0921388000000007,9.0541004999999988,9.0935670000000002,9.1472283999999995,9.1920076999999996
1991-04-12,9.0313735000000008,8.9997764999999994,9.0427973000000001,9.0950808999999992,9.1367685000000005
1991-04-15,9.0449164999999994,9.0465213999999996,9.0974701000000007,9.1513483000000004,9.1897450000000003
1991-04-16,9.0898738000000012,9.0863311000000007,9.1257885999999999,9.1762908999999997,9.2114974000000007
1991-04-17,9.0832850000000001,9.1052996999999998,9.1428071000000006,9.1767812000000006,9.202485600000001
1991-04-18,9.2139141999999996,9.2160401000000007,9.2446479999999998,9.2781716000000003,9.3088078999999997
1991-04-19,9.2469882000000005,9.2929273999999999,9.3498744999999985,9.3992794000000011,9.4292499999999997
1991-04-22,9.2621192000000008,9.3075317000000002,9.3427594999999997,9.3740836999999999,9.3983152000000008
1991-04-23,9.2414962000000003,9.2811288000000012,9.2976437000000001,9.3327072999999992,9.3711917000000007
1991-04-24,9.1573287000000008,9.1915144000000009,9.2108276,9.2478166000000002,9.2894986999999993
1991-04-25,9.0700564999999997,9.0917618999999998,9.1248860000000001,9.1773366000000003,9.2325841999999998
1991-04-26,9.0292598999999996,9.0749028999999997,9.0418389999999995,9.0376776000000003,9.0600632999999995
1991-04-29,8.998756199999999,9.0822589999999987,9.1378985000000004,9.2038533000000005,9.2661092000000007
1991-04-30,8.9673589000000007,9.0642548999999999,9.1149011000000009,9.1690790999999994,9.2221451999999999
1991-05-01,8.9548366000000001,9.0409137000000008,9.1085358000000003,9.1760268000000007,9.2320734000000009
1991-05-02,8.9145304999999997,9.0014050000000001,9.0653538999999999,9.1226599999999998,9.1715581999999998
1991-05-03,8.9650710999999994,9.0604481999999997,9.1375057000000002,9.2034456000000002,9.2531384999999986
1991-05-06,8.9594336000000006,9.0768056000000001,9.1502677000000006,9.2131957,9.2629766999999994
1991-05-07,8.9344767000000012,9.056753800000001,9.1114913000000008,9.1622366999999993,9.2128785000000004
1991-05-08,8.9224227000000003,9.0450102000000001,9.0974520000000005,9.1392764999999994,9.1857831000000001
1991-05-09,8.9081980000000005,9.0233615,9.0832586000000006,9.1254948999999996,9.1703261999999999
1991-05-10,8.997038100000001,9.1365692999999997,9.1965538000000002,9.2327417999999994,9.2689323000000012
1991-05-13,8.9556173000000001,9.0956329,9.1565683999999994,9.2049394000000007,9.2491585999999995
1991-05-14,8.9677673000000002,9.1422752000000003,9.199365499999999,9.2342243000000011,9.2709157999999992
1991-05-15,8.9599654999999991,9.1410420000000006,9.1937984000000004,9.2281086999999999,9.2654578999999995
1991-05-16,8.9525722999999999,9.1248836999999998,9.1894575000000014,9.2261889000000004,9.2613960999999989
1991-05-17,8.9237815000000005,9.0763388000000003,9.1411339999999992,9.1890479000000003,9.2303700000000006
1991-05-21,8.8959875999999998,9.0690926000000012,9.1274869999999986,9.1640138999999987,9.196963199999999
1991-05-22,8.8571951000000002,9.0469640000000009,9.1231650000000002,9.1641817000000003,9.2011184000000004
1991-05-23,8.9210010999999998,9.0606773,9.1461376999999988,9.2048641,9.2447529999999993
1991-05-24,8.9181318999999988,9.0423848000000007,9.1162319000000007,9.1822118999999986,9.2356004000000009
1991-05-27,8.8999271000000011,9.0583884000000001,9.1329223000000006,9.1872980000000002,9.2311092000000006
1991-05-28,8.9023495999999991,9.0480353000000004,9.1228835999999998,9.1826308999999995,9.2296939999999985
1991-05-29,8.9069225999999997,9.0322560999999997,9.1019082999999998,9.1746301999999993,9.2335335000000001
1991-05-30,8.9610798999999997,9.046956999999999,9.0985743999999986,9.1722713999999996,9.2312632000000008
1991-05-31,8.9631401000000004,9.0562994999999997,9.1175256000000005,9.2055643000000007,9.2738025000000004
1991-06-03,8.8997404000000007,8.9475154000000003,9.1586084999999997,9.3458620000000003,9.4261792999999994
1991-06-04,8.9892629999999993,9.1645430000000001,9.2230896000000016,9.3068773,9.3740606
1991-06-05,8.9968847000000007,9.2126040000000007,9.3008939999999996,9.3799747,9.4374810999999994
1991-06-06,8.9916561000000002,9.1852561999999995,9.2881719,9.3793665999999991,9.4435699999999994
1991-06-07,8.9927398000000007,9.2417718000000004,9.3670861999999993,9.4621802000000006,9.5217451999999998
1991-06-10,8.9856564999999993,9.258863400000001,9.3638499999999993,9.4364910999999996,9.4836182000000004
1991-06-11,8.9652640000000012,9.2469622999999999,9.3704892999999991,9.4493825999999999,9.4906776999999991
1991-06-12,8.9343591999999994,9.2642284999999998,9.4203562000000005,9.5118641999999998,9.5602482999999996
1991-06-13,8.9680415999999994,9.2851859000000001,9.4389117000000002,9.5215943000000003,9.56128
1991-06-14,8.9084076999999997,9.2374241000000001,9.3876606000000002,9.4604057000000008,9.4956288000000004
1991-06-17,8.9056877000000014,9.2597272999999998,9.4263173000000009,9.5194017000000013,9.5670336999999996
1991-06-18,8.9131485000000001,9.2597639999999988,9.4402136999999993,9.5454515999999998,9.5960391000000005
1991-06-19,8.9200075999999999,9.2580346000000002,9.4368672,9.5460807999999986,9.6007463000000008
1991-06-20,8.9274217,9.2459293999999996,9.427216099999999,9.5314549999999993,9.5826457999999999
1991-06-21,8.9264858999999994,9.2568362999999998,9.4402539000000001,9.548513100000001,9.605604099999999
1991-06-24,8.9400875000000006,9.3027217999999987,9.4848414000000005,9.5942586999999993,9.6568197999999992
1991-06-25,8.9388429000000009,9.3168082999999999,9.4974857999999998,9.6043138999999993,9.6697387999999993
1991-06-26,8.9257424000000007,9.2810451,9.4832914000000006,9.6190894999999994,9.6985132000000007
1991-06-27,8.9442170000000001,9.2637861000000008,9.4564495999999991,9.5886470999999993,9.6718188000000005
1991-06-28,8.9396561000000005,9.2445385000000009,9.4425049999999988,9.5884740999999991,9.6794901000000007
1991-07-02,8.9434377999999999,9.2475830999999999,9.4380338999999989,9.5961961000000002,9.7023574000000004
1991-07-03,8.9253064000000002,9.2348371,9.4102230999999996,9.5412654999999997,9.6258966000000008
1991-07-04,8.9550699999999992,9.2090043000000001,9.3744931999999999,9.5110704000000013,9.5977420999999996
1991-07-05,8.9486598999999991,9.2237480999999999,9.408359299999999,9.5619220000000009,9.6610880999999988
1991-07-08,8.9209972999999998,9.2137744999999995,9.3873657000000001,9.5338895000000008,9.6322136
1991-07-09,8.9129535999999998,9.2116606000000001,9.3953113000000013,9.5460834999999999,9.6424773000000013
1991-07-10,9.0143024,9.1113717999999988,9.260624700000001,9.4980098999999996,9.6691330000000004
1991-07-11,8.9080595000000002,9.1774461000000009,9.3734785000000009,9.5325137000000009,9.6310275000000001
1991-07-12,8.8787836000000002,9.1522140000000007,9.3506935000000002,9.5083517999999998,9.6033945999999997
1991-07-15,8.8604027999999992,9.1650782999999993,9.3622738000000005,9.5152125000000005,9.6089652999999995
1991-07-16,8.847968400000001,9.1531342999999996,9.3603176000000001,9.5157997999999999,9.6058579000000002
1991-07-17,8.8478472999999997,9.1692763999999993,9.3859878999999999,9.5432430999999998,9.6329501999999998
1991-07-18,8.9132509999999989,9.1859026000000004,9.388338000000001,9.5358453000000001,9.6153051999999999
1991-07-19,9.0668278999999998,9.3127179000000009,9.4816634000000004,9.6060257999999994,9.6704217999999997
1991-07-22,9.0646511000000007,9.2923973000000011,9.4609512000000002,9.5903905999999992,9.6585877
1991-07-23,9.0125533999999998,9.2559734000000002,9.4459914999999999,9.5910893999999995,9.6660027999999993
1991-07-24,8.9191015999999994,9.1809461999999993,9.3659883999999991,9.5029328,9.5711043
1991-07-25,8.9130808000000012,9.1769560999999999,9.3763957999999992,9.5258976000000004,9.6045143999999993
1991-07-26,8.8758670999999989,9.1783672000000003,9.3786742000000007,9.5204234999999997,9.5961385999999997
1991-07-30,9.0340928999999992,8.9703356000000003,9.1970292999999987,9.5121649000000001,9.6788898999999997
1991-07-31,8.8823652000000006,9.1710038999999988,9.3663639000000014,9.5040690999999988,9.5759042000000001
1991-08-01,8.8969999999999985,9.1682074999999994,9.3670299999999997,9.5110603000000005,9.5871679000000007
1991-08-02,8.8596429000000008,9.1384301000000008,9.3188273000000006,9.450542200000001,9.5238119999999995
1991-08-06,8.7752484000000006,8.9874403000000012,9.1562245999999998,9.3138024000000001,9.4150133
1991-08-07,8.7901731000000005,9.0287971000000002,9.1971754000000008,9.3408420999999997,9.4310384000000003
1991-08-08,8.8210715999999998,9.0708257999999997,9.2642431999999992,9.4206322,9.5138727000000003
1991-08-09,8.8046790999999995,9.0431916000000001,9.2334800999999995,9.394206800000001,9.494810600000001
1991-08-12,8.7807682000000007,9.0176201999999996,9.1988343999999991,9.3607207999999993,9.4687425000000012
1991-08-13,8.7692435999999994,8.9885485000000003,9.1761593000000001,9.342676599999999,9.4487098000000014
1991-08-14,8.7481618999999995,8.9771172000000004,9.1635696000000006,9.3187411999999998,9.4090292000000009
1991-08-15,8.7494975999999998,8.9725050999999993,9.1691853999999999,9.3283153999999993,9.4189313000000006
1991-08-16,8.6969212999999996,8.9395705000000003,9.1471210999999997,9.3105753,9.4064109000000009
1991-08-19,8.6209082000000006,8.8936525999999994,9.1438500000000005,9.3384178999999996,9.4467932999999995
1991-08-20,8.5849808000000003,8.8797549,9.1259876999999996,9.3027391000000001,9.400640000000001
1991-08-21,8.6234885999999999,8.8906057999999994,9.1266450999999993,9.3120098999999996,9.4183822999999993
1991-08-22,8.6037333,8.8685843999999996,9.0985125999999994,9.2624887999999999,9.3556807000000006
1991-08-23,8.6393240000000002,8.9078369000000013,9.1450539000000006,9.3179184999999993,9.4141689
1991-08-26,8.6623727000000006,8.9456246999999998,9.1913337999999989,9.3703800000000008,9.4636057999999998
1991-08-27,8.4085064000000003,8.8444875000000014,9.1720170999999997,9.3415333999999994,9.4084643000000003
1991-08-28,8.3217536999999986,8.7706701000000002,9.1089084000000007,9.2828695999999997,9.3509215000000001
1991-08-29,8.6174229000000011,8.8430657000000004,9.0453995999999997,9.2083563000000002,9.3063132
1991-08-30,8.6513625999999988,8.8443620000000003,9.0562395999999996,9.2456554000000004,9.3573608999999998
1991-09-04,8.6627232000000003,8.8299656000000013,9.0223744000000003,9.2158546999999995,9.3363987999999996
1991-09-05,8.6951411000000007,8.865481299999999,9.0932981000000002,9.2910059,9.4004172999999991
1991-09-06,8.6422899999999991,8.7870100000000004,9.0009322000000012,9.203853800000001,9.3257092999999998
1991-09-09,8.6025282999999995,8.7578858000000004,8.9570717999999996,9.1450703999999998,9.2580706999999993
1991-09-10,8.6002331000000005,8.7181668999999999,8.9148016999999999,9.1150590999999999,9.2392143000000004
1991-09-11,8.5942471000000005,8.7341656000000008,8.926231099999999,9.1172965999999995,9.2376272999999998
1991-09-12,8.50624,8.5990286000000005,8.8062664999999996,9.0135608000000005,9.1380575999999998
1991-09-13,8.5188120999999999,8.6240251000000008,8.8242695999999992,9.0298554000000006,9.1600842
1991-09-16,8.4557354999999994,8.5967759000000008,8.8046938000000008,9.0120798999999998,9.1469018000000002
1991-09-17,8.4344397999999998,8.5882782000000013,8.8029833000000011,9.0132177999999996,9.1518932999999993
1991-09-18,8.3676093000000016,8.5064484,8.7437275000000003,8.9728998000000004,9.118050199999999
1991-09-19,8.3906901999999999,8.5028193999999999,8.7184767000000001,8.9367995000000011,9.0848551000000004
1991-09-20,8.3798656000000005,8.4681841000000002,8.6812576000000004,8.9134588000000008,9.0705213000000011
1991-09-23,8.3054752000000001,8.4023407999999993,8.6276818000000013,8.8659810000000014,9.0215373000000003
1991-09-24,8.2857078000000008,8.3760712000000002,8.5827027000000005,8.7994365999999999,8.9342875999999993
1991-09-25,8.2627751000000007,8.3616969000000001,8.5712393000000002,8.7871848999999997,8.9225244000000004
1991-09-27,8.0677822999999993,8.1394883,8.3330805999999988,8.5334475000000012,8.6759188999999992
1991-09-30,8.0046719999999993,8.1201130999999993,8.3111178999999993,8.4985645999999999,8.6367304000000011
1991-10-01,7.9139071000000003,8.0672121000000008,8.2946962000000006,8.483171200000001,8.6110821000000008
1991-10-02,7.9155576000000005,8.0166088000000002,8.2379688000000009,8.4438226000000007,8.5905269000000004
1991-10-03,7.9842774000000007,8.0584903000000008,8.2524265000000003,8.4459549000000003,8.5926300999999992
1991-10-04,7.9580690999999995,8.013714199999999,8.1747899000000004,8.3441977000000005,8.4842524000000008
1991-10-07,7.9058490999999993,7.9297192000000001,8.0826881000000004,8.2787629999999996,8.4497529999999994
1991-10-08,7.8314157999999994,7.8839385000000002,8.0793505000000003,8.3006174999999995,8.4844144999999997
1991-10-09,7.8045800999999999,7.8967443999999993,8.1338138999999998,8.3758592000000007,8.5645471999999998
1991-10-10,7.8733632,7.9027433999999994,8.1319015999999991,8.3942051000000006,8.5976338000000005
1991-10-11,7.9270134000000008,7.8908293,8.0735288999999995,8.3154971999999994,8.5120921999999997
1991-10-15,7.904496,7.8708708999999999,8.0376303,8.2754812999999992,8.4763128999999999
1991-10-16,7.9048252999999997,7.8966197999999999,8.0618767999999985,8.2950672999999995,8.499835899999999
1991-10-17,7.9582249999999997,7.9923552999999998,8.1575763999999999,8.3784686999999991,8.5792050999999994
1991-10-18,7.8964518999999997,7.8783465999999995,8.0174938000000004,8.2305337999999999,8.4285098000000005
1991-10-21,7.8211832999999995,7.8997104,8.0826139000000001,8.2979766000000001,8.4872538999999989
1991-10-22,7.7956155000000003,7.8675821000000008,8.0541254000000002,8.2864564999999999,8.4947897999999995
1991-10-23,7.7853427000000002,7.8715811999999996,8.0805042999999994,8.3174264000000004,8.5196521999999995
1991-10-24,7.6797413999999993,7.7550260999999994,7.9799049999999996,8.2321326999999993,8.4448404000000004
1991-10-25,7.6445717999999996,7.7133623,7.9333703000000009,8.186872000000001,8.4044207999999987
1991-10-28,7.5613004999999998,7.6572078000000001,7.9017714000000003,8.1686046999999995,8.390752599999999
1991-10-29,7.4678166000000008,7.5278241999999995,7.6666049999999997,7.8556358000000008,8.0431027999999998
1991-10-30,7.2819737,7.4040099999999995,7.6873364999999998,7.9388204,8.1329475999999996
1991-10-31,7.2856902000000003,7.3616701000000004,7.6264565000000006,7.8732580999999993,8.0715793999999992
1991-11-01,7.229252999999999,7.3163222999999995,7.5968067999999995,7.8577479000000006,8.0661066000000012
1991-11-04,7.1348363999999993,7.2309647000000004,7.5392855999999995,7.8226103000000009,8.0428715999999998
1991-11-05,7.130071,7.1723194000000001,7.4433299999999996,7.7375118000000009,7.9842051999999999
1991-11-06,7.1084069999999997,7.2260748000000001,7.5118909999999994,7.7785649000000001,7.9982134999999994
1991-11-07,6.9770814000000003,7.1154565000000005,7.3868556000000005,7.6413030000000006,7.8573079000000003
1991-11-08,7.2807240999999996,7.3709026,7.5761339999999997,7.7951903000000007,7.9822226000000001
1991-11-12,7.4383644000000002,7.6105740000000006,7.7845711999999994,7.9365190000000005,8.0611987000000003
1991-11-13,7.3886408000000001,7.6496864999999996,7.9064609999999993,8.0674104,8.1662052000000003
1991-11-14,7.3286268000000003,7.498474400000001,7.7379294000000005,7.9384476999999993,8.0836994000000004
1991-11-15,7.2080668000000001,7.2986003999999998,7.5438700000000001,7.7892672999999997,7.9783523999999995
1991-11-18,7.2744270000000002,7.3881665999999999,7.586572799999999,7.8038590000000001,7.9883917999999996
1991-11-19,7.2263807,7.3805221000000003,7.6086793999999998,7.8281046000000005,8.0096238
1991-11-20,7.4764806000000004,7.6715197000000002,7.8884175000000001,8.0418398,8.1526111999999991
1991-11-21,7.7569287999999998,7.9839491999999996,8.1203713999999998,8.2294344000000006,8.3203463000000006
1991-11-22,7.6794936999999992,7.7306322999999999,8.0432147999999994,8.306757600000001,8.426634
1991-11-25,7.6876648000000003,7.9095490000000002,8.0865723000000003,8.2340073999999994,8.3498058000000004
1991-11-26,7.4845592999999999,7.7176127999999995,7.9363615000000003,8.0798581999999985,8.1851219000000004
1991-11-27,7.4378587999999999,7.6662958000000003,7.8996194000000006,8.0566281000000011,8.1679195999999994
1991-11-28,7.3574294999999994,7.5584102,7.8007444999999995,7.9751213000000005,8.102919
1991-11-29,7.2385950000000001,7.3749148,7.6169316,7.8132616000000006,7.9677284000000004
1991-12-02,7.2306783000000001,7.3681561000000002,7.5768229000000007,7.7931507,7.9816605000000003
1991-12-03,7.2001469999999994,7.3406681999999996,7.5641632999999997,7.8020648000000001,8.0014211
1991-12-04,7.1958565000000005,7.3846541000000006,7.6640290999999996,7.8823319999999999,8.0398374999999991
1991-12-05,7.2420026999999996,7.4647859999999993,7.7771964999999996,8.0066034999999989,8.1559851999999999
1991-12-06,7.1599782000000003,7.3672523000000005,7.7009183999999991,7.9530479999999999,8.1182925000000008
1991-12-09,7.0446551999999993,7.2309659000000002,7.5661487000000003,7.8373239999999997,8.0284104000000003
1991-12-10,7.0194664000000007,7.2172072000000007,7.5513813000000001,7.8201388999999999,8.0111691999999994
1991-12-11,7.1026639000000005,7.3303705999999993,7.6606170999999996,7.9152057999999998,8.0910019999999996
1991-12-12,7.2232272999999996,7.3988157000000001,7.6771682999999991,7.8987179000000003,8.0606539000000001
1991-12-13,7.2266612999999991,7.3928197000000004,7.6556295999999993,7.8610615999999993,8.0107382999999999
1991-12-16,7.2092196,7.3725866,7.6298309999999994,7.8359858000000004,7.9911387999999999
1991-12-17,7.1989398999999992,7.3556914000000004,7.6213243999999998,7.8361456999999994,7.9953257999999998
1991-12-18,7.3167879000000005,7.3685932999999997,7.5520715000000003,7.7801039000000003,7.9729247000000001
1991-12-19,7.4518493000000001,7.4665201000000003,7.6218745000000006,7.8131080000000006,7.9771222000000002
1991-12-20,7.2065375999999999,7.3045912000000008,7.5164100999999999,7.7060833999999998,7.8429068000000006
1991-12-23,7.2822768,7.3926393000000008,7.5736659,7.7582367999999997,7.9097326999999993
1991-12-24,7.2639637000000006,7.3901455000000009,7.5795184000000004,7.7679552999999997,7.9202524999999993
1991-12-27,7.1976508999999993,7.3123757999999999,7.5450325999999999,7.7600466000000008,7.9090256999999999
1991-12-30,7.0011801,7.1692410999999998,7.4267823999999996,7.6275566000000001,7.7509459000000005
1991-12-31,6.9356765999999999,7.1077725999999997,7.3702348999999998,7.5672714000000001,7.6881915999999997
1992-01-02,6.9619520000000001,7.0857027000000006,7.3449626000000006,7.546907,7.6700214999999998
1992-01-03,6.8197505000000005,6.9893667000000006,7.2449754000000004,7.4040399000000008,7.4950479000000003
1992-01-06,6.7888584000000005,6.9608022000000007,7.1894209,7.3294103999999995,7.4161017999999999
1992-01-07,6.7782814999999994,6.9460032000000007,7.1621918000000004,7.2970769000000004,7.3880831999999996
1992-01-08,6.7639806,6.9352304,7.1652875000000007,7.3087879999999998,7.3993871000000002
1992-01-09,6.7979783999999999,6.9802929000000002,7.2409267999999996,7.4079017,7.5087921
1992-01-10,6.9380270999999993,7.0391545999999998,7.2957307,7.4972379000000009,7.611862799999999
1992-01-13,6.9038822,7.0917463999999999,7.3649810999999996,7.5344166000000001,7.6254208000000006
1992-01-14,7.0084356000000003,7.2019394999999999,7.4687276999999996,7.6627012999999993,7.7721407000000005
1992-01-15,6.9963417999999997,7.2168746000000006,7.4765233000000002,7.6606116000000002,7.7713912999999994
1992-01-16,7.0391090000000007,7.2451409999999994,7.5138855000000007,7.7205215999999997,7.8414633999999994
1992-01-17,6.9268225000000001,7.1655534000000003,7.4620810999999998,7.667373500000001,7.7798360999999998
1992-01-20,6.8619652000000002,7.1218127000000004,7.4214883999999994,7.6209451999999995,7.7283128000000003
1992-01-21,6.925195200000001,7.1738095,7.4703020999999996,7.6818935000000002,7.8012310000000005
1992-01-22,6.9187472999999997,7.2169889000000005,7.5181811000000005,7.7391781000000011,7.8828588000000002
1992-01-23,6.9665670999999998,7.273004499999999,7.5659640000000001,7.7986319000000002,7.9667482999999999
1992-01-24,7.1719932000000002,7.4589274999999997,7.7113293000000001,7.9326026999999995,8.097351699999999
1992-01-27,7.1669649,7.5117379,7.8061925000000008,8.0256916,8.1653738000000011
1992-01-28,7.0889474999999997,7.3711358000000002,7.6171414000000004,7.8269098999999995,7.9862899000000001
1992-01-29,7.0857038999999995,7.3578697999999996,7.6044080000000003,7.8164906000000007,7.9761521000000002
1992-01-30,7.1641714999999992,7.4074696999999992,7.6495724999999997,7.8624758000000003,8.0305469000000009
1992-01-31,7.2043852000000008,7.4423219999999999,7.6675963999999999,7.8597057000000001,8.013911199999999
1992-02-03,7.1655561000000008,7.4379284000000006,7.6736703000000004,7.8741564000000004,8.0400665
1992-02-04,7.314844400000001,7.5090374999999998,7.6985215999999994,7.9326136000000007,8.1468836000000007
1992-02-05,7.2117802999999991,7.4647393000000006,7.680644,7.8590723000000002,8.0029161000000002
1992-02-06,7.2302307999999993,7.4609033000000009,7.6664856000000006,7.8411540999999998,7.9826905000000004
1992-02-07,7.1253006999999995,7.3569155999999998,7.5996383999999999,7.7965127999999995,7.9474012999999992
1992-02-10,7.0593010999999999,7.3299593999999999,7.5766046000000005,7.7691863000000003,7.918130399999999
1992-02-11,7.1040006,7.3632697,7.6097938000000003,7.8095943000000005,7.9638800999999999
1992-02-12,7.0802401000000001,7.3469880000000005,7.5997353000000007,7.7911709999999994,7.9381145000000002
1992-02-13,7.3256971000000002,7.5497923999999994,7.7970531999999997,7.9913733999999996,8.1302497000000002
1992-02-14,7.4150062999999999,7.6347474999999996,7.8540340000000004,8.0168163000000003,8.1302448999999992
1992-02-17,7.5023859999999996,7.7463198999999996,7.9386231,8.0765322000000008,8.1784750000000006
1992-02-18,7.5025772000000002,7.7487085999999996,8.0018583999999997,8.1636024999999997,8.2624712000000002
1992-02-19,7.4327150999999994,7.6545585000000003,7.8606526999999993,8.0291544000000012,8.1586074999999987
1992-02-20,7.365513,7.5356759999999996,7.7390024999999998,7.9329158,8.0930818000000002
1992-02-21,7.4568511000000006,7.6586531999999998,7.8700535,8.0517921000000001,8.1895324000000009
1992-02-24,7.5173363000000011,7.7682540999999992,8.0110904000000005,8.1676914000000007,8.2674050000000001
1992-02-25,7.4246258999999997,7.6533537000000003,7.8590219000000001,8.0273071999999992,8.1619101999999994
1992-02-26,7.3142751000000006,7.5113093000000006,7.7078201000000002,7.8855176999999994,8.0345288999999998
1992-02-27,7.3395114999999995,7.5424481000000005,7.7462017999999997,7.9235193999999991,8.0676360000000003
1992-02-28,7.3843702999999996,7.5799409999999998,7.7835798999999994,7.9430735000000006,8.060320299999999
1992-03-02,7.5119966999999992,7.7390641999999996,7.9731035000000006,8.1268147000000006,8.2260296000000004
1992-03-03,7.5923879999999997,7.8042216999999994,8.0454543000000012,8.2009509999999999,8.2924661999999998
1992-03-05,7.6472617000000005,7.8552922999999995,8.1012436000000001,8.2670250000000003,8.3692984999999993
1992-03-06,7.7836907999999996,7.9769037999999997,8.1979971000000003,8.3395977999999999,8.4217872000000007
1992-03-09,7.8220238000000002,8.0662335000000009,8.2551396999999991,8.3586630999999993,8.4173299999999998
1992-03-10,8.0724351999999993,8.4296254000000008,8.6221638000000009,8.6825185000000005,8.686070299999999
1992-03-11,8.1294900000000005,8.4080197999999999,8.5465245999999997,8.6420141000000008,8.7001948000000002
1992-03-12,8.2862165999999995,8.567126,8.745068100000001,8.8573266000000004,8.9041338000000003
1992-03-13,8.3904835000000002,8.6752273000000013,8.8527765999999986,8.9747246999999994,9.0263814999999994
1992-03-16,8.3384745000000002,8.7452123999999998,8.9324306,9.0274998999999987,9.0759673000000003
1992-03-17,8.1394113000000008,8.4052328999999997,8.5414235000000005,8.6481262999999995,8.7240165999999988
1992-03-18,8.0557619000000003,8.4030453000000005,8.6388158000000015,8.7488489000000005,8.7917933000000001
1992-03-19,8.0067882000000008,8.3745623000000009,8.6054986000000007,8.7071623000000002,8.7474144000000003
1992-03-20,7.9921042,8.3685986999999997,8.6121738000000008,8.7210608000000001,8.7626618000000001
1992-03-23,7.8256429000000001,8.2027444999999997,8.4343874000000003,8.5928044000000003,8.6918620999999998
1992-03-24,7.639926599999999,8.1098305999999987,8.3994093000000003,8.5368408000000002,8.5974421999999997
1992-03-25,7.5771877999999999,8.0682311000000002,8.3806224999999994,8.5290165000000009,8.5920857000000002
1992-03-26,7.7969272000000007,8.2862946000000015,8.558539699999999,8.6600849999999987,8.6863174999999995
1992-03-30,7.6837740000000005,8.1822038999999993,8.4345259000000006,8.5711614000000012,8.6462353000000007
1992-03-31,7.6543792000000002,8.0587614999999992,8.3197010000000002,8.4945246000000001,8.6046841000000001
1992-04-01,7.6982849000000009,8.1361422000000001,8.3965560000000004,8.5591687000000007,8.6586365000000001
1992-04-02,7.7720846999999997,8.2359294999999992,8.4993499999999997,8.6440433999999993,8.7242238000000008
1992-04-03,7.6056900000000001,8.0729001,8.3754352999999995,8.5498595000000002,8.6440013999999987
1992-04-06,7.5327117999999995,8.0423004000000002,8.374319400000001,8.5667016,8.6656240999999987
1992-04-07,7.4770631000000005,7.9750175000000008,8.2860014,8.4742364999999999,8.5887405000000001
1992-04-08,7.3942563000000003,7.9216727000000002,8.2583085999999994,8.4526108999999998,8.5690497000000008
1992-04-09,7.2940754999999999,7.760002000000001,8.1201521000000003,8.3391994999999994,8.4707049000000012
1992-04-10,7.1329598999999995,7.6263833000000005,8.0181339999999999,8.2607413000000012,8.4093946000000006
1992-04-13,7.0388598,7.5479585,7.9466676999999999,8.2069411999999993,8.3797940000000004
1992-04-14,7.0076071000000004,7.4602484999999996,7.8588040000000001,8.1370401000000001,8.329343699999999
1992-04-15,6.9851851000000007,7.435207000000001,7.8435820000000005,8.1330133999999994,8.3332038999999991
1992-04-16,7.0191641999999996,7.4335321999999993,7.8383259000000001,8.1316973000000008,8.3354576999999992
1992-04-20,7.2607940999999991,7.8060183000000007,8.1676158999999995,8.4386171999999995,8.6405490999999994
1992-04-21,7.2809638999999997,7.8918019000000008,8.2575314999999989,8.4965153000000004,8.6696005000000014
1992-04-22,7.3953610000000003,7.8511967,8.1375741000000001,8.4073177999999995,8.6323448999999997
1992-04-23,7.3418017000000004,7.8456929999999998,8.1671823999999997,8.4136683000000012,8.5950679999999995
1992-04-24,7.2647173999999994,7.7896517999999997,8.1286687999999998,8.3780099999999997,8.5557958999999997
1992-04-27,7.4070454999999997,7.9734147000000002,8.2946027999999998,8.5120588999999995,8.6675197999999991
1992-04-28,7.3996781,7.8564550999999998,8.1091230999999997,8.3350667999999999,8.5044594999999994
1992-04-29,7.2944564000000005,7.8226367000000003,8.1433876999999999,8.3836408000000002,8.5666697999999997
1992-04-30,7.2745911999999997,7.7806858000000005,8.1164089999999991,8.3561282000000006,8.5296094
1992-05-01,7.1484902000000003,7.6923709000000002,8.0160747000000008,8.2358998000000003,8.4028520999999987
1992-05-04,7.1800402999999999,7.7562019999999992,8.0991253000000007,8.3310834000000007,8.4990073000000006
1992-05-05,7.1467363000000006,7.7514219999999998,8.1053812999999995,8.3298059999999996,8.4837997999999999
1992-05-06,7.1119876,7.6949031999999997,8.065741899999999,8.2749755,8.4045094000000002
1992-05-07,7.0877984000000005,7.6762770999999992,8.0581370999999997,8.2703878,8.3970760000000002
1992-05-08,7.0301349999999996,7.6100746999999993,7.9811169,8.1823589000000005,8.3000813000000004
1992-05-11,6.9530276000000004,7.5429520999999999,7.9272352000000001,8.1427887999999999,8.2708791000000002
1992-05-12,6.8443386999999998,7.4242579000000006,7.8244885000000002,8.0636112999999998,8.2138021999999999
1992-05-13,6.8195388999999995,7.391826,7.8165468000000002,8.0774308999999995,8.2383252000000002
1992-05-14,6.7942796000000003,7.3710329000000003,7.8108566000000001,8.0890553999999995,8.2665968999999997
1992-05-15,6.6940792,7.2377371999999998,7.6913500999999993,7.9880781999999995,8.1776693999999992
1992-05-19,6.4506863999999995,6.9937602999999999,7.4710996999999999,7.8226290000000001,8.0601402000000011
1992-05-20,6.5212663000000006,7.0758194999999997,7.5547739000000007,7.8821146999999998,8.0999432000000002
1992-05-21,6.6627527000000004,7.1769473999999995,7.6282659000000006,7.9430249999999996,8.1579867000000004
1992-05-22,6.5270466999999996,7.0066570999999991,7.4354445000000009,7.7886593000000008,8.0513469999999998
1992-05-25,6.4777418000000004,6.9598816999999995,7.3823964000000002,7.7321143999999995,7.9925547999999997
1992-05-26,6.5191852999999993,7.0443100999999997,7.5190413999999999,7.8597888000000005,8.097505700000001
1992-05-29,6.476599199999999,6.9634943000000007,7.3946722000000005,7.7598950000000002,8.0368223000000008
1992-06-01,6.4745870999999999,7.0434521999999999,7.5241255000000002,7.8600947000000003,8.0926695000000013
1992-06-02,6.3998353999999997,6.9842693999999996,7.4839410999999991,7.8266524000000004,8.0564721000000006
1992-06-03,6.2794156000000001,6.860084800000001,7.3782253000000004,7.7415411000000001,7.9896123000000001
1992-06-04,6.3371517000000006,6.8370262000000004,7.3106103000000004,7.7039153000000002,7.9923405000000001
1992-06-05,6.2029449000000003,6.649991,7.1359128999999992,7.5507606000000003,7.8495172000000002
1992-06-08,6.1864048999999994,6.6505093000000004,7.1349579999999992,7.5585280000000008,7.8753629000000007
1992-06-09,6.1911266999999999,6.6751822000000001,7.1800090999999995,7.6152905000000004,7.9309222999999998
1992-06-10,6.2023384999999998,6.6964103000000001,7.2085843000000001,7.6499009000000004,7.9682174999999997
1992-06-11,6.0603768000000002,6.5060999999999991,7.064799400000001,7.5369821000000004,7.8547706999999996
1992-06-12,6.0270640999999996,6.3953902000000005,6.9431734999999994,7.4100549000000004,7.7035410999999998
1992-06-15,5.9737968000000006,6.3205761999999996,6.8978744999999995,7.3964086,7.6993041
1992-06-16,5.7576076,6.3175660999999996,6.9262958999999995,7.3428018000000002,7.5979745000000003
1992-06-17,5.8878773999999998,6.2907060000000001,6.8705287000000004,7.3510064000000002,7.6477556
1992-06-18,5.7778953,6.3387161999999995,6.9332922000000003,7.3358581000000003,7.5827944999999994
1992-06-19,5.8075456999999995,6.3762075000000005,6.9844553000000005,7.3929856000000003,7.6367741000000002
1992-06-22,5.9829781999999998,6.3921935000000003,6.9586026999999993,7.4351867,7.7277505
1992-06-23,6.0223354000000002,6.4349295,6.9817460999999996,7.4519856999999998,7.7489576000000007
1992-06-24,5.8353405999999994,6.4192989000000003,6.9863076999999993,7.3655948999999996,7.6033664000000005
1992-06-25,5.8226940999999997,6.3843552999999993,6.9446726999999999,7.3249878000000006,7.5679335999999999
1992-06-26,5.8373216999999995,6.4134776000000002,6.9558536000000002,7.3207877000000003,7.5594404000000006
1992-06-29,5.8601731999999993,6.3584803999999995,6.9044058000000001,7.3312508999999997,7.6099509999999997
1992-06-30,5.8658225000000002,6.3373024999999998,6.8879727000000006,7.3301641000000002,7.6184639000000001
1992-07-02,5.5205215000000001,6.0242354000000002,6.6169041999999996,7.0463349999999991,7.3316307999999992
1992-07-03,5.5016297999999999,5.9770678000000004,6.5682369000000005,7.0119350999999996,7.3147337000000006
1992-07-06,5.3904072999999997,5.8680364000000003,6.4850175999999999,6.9518486000000008,7.2689880000000002
1992-07-07,5.2401873999999999,5.7091814999999997,6.322003800000001,6.7723304999999998,7.0745388000000009
1992-07-08,5.2290174,5.6405111000000003,6.2179045000000004,6.6727746000000003,7.003698
1992-07-09,5.2416214000000005,5.6656228000000004,6.2693842999999996,6.7506256000000002,7.0984257999999993
1992-07-10,5.2946605,5.7084286999999998,6.2878898000000003,6.7540303999999995,7.0980019000000008
1992-07-13,5.3412696999999998,5.7942263000000001,6.3836770000000005,6.8531292999999991,7.1957958
1992-07-14,5.3144464000000005,5.7475491999999999,6.3260300000000003,6.7968557999999994,7.1494454999999997
1992-07-15,5.3434033999999997,5.7257423000000003,6.2422145000000002,6.6833584000000004,7.0383249999999995
1992-07-16,5.3454794000000003,5.6942145000000002,6.2052997999999997,6.6529328000000003,7.0185596000000006
1992-07-17,5.3430169000000003,5.6731202000000005,6.1773631,6.6300527000000002,7.0065185000000003
1992-07-20,5.2889743999999999,5.6358318000000001,6.1349657999999998,6.5671251999999996,6.9222963000000002
1992-07-21,5.2419222999999997,5.5421073000000005,6.0107165,6.4472559,6.8286916
1992-07-22,5.1694037000000002,5.4435570000000002,5.9153768000000007,6.3674226000000003,6.7650424999999998
1992-07-23,5.1758315000000001,5.4270250999999998,5.8717706000000005,6.2923700999999994,6.6601596999999995
1992-07-24,5.2779911999999998,5.5317340999999995,5.9363929999999998,6.3346846000000001,6.7030599999999998
1992-07-27,5.2586867000000002,5.5346111000000002,5.9417589,6.3166554999999995,6.6448370000000008
1992-07-28,5.3352244999999998,5.4694311999999998,5.8426266,6.2647289999999991,6.6096991999999997
1992-07-29,5.2650224000000003,5.4117221999999998,5.8259657000000002,6.2627603000000001,6.5950819999999997
1992-07-30,5.2280550999999997,5.3434087999999997,5.7860735000000005,6.2453298999999998,6.5826274000000007
1992-07-31,5.2631398000000003,5.3355347000000002,5.7549280000000005,6.2382358,6.6088841999999994
1992-08-04,5.2280148999999998,5.3683521000000001,5.8122538000000006,6.2996115000000001,6.6712145999999999
1992-08-05,5.0431058000000002,5.4308823999999998,5.9147658999999999,6.2736818000000003,6.5292011999999993
1992-08-06,5.0106855999999995,5.4209465999999997,5.9377926999999993,6.3042043000000003,6.549972799999999
1992-08-07,4.9547601999999999,5.3254434000000002,5.8299323000000003,6.1965449999999995,6.4461909999999998
1992-08-10,4.9480854000000001,5.3136666999999997,5.8035641,6.1558801000000001,6.3913972999999995
1992-08-11,4.8931430999999996,5.1732716999999999,5.5939318,5.9558968999999999,6.2442218
1992-08-12,4.9268025,5.2383464000000002,5.6775482999999998,6.0461550000000006,6.3309707000000008
1992-08-13,4.8567613999999999,5.2558416000000001,5.7666825999999993,6.1217715999999998,6.3530155000000006
1992-08-14,4.7989327999999993,5.2492564000000002,5.8180885,6.1599263999999998,6.3344206999999999
1992-08-17,4.8190632999999998,5.2936095000000005,5.8781890000000008,6.2717257999999996,6.5076000999999994
1992-08-18,4.8509137000000004,5.3607746000000001,5.9140172,6.2453234000000002,6.4292825999999996
1992-08-19,4.8516328999999994,5.3220343000000003,5.8431562999999995,6.1671692,6.3596674000000002
1992-08-20,4.9628104999999998,5.0780723999999999,5.6537527999999995,6.1087059999999997,6.3115149999999991
1992-08-21,4.7823466000000003,5.2449772999999995,5.7921633000000003,6.1341294999999993,6.3316806000000003
1992-08-24,4.8428890999999998,5.3676238000000005,5.9384712999999998,6.2948976000000005,6.5003115000000005
1992-08-25,4.8831670000000003,5.4397161999999994,6.0046027000000004,6.3478531,6.5444661000000002
1992-08-26,4.8745624999999997,5.4086081999999998,5.9709078,6.3208583000000003,6.5260921999999999
1992-08-27,4.7300246999999995,5.4081253,6.0010249,6.2795265000000002,6.4058396000000002
1992-08-28,4.8788452000000007,5.4120750000000006,5.9746521000000001,6.3146500999999997,6.5070427999999998
1992-08-31,4.8737095000000004,5.4079809999999995,5.9508511999999998,6.2743205999999994,6.4548262999999997
1992-09-01,4.9790269999999994,5.2060195,5.8136368000000003,6.2607672000000001,6.4424068999999999
1992-09-02,4.7432308000000001,5.2609754000000004,5.8013302000000007,6.1574675000000001,6.3787178000000004
1992-09-03,4.6603206000000004,5.2162597999999996,5.8032021,6.1688695000000004,6.3754254999999995
1992-09-04,4.5121049000000006,5.0687015999999998,5.6886401000000006,6.0668813000000004,6.2674414999999994
1992-09-08,4.5752366000000002,5.1085845999999995,5.6486320000000001,5.9885345999999995,6.1937882000000002
1992-09-09,4.8365866000000004,5.3643787999999999,5.8868428000000002,6.2115369999999999,6.4003940999999998
1992-09-10,5.3872058000000003,5.7031112999999998,6.2056161000000003,6.4845466000000007,6.5170114000000003
1992-09-11,4.9352675000000001,5.0614407000000003,5.7252668,6.2676699999999999,6.6016433999999995
1992-09-14,4.9012240999999994,5.5187970000000002,6.0421662999999999,6.2990165999999999,6.4214469999999997
1992-09-15,5.2359684,5.7852089000000007,6.2458996000000004,6.5061168,6.6397148000000001
1992-09-16,5.8333501999999999,6.3553983999999994,6.6574458000000005,6.8754190000000008,7.0714553000000002
1992-09-17,5.4974329000000006,6.0111604999999999,6.4119293999999991,6.7169874000000007,6.9652042999999999
1992-09-18,5.4844875000000002,6.0224595999999995,6.4198532999999998,6.7157860999999999,6.9567345999999999
1992-09-21,5.8992950999999998,6.4296647999999994,6.7530378999999998,7.0032171000000005,7.2334103000000001
1992-09-22,6.0272869,6.5483742999999999,6.8874034000000002,7.1262394000000011,7.3250066
1992-09-23,5.9679003000000002,6.4557597999999992,6.7704211000000001,7.0172145000000006,7.2400248999999999
1992-09-24,6.0165758,6.4739831999999993,6.7863626999999997,7.0329794000000003,7.2544352000000005
1992-09-25,5.8375102999999999,6.2375037000000004,6.5969788999999999,6.8805464000000001,7.1076500000000005
1992-09-28,6.1386547,6.4873025000000002,6.7901595999999991,7.0475200999999998,7.2739482999999989
1992-09-29,7.1374863999999993,7.1380448999999997,7.3593658000000008,7.5547111999999998,7.6883062999999998
1992-09-30,6.9401909999999996,6.913156400000001,7.1022355999999993,7.3086859000000004,7.4876117000000004
1992-10-01,7.1272116999999993,7.0073055999999996,7.1466164999999995,7.3274457000000002,7.4914562
1992-10-02,7.2684148000000004,7.0019478999999993,7.0983771000000004,7.2815708000000008,7.4622206999999996
1992-10-05,7.0664387999999994,6.9083812999999994,7.0498019999999997,7.2573191999999995,7.4532471999999999
1992-10-06,7.0165887999999992,6.8113917999999991,6.9509915000000007,7.1850115000000008,7.4128366000000003
1992-10-07,6.9938773999999997,6.7867145000000004,6.8824315,7.0843638000000002,7.3019315000000002
1992-10-08,6.9016826,6.6218916000000005,6.7218641999999997,6.9484028000000002,7.1882076000000001
1992-10-09,6.9607162999999996,6.7579153999999999,6.8470395000000002,7.0432209999999991,7.2631686999999996
1992-10-13,6.8225694000000008,6.6630517999999999,6.7695660000000002,6.9822353000000001,7.2221311999999998
1992-10-14,7.0471456999999997,6.9551181,7.0685779000000002,7.2384984999999995,7.4213741999999998
1992-10-15,6.8984965999999996,6.7899694999999998,6.9499091999999996,7.1575116999999997,7.3556932000000002
1992-10-16,6.7360863000000011,6.6215511000000005,6.7865172000000005,7.0213261999999999,7.2594722000000003
1992-10-19,6.7030890999999997,6.6472984999999998,6.8429155000000002,7.0867694999999991,7.3218338999999997
1992-10-20,6.6176592000000003,6.6376302000000003,6.8837779000000001,7.1422787000000003,7.3732554000000006
1992-10-21,6.5557859000000001,6.6041827999999994,6.8619457999999991,7.1324733,7.3724330000000009
1992-10-22,6.4266424999999998,6.4475065999999996,6.7194852999999997,7.0179985,7.2873410999999999
1992-10-23,6.4307471000000005,6.4955572000000004,6.7857319999999994,7.076549,7.3242725999999996
1992-10-26,6.1870797999999994,6.2172410999999999,6.5250359999999992,6.8681038000000001,7.1729405999999996
1992-10-27,5.7332403999999997,5.9527033999999999,6.3075622999999998,6.6558802999999997,6.963056400000001
1992-10-28,5.7185350000000001,5.9111519000000001,6.2584494000000008,6.6091718999999998,6.9233048000000004
1992-10-29,5.5966804000000003,5.8226661999999996,6.2028011000000003,6.4737420000000006,6.6468277000000002
1992-10-30,5.6639087999999997,5.8620736999999998,6.1864549999999996,6.5299848999999996,6.8544678999999995
1992-11-02,5.7111896,5.9487908999999997,6.2836053000000005,6.6193334000000004,6.9301963999999998
1992-11-03,5.7494325999999996,6.0046160999999998,6.3594302000000003,6.6985470000000005,6.9986594000000002
1992-11-04,5.8925494,6.1183095999999999,6.4315072999999998,6.7512881999999994,7.0544076999999996
1992-11-05,6.1509137999999997,6.3174002000000007,6.5466171000000006,6.8189926999999999,7.1125144999999996
1992-11-06,6.4447695999999999,6.6427332000000003,6.9227651999999997,7.1786734000000001,7.4057211999999994
1992-11-09,6.5744254,6.6758547000000004,6.9177092999999994,7.1611218000000001,7.3857003000000008
1992-11-10,6.6832124000000004,6.8010532000000001,6.9818905999999998,7.1748617000000001,7.3715621999999996
1992-11-12,6.5441007999999998,6.5247279000000002,6.6905869000000004,6.9346968999999996,7.1979356999999995
1992-11-13,6.5884396999999995,6.5650553,6.730219,6.9790535,7.2484107000000009
1992-11-16,7.2805076999999994,7.1610876000000001,7.2861714999999991,7.459911,7.6287272000000002
1992-11-17,7.3455190000000004,7.2064668999999997,7.3111475999999991,7.4802455000000005,7.6515543000000008
1992-11-18,7.3156547000000005,7.1860284999999999,7.2929019999999998,7.4662959999999998,7.6436447000000003
1992-11-19,7.1547068000000005,6.9984986999999999,7.1213044999999999,7.3120953000000002,7.5050701999999996
1992-11-20,7.657681600000001,7.3878795999999998,7.4276676000000004,7.5503564999999995,7.6885249
1992-11-23,7.8717504999999992,7.4885511000000005,7.5101906999999999,7.6539389,7.8176423999999995
1992-11-24,7.6112902,7.2404047,7.2997123999999998,7.4644453999999998,7.6341356999999999
1992-11-25,7.3302701999999993,7.0794484000000004,7.1799126000000006,7.3600982999999998,7.5404136999999993
1992-11-27,7.3364351999999995,7.1055054000000002,7.2395625000000008,7.4461921000000002,7.6409016999999997
1992-11-30,7.5131611999999999,7.3535303999999995,7.4474583000000001,7.6030420000000003,7.7627432999999995
1992-12-01,7.3930931000000006,7.2674875999999999,7.4016365999999998,7.5768935999999991,7.737287499999999
1992-12-02,7.2212152000000005,7.1067751000000001,7.2747678999999996,7.4746967999999994,7.6478242999999999
1992-12-03,7.0309257000000001,6.9196353999999998,7.1280898999999991,7.3646034,7.5644287000000006
1992-12-04,7.0397819000000004,6.9228635999999995,7.1359030000000008,7.3750919000000001,7.5730497999999997
1992-12-07,6.8618578999999995,6.8113273000000003,7.0250481000000002,7.2749986,7.4955532000000007
1992-12-08,6.9485397000000004,6.8712981000000006,7.0652134000000002,7.3038133000000007,7.5184816999999997
1992-12-09,7.0460096999999999,6.991505000000001,7.1606218999999998,7.374309900000001,7.5765152000000002
1992-12-10,7.0580134000000001,6.9793861000000001,7.1464467000000003,7.3615731000000002,7.5638639999999997
1992-12-11,7.1925473000000002,7.1031751000000005,7.2474827000000008,7.4441951000000008,7.6331298000000007
1992-12-14,7.1788188000000002,7.1976361000000004,7.3805000999999999,7.5655609999999998,7.7223359000000009
1992-12-15,7.3695577999999999,7.3383654000000007,7.4640542000000005,7.6038954000000007,7.7298562000000004
1992-12-16,7.3068737999999991,7.3053936999999998,7.4439058999999999,7.5887332000000001,7.7165595000000007
1992-12-17,7.2019619000000006,7.2073399999999994,7.3528932000000005,7.504382699999999,7.6404275999999989
1992-12-18,7.1421342999999995,7.1373470999999995,7.2560537999999992,7.4133953000000004,7.5800755999999998
1992-12-21,6.9793038999999997,6.9791905000000005,7.1025530000000003,7.271443800000001,7.4508284999999992
1992-12-22,6.9242555000000001,6.9174985999999992,7.0439612,7.2141260999999997,7.3900128999999994
1992-12-23,6.9127690000000008,6.9358057999999998,7.0704940999999994,7.2464873999999995,7.4285568999999994
1992-12-24,6.9269043999999997,6.9435171000000002,7.0835837000000001,7.2635665999999999,7.4475690999999999
1992-12-29,6.9661196999999992,6.9659735999999999,7.0923484999999991,7.2692625,7.4572294000000001
1992-12-30,6.897078500000001,6.9538871000000002,7.1225988000000005,7.3193827000000002,7.5127004999999993
1992-12-31,6.9132305000000009,6.9470209000000001,7.1168542000000006,7.3168513000000006,7.5109662999999998
1993-01-04,7.0089815,7.1130058999999992,7.1531170000000008,7.2426679999999992,7.3899987999999999
1993-01-05,7.0071697999999998,7.1343563000000003,7.1969345000000002,7.2992026000000001,7.4526866999999992
1993-01-06,6.9994465000000003,7.1555977000000004,7.2238182999999996,7.3204174999999996,7.4650071999999996
1993-01-07,7.0394024000000002,7.2494741000000005,7.3830554000000008,7.4995573999999996,7.6311038999999994
1993-01-08,7.0180487999999999,7.2211632999999997,7.361529,7.4849446999999998,7.6194923000000001
1993-01-11,6.8856929999999998,7.2014149999999999,7.3799316000000008,7.5136457000000005,7.6515855999999989
1993-01-12,6.8710847000000008,7.1972267000000008,7.3879693,7.5269525000000002,7.6642993000000006
1993-01-13,6.8436361999999997,7.1625510000000006,7.3529103999999998,7.4899721000000001,7.6224355999999993
1993-01-14,6.7794645000000004,7.0724207999999997,7.2417549000000001,7.3827401000000004,7.5381991999999993
1993-01-15,6.7797927999999992,7.0688829999999996,7.2254719999999999,7.3565040999999995,7.5076416000000004
1993-01-18,6.7017620999999998,7.0215990000000001,7.1770084000000001,7.3184125,7.4875790999999996
1993-01-19,6.7635176000000001,7.1024094999999994,7.2560696999999994,7.3807071000000004,7.5307140999999991
1993-01-20,6.8340036000000008,7.1686477999999996,7.3388147999999997,7.4652545999999997,7.6007500000000006
1993-01-21,7.0800877,7.3302580000000006,7.4760879000000005,7.5823501000000002,7.6916755999999999
1993-01-22,6.9651619999999994,7.243150299999999,7.4204440999999992,7.5503157999999999,7.6724909999999991
1993-01-25,6.8353052999999999,7.1591644999999993,7.3609868999999994,7.5056438000000005,7.6373564000000007
1993-01-26,6.8848418999999996,7.2051501,7.3910578000000005,7.5247617,7.6527514000000005
1993-01-27,6.8403466999999996,7.0549530000000003,7.0703487999999997,7.2114025000000002,7.4509255999999997
1993-01-28,6.7392913999999999,7.0807351000000001,7.2223253000000005,7.3325987999999995,7.4748186999999993
1993-01-29,6.7200677000000004,7.0603991000000006,7.2119313000000007,7.3328458999999997,7.4826330999999993
1993-02-01,6.7288822999999995,7.0944426000000007,7.2327003000000003,7.3362767999999994,7.4741872999999996
1993-02-02,6.7223472000000006,7.0541523999999995,7.1770907999999993,7.2940345000000004,7.4556619000000008
1993-02-03,6.7980018000000006,7.1065399999999999,7.2031352000000011,7.3010971999999992,7.4504404999999991
1993-02-04,6.6834763000000006,7.0166334999999993,7.1441899000000006,7.2574228000000005,7.4069966999999997
1993-02-05,6.629521200000001,6.9178176999999996,6.9936434000000007,7.1066026000000004,7.2832119000000004
1993-02-08,6.6257786000000003,6.9293088000000003,7.016229,7.1418434,7.3282745999999994
1993-02-09,6.6598825999999995,6.9728555999999999,7.0548574000000004,7.1702829999999995,7.3477740999999996
1993-02-10,6.5627578000000009,6.8968471999999998,6.9981391000000004,7.1277393999999994,7.3168694000000007
1993-02-11,6.488047700000001,6.8437244999999995,6.9584093999999999,7.0801728999999991,7.2541145
1993-02-12,6.4731593000000007,6.772320699999999,6.8644743999999998,6.9595146999999997,7.1081377000000003
1993-02-15,6.4985989999999996,6.7732925000000002,6.8040701999999991,6.8919389999999998,7.0632959
1993-02-16,6.7157705999999999,6.9905397999999996,6.9894012000000005,7.0479875999999999,7.2047330000000009
1993-02-17,6.6519470999999992,6.9090803000000003,6.9275833999999996,6.9707413999999996,7.0942611000000007
1993-02-18,6.5269841,6.7946084000000004,6.8541483000000003,6.8701450999999993,6.9178840000000008
1993-02-19,6.5012610999999998,6.7858578000000005,6.8433488000000002,6.8829504999999997,6.9718174999999993
1993-02-22,6.5003954999999998,6.7778627999999994,6.8338073000000001,6.8496712999999998,6.8992443000000003
1993-02-23,6.3596002999999994,6.7057516000000001,6.7741118,6.7222667999999999,6.6794799000000005
1993-02-24,6.5212249,6.7800526000000003,6.8877296000000001,6.9122482999999999,6.9337555999999996
1993-02-25,6.3989957999999998,6.69998,6.7678748999999998,6.7881328000000005,6.8408888000000001
1993-02-26,6.3530157000000003,6.6741007000000003,6.7404229999999998,6.759788799999999,6.817398400000001
1993-03-01,6.2273069999999997,6.602824,6.6661000000000001,6.6116946999999993,6.5785073000000001
1993-03-02,6.1849153000000001,6.5883611999999996,6.6794140000000004,6.6457659000000007,6.6234139999999995
1993-03-03,6.0998494000000001,6.5267378000000003,6.6348007000000004,6.6116378999999998,6.5943076000000005
1993-03-04,6.0768424999999997,6.508864,6.6380658999999991,6.6311458999999999,6.6212149
1993-03-05,6.2451141000000003,6.6030194,6.662544200000001,6.7446643999999996,6.8723525999999993
1993-03-08,6.0890241999999999,6.5542002999999998,6.7085045999999995,6.7723959999999996,6.8433336999999996
1993-03-09,6.2363073999999994,6.6664605999999997,6.7277681000000005,6.8306768,7.0154493000000002
1993-03-12,5.9190523000000006,6.3475009999999994,6.6470407999999992,6.8904300999999997,7.1085873999999993
1993-03-15,6.0160537999999999,6.4686218000000002,6.7671603999999999,7.0229108999999994,7.2625237999999994
1993-03-16,6.0111606999999996,6.491472700000001,6.7792498000000005,7.0003886,7.1998662000000007
1993-03-17,5.9801779999999995,6.4835720999999999,6.7768373000000004,6.9966502000000004,7.1924614
1993-03-18,5.8334400000000004,6.3110948000000002,6.6262449999999999,6.8057505000000003,6.9200728000000007
1993-03-19,5.8214627999999999,6.3262634999999996,6.6571930999999998,6.8433177000000001,6.9588452999999992
1993-03-22,5.7955285999999999,6.2892032000000002,6.6110830999999992,6.7915844000000005,6.9047972
1993-03-23,5.7475655000000003,6.2917256000000004,6.6158045999999997,6.7413160000000003,6.7832610000000004
1993-03-24,5.6959619000000004,6.2425778999999997,6.602401200000001,6.8010558000000003,6.9163848000000003
1993-03-25,5.7109861999999998,6.2350532999999997,6.6049013000000008,6.8170502999999991,6.9417323
1993-03-26,5.7817657000000002,6.2915537999999991,6.6263542999999991,6.8714424999999997,7.0742807000000001
1993-03-29,5.8095086999999994,6.3112416000000007,6.6324976999999992,6.8701146000000008,7.0724043999999999
1993-03-30,5.6957250999999998,6.263357899999999,6.6278566999999997,6.8246680000000008,6.9378601
1993-03-31,5.9964659999999999,6.405672,6.6618282999999998,6.8711314999999997,7.0673116999999994
1993-04-01,6.1129118,6.5470715999999998,6.8002208999999993,6.9950966000000001,7.1758901999999996
1993-04-02,6.2677249000000002,6.6453274000000011,6.8793701,7.0910803999999992,7.3044781000000008
1993-04-05,6.1957415000000005,6.5852482999999999,6.7930687000000001,7.0212094,7.2625462000000001
1993-04-06,5.9817660999999998,6.4685607000000003,6.7434988000000002,6.9544015999999997,7.1501751000000002
1993-04-07,6.0188893999999999,6.514104699999999,6.7876165000000004,6.9913816000000004,7.1776336999999995
1993-04-08,5.8653583000000005,6.3679059999999996,6.6932930000000006,6.8822856999999997,7.0033002999999994
1993-04-12,5.8311570000000001,6.3282635000000003,6.6369702999999998,6.8131553999999994,6.9284190999999993
1993-04-13,5.7813730999999997,6.2740462999999993,6.5946623999999998,6.7835366999999991,6.9069996999999992
1993-04-14,5.7892678000000002,6.2580485000000001,6.5705514000000003,6.7577256000000006,6.8822122999999999
1993-04-15,5.7080916000000004,6.2206901000000006,6.5444283000000008,6.6688786000000002,6.7067129000000003
1993-04-16,5.7261524000000001,6.2457754999999997,6.5670913999999998,6.6865983,6.7192909999999992
1993-04-19,5.6682122000000001,6.2293960000000004,6.5616246,6.6845870000000005,6.7198297
1993-04-20,5.6939060999999995,6.2414432,6.5611751999999992,6.6832484999999995,6.7245872999999996
1993-04-21,5.7293292000000005,6.3118616000000003,6.6119322999999994,6.6992253000000002,6.7130063
1993-04-22,5.8814888000000005,6.3821450999999998,6.6415007999999993,6.7641463999999996,6.8439528000000003
1993-04-23,5.7782453999999994,6.3344955999999994,6.6282682999999993,6.7129640000000004,6.7241422999999996
1993-04-26,5.7565527999999997,6.3448035999999997,6.6496670999999994,6.7986941999999999,6.8944805000000002
1993-04-27,6.3270951000000002,6.9430365999999992,7.1282008999999995,7.2429943999999997,7.3817815999999992
1993-04-28,6.0580834000000001,6.5378984999999998,6.7518855000000002,6.8989312999999992,7.052975
1993-04-29,6.0065803999999998,6.5043625999999994,6.7086537000000002,6.8483954000000002,7.0046504999999994
1993-04-30,5.9494149000000007,6.4778838000000007,6.7114327999999999,6.8731140999999996,7.0438458999999991
1993-05-03,5.8332947000000006,6.3911311,6.6772034999999992,6.8172805000000007,6.9143309999999998
1993-05-04,5.8053445999999997,6.3464986000000003,6.6287715999999994,6.7751804999999994,6.8810466000000003
1993-05-05,5.8578247999999995,6.3691372999999993,6.6334638999999997,6.7706562999999997,6.8720030000000003
1993-05-06,5.7796254999999999,6.3056535999999994,6.5877118999999995,6.7344807000000007,6.8403740000000006
1993-05-07,5.7647144999999993,6.3097120000000011,6.6171838999999997,6.7855651000000003,6.9043833999999995
1993-05-10,5.7427529000000002,6.2940198000000001,6.5898716999999998,6.7535137999999995,6.8767247000000005
1993-05-11,5.8044449,6.3609929999999997,6.6512616999999992,6.8098706999999994,6.9297816999999995
1993-05-12,5.8421555999999999,6.5697042999999997,6.706577900000001,6.8299118000000005,7.0808583999999994
1993-05-13,5.8404299000000002,6.5914052000000005,6.7474372000000002,6.8827601999999999,7.139915199999999
1993-05-14,5.9508861,6.6968123000000004,6.8521042000000003,6.9985017999999997,7.2697940000000001
1993-05-17,6.1811591000000004,6.6416886999999996,6.8500240000000003,7.0831291000000007,7.3254210000000004
1993-05-18,6.08209,6.5759752000000002,6.8090732999999997,7.0426239000000006,7.2779223000000002
1993-05-19,5.9707736999999996,6.4800281000000002,6.7289043000000008,6.970130300000001,7.2091734000000001
1993-05-20,5.9565483000000006,6.4587581000000007,6.6919358999999998,6.9280185999999997,7.1669026999999996
1993-05-21,5.9404608999999997,6.4514659000000005,6.6959294000000007,6.9400288000000003,7.1849722000000007
1993-05-25,5.6032858999999995,6.5102409000000003,6.6903272999999999,6.8332978000000004,7.1139509000000007
1993-05-26,5.7084581999999999,6.3162472999999997,6.6107867999999996,6.8056174999999994,6.9604688999999995
1993-05-28,5.8264700000000005,6.4155962999999998,6.6842078999999996,6.8650249999999993,7.0128336999999998
1993-05-31,5.7910196999999997,6.3925688999999997,6.6571169999999995,6.8333023000000006,6.9775904000000004
1993-06-01,5.7702086999999995,6.3876609000000002,6.656606,6.8292513000000001,6.968405699999999
1993-06-02,5.6848733999999999,6.3140442000000006,6.6197008000000004,6.8235270000000003,6.9838835000000001
1993-06-03,5.5921257999999998,6.4864491999999991,6.6698813999999995,6.8208395000000008,7.1034137999999993
1993-06-04,5.8965037999999996,6.4200624999999993,6.6645607999999994,6.9107557999999996,7.1598401000000003
1993-06-07,5.9083047000000004,6.4783993999999998,6.7215871999999992,6.9582174999999999,7.2000988000000001
1993-06-08,5.9557023000000004,6.4838515999999995,6.720675,6.9602183999999996,7.2045474999999994
1993-06-09,5.6548977000000002,6.4954291,6.6635055999999997,6.8175572000000004,7.1020918000000002
1993-06-10,5.7116949999999997,6.3266290000000005,6.6335478000000005,6.8376549999999998,6.9977441000000002
1993-06-11,5.6417837999999998,6.2192571000000001,6.5273042000000006,6.7509579999999998,6.9303177999999992
1993-06-14,5.5800897000000003,6.2108610000000004,6.5759241999999993,6.7873657999999999,6.9282381000000006
1993-06-15,5.4796372,6.1284581999999999,6.516506399999999,6.7479251000000007,6.9039315999999999
1993-06-16,5.4256820999999995,6.0982997000000001,6.4847806999999991,6.6755502999999994,6.7797288
1993-06-17,5.3759429999999995,6.0536459999999996,6.4514421999999998,6.6473383999999998,6.7516201000000002
1993-06-18,5.3328793000000001,6.0311706999999997,6.4565074999999998,6.6734256000000007,6.7896780000000003
1993-06-21,5.2443115999999996,5.9213372,6.3532462000000001,6.5824710999999994,6.7086337999999994
1993-06-22,5.3276412000000004,6.0079473999999999,6.4206865000000004,6.6373297999999998,6.7600736999999995
1993-06-23,5.3891133,6.0424115,6.4386789999999996,6.6510992000000009,6.7757471999999996
1993-06-24,5.3881205000000003,6.0244447999999995,6.4044828999999996,6.6096113999999995,6.7357417000000002
1993-06-25,5.3296504000000002,5.9845632000000002,6.3753867000000009,6.5814429999999993,6.7032566999999998
1993-06-28,5.2492127999999996,5.9559791000000004,6.2877578999999999,6.4918803999999994,6.7104660999999997
1993-06-29,5.2359342,5.8888620000000005,6.3234299999999992,6.5762402,6.7305783999999997
1993-06-30,5.1893018,5.8676423999999994,6.3144933999999999,6.5675333,6.715977099999999
1993-07-02,5.1298335999999995,5.8663227999999998,6.2304678000000004,6.4544580000000007,6.6877773000000005
1993-07-05,5.0844255,5.8422993999999999,6.2179561000000003,6.4483671000000005,6.6860365000000002
1993-07-06,5.1165604,5.8712573999999993,6.2378089999999995,6.4632046000000001,6.6959932000000002
1993-07-07,5.1372987000000006,5.8103195000000003,6.2507897000000003,6.5055367999999998,6.6629385999999995
1993-07-08,5.0620007999999999,5.7881638999999998,6.1482193000000001,6.3721926999999994,6.6108410000000006
1993-07-09,4.9123444000000003,5.6467768999999999,6.0187998,6.2503219999999997,6.4970106000000003
1993-07-12,4.8271635000000002,5.5849063000000001,5.9842927999999995,6.2290459,6.4774294999999995
1993-07-13,4.7802574,5.5922592,6.0219528000000002,6.2668056999999999,6.5032142000000004
1993-07-14,4.7703720999999994,5.5751027000000004,6.0027483999999998,6.2483979999999999,6.4856123999999999
1993-07-15,4.7226283000000002,5.5048189000000001,5.9428824000000002,6.2041922999999999,6.4582955999999996
1993-07-16,4.6509269,5.4380873000000003,5.8604913999999999,6.1261856000000003,6.4114871000000004
1993-07-19,4.6266188999999995,5.4286576000000002,5.8518264999999996,6.1194443999999999,6.4076255999999994
1993-07-20,4.6571406,5.4206671999999996,5.8408651999999996,6.1226821999999999,6.4183655000000002
1993-07-21,4.6756738000000002,5.4437012999999999,5.9312585000000002,6.2491479999999999,6.5312187999999995
1993-07-22,4.8520196000000002,5.5822801000000002,6.0548247999999996,6.3882469999999998,6.6824490000000001
1993-07-23,4.8423106000000002,5.5706232,6.0455240999999997,6.3848223999999991,6.686004399999999
1993-07-26,4.8253827999999999,5.5227995999999999,5.9812456000000003,6.3283692,6.6423693000000004
1993-07-27,4.7791183999999998,5.4796829000000002,5.9313811000000003,6.2710245999999996,6.5810117999999997
1993-07-28,4.7848148999999998,5.4637877000000001,5.8964743999999998,6.2425730999999995,6.5632684999999995
1993-07-29,4.8434889999999999,5.4611435999999998,5.8162037,6.1255537000000002,6.4498092000000007
1993-07-30,4.7932544999999998,5.4183623000000001,5.7956646999999997,6.1295580000000003,6.4680876999999999
1993-08-03,4.8309142999999999,5.4663905999999995,5.8087029000000001,6.1125802,6.4331537999999995
1993-08-04,4.7709244000000002,5.4816865999999997,5.8597703000000001,6.1712705999999997,6.4959199999999999
1993-08-05,4.7994437999999997,5.4876671000000004,5.8584993000000001,6.1659516999999999,6.4815375999999993
1993-08-06,4.7859654999999997,5.4972730999999992,5.8469170999999998,6.1227344000000006,6.4201193999999999
1993-08-09,4.7967605000000004,5.4149450000000003,5.7712671000000002,6.0674955000000006,6.3389955999999996
1993-08-10,4.6472604000000004,5.4275941999999997,5.8010643999999996,6.0465309999999999,6.3035500999999989
1993-08-11,4.8526362000000001,5.6050800999999995,5.9881383000000001,6.2360066999999999,6.4622149000000002
1993-08-12,5.2775559999999997,5.9069931999999996,6.2110083000000005,6.4141908000000001,6.6284450999999995
1993-08-13,5.2052309999999995,5.8118408000000006,6.1230180000000001,6.3207957999999991,6.5225667999999999
1993-08-16,5.0166447999999999,5.6388895000000003,5.9429183999999999,6.1511943999999996,6.3841524999999999
1993-08-17,4.9800591000000001,5.6162502000000005,5.9701772000000002,6.2056110999999996,6.4279273999999997
1993-08-18,5.1359756000000001,5.7584048000000001,6.1105345,6.3315799000000004,6.5307997000000011
1993-08-19,4.9170144999999996,5.4857453999999999,5.8676864000000002,6.1437685000000002,6.3944063999999994
1993-08-20,5.0036683999999996,5.5383988999999998,5.9049442000000001,6.170852,6.4048566000000005
1993-08-23,5.0210828000000003,5.5771508000000001,5.9522193999999997,6.2053628999999999,6.4206549000000006
1993-08-24,5.0431568000000002,5.5284965000000001,5.8769193,6.1516956,6.3984696999999997
1993-08-25,4.8986399,5.3616926999999999,5.6987554000000005,5.9805257000000003,6.2478033000000002
1993-08-26,4.9392905000000003,5.4012500999999995,5.6864334000000003,5.9201458000000002,6.1900950000000003
1993-08-30,5.1015834,5.5477471000000005,5.7695957,5.9542904999999999,6.2007699000000001
1993-08-31,5.1129102,5.5577611999999998,5.7703562000000002,5.9505600999999997,6.1917397999999997
1993-09-01,5.2162901999999995,5.6645414999999995,5.8612213000000004,6.0178629999999993,6.2361214999999994
1993-09-02,5.2020436999999999,5.6007804999999999,5.7944690999999997,5.9596622000000004,6.1847152000000003
1993-09-03,5.1875909,5.5753662000000004,5.7694190999999995,5.9360771000000003,6.1611018
1993-09-07,5.1627197000000002,5.5558304999999999,5.7492942999999999,5.9155157999999997,6.1370163999999994
1993-09-08,5.1673676999999998,5.5565256999999999,5.7387929,5.9009688999999996,6.1228465999999999
1993-09-09,5.1944728000000007,5.6094993000000004,5.8213574000000001,5.9976376999999994,6.2245132999999999
1993-09-10,5.1874624999999996,5.5961271000000004,5.7951550999999997,5.9646685999999995,6.1894046000000005
1993-09-14,5.3646610999999993,5.8178511000000004,6.0887402000000002,6.2792892,6.4520289999999996
1993-09-15,5.2266072000000001,5.7169169999999996,6.0030703999999995,6.1987594999999995,6.3864697000000001
1993-09-16,5.2155613000000001,5.6990239999999996,5.9935305000000003,6.2005741000000008,6.4005850000000004
1993-09-17,5.2008768999999999,5.7135891000000001,6.0398607999999996,6.2622463000000002,6.4662782000000005
1993-09-20,5.3170320000000002,5.9177254999999995,6.2357208999999996,6.4488157000000008,6.6572902000000003
1993-09-21,5.210947,5.8269482999999997,6.1502964000000002,6.3657074999999992,6.5823938000000002
1993-09-22,5.2032606000000001,5.7620475999999998,6.0700954999999999,6.2690836999999995,6.4607710999999997
1993-09-23,5.2640013999999997,5.7758577999999998,6.0841994000000001,6.2928278000000004,6.4886594000000004
1993-09-24,5.2183881000000003,5.7410546,6.0473824,6.2520888999999995,6.4521976999999993
1993-09-27,5.3337352999999998,5.7430690999999996,6.0220019999999996,6.2554201000000003,6.4577962000000007
1993-09-29,5.2786683999999999,5.7156571000000005,6.0006478000000003,6.2312416000000006,6.4517471000000004
1993-09-30,5.3040902000000001,5.7304237999999996,6.0430472999999996,6.2935195000000004,6.5203343999999994
1993-10-01,5.2363667999999999,5.6816138,5.9981324000000003,6.2511147000000005,6.4902624000000007
1993-10-04,5.2033621999999999,5.6593565999999997,5.967981,6.2423318999999999,6.5186146000000003
1993-10-05,5.1651743000000003,5.4903222999999999,5.7918567999999997,6.1022890000000007,6.3889895000000001
1993-10-06,5.0383420000000001,5.3786474000000002,5.6951425000000002,6.0110156999999997,6.2973547000000005
1993-10-07,5.0447039,5.3603717,5.6676126,5.9788902999999998,6.2629568999999998
1993-10-08,4.8711959999999994,5.2712345000000003,5.5708573999999995,5.8535497999999997,6.1710760000000002
1993-10-12,4.9105938,5.2826537,5.5725354999999999,5.8643200999999996,6.1819392999999998
1993-10-13,4.9531013999999995,5.3202847999999996,5.5844798999999998,5.8622211000000002,6.1794164
1993-10-14,4.8843928000000005,5.1647422999999995,5.4111241999999997,5.7081238000000001,6.0498338
1993-10-15,4.9281117999999999,5.2391360000000002,5.4897762000000006,5.777698,6.1078608000000001
1993-10-18,4.8979762000000004,5.2201591999999994,5.4815047999999997,5.7834976999999999,6.1271487000000002
1993-10-19,4.7921071,5.1657538000000001,5.452337,5.7529744000000003,6.0925273999999998
1993-10-20,4.6777004,5.0929154999999993,5.3947172000000005,5.6820159000000006,6.0092252999999998
1993-10-21,4.7456151000000002,5.2147060999999999,5.5127661999999997,5.7783290999999997,6.0938685999999995
1993-10-22,4.7636818999999999,5.2383193000000006,5.5376874000000003,5.8113602999999996,6.1371190999999996
1993-10-25,4.7082022000000006,5.1424852000000003,5.4424527000000005,5.7327969999999997,6.0742380000000002
1993-10-26,4.7029310999999998,5.1029993999999999,5.3888471999999998,5.6890789000000002,6.0420609000000001
1993-10-27,4.7093954,5.1087975999999999,5.4298651000000007,5.7659072999999994,6.1302659999999998
1993-10-28,4.7262249999999995,5.1105106999999999,5.4184035999999995,5.7408044,6.1010964000000003
1993-10-29,4.6315778000000005,5.0528662000000004,5.3850426999999996,5.7075183999999997,6.0578092000000003
1993-11-01,4.5601001999999999,5.0175263999999995,5.3945429000000003,5.7480792000000003,6.1116985000000001
1993-11-02,4.6322350999999999,5.1255467999999995,5.4832276999999996,5.8157755999999994,6.1713813999999996
1993-11-03,4.6857682,5.0715938000000005,5.4405604000000007,5.8240696999999999,6.1835107999999996
1993-11-04,4.6485467000000007,5.0405527000000001,5.4264085,5.8229963000000007,6.1895517999999994
1993-11-05,4.5962464000000001,4.9977535,5.3650387999999998,5.7386340999999996,6.0918519
1993-11-08,4.4911766999999996,4.9955945000000002,5.3601548999999995,5.6949017999999993,6.0551500999999996
1993-11-09,4.5512231999999999,5.0749176,5.4280762999999999,5.7387857000000002,6.0723060000000002
1993-11-10,4.5746435000000005,5.1097073999999996,5.4742807999999998,5.7936666999999993,6.1302123000000002
1993-11-12,4.6331904999999995,5.0982582999999995,5.4449777999999993,5.7740251999999996,6.1183024000000001
1993-11-15,4.6485897999999999,5.1063755999999998,5.4454826999999995,5.7700031999999997,6.1107911000000001
1993-11-16,4.6408275000000003,5.0584369999999996,5.3945686000000004,5.7415652999999995,6.1002805000000002
1993-11-17,4.5433669000000005,5.0838771999999999,5.4259358000000004,5.6963726999999995,5.9971956000000004
1993-11-18,4.5737863000000001,5.1026306000000003,5.4482303000000005,5.7272017000000002,6.0354735999999995
1993-11-19,4.5834562000000005,5.1557539999999999,5.5118369000000005,5.7767429000000003,6.0694268999999998
1993-11-22,4.6656168999999998,5.1532219000000001,5.5324552000000002,5.8615377000000004,6.1591170999999996
1993-11-23,4.4987040999999994,5.0728241000000001,5.4494204999999996,5.7366526000000002,6.0407665999999995
1993-11-24,4.6076737000000003,5.0840275999999998,5.4590743999999995,5.7926713999999997,6.0988385000000003
1993-11-25,4.5870666,5.0311802999999999,5.4052555,5.7481618999999995,6.0638560000000004
1993-11-26,4.4493888999999998,5.0721812000000002,5.3136834999999998,5.6256896000000003,6.0902390999999998
1993-11-29,4.5135035999999999,5.0222983000000001,5.3748298999999999,5.6777106000000002,6.0055404000000001
1993-11-30,4.4659789999999999,4.9957855000000002,5.3673130999999996,5.6871958999999999,6.0280695
1993-12-01,4.4028862000000002,4.8976637000000007,5.2913288999999999,5.6333363999999992,5.9747737000000001
1993-12-02,4.3792235000000002,4.8553425999999993,5.2750759,5.6395473000000003,5.9884539999999999
1993-12-03,4.3723203000000002,4.8417596999999999,5.2533291000000002,5.6182354999999999,5.9703284999999999
1993-12-06,4.2735129000000001,4.7211968000000004,5.1257975999999994,5.5004588999999999,5.8628403000000002
1993-12-07,4.2939598999999999,4.7622794000000006,5.1642507999999996,5.5361671000000001,5.8965427000000004
1993-12-08,4.3014535,4.7534594999999999,5.1412164000000002,5.5078841000000001,5.8683673999999995
1993-12-09,4.2531080000000001,4.6976568000000007,5.0935743999999996,5.4637206999999997,5.8284874000000002
1993-12-10,4.2579952999999993,4.7306509999999999,5.1388473000000001,5.5137711999999999,5.8818742000000004
1993-12-13,4.2047732999999994,4.7133580999999998,5.1560559999999995,5.550484,5.9248162999999998
1993-12-14,4.2509242,4.7939255000000003,5.2304532000000004,5.6010653000000001,5.9571322000000002
1993-12-15,4.2894858999999999,4.7781344000000008,5.1837055999999997,5.5606441000000002,5.9328656000000004
1993-12-16,4.3262973000000002,4.7585337000000001,5.1403052999999996,5.5145302000000003,5.8849700999999994
1993-12-17,4.3551199,4.8012052999999995,5.1842079999999999,5.5491485999999997,5.9070450000000001
1993-12-20,4.3247241999999995,4.8307558000000004,5.2407179999999993,5.5933533000000004,5.9264574999999997
1993-12-21,4.3858796999999994,4.8029622000000005,5.1516480000000007,5.5020321000000001,5.8559799000000003
1993-12-22,4.2341629000000003,4.6961084,5.1184953000000002,5.4716626000000002,5.7680743999999997
1993-12-23,4.1629094000000002,4.5988559999999996,5.0436888,5.4205831,5.7324286000000004
1993-12-24,4.1529112000000001,4.5979849000000002,5.0501164999999997,5.4292577,5.7391680000000003
1993-12-29,4.1328699000000002,4.5915235999999995,5.0544094999999993,5.4369946000000002,5.7459517
1993-12-30,4.0755279,4.5840287999999996,5.0867813999999996,5.4757299000000001,5.7773877000000002
1993-12-31,4.0884925000000001,4.5706040000000003,5.0672271999999996,5.4664111000000002,5.7807168999999998
1994-01-04,4.1929538000000006,4.6805694999999998,5.131208,5.5437306,5.8935748999999999
1994-01-05,4.2751352999999996,4.7361616,5.1690855000000004,5.5997007000000005,5.9673993999999997
1994-01-06,4.3091667000000005,4.7741661999999998,5.1839531000000001,5.6005288999999996,5.9678544999999996
1994-01-07,4.2309833000000001,4.6526956000000004,5.0503982000000001,5.4628106000000001,5.8243090999999998
1994-01-10,4.1729644000000006,4.5908762999999997,4.9909681999999993,5.4113949999999997,5.7806438
1994-01-11,4.1528445999999999,4.5875161000000002,4.9899903999999999,5.3968527000000002,5.7484324000000004
1994-01-12,4.0985193000000004,4.4874972,4.8993378999999999,5.3283522999999997,5.6879207000000003
1994-01-13,4.1362421000000005,4.5132735000000004,4.9057415000000004,5.3330431999999997,5.7085138000000004
1994-01-14,4.1628986999999995,4.5558576000000004,4.9375752999999998,5.3481985999999999,5.7142687999999993
1994-01-17,4.1534056000000001,4.5458311,4.9262267,5.3391282999999996,5.7068973000000005
1994-01-18,4.1500485999999999,4.5007112999999999,4.8673780999999998,5.2861454000000005,5.6546114000000003
1994-01-19,4.0990716000000003,4.5163805000000004,4.9126035999999997,5.3129032,5.6613502000000002
1994-01-20,4.0987809000000004,4.4833949999999998,4.8697441000000001,5.2849168999999998,5.6509152
1994-01-21,4.0921916000000005,4.4547813999999999,4.8276690999999996,5.2356205999999998,5.6002083000000002
1994-01-24,4.0180926000000001,4.3806855000000002,4.7713875000000003,5.1983307999999999,5.5824479
1994-01-25,3.9589167999999999,4.3672971999999994,4.7858409000000002,5.2186488999999998,5.6015385000000002
1994-01-26,3.9187924000000001,4.3288907999999999,4.7653327000000001,5.2042774999999999,5.5810760000000004
1994-01-27,3.9767258000000001,4.3768250000000002,4.7859210999999995,5.2102456999999998,5.5776891000000006
1994-01-31,3.9652832999999998,4.4661099000000002,4.9015794000000001,5.2991745000000003,5.6379266999999995
1994-02-01,3.9949699999999999,4.5055322000000002,4.9470179000000005,5.3439056000000003,5.6785722999999999
1994-02-02,4.0251836999999995,4.5231544000000001,4.9556046,5.3535222999999998,5.6929142000000006
1994-02-03,4.0767850000000001,4.6035307999999997,5.0469457000000002,5.4083487000000003,5.7041243000000001
1994-02-04,4.2217405999999995,4.7153622999999998,5.1031690999999997,5.4659776999999998,5.7904309000000005
1994-02-07,4.2896349999999996,4.7682262,5.1609378999999995,5.5395918000000002,5.8746112000000004
1994-02-08,4.2542179999999998,4.7680053999999998,5.1785591999999996,5.5729544999999998,5.9226366000000006
1994-02-09,4.2584306000000005,4.7695980000000002,5.1761898000000004,5.5566361999999998,5.8879593000000003
1994-02-10,4.2451784999999997,4.7583432000000006,5.1662481000000007,5.5443918000000005,5.8752335000000002
1994-02-11,4.2744200000000001,4.7802743999999997,5.1815259000000005,5.5581939,5.8883748999999996
1994-02-14,4.3652704,4.8522468999999999,5.2330876000000002,5.6177048000000003,5.9665409
1994-02-15,4.4667449999999995,4.9419193999999997,5.299353,5.6719385999999998,6.0168149
1994-02-16,4.4768476000000001,4.9786731,5.3460407999999999,5.7117239,6.0478886000000003
1994-02-17,4.4738746000000003,5.0115381000000001,5.3996230000000001,5.7709584999999999,6.1067821000000002
1994-02-18,4.4958403000000002,5.0114475999999994,5.4127683000000006,5.8083244999999994,6.1622653999999999
1994-02-21,4.5126925999999994,5.0592421999999999,5.4793802000000005,5.8780804,6.2302612000000002
1994-02-22,4.4545059,4.9615720000000003,5.3689594999999999,5.7666592000000003,6.1142664
1994-02-23,4.5892425000000001,5.1380362999999996,5.5437105000000004,5.9329600999999998,6.2770124999999997
1994-02-25,4.6353141000000004,5.1597900000000001,5.5501414999999996,5.9400252,6.2997129000000003
1994-02-28,4.6151913000000002,5.1673165000000001,5.551139,5.9262079000000005,6.2716883000000001
1994-03-01,4.7710846,5.3581569,5.7401942999999997,6.1073440999999997,6.4426972999999998
1994-03-02,4.8569579000000003,5.4505682999999996,5.8393683999999997,6.1956448000000002,6.5115553000000004
1994-03-03,4.8846463,5.5244344999999999,5.9087066999999998,6.2548337999999992,6.5645809000000002
1994-03-04,4.9298099999999998,5.5805382999999997,5.9681283000000001,6.3079239999999999,6.6087100999999997
1994-03-07,4.8701023000000001,5.5673414000000001,5.9715585999999998,6.3109351999999994,6.6064316999999999
1994-03-08,4.8803654999999999,5.6106480000000003,6.036969,6.3865086,6.6878658999999994
1994-03-09,4.9416793999999999,5.6975303999999998,6.1135241999999996,6.4362767999999999,6.7120748999999993
1994-03-11,4.9324072000000001,5.6703485999999996,6.2504808999999995,6.6810698999999998,6.9817815000000003
1994-03-14,4.9912086000000002,5.7632583000000004,6.2546014999999997,6.6331987999999997,6.9300297999999998
1994-03-15,5.0613017999999999,5.7870176000000004,6.2491488999999998,6.6064057999999992,6.8879987000000007
1994-03-16,5.0123946000000004,5.7052218999999997,6.1480242999999994,6.4935590000000003,6.7734936999999995
1994-03-17,5.0936222999999998,5.8055979000000004,6.2723117999999998,6.5939376999999997,6.8312413000000003
1994-03-18,5.2271567999999995,5.932963,6.3835790000000001,6.7053982999999997,6.9497533000000002
1994-03-21,5.4071132000000004,6.1232726,6.5703806,6.8789376999999998,7.1059988000000001
1994-03-22,5.3950348000000004,6.0310702999999997,6.4934606000000006,6.8087840999999996,7.0257379999999996
1994-03-23,5.2992983000000002,5.9970382000000004,6.4855794999999992,6.8148874999999993,7.0422988000000002
1994-03-24,5.5327295999999997,6.1179279000000006,6.5560095999999994,6.8646104000000001,7.0832404000000002
1994-03-25,5.6595459000000004,6.2390863999999997,6.6817948000000005,6.9960852000000004,7.2168540000000005
1994-03-28,5.7314465000000006,6.3098802999999997,6.7285955999999993,7.0143012000000002,7.2122268000000007
1994-03-29,6.0420411999999999,6.5581320999999999,6.9231707,7.1736662000000004,7.3511441999999994
1994-03-30,6.2076452,6.7387591999999996,7.1152017999999995,7.3628959999999992,7.5248124000000001
1994-03-31,6.3213672000000001,6.7843363999999999,7.1774413999999993,7.4457469999999999,7.6100859000000005
1994-04-04,6.8471599999999997,7.4297795999999998,7.8316018000000005,8.056853199999999,8.1720026000000008
1994-04-05,6.4921001000000009,7.0049959999999993,7.3615543000000008,7.6021695999999999,7.7567601000000002
1994-04-06,6.4372879999999997,7.0558543,7.4162752999999997,7.6373368999999993,7.7783058
1994-04-07,6.274771799999999,6.8962542000000004,7.2693077999999991,7.4915643000000003,7.6311708000000005
1994-04-08,6.2156066000000001,6.8557662000000006,7.2330877999999998,7.4520610000000005,7.5887568000000005
1994-04-11,6.3115099999999993,6.9117913,7.2682898999999992,7.4788586000000006,7.6129515999999997
1994-04-12,6.1701918999999998,6.7416853000000003,7.0959989999999999,7.3118018000000005,7.4544744999999999
1994-04-13,6.1986400999999995,6.7669877999999999,7.1295268999999992,7.3636808,7.5266710000000003
1994-04-14,6.2836392000000005,6.8121381999999997,7.1615639999999994,7.4029863000000002,7.5829495999999992
1994-04-15,6.3379808999999998,6.8422512000000006,7.1873566000000002,7.4269974000000003,7.6027864000000003
1994-04-18,6.6807910000000001,7.2054244000000001,7.5055277,7.704282899999999,7.8570360000000008
1994-04-19,6.7200538000000005,7.1507407999999995,7.4324763000000003,7.6358470999999994,7.7953381999999998
1994-04-20,6.6857734999999998,7.1298534999999994,7.4070845999999992,7.5944018,7.7350925999999998
1994-04-21,6.5894606999999992,6.9831668000000002,7.237943500000001,7.4350762000000001,7.5914396999999996
1994-04-22,6.5575966000000001,6.9875968999999998,7.2660244,7.4533287000000001,7.5922202999999993
1994-04-25,6.5510465,6.9705341000000001,7.2320011000000006,7.4083406000000007,7.5435519000000006
1994-04-26,6.4328042999999999,6.8533311000000001,7.1226374999999997,7.311944200000001,7.4607797000000007
1994-04-27,6.4317859000000004,6.8560065000000003,7.1224761999999995,7.3143610999999993,7.4715594999999997
1994-04-28,6.6174328000000004,7.0611187000000006,7.3229689000000002,7.5019825999999998,7.6472093000000001
1994-04-29,6.7250439999999996,7.1791406000000002,7.4255704000000007,7.5914592000000001,7.7323226999999992
1994-05-02,6.7336333999999995,7.2365898999999994,7.5037304999999996,7.6770525000000003,7.8184161000000003
1994-05-03,6.7527806999999997,7.2779080999999994,7.5606514000000002,7.7364161999999999,7.871014699999999
1994-05-04,6.8668459999999998,7.3697230000000005,7.6299131000000004,7.7887887999999998,7.9125475000000005
1994-05-05,6.9078525000000006,7.4509101999999992,7.7296040999999995,7.8878854,8.0006772000000002
1994-05-06,7.1419872999999994,7.6522508,7.9241044999999994,8.0848662999999998,8.1984798999999988
1994-05-09,7.2675070999999996,7.8378642000000003,8.1067446000000007,8.2501306999999997,8.3483212000000009
1994-05-10,7.0376675999999998,7.5810881999999999,7.8550909999999998,8.0093923999999994,8.1161535000000011
1994-05-11,7.1782418999999997,7.7125362000000006,7.9692479000000001,8.1152327,8.2219280000000001
1994-05-12,7.2016812999999997,7.6820862000000005,7.9442472000000004,8.0962519999999998,8.1980921000000002
1994-05-13,7.0103472,7.5004955999999998,7.7717276000000002,7.9333732000000001,8.0457687
1994-05-16,6.8316452999999999,7.3599249000000002,7.6613310000000006,7.8525617000000008,7.9912594000000006
1994-05-17,6.6653035000000003,7.1911591999999995,7.5137596000000002,7.7090051000000006,7.8349805999999997
1994-05-18,6.5922237999999993,7.1373938999999993,7.4705395999999995,7.6787180999999993,7.8208346999999998
1994-05-19,6.4791214999999998,7.0116522000000003,7.3640375999999996,7.5873241999999994,7.7373995000000004
1994-05-20,6.6217627999999999,7.1591291999999997,7.4867317,7.6916712999999994,7.8354928000000008
1994-05-24,6.7369507999999998,7.3201261000000004,7.6437374,7.8356355999999998,7.9680626000000006
1994-05-25,6.8493149000000004,7.418526,7.7161489999999997,7.8859641999999992,8.0028652999999998
1994-05-26,6.9148467000000009,7.4829512000000005,7.7947620999999998,7.9821869000000003,8.1133652999999999
1994-05-30,6.9723145000000004,7.5872007000000004,7.8914230999999999,8.0619686999999995,8.1803672999999986
1994-05-31,7.0584173999999997,7.6676355000000003,7.9990351000000004,8.2000282000000002,8.341793599999999
1994-06-01,7.0727469999999997,7.7124901999999995,8.0616303000000009,8.2696737000000002,8.4113451000000001
1994-06-02,7.1049232,7.7228031000000001,8.0731956,8.2852417999999997,8.4269175999999995
1994-06-03,6.9834623000000002,7.5530381999999996,7.897652400000001,8.1350820000000006,8.2996163999999997
1994-06-06,6.8135845000000002,7.3860630999999994,7.7524087000000002,8.0181617000000003,8.2037849999999999
1994-06-07,6.8459515999999994,7.4646279999999994,7.8205828000000004,8.0673657999999993,8.2499798999999996
1994-06-08,6.8475780999999998,7.4735674999999997,7.8261717999999991,8.0650574000000006,8.2422666000000007
1994-06-09,6.8709676999999996,7.4916232999999997,7.8617980000000003,8.0970926999999993,8.2607538999999992
1994-06-10,6.940296,7.498799,7.8825699999999994,8.1513398000000006,8.3013245999999992
1994-06-13,7.0622831999999995,7.7294590999999997,8.0626338000000004,8.2767938999999995,8.4346175999999993
1994-06-14,7.1343042999999993,7.8403872999999997,8.1976510000000005,8.3976810999999998,8.5294998
1994-06-15,7.5209390000000003,8.2091150000000006,8.4737691000000002,8.6084437000000005,8.7135540999999996
1994-06-16,7.4942973999999998,8.0922336000000001,8.3789259999999999,8.5589759000000001,8.6929391999999996
1994-06-17,7.6404998000000006,8.2568453000000002,8.5424430999999998,8.7138387000000002,8.8375211
1994-06-20,7.7777776000000003,8.4189543000000011,8.7245476000000011,8.9139408000000007,9.0339576000000008
1994-06-21,7.8955873999999993,8.5012290000000004,8.7972201999999999,8.9884775999999995,9.1139330000000012
1994-06-22,7.7582848999999996,8.3656965000000003,8.6426916000000009,8.8239198000000005,8.950464199999999
1994-06-23,7.7466494999999993,8.3668943999999996,8.6345220000000005,8.7931743000000004,8.9093491999999994
1994-06-24,7.9313565000000006,8.595289600000001,8.8459555999999999,8.9823123000000002,9.0872939000000006
1994-06-27,7.8620673000000005,8.4853878999999992,8.7256865999999995,8.8715010000000003,8.9834901999999985
1994-06-28,7.8414663999999998,8.4796257999999991,8.7285954999999991,8.8712499999999999,8.9765829000000004
1994-06-29,7.7433407999999995,8.3506020000000003,8.5573293999999986,8.6763201999999993,8.7725847999999989
1994-06-30,7.8027330000000008,8.4370393999999997,8.6471885000000004,8.7785644999999999,8.8950601999999996
1994-07-04,7.7885942000000004,8.4400332999999996,8.6519268999999994,8.7852446000000004,8.9041578000000001
1994-07-05,7.733936700000001,8.3657747000000011,8.5863678999999991,8.7274130000000003,8.8442354000000005
1994-07-06,7.6654012999999992,8.2969390000000001,8.5326418999999998,8.6891794999999998,8.8132045000000012
1994-07-07,7.6675737999999996,8.3017134000000006,8.5262738999999996,8.6769204999999996,8.8001175000000007
1994-07-08,7.7646591000000003,8.4003629999999987,8.6262206999999993,8.7762191000000005,8.8975156999999996
1994-07-11,7.7917967000000008,8.4587929000000006,8.6717680000000001,8.8075983000000004,8.9248592999999996
1994-07-12,7.5924739000000008,8.2702903999999986,8.5078758000000008,8.6530610999999986,8.7693125999999992
1994-07-13,7.4349996000000003,8.1150234000000001,8.3590397000000003,8.5219428999999991,8.6640145000000004
1994-07-14,7.2807140000000006,7.9333521000000005,8.1905078000000007,8.3610769000000005,8.5036708000000001
1994-07-15,7.2540464,7.9535273000000002,8.2309272999999994,8.4141151000000001,8.5647759000000008
1994-07-18,7.1907167999999997,7.8884278999999999,8.1797865000000005,8.3729592999999998,8.5299841000000001
1994-07-19,7.1235164000000006,7.8009386999999997,8.1005584000000006,8.3090012000000009,8.476723999999999
1994-07-20,7.3773310999999993,8.0808280000000003,8.3499939999999988,8.5248358,8.673281600000001
1994-07-21,7.4997395999999998,8.1837865000000001,8.4273705000000003,8.5771791999999998,8.7076206999999997
1994-07-22,7.4565762999999992,8.1730318999999998,8.4419673,8.5815700999999986,8.6998820000000006
1994-07-25,7.4464363000000002,8.1778116999999995,8.4474625999999997,8.5892938999999995,8.7129016999999997
1994-07-26,7.4201048000000007,8.2135476000000001,8.4916153999999988,8.6624135000000013,8.811053600000001
1994-07-27,7.4690376000000001,8.2541618999999997,8.5635496,8.7647169999999992,8.9204404999999998
1994-07-28,7.4605896000000005,8.2385697999999987,8.5565751999999993,8.7601745999999991,8.9140148999999997
1994-07-29,7.2333913000000001,8.0803073000000012,8.4322493999999999,8.607331799999999,8.7336492000000003
1994-08-02,7.1607617999999995,7.9903240999999996,8.3006139000000001,8.4953859000000005,8.6491993000000011
1994-08-03,7.0450587999999996,7.8765564999999995,8.2043362999999996,8.4118055999999992,8.5743197000000002
1994-08-04,6.9501111000000009,7.7910984000000001,8.1202641,8.3244380000000007,8.4907317999999989
1994-08-05,7.1684237,8.018863099999999,8.3300900999999996,8.5107029000000001,8.6567374000000008
1994-08-08,6.9980020000000005,7.8386420000000001,8.1603133999999997,8.3546017999999993,8.5120627000000013
1994-08-09,6.9738571,7.8193967000000004,8.1658074999999997,8.3691482999999991,8.5252996999999997
1994-08-10,6.9476127999999999,7.7830872999999992,8.1472058999999994,8.3644733000000002,8.5255352000000002
1994-08-11,7.0899702999999992,7.9373073000000005,8.3024352999999991,8.4822534000000012,8.6062493
1994-08-12,7.1350800000000003,7.9621709999999997,8.3144451999999998,8.4859606000000003,8.6042255999999995
1994-08-15,7.1398476000000004,7.9814192000000004,8.3450195000000011,8.5232288999999994,8.6424657000000007
1994-08-16,6.9789586999999997,7.7989271000000002,8.1643538000000007,8.3444973000000005,8.4605125999999995
1994-08-17,6.8533992000000001,7.7247438000000006,8.1166125999999998,8.3114431,8.4366918999999996
1994-08-18,6.9940736000000001,7.8399580999999996,8.2202994,8.4137009999999997,8.543921000000001
1994-08-19,6.9543349000000001,7.7761556999999994,8.1443765999999993,8.3306605000000005,8.4549649000000002
1994-08-22,6.918809200000001,7.7266501000000005,8.0798147999999994,8.2969194999999996,8.4532327000000009
1994-08-23,6.7341847999999995,7.5733275999999998,7.9656254999999998,8.1725914,8.3121288999999994
1994-08-24,6.589766,7.4186133999999999,7.8477651999999996,8.0915371999999994,8.2543799999999994
1994-08-25,6.6724386999999998,7.4872584000000009,7.8849131000000003,8.1066617999999995,8.262663100000001
1994-08-26,6.5859064999999992,7.412392399999999,7.8130755999999995,8.0355714000000003,8.193514200000001
1994-08-30,6.6116248999999998,7.5055151000000002,7.8921516999999994,8.0901104000000004,8.2338764999999992
1994-08-31,6.7083866000000008,7.5859768999999995,7.9510227000000002,8.1283022000000003,8.2553775999999992
1994-09-01,6.7887077000000007,7.6307512999999991,7.9851452000000007,8.1577579,8.2803381999999992
1994-09-02,6.8455031999999996,7.6952336999999993,8.0417538999999998,8.203068,8.3153367000000014
1994-09-06,7.0353254000000005,7.8635987000000007,8.2089976999999994,8.3712830999999994,8.4788515999999987
1994-09-07,7.0592344000000002,7.8748678000000005,8.2144964999999992,8.400469300000001,8.5329362
1994-09-08,7.0016012999999999,7.8167385000000005,8.1774188999999993,8.3544899000000008,8.4705918000000011
1994-09-09,7.0221616000000004,7.8433327999999998,8.2120896999999999,8.3979944999999994,8.5226740999999997
1994-09-13,6.6420591,7.5313728999999991,7.9002659,8.0988844000000011,8.2457460000000005
1994-09-14,6.6078899,7.526880499999999,7.938618,8.1489706999999996,8.2938998999999995
1994-09-15,6.5183492999999997,7.4074800999999999,7.8333057999999998,8.0617087000000005,8.2170874000000005
1994-09-16,6.6740146999999999,7.5926703999999994,8.0138529999999992,8.2322410999999995,8.3794053000000002
1994-09-19,6.6818050000000007,7.6259117000000005,8.0396603999999989,8.2487449000000002,8.3914491999999985
1994-09-20,6.7132318999999994,7.6636584999999995,8.1023421999999989,8.3287218000000003,8.4779094999999991
1994-09-21,6.7199481000000008,7.7058547000000006,8.1659234999999999,8.4066113999999992,8.5654527999999992
1994-09-22,6.6831542999999991,7.6344912000000003,8.0808939999999989,8.3131471000000001,8.4665005000000004
1994-09-23,6.614756400000001,7.5760058000000008,8.0446815000000012,8.2971544000000002,8.4636083000000006
1994-09-26,6.6115761999999991,7.6105423000000005,8.0823576999999993,8.3315511999999998,8.4958013000000001
1994-09-27,6.5732856000000002,7.5412777999999996,8.0258105000000004,8.295695799999999,8.4767469999999996
1994-09-28,6.4777285000000004,7.4382675999999996,7.9026155999999999,8.1647628000000001,8.3498999000000005
1994-09-29,6.5650906999999998,7.4844327000000002,7.9287297000000008,8.1840738999999996,8.370058199999999
1994-09-30,6.5367484999999999,7.4465183000000001,7.8856241999999996,8.1336477000000009,8.3104864000000003
1994-10-03,6.5755615000000001,7.5058588999999998,7.9353088000000005,8.1801936000000008,8.3610516999999991
1994-10-04,6.5793907999999997,7.5237257,7.9697535999999998,8.2223229,8.4039031000000008
1994-10-05,6.7221432999999999,7.6914728000000006,8.1376098999999993,8.381936399999999,8.5560284000000006
1994-10-06,6.8425763000000002,7.7686358999999996,8.2010746000000001,8.4367785000000008,8.6031845999999987
1994-10-07,6.7689158000000003,7.6397158000000003,8.0706813999999998,8.3205931999999994,8.5007824999999997
1994-10-11,6.7378599999999995,7.6120214000000006,8.0203927999999998,8.2646505999999995,8.4497555999999996
1994-10-12,6.7795595999999998,7.6370255999999994,8.0439603999999996,8.2953777000000013,8.484317299999999
1994-10-13,6.7928839000000005,7.6172269999999997,8.0231376000000001,8.2774247999999986,8.4677524000000002
1994-10-14,6.7760675000000008,7.6025260999999995,8.0109382,8.2660533999999988,8.4574116999999998
1994-10-17,6.741404300000001,7.5905155000000004,8.0058594999999997,8.2660003999999994,8.4608881999999994
1994-10-18,6.6997614999999993,7.5823244999999995,8.0247632000000007,8.305275700000001,8.5134677000000014
1994-10-19,6.6639802999999995,7.5470928000000006,7.9893147999999998,8.2750508000000007,8.4923964000000005
1994-10-20,6.7682193000000002,7.6715873000000006,8.0995711999999997,8.3624366999999999,8.5658063000000002
1994-10-21,6.7158863000000002,7.5898311999999999,8.0096480000000003,8.2704792999999999,8.4750227999999996
1994-10-24,6.7589802000000008,7.6437342000000008,8.0584765000000012,8.3180297000000003,8.5267563000000006
1994-10-25,6.7662567000000005,7.6339172,8.0421215999999998,8.3028124999999999,8.5128482999999999
1994-10-26,6.7841469999999999,7.6613329999999991,8.0618347999999997,8.3113142,8.5139575999999995
1994-10-27,6.7962308999999994,7.6621411999999998,8.0958447000000007,8.3180636000000003,8.4645979999999987
1994-10-28,6.7698803000000005,7.6150352000000003,8.0163442000000007,8.2652702999999992,8.4628944999999991
1994-10-31,6.7777908999999994,7.6502600000000003,8.0527113999999997,8.3026248999999996,8.5035895999999997
1994-11-01,6.8391359999999999,7.7379989,8.1340107999999987,8.3756898,8.5735329
1994-11-02,6.8561134999999993,7.7506165000000005,8.1563651999999998,8.4057254999999991,8.6050345000000004
1994-11-03,6.9551663999999995,7.8037639000000008,8.1933765000000012,8.4373472000000014,8.6261197000000003
1994-11-04,6.9829639999999999,7.8428695000000008,8.239682199999999,8.4861620000000002,8.6778415999999989
1994-11-07,7.0065778999999999,7.8779532999999997,8.2727262999999986,8.5188842000000005,8.7073915999999993
1994-11-08,6.9834632999999995,7.8307815999999999,8.2166285999999999,8.4548328000000001,8.6348880000000001
1994-11-09,6.9590698000000009,7.8002365000000005,8.1956103000000002,8.4385010000000005,8.6164042999999992
1994-11-10,6.9596547999999991,7.7740278999999992,8.2064915000000003,8.4777752999999993,8.6645991000000002
1994-11-14,6.8634081,7.7067264,8.133849399999999,8.379291799999999,8.5515325999999998
1994-11-15,6.9265276,7.7219437000000006,8.0905757999999999,8.3126090999999995,8.4801441000000004
1994-11-16,7.0268802000000008,7.8564683999999998,8.2433585000000011,8.4785389000000002,8.6498194999999996
1994-11-17,7.0096224999999999,7.8524828000000007,8.2422041999999998,8.4571695000000009,8.6145933999999986
1994-11-18,7.0034023999999997,7.8686617999999999,8.2586224999999995,8.4719824999999993,8.6301822999999995
1994-11-21,7.0139844000000009,7.8988037999999996,8.2881095000000009,8.4959393999999993,8.6492879999999985
1994-11-22,6.9796845999999997,7.7920715999999999,8.1684833000000001,8.3792940999999992,8.5359546999999996
1994-11-23,7.0159503000000001,7.844346100000001,8.2135761000000009,8.4108056999999992,8.5545397999999988
1994-11-24,7.0224174999999995,7.8292981999999993,8.1932010999999996,8.3896850999999995,8.5340100000000003
1994-11-25,7.0213661999999992,7.8275109999999994,8.194980000000001,8.3925610000000006,8.5344479
1994-11-29,7.1710211999999993,7.9995710999999998,8.3596700999999989,8.5450282000000009,8.6773407000000002
1994-11-30,7.2735719000000003,8.0688516000000003,8.4053433000000002,8.5721591999999998,8.6890290999999991
1994-12-01,7.3813050000000002,8.1645108999999998,8.4867357999999999,8.6314086000000003,8.7224865999999999
1994-12-02,7.4175970999999992,8.1658822999999998,8.4536368,8.5685737,8.6359221999999995
1994-12-05,7.4894989999999995,8.2561605999999994,8.5095491999999986,8.5880639999999993,8.6302575000000008
1994-12-06,7.4275813999999993,8.1407258999999996,8.3920967999999991,8.4839093999999999,8.5400258999999998
1994-12-07,7.5283821,8.2236648999999993,8.478063800000001,8.5740474999999989,8.6300115999999996
1994-12-08,7.6562018999999992,8.2884499999999992,8.5248080000000002,8.6145922000000006,8.664698099999999
1994-12-09,7.8971901999999998,8.4398955999999998,8.620476,8.7139123000000005,8.769176400000001
1994-12-12,8.2396077000000005,8.6378570999999997,8.8506394999999998,8.9738862000000008,8.9776223999999996
1994-12-13,8.331278300000001,8.7438009999999995,8.8439053000000012,8.9021188999999996,8.9392953999999989
1994-12-14,8.3099214999999997,8.6744592999999988,8.7823600000000006,8.8575203000000009,8.9045281000000003
1994-12-15,8.0698585000000005,8.4960573000000004,8.6767231999999996,8.763349400000001,8.8179312999999997
1994-12-16,8.0751892999999999,8.4850075,8.6382163999999992,8.7386609000000011,8.8043611999999989
1994-12-19,8.1385643999999999,8.5509384999999991,8.700903499999999,8.7981754999999993,8.8515280000000001
1994-12-20,8.0193600000000007,8.4681303999999997,8.6190086000000008,8.7144779000000003,8.7801372000000004
1994-12-21,7.8929445000000005,8.3291763000000003,8.5032005999999996,8.6228814000000007,8.7032711000000003
1994-12-22,8.1632351000000014,8.5464293999999992,8.6746137000000001,8.7634281999999999,8.8197668
1994-12-23,8.2610519,8.6414158000000008,8.7364487000000004,8.8000936999999997,8.8403157999999991
1994-12-28,8.4584766000000009,8.7788045999999991,8.8459117000000003,8.8526006000000006,8.8588869999999993
1994-12-29,8.3721980000000009,8.6890938999999996,8.7838409000000013,8.8177263999999997,8.8429813999999993
1994-12-30,8.2470631000000001,8.6362921999999998,8.7611196000000007,8.8084573000000006,8.8420091000000003
1995-01-03,8.3464483999999999,8.8447423999999994,8.9101078999999999,8.9302374000000011,8.965342699999999
1995-01-04,8.2351319000000007,8.752412399999999,8.8369298999999994,8.8636856000000002,8.8999851999999997
1995-01-05,8.2365385,8.7437132999999996,8.8307015999999994,8.8593659000000002,8.8973753000000002
1995-01-06,8.1749024000000006,8.7055574999999994,8.8137556000000004,8.8585449999999994,8.9054947000000002
1995-01-09,8.2661452999999998,8.8404396999999992,8.9344497,8.9680660999999997,9.0113211999999994
1995-01-10,8.4255697999999999,8.9509565000000002,9.048173499999999,9.0766498000000002,9.1039194999999999
1995-01-11,8.397678599999999,8.9477222999999988,9.0450049999999997,9.0729688999999993,9.1027921000000003
1995-01-12,8.6333899000000009,9.1274930000000012,9.2079489999999993,9.2167077000000006,9.2246062999999996
1995-01-13,8.4750957000000007,8.9576395000000009,9.0578427000000001,9.0841569,9.1022853999999995
1995-01-16,8.4509553999999998,8.9518588000000001,9.0416220000000003,9.0617061000000003,9.0807757999999996
1995-01-17,8.6314615999999997,9.059338799999999,9.1401102000000005,9.153276,9.1653430999999994
1995-01-18,8.6925931999999992,9.1146672999999989,9.2048615999999992,9.2126430999999993,9.2151341999999996
1995-01-19,8.7798332000000006,9.2016819999999999,9.2949707999999998,9.3049263,9.3093708999999993
1995-01-20,8.9022658000000003,9.3054702000000002,9.3881740000000011,9.3887274000000005,9.3872142000000007
1995-01-23,8.7489042000000001,9.1635355000000001,9.2703278999999998,9.2963479000000007,9.3145842000000005
1995-01-24,8.6441038999999993,9.0511189999999999,9.1568719999999999,9.1812608000000004,9.1984256000000002
1995-01-25,8.5418461000000008,8.9215309000000005,9.0212999000000007,9.0473470999999996,9.0677284
1995-01-26,8.5391277999999993,8.9230840000000011,9.039067300000001,9.0724288000000008,9.0935495
1995-01-30,8.5372804999999996,8.9405368999999997,9.0421663999999993,9.0632576,9.0781623000000007
1995-01-31,8.4276619999999998,8.8079593000000003,8.9099290999999994,8.9303508000000011,8.9420078000000007
1995-02-01,8.5111343000000002,8.8996537,8.9806422000000001,8.9823270999999991,8.9834013000000006
1995-02-02,8.4542895000000016,8.7976346999999997,8.881860099999999,8.8943382999999994,8.9036948999999996
1995-02-03,8.1465166,8.4955841000000003,8.6296634999999995,8.6849992,8.7208113000000012
1995-02-06,8.0170335999999995,8.3950820000000004,8.5479131000000006,8.6159845999999991,8.6608466999999987
1995-02-07,7.9896605999999997,8.4130009000000001,8.5489460000000008,8.5949290999999999,8.6279365000000006
1995-02-08,8.0149369999999998,8.3789843000000008,8.5074863000000001,8.5622588999999998,8.6044363999999991
1995-02-09,8.1980044000000003,8.5498419999999999,8.6506641000000002,8.6869278999999988,8.7180412
1995-02-10,8.2743442999999992,8.6018527000000002,8.7110424000000002,8.7614507999999987,8.8024305999999992
1995-02-13,8.2279873000000006,8.5768360999999995,8.6943748999999997,8.7441984000000001,8.779398500000001
1995-02-14,8.0625738000000009,8.3853794999999991,8.5128398999999995,8.5772600000000008,8.6244081999999995
1995-02-15,8.0123363000000012,8.3408765999999996,8.4558897000000002,8.5055858000000004,8.5451379999999997
1995-02-16,8.4312784000000001,8.6947371999999987,8.7670769999999987,8.7807444999999991,8.7898245999999993
1995-02-17,8.2282115000000005,8.5607343999999994,8.6324281999999997,8.6239793000000002,8.6483951999999995
1995-02-20,8.2120812000000001,8.5685281999999994,8.6343301999999991,8.6218748999999999,8.6472303999999998
1995-02-21,8.1615234000000001,8.509122399999999,8.5883877999999996,8.5830082999999995,8.6087196000000006
1995-02-22,7.8366012999999999,8.1475183000000015,8.2637304999999994,8.3108950000000004,8.3846798000000007
1995-02-23,7.7878699999999998,8.1079854999999998,8.2366273000000003,8.2907256999999994,8.3737554999999997
1995-02-27,7.3619111999999998,7.6886255999999999,7.7973674000000006,7.8567687999999993,7.9797224
1995-02-28,7.4104213000000003,7.7031445999999999,7.79373,7.8513975,7.9727252999999996
1995-03-01,7.6692238999999995,8.0171837999999997,8.0775625000000009,8.0801113999999998,8.1534884999999999
1995-03-02,7.8231885999999999,8.0602041999999994,8.1434711000000011,8.1821143000000003,8.2685982000000013
1995-03-03,7.878890199999999,8.1244125999999994,8.2038015000000009,8.2358208000000008,8.3175691
1995-03-06,8.0087846000000003,8.2472333999999989,8.3222867000000011,8.3562501000000005,8.4351526999999997
1995-03-08,7.8822137999999997,7.8923682999999993,7.9983935000000006,8.1122154999999996,8.2247082999999996
1995-03-09,7.8340625999999993,7.9624669999999993,8.0135089000000015,8.0564277999999998,8.1557419000000007
1995-03-13,7.6755743000000001,7.4366775000000001,7.7360104999999999,8.0178678000000012,8.1925425999999995
1995-03-14,7.7529170999999995,7.7283207000000003,7.8517821999999997,7.9837663000000001,8.1010711000000004
1995-03-15,7.7826349000000006,7.7643542999999999,7.8809540999999994,8.0043088000000004,8.1147375999999998
1995-03-16,7.8343265999999998,7.7926101999999995,7.9055518000000005,8.0314990999999996,8.1461383999999999
1995-03-17,7.8851152999999989,7.8453027999999998,7.9470191999999997,8.0686572999999999,8.1874930999999993
1995-03-20,7.8262836,7.8279835000000002,7.9477801000000001,8.0804238000000002,8.2054767000000002
1995-03-21,7.8591402000000006,7.8586214000000005,7.9844825999999998,8.1265143999999996,8.2596831000000002
1995-03-22,7.8572880999999999,7.8533083000000001,7.9776366999999997,8.1121651000000004,8.2344094000000005
1995-03-23,7.9065930000000009,7.8635387999999997,7.9807202999999998,8.1176718999999995,8.2421873000000012
1995-03-24,7.8536701000000004,7.7997540000000001,7.8959959999999993,8.0189599999999999,8.138126699999999
1995-03-27,7.8138177000000004,7.7558265000000004,7.8374034999999997,7.9528870000000005,8.0663022000000009
1995-03-28,7.9652791000000001,7.8966120000000002,7.9573177999999993,8.0551820999999997,8.1562748999999997
1995-03-29,7.9878096999999997,7.916703,7.9579426999999994,8.042323399999999,8.1394473999999999
1995-03-30,7.9742723,7.8773619000000004,7.9401962000000008,8.0460142000000001,8.1573822000000007
1995-03-31,7.9393108000000003,7.8283589000000005,7.9043169999999998,8.0237554000000006,8.1424833999999997
1995-04-03,7.9087065000000001,7.8232217000000004,7.8869945000000001,7.9902021000000003,8.0993130000000004
1995-04-04,7.9031050000000009,7.8093231000000003,7.8689517000000002,7.9692949999999998,8.0756598999999998
1995-04-05,7.9314290999999999,7.8688386999999995,7.9169830999999995,7.9975226999999993,8.0902099000000014
1995-04-06,7.8455517000000006,7.7897690000000006,7.8486624000000003,7.9268358000000001,8.0137046000000005
1995-04-07,7.8700166000000005,7.8278361000000007,7.8923044999999998,7.9789975999999996,8.0738814000000012
1995-04-10,7.7519458999999999,7.742706000000001,7.8140337000000004,7.9116863999999998,8.0160976999999995
1995-04-11,7.7429581000000001,7.7456841000000001,7.8203434000000005,7.9114888999999993,8.0088340999999996
1995-04-12,7.8080077999999995,7.8007842999999992,7.8636820999999992,7.9498283000000001,8.047701
1995-04-13,7.6066202000000001,7.622846899999999,7.7135354999999999,7.8199459999999998,7.9364214000000004
1995-04-17,7.5407289000000004,7.5609296000000006,7.6453445999999996,7.7580023999999996,7.8861706000000007
1995-04-18,7.6202746000000001,7.6120621000000002,7.6824300000000001,7.7879619999999994,7.9115301000000002
1995-04-19,7.6460072000000006,7.6320593000000008,7.7018300999999996,7.8079191000000003,7.9281639000000004
1995-04-20,7.6160800999999996,7.6129746999999997,7.6903600000000001,7.7932138000000002,7.9128859999999994
1995-04-21,7.6028250000000002,7.6104019999999997,7.6902477999999999,7.7859423999999997,7.8972581999999996
1995-04-24,7.5610017000000003,7.5806500000000003,7.6562606000000004,7.7466926000000003,7.8518964999999996
1995-04-25,7.5858093000000002,7.5914964000000005,7.6638622999999999,7.7567619000000008,7.8618934000000005
1995-04-27,7.6042946999999996,7.5975113999999992,7.6718048999999997,7.7634356000000002,7.8715438999999998
1995-04-28,7.5603771999999996,7.5657373999999997,7.6522139999999998,7.7551023999999993,7.8671737000000004
1995-05-01,7.5028609999999993,7.5358650000000003,7.6364995000000002,7.7538377000000009,7.8732558999999993
1995-05-02,7.4579852999999998,7.5168906999999994,7.6342599999999994,7.7554153000000001,7.8678680999999999
1995-05-03,7.4194690999999997,7.4729094999999992,7.587288,7.7053517999999999,7.8134787999999995
1995-05-04,7.3418232999999997,7.3546868999999999,7.4672685000000003,7.592354799999999,7.7087132
1995-05-05,6.9854751000000004,7.0169764999999993,7.1856906,7.3614499999999996,7.5193632999999993
1995-05-08,6.9087395999999996,6.9419880000000003,7.1154203999999996,7.2930721000000007,7.4549524000000007
1995-05-09,6.8694006999999999,6.8967241999999995,7.0522737000000006,7.2166367999999999,7.3729566999999996
1995-05-10,6.8762432999999996,6.906417199999999,7.0662065999999992,7.2455746999999997,7.4209711999999994
1995-05-11,6.973662,7.0172767999999994,7.1747020999999993,7.3401483000000001,7.4969511000000004
1995-05-12,7.0543963999999999,7.1087201000000002,7.2686443000000001,7.4312097999999995,7.5789210999999996
1995-05-15,7.0315937999999996,7.1031969000000004,7.2535304999999992,7.4024491999999995,7.5390675000000007
1995-05-16,7.0480784000000005,7.0938663999999996,7.234496,7.3761754999999996,7.5047224999999997
1995-05-17,7.1167724999999997,7.1612627,7.2956304000000003,7.4344456000000001,7.5601775999999994
1995-05-18,7.1518573000000005,7.1634737000000008,7.2976201000000005,7.4429291999999991,7.5724133
1995-05-19,7.1515154999999995,7.1609638000000002,7.2934728,7.4432710999999996,7.5792092000000002
1995-05-23,7.1058751999999998,7.0878555999999993,7.2238176999999997,7.3881840000000008,7.5348075000000003
1995-05-24,6.8970453999999997,6.8869262000000004,7.0429022999999997,7.2216404000000001,7.3817781
1995-05-25,6.9706413999999999,6.9457975000000003,7.1044908000000007,7.2829217000000002,7.4392427999999997
1995-05-26,7.1171477999999997,7.1179117999999999,7.2552988000000003,7.409700299999999,7.5485453999999992
1995-05-30,7.0220937999999995,7.0368491000000004,7.1664674000000002,7.3062542999999991,7.4324256000000002
1995-05-31,7.0032388000000001,6.9985478000000008,7.1167136000000006,7.2537238000000004,7.3813241000000005
1995-06-01,6.9876448999999994,6.961023299999999,7.0824148999999998,7.2299816000000003,7.3688021000000008
1995-06-02,6.7689446999999996,6.7786434000000009,6.9275117000000002,7.0936186000000001,7.2448887000000006
1995-06-05,6.6544230999999998,6.6592401999999993,6.8207987999999995,6.9987083000000005,7.1571622000000001
1995-06-06,6.7288873999999996,6.7345965999999997,6.8900430999999998,7.0660053999999999,7.2240529999999996
1995-06-07,6.8711139000000001,6.9194810999999996,7.074719,7.2334820999999998,7.3711475000000002
1995-06-08,6.8211556000000009,6.8271946000000003,7.0077601000000005,7.2061966000000002,7.3691311999999991
1995-06-09,6.9099018999999995,6.9708731999999998,7.1369930999999998,7.3034941000000009,7.4482146999999994
1995-06-12,6.8734137999999998,6.9418854000000003,7.1231175999999996,7.3090823999999994,7.4703053000000006
1995-06-13,6.6144096000000001,6.7198386999999995,6.9193103000000002,7.1161411999999995,7.2875210999999993
1995-06-14,6.5907067000000001,6.7039292000000001,6.911318800000001,7.1174635999999998,7.2951778999999997
1995-06-15,6.6089349000000004,6.7122451999999999,6.9250065999999997,7.1391201000000004,7.3263702999999998
1995-06-16,6.6714016000000003,6.7851255999999998,6.9931019000000001,7.2085170999999999,7.3955438999999998
1995-06-19,6.5691807000000004,6.7273173000000002,6.9563050000000004,7.1774866000000008,7.3694216000000008
1995-06-20,6.5819239999999999,6.7424340999999997,6.9707305999999996,7.1910632000000003,7.3787132000000009
1995-06-21,6.548229899999999,6.7227072000000003,6.9579027,7.1652753999999996,7.3352903999999999
1995-06-22,6.4475429999999996,6.5761930999999993,6.7960399000000002,6.9944793000000001,7.1599075999999995
1995-06-23,6.4642982,6.6128717000000004,6.8398795999999997,7.0432836999999999,7.2122438999999998
1995-06-26,6.5179903999999995,6.7131094999999998,6.9440552000000002,7.1459406000000003,7.317704
1995-06-27,6.5404762000000005,6.7281867999999996,6.9677620999999998,7.1747574999999992,7.3435392999999998
1995-06-28,6.4959829999999998,6.6778362999999992,6.9124341000000005,7.117197,7.2856283999999993
1995-06-29,6.7530204999999999,6.9538877000000001,7.1658044000000007,7.3349492999999999,7.4759061999999998
1995-06-30,6.7239097000000001,6.9269958000000003,7.1407588999999998,7.319191,7.4685707000000008
1995-07-04,6.7273383000000004,6.966549800000001,7.1813775999999994,7.3579312999999997,7.5041029999999997
1995-07-05,6.6890239000000005,6.9623559999999998,7.1809336000000004,7.3526693000000005,7.4955280000000002
1995-07-06,6.430897100000001,6.6419269000000005,6.9042538000000002,7.1292682999999997,7.3088267
1995-07-07,6.3592836999999998,6.5681869000000006,6.8182723000000003,7.0340994999999999,7.2184210000000002
1995-07-10,6.2960455999999994,6.5296720000000006,6.7745441,6.9951691,7.1858178999999991
1995-07-11,6.4103877000000002,6.6539739000000004,6.8855946000000001,7.0909145000000002,7.2688477000000002
1995-07-12,6.3449738000000009,6.5730581999999993,6.8126215999999999,7.0261478999999998,7.2089190999999992
1995-07-13,6.4224865000000007,6.6436907000000005,6.8776893000000001,7.0859541999999998,7.2662662000000005
1995-07-14,6.5106339999999996,6.7374934,6.9713873999999993,7.1908248999999991,7.3806952999999993
1995-07-17,6.618322,6.8772396000000002,7.1083651999999997,7.3195328000000002,7.5005376999999998
1995-07-18,6.7505623999999997,7.0071662000000003,7.2311373999999997,7.4281603,7.5943994000000004
1995-07-19,6.9405629999999991,7.2148639000000001,7.4384785999999998,7.642188599999999,7.8192658000000002
1995-07-20,6.8541582999999999,7.0978919999999999,7.3274672000000001,7.5391209999999997,7.7194164999999995
1995-07-21,6.8656423999999996,7.1309169000000008,7.3722700999999997,7.5914540000000006,7.7741726
1995-07-24,6.8099590000000001,7.0924064999999992,7.3326203000000003,7.5480858,7.7302427000000007
1995-07-25,6.7991934000000001,7.0652675999999994,7.2998077999999991,7.5066743000000002,7.6822952999999998
1995-07-26,6.8627055000000006,7.1364935000000003,7.3651382000000005,7.5683999000000002,7.7455990999999997
1995-07-27,6.9316769000000003,7.1306016999999997,7.3920130999999998,7.6405756000000009,7.806360699999999
1995-07-28,6.4651296,7.0455304999999999,7.4475083,7.7179815999999999,7.9083952999999996
1995-08-01,7.1562646999999995,7.424352100000001,7.6261466999999996,7.8100401999999995,7.9691118000000003
1995-08-02,7.0059391,7.2490218999999998,7.4725286999999998,7.6880947000000006,7.8675321000000009
1995-08-03,7.0619364000000004,7.3004060999999991,7.5203115,7.7305110999999993,7.9073511999999999
1995-08-04,6.9860018999999998,7.2438142999999995,7.4805729999999997,7.6990680000000005,7.8814412999999997
1995-08-08,6.9079069000000004,7.1811522999999999,7.4236256999999997,7.6462905999999995,7.832246800000001
1995-08-09,6.8087960000000001,7.0994297,7.3628027999999999,7.6035211000000009,7.8028475999999998
1995-08-10,6.7878338999999999,7.0734766000000002,7.3297349999999994,7.5627615999999991,7.7576153999999997
1995-08-11,6.8963915,7.1997633000000008,7.4560763000000003,7.6860567000000009,7.8772154999999993
1995-08-14,6.9769024000000002,7.2744261000000003,7.5094194000000005,7.7317058999999997,7.9208850000000002
1995-08-15,7.0395336999999998,7.3177496999999994,7.5403719999999996,7.7554715999999999,7.9356220000000004
1995-08-16,6.9970064000000001,7.2908425000000001,7.5127321999999994,7.7223599000000007,7.8958961999999993
1995-08-17,7.0057100999999999,7.3065279999999992,7.5247407000000006,7.7249279000000008,7.8925553999999991
1995-08-18,6.9575578,7.2451078000000004,7.4599919999999997,7.6550375000000006,7.8215234999999996
1995-08-21,6.9583040999999994,7.273879599999999,7.4674077000000008,7.6425124999999996,7.7980155
1995-08-22,6.9961622999999999,7.3006881999999997,7.4980006000000001,7.6794943,7.8374847999999995
1995-08-23,6.9788212000000005,7.280932599999999,7.4900618000000003,7.6851963999999997,7.8510258000000004
1995-08-24,6.8527538000000003,7.1247753999999999,7.3474508999999992,7.5517482999999999,7.7195251000000003
1995-08-25,6.7552190999999997,7.0228875999999998,7.2496785999999993,7.4576637999999997,7.6251507999999992
1995-08-28,6.6756486000000006,6.9591292999999999,7.1770905999999997,7.3756672999999999,7.5384191000000005
1995-08-30,6.7058523999999995,6.9878597999999998,7.2001158999999992,7.3866339999999999,7.5426027000000007
1995-08-31,6.7325935000000001,6.9845961000000001,7.1905832000000007,7.3755970000000008,7.5285158000000001
1995-09-01,6.6603728000000002,6.9110696000000003,7.1152673000000002,7.3018470999999998,7.4585849
1995-09-05,6.6291058999999999,6.894061999999999,7.0933671,7.2721158999999993,7.4236363000000001
1995-09-06,6.6603545000000004,6.9478396999999994,7.1528186999999992,7.3311631999999998,7.4827079000000003
1995-09-07,6.8887576000000008,7.1595159000000006,7.3473826000000004,7.5034909999999995,7.6324777999999993
1995-09-08,6.8815014999999997,7.1112695000000006,7.2952561999999999,7.4608497999999992,7.5968650000000002
1995-09-11,6.9956936000000001,7.2365326999999997,7.4083076999999999,7.5644157000000005,7.6941845999999998
1995-09-12,7.0751334000000003,7.2388346000000006,7.3866943000000003,7.5441500999999995,7.6615133000000002
1995-09-13,6.4779271999999999,6.7644330999999998,7.3144825999999998,7.6301141000000001,7.7567751000000005
1995-09-14,7.0049917000000006,7.0844585000000002,7.2576827999999995,7.4240095000000004,7.5578623
1995-09-15,6.9260502000000006,7.0506707999999998,7.2208543000000001,7.3716701999999996,7.4977245999999997
1995-09-18,6.8196643999999997,6.9608855999999992,7.1574529999999994,7.3352936999999994,7.4778888999999999
1995-09-19,6.7976141000000005,6.9469351999999995,7.1233291000000003,7.2883031000000003,7.4234179999999999
1995-09-20,6.7644766999999995,6.9433317999999993,7.1301282999999991,7.2970880000000005,7.4357390999999993
1995-09-21,6.7629628999999998,6.9409391999999999,7.1278734999999998,7.2954872000000002,7.4360878000000001
1995-09-22,6.7472863999999992,6.9262283999999994,7.1183856000000008,7.2914693000000002,7.4369441999999992
1995-09-25,6.6889386999999996,6.9123966999999995,7.1037997000000006,7.2694681000000001,7.410871199999999
1995-09-26,6.7292813000000002,6.9493181000000002,7.1478283000000005,7.3165196999999997,7.455463700000001
1995-09-27,6.7662783000000006,6.9629653999999999,7.1626121999999999,7.3346613000000005,7.4732015000000001
1995-09-28,6.7403247999999998,6.9263984000000001,7.1193416999999997,7.2896402,7.4310731000000008
1995-09-29,6.6435225999999998,6.8252695000000001,7.0157552000000001,7.1891004999999994,7.3373407999999998
1995-10-02,6.4720082999999997,6.6780477000000005,6.8886379,7.0789701999999997,7.2410155000000005
1995-10-03,6.4458136000000001,6.6826405000000006,6.8963033000000005,7.0790361999999991,7.2328671999999994
1995-10-04,6.4651949000000002,6.6724332999999998,6.890737399999999,7.0842774999999998,7.2444743000000003
1995-10-05,6.5488995999999995,6.7343951999999998,6.9359174999999995,7.1120239999999999,7.2556735999999997
1995-10-06,6.3457764000000001,6.5567037999999993,6.7895922999999998,6.9904489999999999,7.1542234999999996
1995-10-10,6.4154093999999997,6.6303559999999999,6.8670529999999994,7.0714859000000008,7.2348792
1995-10-11,6.4174023999999994,6.6320370000000004,6.8686185999999996,7.0764559000000009,7.2429148999999997
1995-10-12,6.4676156000000002,6.6490409000000001,6.8711729999999998,7.0662119999999993,7.2228307000000003
1995-10-13,6.4711370000000006,6.6528460999999997,6.8638573999999997,7.0458930000000004,7.1913543999999998
1995-10-16,6.371183900000001,6.5552456999999995,6.7836726000000001,6.9835683999999993,7.1403252000000004
1995-10-17,6.3072355,6.5142489000000001,6.7590240999999995,6.9671231000000002,7.1300550000000005
1995-10-18,6.3360512999999994,6.5617438000000003,6.8151912999999995,7.0270469000000002,7.1892491999999999
1995-10-19,6.5275164999999999,6.7309225999999995,6.9703162000000001,7.1655341999999997,7.3121697000000001
1995-10-20,6.6584660000000007,6.8579007000000001,7.0874076999999991,7.2763005000000005,7.4207458000000006
1995-10-23,6.9992856000000003,7.2031831000000004,7.3923620999999997,7.5400505000000004,7.6501494000000001
1995-10-24,6.9461273000000006,7.0745472000000005,7.2509021000000011,7.4001492000000004,7.5158069999999997
1995-10-25,6.8637988999999999,6.9299046999999998,7.1441146,7.3365176000000005,7.4766274999999993
1995-10-26,6.8323096000000003,6.9793491000000003,7.1907332000000004,7.3698112999999994,7.5050970999999995
1995-10-27,6.7459453000000007,6.9567247999999999,7.1034490000000003,7.1585887000000001,7.232282399999999
1995-10-30,6.7321039000000003,6.9017342999999993,7.1199577999999999,7.2963907999999993,7.4228416000000008
1995-10-31,6.1284181999999996,6.4750147999999994,6.7524785999999999,6.9661311000000001,7.1348379
1995-11-01,6.2287232999999995,6.5516995999999992,6.8197564000000002,7.0334736999999992,7.2034333000000004
1995-11-02,6.0683163999999996,6.3657739000000007,6.6268107000000009,6.8368609999999999,7.0164378999999997
1995-11-03,6.0304544,6.3378015999999997,6.6057724999999996,6.8208682000000005,7.0065604000000006
1995-11-06,6.0366947999999994,6.3489780999999992,6.6310305999999999,6.8612373000000009,7.0529070000000003
1995-11-07,6.1207878000000004,6.4530181000000004,6.7341794999999998,6.9655465999999997,7.1563638999999997
1995-11-08,6.047053,6.3563048999999996,6.6485434999999997,6.8985830999999997,7.1038500000000004
1995-11-09,6.0683623999999998,6.3710254999999991,6.6717742999999992,6.9238718000000006,7.1276093999999999
1995-11-10,6.0944454000000006,6.4032118000000002,6.703596000000001,6.9509318999999996,7.1525669000000001
1995-11-14,6.0715984000000001,6.3792923000000004,6.6690740999999996,6.9090474999999998,7.1030134999999994
1995-11-15,6.1348184999999997,6.4309890999999997,6.7107594000000006,6.9446684999999997,7.1311792999999994
1995-11-16,6.0650905999999996,6.3217597000000003,6.6084410999999994,6.8518552999999995,7.0418602999999997
1995-11-17,6.0960650999999997,6.3547505000000006,6.6276935999999997,6.8629999000000002,7.0521776999999997
1995-11-20,6.0806754999999999,6.3666767999999996,6.6465842999999998,6.8859592999999997,7.0777384999999997
1995-11-21,5.9955812999999996,6.2854730999999999,6.5799186999999995,6.8270838999999999,7.0203131000000001
1995-11-22,5.9302538,6.2399556,6.5389248999999996,6.7882791999999998,6.9857155000000004
1995-11-23,5.8759473,6.1820212000000003,6.4875047000000006,6.7408809999999999,6.9407462000000004
1995-11-24,5.8191512000000003,6.1173308999999998,6.4180646999999995,6.6576601999999996,6.8466611999999998
1995-11-27,5.7627946999999997,6.0865264000000003,6.3958846999999999,6.6416543999999993,6.8357258000000005
1995-11-29,5.8081135000000002,6.0619354999999997,6.3272247000000004,6.5513554000000003,6.7351852000000001
1995-11-30,5.8159045999999996,6.0544799999999999,6.3027963000000007,6.5106721000000007,6.6863417999999992
1995-12-01,5.8215314999999999,6.0486380999999998,6.2993137000000008,6.5119897999999994,6.6876739000000001
1995-12-04,5.8339005999999998,6.0749255,6.3110685999999996,6.5145195999999999,6.6841286999999996
1995-12-05,5.8489747999999997,6.0933963999999996,6.3321573000000004,6.5391452000000001,6.7134309000000005
1995-12-06,5.7978332000000004,6.0445741000000002,6.3134355000000006,6.5400400999999997,6.7192626000000004
1995-12-07,5.8851941999999999,6.1465512999999996,6.426158,6.6557527000000007,6.8377245000000002
1995-12-08,5.9588770000000002,6.2132075000000002,6.4806333999999994,6.7038202000000009,6.8809237999999997
1995-12-11,6.0412099000000001,6.2871551999999999,6.5426789999999997,6.7605995000000005,6.9389406000000005
1995-12-12,6.0605498000000004,6.2923787999999998,6.5410994999999996,6.7604256000000005,6.9388233999999995
1995-12-13,6.0703227999999996,6.3095471999999999,6.5508739,6.7620545000000005,6.9341272999999992
1995-12-14,6.0005628,6.2459727000000003,6.4984095000000002,6.7142500999999992,6.887467899999999
1995-12-15,5.8753511000000005,6.1392395000000004,6.4215917999999999,6.6583284000000003,6.8427429999999996
1995-12-18,5.9500786000000003,6.24709,6.5265107000000002,6.7585023999999994,6.9416802999999998
1995-12-19,5.791188,6.0818579999999995,6.3732071000000001,6.6184720000000006,6.8128427000000009
1995-12-20,5.8028108000000005,6.1117470000000003,6.4058166999999999,6.6533803000000002,6.852338500000001
1995-12-21,5.7699962000000005,6.0578681000000003,6.3507121,6.5975836999999995,6.7958461999999997
1995-12-22,5.7201509999999995,5.9956146000000006,6.2778419000000003,6.5207572000000003,6.72011
1995-12-27,5.6115288999999997,5.8764545000000004,6.1649959999999995,6.4214814999999996,6.6326352000000002
1995-12-28,5.6185521000000005,5.8773244,6.1435873000000001,6.3752979999999999,6.5743481000000008
1995-12-29,5.6211941000000003,5.8704238000000002,6.1404623000000003,6.3758761999999995,6.5748043000000003
1996-01-02,5.6178894000000001,5.8439000999999999,6.1369898999999997,6.4224000000000006,6.6486428999999996
1996-01-03,5.5831721000000005,5.7874661000000005,6.0738912000000003,6.3588746,6.587290799999999
1996-01-04,5.5702242999999996,5.7603251000000002,6.0543199000000003,6.3501688999999999,6.5873609000000002
1996-01-05,5.5667168,5.7550216000000001,6.0648325000000005,6.3742979000000002,6.6196250999999995
1996-01-08,5.5889293000000002,5.7987727000000007,6.1075306999999999,6.4147719000000007,6.6597895000000005
1996-01-09,5.5909911999999995,5.8043108000000005,6.1154912999999995,6.4293902999999997,6.6858523999999999
1996-01-10,5.6429723999999997,5.8447885999999993,6.1721241000000004,6.5095957999999996,6.7823531000000008
1996-01-11,5.5608014999999993,5.7510059,6.0723775,6.3993720000000005,6.6667930000000002
1996-01-12,5.4997217999999997,5.6532049999999998,5.9747917999999993,6.3208580999999997,6.6063489000000004
1996-01-15,5.4634879999999999,5.6050620000000002,5.9223296999999997,6.2785549999999999,6.5767190000000006
1996-01-16,5.4410354999999999,5.5619559999999995,5.8671723,6.2158959999999999,6.5104617000000005
1996-01-17,5.4087052,5.5297739999999997,5.8371754999999999,6.1870346999999999,6.4802954999999995
1996-01-18,5.3810991000000001,5.4878014000000004,5.7900146999999995,6.1335589000000006,6.4198088000000002
1996-01-19,5.3846815000000001,5.5024167999999998,5.7985424999999999,6.1316130000000006,6.4107810000000001
1996-01-22,5.4552389999999997,5.6057157000000002,5.9043941000000002,6.2391195000000002,6.5210318000000003
1996-01-23,5.5271087000000003,5.6683425000000005,5.9722,6.3121609999999997,6.5962385999999995
1996-01-24,5.4493100000000005,5.5850996000000004,5.8917102999999997,6.2338168999999999,6.5185080000000006
1996-01-25,5.4251449000000003,5.6154377999999996,5.9337287999999999,6.2780446000000003,6.569734200000001
1996-01-26,5.3612179000000006,5.5808252000000005,5.9116477999999999,6.2355201999999998,6.5096809000000002
1996-01-29,5.3870602999999999,5.5396562999999999,5.9094921000000005,6.2796884999999998,6.5329532999999991
1996-01-30,5.2276860000000003,5.4640383999999997,5.8024139000000003,6.1367465000000001,6.4242039999999996
1996-01-31,5.2109863999999995,5.4331261,5.7672894000000001,6.1144438000000001,6.4076210999999992
1996-02-01,5.1974437,5.4014790000000001,5.7460032999999999,6.1031424999999997,6.4017068999999998
1996-02-02,5.1486160999999999,5.3773184000000001,5.7476035999999997,6.1160395999999997,6.4288930999999998
1996-02-05,5.1679773999999998,5.4196428000000001,5.8011727999999998,6.1707952000000006,6.4792969000000005
1996-02-06,5.1194082999999999,5.3640276,5.7532103000000001,6.1330602999999995,6.4500128000000005
1996-02-07,5.0772249999999994,5.3071462,5.6943688999999997,6.0944109000000006,6.4283486999999999
1996-02-08,5.0268949999999997,5.2413124999999994,5.6357103999999998,6.0471568000000007,6.3817225000000004
1996-02-09,5.0449714999999999,5.2714102999999994,5.6638684000000001,6.0690762000000005,6.3975191999999996
1996-02-12,4.9809649999999994,5.1968313999999998,5.5866138000000003,5.9906465999999998,6.3162940000000001
1996-02-13,5.0188407999999995,5.2314708999999997,5.6033637999999995,5.9892934000000002,6.3020476000000007
1996-02-14,5.1125242000000002,5.4116070000000001,5.8000641999999996,6.1488573999999998,6.4307927000000005
1996-02-15,5.1676495000000005,5.4519823000000001,5.8418163999999999,6.1949698999999994,6.4827841999999993
1996-02-16,5.1989248000000003,5.508934,5.9112105000000001,6.2780953000000004,6.581005199999999
1996-02-19,5.2949121999999997,5.6430860999999997,6.0516503999999998,6.4150790999999998,6.7133605999999997
1996-02-20,5.5716521999999999,5.8719885999999999,6.2624445,6.6364029000000002,6.9257764999999996
1996-02-21,5.4299366000000004,5.8748361999999998,6.3089930000000001,6.6638351999999994,6.9408808000000004
1996-02-22,5.3171296999999997,5.7029486,6.1279475999999997,6.4892354000000001,6.7749236000000002
1996-02-23,5.3484492000000001,5.7292610000000002,6.1534529999999998,6.5214441999999995,6.8180537999999995
1996-02-26,5.3349486000000006,5.7793280999999999,6.2177438,6.5806888999999993,6.8686674000000005
1996-02-28,5.4902845999999998,5.9095516000000003,6.2912394999999997,6.6116080999999998,6.8810520999999998
1996-02-29,5.4352203000000001,5.8361367999999993,6.2194317999999997,6.5480291999999993,6.8300118000000003
1996-03-01,5.3070482999999999,5.7046241000000002,6.0881207000000002,6.4099345999999997,6.6833832999999991
1996-03-04,5.195462,5.6074457000000004,5.9789054000000004,6.2842836999999996,6.5529918000000009
1996-03-05,5.3352924000000002,5.7539077000000001,6.1090323,6.4069194999999999,6.6716021999999997
1996-03-06,5.3854943000000004,5.8768006000000002,6.2549749000000006,6.551362300000001,6.8044245000000005
1996-03-07,5.3940992999999997,5.8699754999999998,6.2537101000000002,6.5566768,6.8170497000000001
1996-03-11,5.6611358000000003,6.2016068999999998,6.6012709000000003,6.9016659999999996,7.140260800000001
1996-03-12,5.7356425,6.2252014000000004,6.6191145000000002,6.9254584999999995,7.1497450000000002
1996-03-13,5.4766655999999996,5.9422704,6.5299263999999999,6.9230489000000004,7.1663712000000004
1996-03-14,5.6656354999999996,6.2013771000000002,6.6034626000000003,6.8932684999999996,7.1231589999999994
1996-03-15,5.6909476000000003,6.2503400999999998,6.663862,6.9546933000000006,7.1846742000000008
1996-03-18,5.5895177999999994,6.1698936,6.5984129000000005,6.9020061999999989,7.1382686
1996-03-19,5.5165239999999995,6.1442192999999996,6.5897900999999992,6.8916111000000004,7.1247555
1996-03-20,5.4524651000000004,6.0930138999999999,6.5351537000000004,6.8244742,7.0472850999999999
1996-03-21,5.4794257999999996,6.0809337000000001,6.5075441999999999,6.7957805999999996,7.0191577000000009
1996-03-22,5.5256873999999998,6.1294386999999997,6.5631363,6.8651655000000007,7.0992790000000001
1996-03-25,5.4271165000000003,6.0208975000000002,6.4420904999999999,6.7368573000000005,6.9707432000000003
1996-03-26,5.4227349,6.0131502000000001,6.4216015999999998,6.6991484000000003,6.9208096000000001
1996-03-27,5.5120246000000002,6.1033426000000004,6.5258272000000002,6.8234661000000001,7.0394278000000003
1996-03-28,5.5597338000000001,6.1680801000000001,6.5931481999999999,6.8772990000000007,7.0960156999999997
1996-03-29,5.4885763000000001,6.0816526,6.5103410999999998,6.8024854999999995,7.0272838000000002
1996-04-01,5.4174078999999997,6.0389113999999999,6.4659991000000003,6.7491440999999996,6.9702517000000004
1996-04-02,5.4404107000000002,6.0307452000000001,6.4368857999999998,6.7099569999999993,6.9238967000000002
1996-04-03,5.5195714000000002,6.1228695999999996,6.5256245000000002,6.7943872000000001,7.0010872000000006
1996-04-04,5.5926724999999999,6.1872426000000003,6.5872167999999993,6.8532068000000006,7.0562196999999998
1996-04-08,5.7745921999999998,6.4411343999999993,6.8508995000000006,7.1081818000000005,7.2975285999999997
1996-04-09,5.6863275,6.3478388999999993,6.7531363999999998,7.0072112000000004,7.1991990000000001
1996-04-10,5.6892104999999997,6.4480567000000004,6.8939925999999998,7.1362394999999994,7.3097149000000003
1996-04-11,5.6700542,6.3813616,6.8328452999999998,7.0898370000000002,7.272817400000001
1996-04-12,5.5109109000000007,6.2350026000000005,6.6917903000000001,6.9456676999999996,7.1308012999999999
1996-04-15,5.4037245999999994,6.1352281,6.5949534000000005,6.8550915000000003,7.0512718000000003
1996-04-16,5.3912129000000002,6.1409030000000007,6.6151570000000008,6.8835597000000002,7.0842075000000007
1996-04-17,5.4341441999999995,6.2149276000000002,6.6986771000000003,6.9668856999999997,7.1623779999999995
1996-04-18,5.3628111000000001,6.1726267999999997,6.6746859000000009,6.9505566000000005,7.1520866000000005
1996-04-19,5.2379125000000002,6.0476738000000001,6.5564633999999993,6.8463932000000005,7.0652561
1996-04-22,5.2355904000000004,6.0488290999999998,6.5508677999999998,6.8385324000000001,7.0550477999999996
1996-04-23,5.2585848999999998,6.0717340000000002,6.5687105999999993,6.8502625999999998,7.0604684999999998
1996-04-24,5.3208082000000001,6.1258246000000005,6.6283944999999997,6.9208756999999999,7.1367764000000005
1996-04-25,5.2613209999999997,6.0334085000000002,6.5358585999999992,6.8301038999999992,7.0479421999999996
1996-04-26,5.2078956999999999,6.0302439999999997,6.5157224999999999,6.7301102000000004,6.8853568000000003
1996-04-29,5.3271939999999995,6.1070371999999997,6.5378644999999995,6.8416741000000005,7.0979276999999996
1996-04-30,5.3886992999999999,6.1422424000000007,6.5801705999999998,6.8912534000000001,7.1478609999999998
1996-05-01,5.3723761000000003,6.1163035999999993,6.5528554000000003,6.8662598000000008,7.1252313999999997
1996-05-02,5.4902581999999995,6.2330411000000003,6.6690744999999998,6.9792755999999994,7.2339269000000002
1996-05-03,5.5460244000000003,6.3221219999999994,6.7580798999999994,7.0590853999999998,7.3048905
1996-05-06,5.4943814,6.2725106000000004,6.7185674999999998,7.0315317999999998,7.2875510000000006
1996-05-07,5.4700227999999997,6.2410158000000004,6.6925366000000004,7.0130586999999993,7.2745454000000001
1996-05-08,5.4223165,6.1862140999999999,6.639898800000001,6.9582877000000005,7.2122611000000001
1996-05-09,5.4503136000000003,6.2199884000000001,6.6726282000000001,6.9894042000000001,7.244186599999999
1996-05-10,5.5410810999999995,6.3270378000000003,6.7595519000000008,7.0529956000000009,7.2917554999999998
1996-05-13,5.4076813000000001,6.1679018000000001,6.6056971000000004,6.9145118000000005,7.1676671000000001
1996-05-14,5.3744136999999998,6.1316964,6.5754050999999993,6.8835512999999997,7.1295544
1996-05-15,5.3444763000000002,6.1015812,6.5456422999999999,6.8552961999999997,7.1027721000000001
1996-05-16,5.3743476000000001,6.1248838000000001,6.5755365999999995,6.8909475999999996,7.140890699999999
1996-05-17,5.3512702000000001,6.0930399,6.5274536999999997,6.8293479000000001,7.0705219999999995
1996-05-21,5.3166190000000002,6.0787648999999995,6.5149352999999994,6.8138999000000009,7.0520627999999999
1996-05-22,5.2936708000000001,6.0415877,6.4609438000000008,6.7485906999999994,6.980824300000001
1996-05-23,5.3399893,6.0834904000000005,6.4918541999999997,6.7685971999999994,6.9931839
1996-05-24,5.3213628000000002,6.0303591000000001,6.4218818999999998,6.6869458000000011,6.9013766000000007
1996-05-27,5.3027940999999998,6.0205454999999999,6.4107907000000006,6.6786413000000007,6.9004080999999999
1996-05-28,5.3406099999999999,6.0831901999999998,6.4872845999999997,6.7680833999999992,7.0019566000000006
1996-05-29,5.3754040000000005,6.0977866999999994,6.5625210000000003,6.8853305000000002,7.1208698999999998
1996-05-30,5.4003833999999999,6.1307944000000001,6.5897872,6.9033436000000004,7.1335132999999997
1996-05-31,5.4197837,6.1549452999999996,6.6263560999999997,6.9519808000000003,7.1894150000000003
1996-06-03,5.4121373000000004,6.1598609,6.6277602000000009,6.9455565999999997,7.1755233
1996-06-04,5.4312448,6.1672376,6.6226614000000001,6.9296151999999998,7.1510349
1996-06-05,5.3819213999999995,6.1296580000000001,6.5946862999999993,6.9022823999999998,7.1221147999999994
1996-06-06,5.3344572000000001,6.0481208999999998,6.5091925999999996,6.8226917999999994,7.0492170000000005
1996-06-07,5.4194696000000002,6.1552381,6.6283923999999992,6.9450847999999992,7.1715229000000003
1996-06-10,5.4347843999999998,6.1921597000000004,6.6719029999999995,6.9961907000000005,7.2303764000000008
1996-06-11,5.4395233000000003,6.1881101999999997,6.6698206999999998,6.9977362999999997,7.2347415999999996
1996-06-12,5.4994166999999994,6.2476054000000003,6.7424981999999991,7.0872191999999998,7.3351440000000006
1996-06-13,5.5427549000000003,6.3168960999999992,6.7546812999999997,7.0479997000000001,7.2720323000000002
1996-06-14,5.5330224000000001,6.3028361000000004,6.7397095,7.0290157000000004,7.2472683999999994
1996-06-17,5.4970755000000002,6.2737959999999999,6.7186126999999995,7.0178573999999996,7.2438583000000003
1996-06-18,5.5371601999999998,6.3256691000000007,6.7618326000000009,7.0524882,7.2753492
1996-06-19,5.5628938000000003,6.3708584999999998,6.8107536999999994,7.0960422999999997,7.3138821000000007
1996-06-20,5.5741924999999997,6.3639366000000006,6.7969562999999997,7.077375700000001,7.2902555999999992
1996-06-21,5.5512719000000006,6.3259489000000002,6.7571501000000005,7.0384006999999995,7.2530464000000006
1996-06-24,5.5018525999999994,6.2684880999999999,6.6917587999999997,6.9700318999999995,7.1844153999999989
1996-06-25,5.4518772000000002,6.2242575000000002,6.6463372000000005,6.9240355999999998,7.1373940999999999
1996-06-26,5.4628672000000007,6.2404522,6.6642808000000002,6.9407368999999992,7.1516542000000003
1996-06-27,5.4443258000000005,6.2016543999999998,6.6270519999999999,6.9096366000000007,7.1255194999999993
1996-07-02,5.4599902999999994,6.2357564999999999,6.6540128000000003,6.9217344000000001,7.1217322999999997
1996-07-03,5.3981506999999995,6.1806437999999995,6.6063260000000001,6.8783168000000003,7.081251
1996-07-04,5.3818194000000004,6.1884173999999996,6.6132076999999994,6.8874546999999993,7.0941056000000007
1996-07-05,5.4941765,6.3587239000000002,6.7853791999999995,7.0554325999999996,7.2646644
1996-07-08,5.5482887999999999,6.3940102999999997,6.8149901999999996,7.0745619,7.2696541000000003
1996-07-09,5.5126486999999997,6.3280211,6.7561221000000007,7.0149120999999992,7.2010822000000001
1996-07-10,5.4644298999999998,6.2734475999999999,6.7136633000000003,6.9817635000000005,7.1723628000000001
1996-07-11,5.4566793000000002,6.2340869000000003,6.6745298999999996,6.9528568999999996,7.1525029
1996-07-12,5.4621988000000004,6.2407703999999997,6.6720845999999998,6.9379274000000004,7.1280593000000003
1996-07-15,5.4662972999999999,6.2538395999999992,6.6823891999999994,6.9492346999999999,7.1445286999999995
1996-07-16,5.4447561000000002,6.2294404999999999,6.6614820000000003,6.9313456999999996,7.1265356000000004
1996-07-17,5.4448394999999996,6.226871,6.6581678000000002,6.9299148000000006,7.1283494000000003
1996-07-18,5.3637299000000001,6.1212908000000006,6.5588173000000003,6.8390815999999992,7.0428554000000005
1996-07-19,5.2812719000000001,6.0711680000000001,6.5275822999999997,6.8227177000000001,7.0394208000000003
1996-07-22,5.2262177999999997,6.0378625999999995,6.5157574,6.8256072000000003,7.0523856999999994
1996-07-23,5.1936308999999996,6.0133659000000002,6.4899898,6.7959610000000001,7.0201105999999998
1996-07-24,5.2111727999999999,6.0500264999999995,6.5294328999999998,6.8328851999999998,7.0538710000000009
1996-07-25,5.2632949,6.0798576000000004,6.5420849000000008,6.8314243999999995,7.0417323000000005
1996-07-26,5.2756082000000006,6.0915809000000003,6.5509401999999994,6.8375804000000002,7.0456408999999995
1996-07-29,5.3130666,6.1279000999999997,6.6321810999999995,6.9146942000000005,7.0748699999999998
1996-07-30,5.3263445000000003,6.0907026000000002,6.5207426999999996,6.8332432000000001,7.0763987999999998
1996-07-31,5.2369268,5.9881905,6.4353994999999999,6.7549594000000006,7.0000376000000006
1996-08-01,5.0602326,5.7204573999999999,6.1663651000000002,6.5065682999999996,6.7740005000000005
1996-08-02,4.8570019000000002,5.4986037999999997,5.9527139,6.3036630999999996,6.5798247000000005
1996-08-06,4.8531738999999998,5.5249044999999999,5.9892428999999998,6.3436202000000002,6.6234586999999996
1996-08-07,4.8462902999999997,5.5301496999999999,6.0059000000000005,6.3657318000000007,6.6455684000000002
1996-08-08,4.7683783000000002,5.4493425999999996,5.9375327000000002,6.3072604999999999,6.592756399999999
1996-08-09,4.7187321999999998,5.3977750999999996,5.8846998999999993,6.2470352,6.5211757999999991
1996-08-12,4.6469320999999999,5.3694671999999999,5.8845257999999996,6.2614217999999999,6.5430875999999998
1996-08-13,4.7393520000000002,5.4487176000000002,5.9444375000000003,6.3132123999999994,6.5959617999999995
1996-08-14,4.7605886999999996,5.4600368000000001,5.9530799999999999,6.3212447000000003,6.6018543999999997
1996-08-15,4.8025122000000007,5.5044938000000005,5.9981938999999995,6.3637111999999991,6.6411414999999998
1996-08-16,4.7383742,5.4352710999999996,5.9377946000000001,6.3098151000000007,6.5883893000000002
1996-08-19,4.6489788999999995,5.3834065999999998,5.9174872000000001,6.3073851999999997,6.5943673999999994
1996-08-20,4.5929893999999996,5.3219463000000005,5.8477074,6.2380040999999995,6.5327340999999999
1996-08-21,4.6090657000000004,5.3481683000000002,5.8763673000000001,6.2675415999999995,6.5625220999999998
1996-08-22,4.6591836999999998,5.4071018999999998,5.9066874999999994,6.2716004000000005,6.5504386999999999
1996-08-23,4.7690080000000004,5.5608865999999999,6.0604564999999999,6.4111650000000004,6.6747203000000006
1996-08-26,4.7697213000000005,5.5637723000000001,6.0688879,6.4199674,6.6817920000000006
1996-08-27,4.7567066000000002,5.5584631,6.0822674000000001,6.4412619000000007,6.7009109999999996
1996-08-28,4.7360109999999995,5.5470098999999999,6.0432880999999998,6.3839854000000003,6.6463317999999996
1996-08-29,4.8102723000000003,5.5952652999999994,6.0743166999999998,6.4127185999999998,6.6815409000000008
1996-08-30,4.8230681999999998,5.6171180999999999,6.1108623,6.4637437000000002,6.7444368000000008
1996-09-03,4.8700964999999998,5.6599687000000003,6.1489853999999999,6.4952049000000001,6.7669111000000006
1996-09-04,4.8772428999999997,5.6757312999999998,6.1626659999999998,6.5109879999999993,6.7889593000000001
1996-09-05,4.9136056999999997,5.6958340000000005,6.1917999999999997,6.5488904000000003,6.8301686000000004
1996-09-06,4.9140432999999994,5.7132960000000006,6.1913947,6.5268028000000005,6.7921917000000001
1996-09-09,4.8330546000000005,5.6253869999999999,6.0983000000000001,6.4381957000000005,6.7104081999999998
1996-09-10,4.7801545000000001,5.5871059000000001,6.0671660000000003,6.4141412999999998,6.6956031999999999
1996-09-11,4.7603080000000002,5.5689601999999994,6.0653287000000002,6.422625899999999,6.7073121000000002
1996-09-12,4.5742317999999997,5.4007041999999998,5.9884756000000001,6.3908358999999999,6.6919857999999994
1996-09-13,4.3960673999999997,5.1633285000000004,5.7475160999999995,6.1751807000000003,6.5102219000000003
1996-09-16,4.3652984999999997,5.1386949,5.7393089000000002,6.1801636999999996,6.5185558000000006
1996-09-17,4.5024778999999997,5.2834479999999999,5.8811477999999999,6.3123364999999998,6.6363336999999998
1996-09-18,4.5227015000000002,5.3036503999999995,5.8998489999999997,6.3336866000000009,6.6595297999999996
1996-09-19,4.5594748999999997,5.3225540000000002,5.9047341000000007,6.3258102999999997,6.6446826000000003
1996-09-20,4.5694543999999997,5.2818415999999999,5.8608637999999997,6.3026225000000009,6.634023
1996-09-23,4.5463037000000002,5.2610270000000003,5.8422593000000003,6.2855704000000001,6.6172613000000009
1996-09-24,4.2948119,5.0707607000000001,5.6944127,6.1471610000000005,6.4878419000000003
1996-09-25,4.3124902000000001,4.9969818999999998,5.5981244999999999,6.0647805999999997,6.4121322999999997
1996-09-26,4.2431739000000004,5.0670574000000004,5.6589369000000005,6.0546207999999995,6.3837148999999993
1996-09-30,4.3169746,5.0566447999999999,5.6387251000000003,6.0443920000000002,6.3517671
1996-10-01,4.2419073000000003,4.9873137999999999,5.5628221,5.9668048999999996,6.2743335
1996-10-02,4.1185179999999999,4.8446854999999998,5.4268124000000002,5.8470341000000001,6.1660561999999999
1996-10-03,4.1048163999999998,4.7961494,5.3774838000000003,5.8007096999999996,6.1201688000000001
1996-10-04,3.8690169000000005,4.4734911000000004,5.0553767000000001,5.5149160000000004,5.8759125000000001
1996-10-07,3.9027753999999999,4.5593759,5.1490787999999998,5.6019038999999999,5.9512262000000007
1996-10-08,3.9180907999999999,4.6091706000000006,5.2070289000000001,5.6595032999999999,6.0069889999999999
1996-10-09,3.8240524999999996,4.5764788999999997,5.2121820000000003,5.6543258999999999,5.9782280999999999
1996-10-10,3.7850699000000003,4.5213957000000002,5.1694757000000005,5.6237358000000004,5.9570347000000003
1996-10-11,3.7088107000000003,4.4048993999999997,5.0400833,5.5010849000000004,5.8478054999999998
1996-10-15,3.6560516999999999,4.3858193999999999,5.0145105000000001,5.4454491999999997,5.7640400000000005
1996-10-16,3.6939693000000005,4.4540338999999998,5.0742431999999997,5.4865114000000004,5.7894868000000006
1996-10-17,3.7573267000000001,4.4928061000000001,5.0937530000000004,5.4912559999999999,5.7800316999999994
1996-10-18,3.7593257999999996,4.5277048000000004,5.1195349999999999,5.4966913999999996,5.7695550999999998
1996-10-21,3.6563851000000001,4.446771,5.0390457,5.4191554000000002,5.6961838
1996-10-22,3.5951280000000003,4.4008820999999996,4.9966495999999996,5.3767902000000003,5.6539595999999994
1996-10-23,3.5687670999999996,4.3694569000000003,4.9666952000000002,5.3519569000000002,5.6374076000000004
1996-10-24,3.6522150000000004,4.4736004999999999,5.0978798999999997,5.4951680999999999,5.7781830999999997
1996-10-25,3.6919355,4.5043640000000007,5.1257954000000003,5.5425475999999998,5.8473340999999994
1996-10-28,3.7301280000000001,4.5638909999999999,5.1758613000000002,5.5795012999999996,5.8782563000000003
1996-10-29,3.6395578999999998,4.4349134999999995,5.0258382999999993,5.4178869000000001,5.7122184000000003
1996-10-30,3.6538180000000002,4.4338961000000001,5.0183559000000004,5.4094449000000004,5.7011053999999994
1996-10-31,3.5811610000000003,4.3332830000000007,4.9185432999999996,5.3169753999999996,5.6179930000000002
1996-11-01,3.4628449999999997,4.2172400000000003,4.8092654999999995,5.2120050999999998,5.5154717
1996-11-04,3.4340959999999998,4.2073307,4.8055377000000004,5.2042523000000003,5.4988438000000004
1996-11-05,3.3189481000000001,4.0916388000000001,4.6892892000000002,5.0793365000000001,5.3610907999999995
1996-11-06,3.3149461999999996,4.1013016999999996,4.7140559999999994,5.1112643000000002,5.3934079000000006
1996-11-07,3.3039814000000001,4.0689339999999996,4.6789417000000002,5.0729128000000001,5.3526723999999994
1996-11-08,3.3291071999999997,4.1188906999999997,4.7343323999999996,5.1222938000000005,5.3933083000000002
1996-11-12,3.3371776,4.1593544000000007,4.7742727999999994,5.1499293000000002,5.4062117000000001
1996-11-13,3.3278521999999997,4.1630615999999998,4.7964042999999998,5.1881697999999998,5.4567782000000005
1996-11-14,3.2726584000000001,4.0717738000000008,4.7064560999999996,5.1030945000000001,5.3764569
1996-11-15,3.2829218,4.0709103000000004,4.6947738000000001,5.0890779999999998,5.3666960999999995
1996-11-18,3.2744258999999998,4.0555731000000002,4.6865112,5.0960257000000002,5.3854267
1996-11-19,3.2575765999999997,4.0406944999999999,4.6716540999999996,5.0857774999999998,5.3788625000000003
1996-11-20,3.2326636,4.0188207,4.6532857999999999,5.0688823000000003,5.3610708000000002
1996-11-21,3.2226763999999997,4.0080010999999995,4.6543499000000006,5.0747054,5.3685061999999997
1996-11-22,3.2118725000000001,3.9837777999999999,4.6263661999999997,5.0502335,5.3497576000000002
1996-11-25,3.1832978999999999,3.9508361000000001,4.5854710000000001,5.0144336999999997,5.3251042999999996
1996-11-26,3.1347645000000002,3.9112247000000004,4.5472937999999994,4.981433,5.2988096000000002
1996-11-27,3.1106511000000001,3.8991383999999996,4.4981420999999999,4.9433278999999999,5.2995606999999998
1996-11-28,3.1187320000000001,3.9034812000000003,4.4963212000000006,4.9374039999999999,5.2947291999999999
1996-11-29,3.0905082999999998,3.8563294999999997,4.4376208000000004,4.8722434000000003,5.2285341999999995
1996-12-02,3.1406730999999999,3.8842532999999997,4.4586695000000001,4.9010389000000005,5.2647516999999997
1996-12-03,3.1473665,3.8897699000000001,4.4619458999999999,4.9033958000000002,5.2654534000000002
1996-12-04,3.2940046000000001,4.1026284000000004,4.6810746999999999,5.1046896999999998,5.4490835999999998
1996-12-05,3.6817001,4.5169046999999996,5.0893579000000004,5.4813879000000005,5.7834341999999994
1996-12-06,3.5938889999999999,4.4235143999999993,5.0014118999999999,5.4083983,5.7279653999999995
1996-12-09,3.3904687000000004,4.2356791999999999,4.8079988,5.2190469000000004,5.5544877000000001
1996-12-10,3.5243731,4.3839002000000002,4.9618124000000003,5.3566526000000003,5.6647952999999998
1996-12-11,3.6945937999999998,4.5706129999999998,5.1352596999999998,5.5119066999999999,5.8080537000000003
1996-12-12,3.6491404999999997,4.5424226999999995,5.0790224999999998,5.4408354000000001,5.7497185999999996
1996-12-13,3.6299682999999998,4.5621687,5.1020759,5.4557905,5.7585497999999999
1996-12-16,3.8037430999999997,4.6418673999999998,5.2053927,5.6091107999999998,5.9168017000000006
1996-12-17,3.7297601999999999,4.5587384000000002,5.1291599999999997,5.5446586,5.8623292000000005
1996-12-18,3.8207453000000005,4.6760010999999997,5.2411811000000004,5.6388088000000005,5.9372508999999996
1996-12-19,3.7032457999999999,4.5152367,5.0620650999999999,5.4559524999999995,5.7579153999999999
1996-12-20,3.6596044000000001,4.4649618000000002,5.0163212999999995,5.4126560000000001,5.7130006
1996-12-23,3.6183559999999995,4.4103855999999997,4.9662598000000004,5.3716337000000003,5.6798836000000001
1996-12-24,3.5940099000000005,4.3734862999999997,4.9293037999999996,5.3409031000000002,5.6568563000000003
1996-12-27,3.5288765,4.2834403999999999,4.8278344000000004,5.2354132999999994,5.5507777999999997
1996-12-30,3.5318572000000001,4.2764861000000005,4.8134572000000002,5.2141823,5.5237905999999999
1996-12-31,3.6438720999999998,4.3968129000000005,4.9418284999999997,5.3478140999999999,5.6603031999999995
1997-01-02,3.8785589000000003,4.6631806999999998,5.1902992000000001,5.5696355000000004,5.8599370999999998
1997-01-03,3.8046536,4.5982539999999998,5.1374284000000001,5.5259890999999994,5.8222471000000002
1997-01-06,3.8067203000000003,4.6364409000000002,5.1846712000000004,5.5751014000000003,5.8718808999999998
1997-01-07,3.8031202999999998,4.6773303999999998,5.2418070999999999,5.6386552999999999,5.9397424000000001
1997-01-08,3.7547847000000001,4.7328220999999999,5.3201393000000001,5.6960499000000002,5.9922903999999999
1997-01-09,3.6885531999999999,4.6269711999999998,5.2089942999999996,5.5934971000000004,5.9031988999999996
1997-01-10,3.7880550999999998,4.6273119999999999,5.2211886999999999,5.6513540000000004,5.9733958999999999
1997-01-13,3.7536738000000001,4.5992025999999999,5.2025050000000004,5.6426061999999995,5.9724022999999997
1997-01-14,3.6336562000000003,4.4794190999999994,5.0888282,5.5362011000000004,5.8726560000000001
1997-01-15,3.5896078999999999,4.4488897999999999,5.0732194000000002,5.5282957000000001,5.8664085999999998
1997-01-16,3.6158918999999998,4.4765024000000002,5.0977980000000001,5.5495548999999995,5.8863398999999994
1997-01-17,3.5750099,4.4032472,5.0207375999999995,5.4821834999999997,5.8315763
1997-01-20,3.52955,4.3782451,5.0150392999999998,5.4901912999999993,5.8475723000000004
1997-01-21,3.4773533000000003,4.3125597999999998,4.9420492000000005,5.4116663000000003,5.7655590999999999
1997-01-22,3.5407531999999997,4.3941834000000002,5.0211161999999998,5.4885397000000005,5.8438100000000004
1997-01-23,3.6130858000000003,4.4819773999999999,5.1133826999999998,5.5773536999999997,5.9255111999999999
1997-01-24,3.6559526,4.5213875999999997,5.1501238999999996,5.6167845999999999,5.9698378999999999
1997-01-27,3.6621359999999998,4.512651,5.1449737000000004,5.6176440999999997,5.9743617000000002
1997-01-28,3.6306906999999997,4.4647975999999998,5.0953215000000007,5.5731014999999999,5.9361606999999994
1997-01-29,3.6592435000000001,4.4219227999999999,5.0125966000000002,5.4964715999999996,5.8808969000000006
1997-01-30,3.6734086000000001,4.4208902000000005,5.0016408999999999,5.4771869000000004,5.8552300000000006
1997-01-31,3.6176841,4.3535316000000002,4.9278389000000002,5.3957860000000002,5.7679775000000006
1997-02-03,3.5545214000000001,4.2840899000000006,4.8535632,5.3191429000000001,5.6904443000000002
1997-02-04,3.5552729999999997,4.2768877999999999,4.8481491000000005,5.3129992000000001,5.6790194000000005
1997-02-05,3.5690628000000002,4.2946967000000003,4.8524061999999999,5.3002628999999999,5.6540172000000002
1997-02-06,3.5683073000000003,4.2786937999999992,4.8399027999999999,5.2940094999999996,5.6514335999999998
1997-02-07,3.4867396000000004,4.1968218000000004,4.7582605000000004,5.2098855000000004,5.5660331999999997
1997-02-10,3.5016734,4.2120649999999999,4.7603964999999997,5.2017462999999999,5.5529796999999999
1997-02-11,3.4702143999999997,4.1671145999999997,4.7156124000000004,5.1673276000000001,5.5288512999999995
1997-02-12,3.4840503000000003,4.1773378999999995,4.7315598999999997,5.1872047999999999,5.5491744000000001
1997-02-13,3.4146825000000001,4.0599987999999998,4.5930032000000001,5.0420226000000001,5.4036388999999998
1997-02-14,3.4130699999999998,4.0506792999999996,4.5674444999999997,5.0034811999999995,5.3576724000000002
1997-02-17,3.4107378000000002,4.0563175999999999,4.5755838999999998,5.0116063000000004,5.3638250999999997
1997-02-18,3.4592681999999999,4.1253335,4.6469759000000002,5.0774561,5.4226453000000001
1997-02-19,3.5070057000000001,4.1901951000000004,4.7091664999999994,5.1301893000000005,5.4660672000000003
1997-02-20,3.5366191999999996,4.2369116,4.7816711999999999,5.2156047000000001,5.5528563000000002
1997-02-21,3.5286645999999999,4.2209351999999996,4.7544525999999996,5.1812563000000003,5.5150182999999995
1997-02-24,3.5116195000000001,4.1893791,4.7204169999999994,5.1545321,5.4976346999999999
1997-02-25,3.4992040000000002,4.1734400999999997,4.7104322999999999,5.1568185,5.5098013000000003
1997-02-26,3.6426594999999997,4.3089767999999999,4.8495153000000002,5.3144587999999997,5.6782377999999998
1997-02-27,3.6903621999999996,4.4068118000000007,4.9266211999999996,5.3470361000000004,5.6840004000000004
1997-02-28,3.6790547999999998,4.3942171999999999,4.9085336999999996,5.3232181000000001,5.6574543999999998
1997-03-03,3.6967622999999996,4.4159439000000003,4.9263419000000006,5.3377027000000004,5.6689590000000001
1997-03-04,3.7586333999999999,4.4930957000000005,5.0025475000000004,5.4025243999999999,5.7206802999999997
1997-03-05,3.7511157000000002,4.4661131000000003,4.9744248999999998,5.3814317000000003,5.7076089000000003
1997-03-06,3.8008118999999998,4.5346470999999999,5.0437069000000001,5.4449486,5.7652463000000003
1997-03-07,3.7621926999999999,4.5130720999999996,5.0152356999999999,5.3997492000000005,5.7055281999999998
1997-03-10,3.7828985000000004,4.5485856,5.0477049000000003,5.4270019000000005,5.7311261
1997-03-11,3.7886622999999999,4.5559944999999997,5.0598659000000001,5.4463195999999998,5.7549530000000004
1997-03-12,3.7888031000000004,4.5472140000000003,5.0595942999999997,5.4564406999999999,5.772221
1997-03-13,3.7831345000000001,4.5276985999999999,5.0870376000000004,5.5137738000000001,5.8364403000000005
1997-03-14,3.7760129000000004,4.5127788000000004,5.0751054,5.5063791000000002,5.8320103999999997
1997-03-17,3.8262277999999998,4.5748958000000002,5.1318308999999998,5.5555726999999999,5.8743235
1997-03-18,3.9380922999999997,4.6900426,5.2312009999999995,5.6386778999999994,5.9432159000000002
1997-03-19,3.9373196999999998,4.6779807,5.2182364999999997,5.6286990000000001,5.9376484999999999
1997-03-20,4.0059847,4.7331064999999999,5.2627036,5.6694988999999998,5.9759308999999998
1997-03-21,3.9762823000000003,4.6897682000000005,5.2311003999999999,5.6498505999999997,5.9635198000000003
1997-03-24,3.9657079,4.6769860000000003,5.212491,5.6290890000000005,5.9421315999999997
1997-03-25,3.9885068000000001,4.7090689999999995,5.2433043000000001,5.6602747999999998,5.9755951999999999
1997-03-27,4.0624522000000001,4.7947894999999994,5.3271609,5.7393067999999996,6.0472875000000004
1997-03-31,4.2048430999999997,4.9812241000000004,5.4982772999999998,5.8851486,6.1727411999999999
1997-04-01,4.2714216,5.0228650000000004,5.5146706999999999,5.8929454000000003,6.1789626999999996
1997-04-02,4.2466674000000006,5.0070977000000001,5.4979940999999997,5.8765844999999999,6.1649728000000001
1997-04-03,4.3743163999999997,5.1547520999999996,5.6368846000000001,6.0012458999999998,6.2759933999999999
1997-04-07,4.2812980999999999,5.0653411999999998,5.5736771999999997,5.95831,6.2462368999999995
1997-04-08,4.3010516999999995,5.1245142000000001,5.6282313999999998,6.0094297000000001,6.2933886999999995
1997-04-09,4.3073949999999996,5.1389715000000002,5.6505945000000004,6.0291673000000001,6.3071608000000001
1997-04-10,4.4221066000000002,5.2668381000000002,5.7551863000000001,6.1130433999999996,6.3754557000000007
1997-04-11,4.4407771,5.2855827,5.7875832000000003,6.1501812000000005,6.4104236999999991
1997-04-14,4.3923052,5.2309770999999996,5.7407072000000001,6.1147772000000007,6.3832873999999995
1997-04-15,4.2392107000000001,5.1002429000000005,5.6243680999999999,6.000432,6.2689465999999996
1997-04-16,4.1408873999999996,4.9774178000000004,5.5125501000000003,5.9078429999999997,6.1972734999999997
1997-04-17,4.1864994000000006,4.9823180000000002,5.4995791000000001,5.8847054999999999,6.1654571000000002
1997-04-18,4.2156153000000005,5.0089452999999997,5.5241305999999994,5.9059496000000005,6.1817628999999998
1997-04-21,4.1865547000000003,5.0078443000000004,5.5326393000000005,5.9188865000000002,6.198728
1997-04-22,4.1761210000000002,4.9657344999999999,5.4950283000000004,5.8813351999999997,6.1587166999999994
1997-04-23,4.1686465999999998,4.9734730999999996,5.5143655999999996,5.9065175999999999,6.186725
1997-04-24,4.2069821000000003,5.0009288999999999,5.5407875999999998,5.9330569999999998,6.2132965999999996
1997-04-25,4.2609046999999993,5.0853304000000001,5.6346447,6.0206936000000004,6.2886239999999995
1997-04-28,4.3337279999999998,5.190029,5.7412804,6.1195051999999999,6.3750476000000003
1997-04-29,4.1245878999999999,4.9478477999999999,5.5038792000000001,5.8879933000000007,6.1506153000000001
1997-04-30,4.1098146,4.9177982,5.4659224000000002,5.8480692999999997,6.1102255999999997
1997-05-01,4.0572518000000004,4.8299848999999995,5.3754122999999998,5.7663786999999997,6.0370295
1997-05-02,3.9807321999999998,4.7395081000000001,5.2699858000000006,5.6599956000000002,5.9411670999999995
1997-05-05,3.9550479999999997,4.7258757999999998,5.2525718000000001,5.6385531000000002,5.9187634000000005
1997-05-06,3.9588072000000003,4.7492885999999999,5.2783902000000005,5.6616917000000004,5.9378317000000003
1997-05-07,4.0796389,4.8963587999999998,5.4363143000000003,5.8201609000000003,6.0906595000000001
1997-05-08,4.1127111000000003,4.9153302000000005,5.4414936999999997,5.8130193999999999,6.0746633000000001
1997-05-09,4.0373710000000003,4.8268075000000001,5.3515490999999997,5.7233878000000002,5.9870008000000006
1997-05-12,4.010478,4.8098027000000005,5.3353370999999994,5.7079499999999994,5.9734559999999997
1997-05-13,4.0485220000000002,4.8619141999999993,5.3858665999999999,5.7497563000000005,6.0072629000000006
1997-05-14,4.0020593,4.8180499000000001,5.3501559999999992,5.7155991000000004,5.9710210000000004
1997-05-15,3.9633691,4.7809355,5.3153272999999999,5.6816163,5.9378098000000001
1997-05-16,3.9750912,4.8063383000000002,5.3447661000000002,5.7063167999999997,5.9565600000000005
1997-05-20,3.8392653000000001,4.6857133000000006,5.2403554999999997,5.6159448999999997,5.8788844999999998
1997-05-21,3.7587115999999998,4.6415629999999997,5.2211056999999998,5.6042490999999997,5.8663254
1997-05-22,3.8036659999999998,4.6893926000000006,5.2673996000000001,5.6518448000000001,5.9175179
1997-05-23,3.7832110999999999,4.6939149999999996,5.2870300000000006,5.6775748000000004,5.9448379000000005
1997-05-26,3.7754216999999999,4.7017015000000004,5.2906303000000001,5.6758003000000006,5.9408351000000001
1997-05-27,3.9958705999999995,4.8429710999999998,5.4002012000000006,5.7841617999999997,6.0507812000000003
1997-05-28,3.9869319999999999,4.8347998000000008,5.3978999999999999,5.7881169000000003,6.0596049000000001
1997-05-29,3.9178587,4.7382372999999998,5.3055203999999998,5.7019611999999995,5.9767286000000004
1997-05-30,3.8566560000000001,4.6572644000000007,5.2207740999999999,5.6163471999999999,5.8922135000000004
1997-06-02,3.8415930999999999,4.6413627999999996,5.2001409000000001,5.5906980000000006,5.8631938000000003
1997-06-03,3.8350685000000002,4.6497602999999996,5.2076663999999999,5.5990605000000002,5.8734564000000002
1997-06-04,3.8556344,4.6819053999999998,5.2381717999999999,5.6245213999999999,5.8957305
1997-06-05,3.8670188000000003,4.6638033000000005,5.2101170000000003,5.5965609000000001,5.8699097
1997-06-06,3.8069848000000004,4.5884840000000002,5.1215270000000004,5.4934931000000002,5.7531935000000001
1997-06-09,3.8779994999999996,4.6694765,5.1889510000000003,5.5486433000000002,5.8005485999999999
1997-06-10,3.8658482000000003,4.6690797000000002,5.1842931999999999,5.5376365999999999,5.7860205999999996
1997-06-11,3.8978602000000002,4.7134254000000002,5.2207130999999993,5.5611243999999997,5.7994382999999994
1997-06-12,3.7562090000000001,4.5617253,5.0470980000000001,5.3730358999999996,5.6109777999999997
1997-06-13,3.6827036999999998,4.4716602999999999,4.9553088000000001,5.2905009999999999,5.5417743999999995
1997-06-16,3.6899384,4.4632826999999997,4.9309206999999997,5.2592374,5.5079310999999995
1997-06-17,3.7110657999999996,4.4958904000000004,4.9576362999999999,5.2845430000000002,5.5363424000000006
1997-06-18,3.7597486,4.5735536999999997,5.0310908999999997,5.3427927000000004,5.5798256999999998
1997-06-19,3.7135856,4.477919,4.9382956,5.2625893999999995,5.5084529
1997-06-20,3.6988386999999996,4.4555917000000003,4.9078187,5.2261331000000002,5.4686569999999994
1997-06-23,3.7186629999999998,4.5013988999999999,4.9582908999999997,5.2759298000000001,5.5172375000000002
1997-06-24,3.7120522000000005,4.4756423999999999,4.9303346000000001,5.2528877000000005,5.5002442999999994
1997-06-25,3.7456327999999997,4.5178095999999996,4.9725817999999995,5.2885388999999998,5.5284577000000006
1997-06-26,4.0039835000000004,4.7336255000000005,5.1669387999999996,5.4708189999999997,5.7011085000000001
1997-06-27,4.0095644000000004,4.7491403000000005,5.1677813000000006,5.456302,5.6768108000000002
1997-06-30,4.0757715000000001,4.8668524999999994,5.2964630999999995,5.5781567999999995,5.7890468000000004
1997-07-02,4.0167013000000003,4.7440176000000003,5.1499307999999999,5.4344270999999997,5.6547770999999996
1997-07-03,3.9218093000000001,4.6296336,5.0339982000000001,5.3174235999999997,5.5365837999999998
1997-07-04,3.9052222999999997,4.6085064000000004,5.0103084999999998,5.2926884000000003,5.5118388999999999
1997-07-07,3.8879535999999999,4.5624809000000006,4.9425419999999995,5.2104838000000004,5.4189919
1997-07-08,3.9345202000000001,4.5940468000000001,4.9629925999999998,5.2285608999999997,5.4386653000000003
1997-07-09,3.9404011000000003,4.5848336000000005,4.9474020999999997,5.2103412000000002,5.4187294000000001
1997-07-10,3.9810232999999999,4.6169079000000002,4.9729144000000005,5.2317257999999995,5.4385095000000003
1997-07-11,4.0129996000000006,4.6352599999999997,4.9824622999999999,5.2326208999999997,5.4315866999999995
1997-07-14,4.0792491999999996,4.7266399999999997,5.0592832999999997,5.2941354,5.4824406999999997
1997-07-15,4.1160557999999998,4.7391706999999998,5.0613349999999997,5.2949415999999996,5.4852286000000001
1997-07-16,4.0681376,4.6621703999999999,4.9796186000000002,5.2087732999999998,5.3928773999999997
1997-07-17,4.1895294999999999,4.7455274999999997,5.0455088000000003,5.2720652000000001,5.4578699999999998
1997-07-18,4.2224066999999996,4.7934966000000001,5.1002730999999999,5.3262530000000003,5.5102051000000003
1997-07-21,4.2152270999999999,4.7981204000000002,5.1032571999999998,5.3270913000000002,5.5106882000000006
1997-07-22,4.1560538000000005,4.7206286000000004,5.0140826000000001,5.2291346000000001,5.4073862999999998
1997-07-23,4.1717354000000002,4.7637429999999998,5.0651266000000001,5.2746819,5.4450668999999996
1997-07-24,4.2253990999999997,4.7732326999999994,5.0556921999999993,5.2609914,5.4338296000000001
1997-07-25,4.2712649000000003,4.8153511,5.0896980999999997,5.2879804000000004,5.4559291000000005
1997-07-28,4.2732240999999993,4.8134136999999999,5.0771731000000004,5.2683489000000003,5.4325855999999995
1997-07-29,4.2092166000000004,4.7570174999999999,5.0219788999999997,5.2179351,5.3877249000000003
1997-07-30,4.2106788000000002,4.5276768000000001,4.7735054999999997,5.0741240999999997,5.3331423000000004
1997-07-31,4.0548841000000007,4.6677815999999996,4.9194598000000003,5.0945602999999995,5.2779369999999997
1997-08-01,4.1829590999999997,4.7470846999999994,5.0284391999999993,5.2345299000000001,5.4114443999999997
1997-08-05,4.2256220999999998,4.8113609999999998,5.0931325000000003,5.2953473000000004,5.4699291999999993
1997-08-06,4.2403690000000003,4.8103083,5.0850105999999995,5.2832410000000003,5.4541697999999998
1997-08-07,4.3131500000000003,4.8767794000000002,5.1425743000000006,5.3382234000000004,5.5082808999999999
1997-08-08,4.2690334999999999,4.8533569999999999,5.1480034999999997,5.3671063999999999,5.5539692000000001
1997-08-11,4.1894366000000005,4.8140219999999996,5.1247144000000002,5.3453919000000001,5.5291208000000003
1997-08-12,4.1208983999999997,4.8278346000000001,5.1807318000000002,5.4097976999999995,5.5878142999999998
1997-08-13,4.0278298000000001,4.6589703,5.0032927999999997,5.2448360000000003,5.4387284000000005
1997-08-14,4.0200132000000002,4.6318619999999999,4.9758874999999998,5.2209614000000002,5.4142609000000004
1997-08-15,3.9716856000000003,4.6296217999999998,4.9906604000000003,5.2359416999999997,5.4272857999999999
1997-08-18,3.912004,4.5471586000000004,4.8965364999999998,5.1504487000000001,5.3591006999999999
1997-08-19,4.0428348000000005,4.6400069000000004,4.9604502999999998,5.1968949000000002,5.3957550999999997
1997-08-20,4.0112693999999998,4.6591502,4.9705364000000003,5.1957009000000003,5.4116659
1997-08-21,4.0783306000000001,4.7676727999999997,5.0721805,5.2763035,5.4801053
1997-08-22,4.0877477000000004,4.6690623999999996,5.0252460000000001,5.2884444000000004,5.4960962000000002
1997-08-25,4.0000606999999997,4.6826312000000003,5.0479301999999997,5.3011194999999995,5.5238950000000004
1997-08-26,4.1141726000000007,4.7151377000000005,5.0738506000000001,5.3334061999999998,5.5343178999999996
1997-08-27,4.1357343000000002,4.7374685000000003,5.0748837,5.3305426000000002,5.5396872999999998
1997-08-28,4.0429801000000003,4.6387326,4.9879875,5.2451487999999999,5.4487679999999994
1997-08-29,4.1188513000000002,4.7249879999999997,5.0630183999999998,5.3055045999999999,5.4978798000000006
1997-09-02,4.0193865999999998,4.6265353999999999,4.9813776000000001,5.2497745999999994,5.4635959999999999
1997-09-03,4.0665643999999999,4.6958671000000001,5.0505284000000001,5.3034705999999998,5.5012033000000002
1997-09-04,4.0840352000000006,4.7147902999999998,5.0641657000000002,5.3113292999999997,5.5066141999999996
1997-09-05,4.0700260999999998,4.6961402000000003,5.0362758999999997,5.2851844000000003,5.4876751000000006
1997-09-08,4.0420240999999999,4.6793648000000001,5.0228891999999998,5.2759130000000001,5.4823172000000007
1997-09-09,4.0692488999999998,4.7211004000000001,5.0601681000000003,5.3060546000000004,5.5068283999999998
1997-09-10,4.0849108000000003,4.7475756000000002,5.0844566999999996,5.3244034000000005,5.5216713000000004
1997-09-11,4.0024177999999999,4.4981251000000002,4.9780749999999996,5.3385842000000006,5.5819448000000005
1997-09-12,4.0128742000000006,4.6102403000000001,4.9772853000000001,5.2443515000000005,5.4500753
1997-09-15,3.9949905999999999,4.6083920999999997,4.9741543999999998,5.2351844000000005,5.4340057000000002
1997-09-16,3.8862806999999999,4.5182443000000001,4.8632472,5.0997797999999994,5.2911733999999999
1997-09-17,3.8966148999999999,4.5288215000000003,4.8613330000000001,5.0910377000000002,5.2790960999999994
1997-09-18,3.9924217,4.6078210999999998,4.9172374999999997,5.1304343000000001,5.3094754000000002
1997-09-19,4.0114901999999999,4.6128750000000007,4.9192507000000001,5.1268248999999999,5.2982271999999995
1997-09-22,3.9561295000000003,4.5860124000000004,4.8944129000000007,5.0978984000000001,5.2704424999999997
1997-09-23,3.9664433999999997,4.5909749,4.9070092000000001,5.1185385999999999,5.2931325999999999
1997-09-24,3.9402653000000001,4.5582151,4.8582172000000003,5.0522968000000006,5.2172035000000001
1997-09-25,3.9838215000000003,4.6106653999999994,4.9172089999999997,5.1154636,5.2846676000000006
1997-09-26,3.9455280000000004,4.5625945000000003,4.8677745000000003,5.0581728999999997,5.2193084000000001
1997-09-29,3.9955628999999999,4.6145458999999995,4.9102892000000002,5.0943648000000001,5.2572105999999996
1997-09-30,3.9689600999999999,4.6043871999999997,4.8937558000000001,5.0747269999999993,5.2423128999999999
1997-10-01,3.9562755999999997,4.5764474999999996,4.8650659000000003,5.0382655999999999,5.1914682000000001
1997-10-02,3.8737572999999998,4.5002016999999999,4.7864278000000002,4.9457610000000001,5.0934895999999998
1997-10-03,3.7824423000000005,4.4147593000000001,4.6995754999999999,4.8551375999999999,5.0079809000000006
1997-10-06,3.7941329000000001,4.4418648999999997,4.7266203999999998,4.8722361000000003,5.0104994999999999
1997-10-07,3.8269601,4.4596881999999995,4.7432860000000003,4.8860844999999999,5.0175052999999998
1997-10-08,3.8976788,4.5436499000000001,4.8344570999999998,4.9826104000000004,5.1158269000000001
1997-10-09,3.9373532000000004,4.5662452,4.8552743999999999,5.0069318000000003,5.1453981999999998
1997-10-10,3.9819629000000001,4.6247376999999998,4.9341303000000005,5.1033626999999999,5.2502515000000001
1997-10-14,3.9468744,4.5910523999999997,4.8860527999999999,5.0471436000000001,5.1946975000000002
1997-10-15,3.9732881999999998,4.6007886999999998,4.9006810999999999,5.0641879999999997,5.2073178000000002
1997-10-16,4.0144779999999995,4.6237940000000002,4.9201024000000002,5.0877011999999997,5.2371186999999999
1997-10-17,4.0473799999999995,4.6514078000000003,4.9572291999999996,5.1357254000000001,5.2921363000000001
1997-10-20,3.9955888000000002,4.6137079999999999,4.9144978999999998,5.0844681000000005,5.2380497999999998
1997-10-21,4.0156020999999997,4.6421150999999998,4.9413920000000005,5.1036798000000001,5.2484335
1997-10-22,4.0295496000000002,4.6682489,4.9707920000000003,5.1323941999999994,5.2753544000000003
1997-10-23,3.9386052999999999,4.5425878000000006,4.8487203999999995,5.0146752000000001,5.1603614999999996
1997-10-24,3.9398776000000004,4.5408841999999998,4.8436079000000003,5.0035872000000001,5.1418187999999994
1997-10-27,3.8892029000000004,4.4504961999999999,4.7312447999999998,4.8838527999999997,5.0180378000000001
1997-10-28,4.0287983000000001,4.5591792,4.8311136000000001,4.9814341999999998,5.1116779000000001
1997-10-29,3.9682680999999995,4.4955328000000003,4.7688758,4.9217364000000003,5.0549648999999999
1997-10-30,3.9647024000000002,4.4844686999999999,4.7639271000000001,4.9109967999999995,5.0376931999999996
1997-10-31,4.0069686999999998,4.5156364,4.7848015000000004,4.9247639000000003,5.0478345000000004
1997-11-03,4.0613339999999996,4.5744886999999999,4.8453971999999998,4.9886743999999998,5.1114585999999997
1997-11-04,4.0725094000000004,4.6140255999999997,4.8789696000000005,5.0160722,5.1399786000000001
1997-11-05,4.0377454000000004,4.5807904000000006,4.8346152,4.9750858000000004,5.1103703999999999
1997-11-06,4.0776620000000001,4.5971269000000001,4.8554377999999998,4.9949928999999997,5.1201344999999998
1997-11-07,4.0335054000000001,4.5552259999999993,4.8180874999999999,4.9627590000000001,5.0950227999999997
1997-11-10,4.0110783999999997,4.5455416999999994,4.8073521000000001,4.9527114999999995,5.084517
1997-11-12,3.9631634999999998,4.510529,4.7542844999999998,4.8933526000000001,5.0342231000000002
1997-11-13,3.9924398000000001,4.4943317,4.738702,4.8832342999999998,5.0195232000000001
1997-11-14,4.0319927,4.5280310999999998,4.7636280000000006,4.9085482000000003,5.0436991000000004
1997-11-17,4.0920680000000003,4.5749630999999997,4.8044938000000004,4.9418275999999999,5.0671527000000003
1997-11-18,4.0786917999999996,4.5570697000000004,4.7787915999999999,4.9161042999999998,5.0456240000000001
1997-11-19,4.0642319000000002,4.5483886,4.7757886999999997,4.9179991999999997,5.0466739
1997-11-20,4.1442879000000001,4.6031208999999995,4.8397540000000001,4.9911724,5.1190828000000002
1997-11-21,4.0885967000000001,4.5590909000000002,4.8129118000000002,4.9715655999999999,5.1000939000000001
1997-11-24,4.0816463000000001,4.5787228999999998,4.8182520000000002,4.9699337000000003,5.1061915999999998
1997-11-25,4.1501277000000005,4.6305265000000002,4.8613460999999996,5.0067699000000001,5.1341150999999998
1997-11-27,4.4236877999999997,4.8897634000000005,5.0647918000000001,5.1634782000000001,5.2648202
1997-11-28,4.4357565000000001,4.9215663000000003,5.1090929999999997,5.2147829999999997,5.3198035999999993
1997-12-01,4.4293990000000001,4.9093812999999997,5.0844673,5.1873411999999997,5.2926795000000002
1997-12-02,4.3460927000000007,4.8034008000000004,4.9895871000000005,5.1063618999999996,5.2204199999999998
1997-12-03,4.3630886999999996,4.8111745999999993,4.9977513,5.1189830000000001,5.2334261
1997-12-04,4.4478135000000005,4.865056,5.0469113000000005,5.1670984000000004,5.2792700999999997
1997-12-05,4.5174547,4.9637273999999998,5.1386525000000001,5.2493204000000002,5.3602169000000002
1997-12-08,4.5122137999999996,4.9926795000000004,5.1707007000000003,5.2830618000000005,5.4006085000000006
1997-12-09,4.5139788000000003,5.0097468000000003,5.1948471000000005,5.3106494,5.4284754
1997-12-10,4.5315072000000001,5.0249950000000005,5.2090275999999998,5.3235112999999998,5.4376990999999997
1997-12-11,4.6072913,5.0752780999999993,5.2437034000000002,5.3491667999999999,5.4608431
1997-12-12,4.7274750999999995,5.1327644000000001,5.2557248999999997,5.3277273999999997,5.4112466999999995
1997-12-15,4.7722479999999994,5.1786053000000001,5.3007851000000006,5.3695222000000005,5.4456458000000003
1997-12-16,4.9948116000000002,5.3618101000000005,5.4472636999999997,5.4815741999999998,5.525773
1997-12-17,4.9962789000000001,5.3164049999999996,5.4205345999999999,5.4802119999999999,5.5308612999999998
1997-12-18,5.0665766000000003,5.3484921999999999,5.4372186999999998,5.4857854999999995,5.5243718999999993
1997-12-19,5.0490613,5.2933434999999998,5.3708330000000002,5.420871,5.4666075999999997
1997-12-22,5.0920019999999999,5.3127686000000001,5.3796407999999998,5.4316672000000006,5.4810673999999997
1997-12-23,5.0610619000000003,5.2738985000000005,5.3512047000000003,5.4132068000000002,5.4685255000000002
1997-12-24,5.0219585999999996,5.2957257000000002,5.3569369999999994,5.3986508000000004,5.4591713000000004
1997-12-29,5.0611353999999995,5.2946337000000003,5.3681587999999998,5.4248326000000002,5.4767427
1997-12-30,4.9960104999999997,5.2354802999999999,5.3329240999999996,5.4087363999999996,5.4732703000000003
1997-12-31,4.8975843000000001,5.1590078999999998,5.2454448999999999,5.3190132999999999,5.3904695
1998-01-02,4.8052962999999993,5.0805720000000001,5.1558256,5.2178639999999996,5.2959829000000003
1998-01-05,4.7199815000000003,4.9879831999999995,5.0576762999999998,5.1129933000000003,5.1821617
1998-01-06,4.8122938,5.0467716000000005,5.0908587000000001,5.1294507000000005,5.1887919
1998-01-07,4.7993499000000002,5.0301304,5.0842184000000001,5.1391368999999996,5.2132448999999994
1998-01-08,4.6898796999999997,4.9121445000000001,4.9841901000000002,5.0437878999999999,5.1215381999999998
1998-01-09,4.5741689000000001,4.7811148000000001,4.8871677,4.9652734000000001,5.0407166000000005
1998-01-12,4.5894211,4.7943362,4.8810702999999993,4.9457919000000006,5.0134884999999993
1998-01-13,4.6298218000000002,4.8309468000000004,4.9142776000000001,4.9729137999999997,5.0303173999999995
1998-01-14,4.6232804000000005,4.8309161999999999,4.9146704999999997,4.9767697999999996,5.0410646000000003
1998-01-15,4.6500973000000005,4.8590172999999997,4.9363077999999998,4.9933062000000001,5.0650116000000001
1998-01-16,4.6887378999999996,4.9098799,4.9842655999999996,5.0364218000000003,5.1043558000000004
1998-01-19,4.7397368000000002,4.9685595999999999,5.0245097000000003,5.0666095000000002,5.132657
1998-01-20,4.8024081000000001,5.0306195999999996,5.0835531000000005,5.1253511000000005,5.1861980000000001
1998-01-21,4.7193021000000002,4.9600305999999996,5.0269010999999999,5.075196,5.1394886
1998-01-22,4.6958627000000002,4.9304033,5.0059024000000001,5.0603791999999999,5.1251708999999996
1998-01-23,4.5887326000000002,4.8292979000000003,4.9258641999999995,5.0041376,5.0913158000000003
1998-01-26,4.4959353000000002,4.7452822000000001,4.8523215999999998,4.9420559000000006,5.0399750000000001
1998-01-27,4.5823030000000005,4.835712,4.9326099999999995,5.0087261000000005,5.0941333000000002
1998-01-28,4.5992711000000002,4.8527735999999999,4.9572954000000005,5.0407754000000002,5.1309858999999998
1998-01-29,4.7095004000000005,4.9374800000000008,5.0150638000000001,5.0655327000000003,5.1346612
1998-01-30,4.8968810999999999,5.0656746000000004,5.1104699,5.1407492000000001,5.1960790999999995
1998-02-02,4.9273755000000001,5.1076104999999998,5.1540733999999997,5.1815556999999997,5.2281983999999992
1998-02-03,4.8769713999999995,5.0478339999999999,5.1007011999999996,5.1305636999999997,5.1816214
1998-02-04,4.8585773999999997,5.0260879000000003,5.08291,5.1170230999999999,5.1700089
1998-02-05,4.8632849999999994,5.0332188999999996,5.0983150999999998,5.1494567999999994,5.2132524
1998-02-06,4.8313674999999998,5.0054313000000006,5.0771774000000001,5.1350476999999994,5.2014760000000004
1998-02-09,4.8572784000000002,5.0381134000000003,5.1122478999999998,5.1736068,5.2400466000000003
1998-02-10,4.8498789999999996,5.0302296000000002,5.0994942000000005,5.1639523000000001,5.2353149000000005
1998-02-11,4.8599578000000001,5.0350220999999999,5.0828845999999999,5.1355151000000001,5.206823
1998-02-12,4.9075219000000008,5.0700187000000003,5.1221922000000006,5.1670876999999997,5.2240703000000002
1998-02-13,4.9512823999999993,5.1055012,5.1479851999999999,5.1902172000000002,5.2469026000000003
1998-02-16,4.9695980999999998,5.1260311999999999,5.1601029,5.1974115999999997,5.2493930000000004
1998-02-17,4.9448981000000005,5.0995935000000001,5.1220275000000006,5.1529990999999997,5.2061200999999997
1998-02-18,4.9266008000000001,5.0896615999999995,5.1255486000000001,5.1633049,5.2171571999999999
1998-02-19,4.8744348999999998,5.0431648000000004,5.1003102,5.1545860999999995,5.2158954
1998-02-20,4.9004137000000005,5.0688523999999999,5.1247712999999999,5.1754513000000006,5.2336578000000005
1998-02-23,4.9108118000000003,5.0887777000000005,5.1418751,5.1930879999999995,5.2545928999999996
1998-02-24,4.9514718000000002,5.1291535999999995,5.1933688999999994,5.2497102,5.3106030999999998
1998-02-25,4.9206587000000006,5.0972135000000005,5.1454249000000001,5.1914033999999996,5.2555261
1998-02-26,4.9047685999999997,5.1005130000000003,5.1596973999999998,5.1971398999999998,5.2541408000000001
1998-02-27,4.9147496999999998,5.1080208000000002,5.1549294000000003,5.1853807000000005,5.2443365000000002
1998-03-02,4.9045798000000005,5.1140001999999996,5.1725467999999992,5.2123626999999999,5.2752239999999997
1998-03-03,4.9404070000000004,5.1628724000000004,5.2368151000000003,5.2899735000000003,5.3615792000000004
1998-03-04,4.9282848999999995,5.1466548000000003,5.2208565,5.2770586000000002,5.3506643
1998-03-05,4.9196441999999996,5.1441835999999999,5.2237920000000004,5.2815987,5.3558072000000001
1998-03-06,4.8866620999999997,5.1158241000000002,5.1977660999999999,5.2554948999999995,5.3304343999999997
1998-03-09,4.8355955999999995,5.0606153000000003,5.1295769999999994,5.1817330000000004,5.2537851
1998-03-10,4.7912416999999996,5.0141980999999998,5.0831679999999997,5.1342910000000002,5.2095016000000003
1998-03-11,4.8018789000000002,5.0140969000000002,5.0704783000000004,5.1139283999999998,5.1809493999999994
1998-03-12,4.8163691000000002,4.9807587,5.0274628999999997,5.0673588000000001,5.1285715999999999
1998-03-13,4.8201128000000004,4.9918703000000004,5.0433501999999999,5.0862901000000003,5.1476356000000001
1998-03-16,4.7858612000000003,4.9576153999999999,5.0186618000000003,5.0683461999999997,5.1310323000000002
1998-03-17,4.7955131999999994,4.9491886000000003,5.0116690999999998,5.0618597000000003,5.1249786999999998
1998-03-18,4.7952608000000003,4.9491135000000002,5.0065414000000006,5.0519889999999998,5.1134971
1998-03-19,4.8030145000000006,4.9531682000000004,5.0076996999999999,5.0511881000000001,5.1128537999999999
1998-03-20,4.7990975999999996,4.9449638999999994,4.9954174,5.0381951999999997,5.0980223000000002
1998-03-23,4.7798913999999995,4.9457611999999997,5.0012020999999995,5.0446422000000002,5.1031181000000005
1998-03-24,4.7696755,4.9384731000000004,4.9979179,5.0419677000000007,5.0978205999999995
1998-03-25,4.7538647000000003,4.9289851000000002,5.0023534999999999,5.0540184000000004,5.1106493000000004
1998-03-26,4.7858020999999997,4.9497450999999995,5.0145759999999999,5.0592829999999998,5.1139166999999999
1998-03-27,4.8189663000000005,4.9852093999999996,5.0433850000000007,5.0793102000000001,5.1371471
1998-03-30,4.8214100000000002,5.0024366999999996,5.0673231000000003,5.1134116000000001,5.1708064
1998-03-31,4.7826550000000001,4.9662455999999997,5.0272822000000001,5.0754453999999996,5.1341556000000006
1998-04-01,4.7520918000000005,4.9324636000000002,4.9902433000000004,5.0335983999999998,5.0883133999999997
1998-04-02,4.7636972999999996,4.9165524000000005,4.9729964999999998,5.0191451999999996,5.0709850999999997
1998-04-03,4.6867174,4.8273565999999999,4.8941769000000006,4.9421609999999996,4.9908416999999998
1998-04-06,4.6878910000000005,4.8382275999999997,4.9046102000000005,4.9520349000000001,5.0002269999999998
1998-04-07,4.7004793999999999,4.8476243000000006,4.9029552999999995,4.9442883999999996,4.9911297000000001
1998-04-08,4.7161957000000001,4.8722944999999998,4.9402060999999993,4.9868917999999995,5.0340812000000001
1998-04-13,4.7966607999999997,4.9351368999999998,4.9843196000000001,5.0233024000000004,5.0700323000000003
1998-04-14,4.8001258,4.9372240999999999,4.9746497000000005,5.0090164999999995,5.0541792000000001
1998-04-15,4.8559704999999997,4.9884177000000003,5.0164280999999997,5.0436759999999996,5.0837821999999999
1998-04-16,4.8701324999999995,4.9820076999999996,5.0062638999999995,5.0321228000000007,5.0742219999999998
1998-04-17,4.8465480999999997,4.9592990000000006,4.9897773999999995,5.0189461,5.0616468999999995
1998-04-20,4.8470433000000002,4.9832073999999995,5.0162358999999999,5.0509171999999998,5.1025168000000001
1998-04-21,4.8909303,5.0347530000000003,5.0719080999999999,5.1078745999999997,5.1597015000000006
1998-04-22,4.9082721000000005,5.0381212,5.071313,5.1084141000000001,5.1594239000000002
1998-04-23,4.9658198999999996,5.0804580000000001,5.1125924999999999,5.1452751000000001,5.1903984999999997
1998-04-24,4.9582949999999997,5.0651460999999998,5.0908702000000003,5.1220449000000006,5.1682113000000003
1998-04-27,5.0446565000000003,5.1751709999999997,5.1992108000000004,5.2270363,5.2709570999999995
1998-04-28,5.0561008999999997,5.1931237999999995,5.2202685999999998,5.2475171000000005,5.2900998999999995
1998-04-29,5.0336062999999998,5.1794333999999997,5.2185600999999995,5.2557381000000003,5.3047366
1998-04-30,4.9484839000000003,5.0539217000000001,5.086938,5.1260222999999998,5.1784942000000003
1998-05-01,4.9252898000000007,5.0269041000000003,5.0614968000000005,5.1018713,5.1525414999999999
1998-05-04,4.9380629000000003,5.0601354000000001,5.0901679999999994,5.1262506999999999,5.1754609
1998-05-05,5.0115698999999996,5.1349587999999997,5.1603333999999998,5.1951605000000001,5.2422298999999999
1998-05-06,4.99153,5.0937057000000001,5.1110740000000003,5.1463402999999994,5.1957366999999994
1998-05-07,5.0231192,5.1182479000000001,5.1378478999999997,5.1711162999999996,5.2184277000000003
1998-05-08,5.0383665999999998,5.1401228999999997,5.1626783999999999,5.1959406999999995,5.2425883999999998
1998-05-11,5.0518716000000001,5.1830262000000005,5.2166534000000002,5.2538374999999995,5.3011564999999994
1998-05-12,5.0216114000000003,5.1444467999999999,5.1700280000000003,5.2057361000000002,5.2524765000000002
1998-05-13,5.0527809000000001,5.1677244999999994,5.1852779,5.2165900000000001,5.2607717999999997
1998-05-14,5.0984347000000003,5.1993627,5.2119268000000005,5.2411881000000005,5.2845412999999999
1998-05-15,5.0933178000000003,5.2023450000000002,5.2078873999999997,5.2343494999999995,5.2778554
1998-05-19,5.0338202000000001,5.1443529999999997,5.1501277999999999,5.179964,5.2282340999999999
1998-05-20,4.9824102999999997,5.0965620999999999,5.1034000000000006,5.1325308999999999,5.1806576
1998-05-21,5.0229223000000003,5.1332151000000001,5.1465144,5.1734654999999998,5.2161222
1998-05-22,5.0303191999999992,5.1349662999999994,5.1439025999999997,5.1693481999999999,5.2135734999999999
1998-05-25,5.0002813000000002,5.1272329999999995,5.1353097999999999,5.1606540000000001,5.2057199999999995
1998-05-26,5.0318168000000005,5.1343334,5.1374652000000003,5.1600130000000002,5.199986
1998-05-28,5.0198639000000007,5.1138696999999995,5.1221060999999999,5.1449045,5.1807458000000004
1998-05-29,5.0180186000000004,5.1053623000000004,5.1133769000000004,5.1360949000000007,5.1694203999999999
1998-06-01,4.9857863,5.0915936000000004,5.0922485000000002,5.1046792999999999,5.1327372000000002
1998-06-02,4.9634597000000005,5.0754716000000002,5.0853656999999997,5.1080285999999999,5.1438946999999997
1998-06-03,4.9773016000000005,5.0946647,5.1006160000000005,5.1176577999999999,5.1486337999999998
1998-06-04,5.0248173999999999,5.1192716999999996,5.1208656000000001,5.1381021999999996,5.1691284
1998-06-05,5.0322449000000002,5.1250637000000001,5.1252550000000001,5.1427063999999998,5.1728377999999999
1998-06-08,5.0391358999999998,5.1562523999999996,5.1507810000000003,5.1603494999999997,5.1852435999999997
1998-06-09,5.0553552000000002,5.1702650000000006,5.1685375000000002,5.1798371000000003,5.2033912999999998
1998-06-10,5.1219499000000006,5.2362675999999997,5.2140122999999994,5.2026662000000004,5.2080624000000002
1998-06-11,5.1260861000000002,5.2222508000000003,5.1896471000000002,5.1789891999999993,5.1891444
1998-06-12,5.0927956000000005,5.1861372000000001,5.1662938,5.1681594999999998,5.1880605000000006
1998-06-15,5.0732907999999997,5.1687474,5.1417603999999999,5.1381261999999994,5.1540264000000002
1998-06-16,5.0609060000000001,5.1672611999999996,5.1504621000000004,5.1541003999999999,5.1746052999999996
1998-06-17,5.0432001,5.1643355,5.1659894999999993,5.1837233000000005,5.2124943999999998
1998-06-18,5.0981645000000002,5.2054125999999998,5.1994055999999995,5.2052341000000002,5.2230124
1998-06-19,5.1157442999999994,5.2238264000000001,5.2212110000000003,5.2275166999999998,5.2445484000000002
1998-06-22,5.1217608999999999,5.2317326,5.2263508999999999,5.2310404999999998,5.2469941999999996
1998-06-23,5.1268776000000003,5.2265777,5.2271567000000001,5.2353312000000001,5.2519526000000001
1998-06-24,5.1107507000000005,5.2136501000000006,5.2361589999999998,5.2374725,5.2387266000000006
1998-06-25,5.0883436,5.1911486,5.2237784000000005,5.2324027000000006,5.2378637000000001
1998-06-26,5.0941074000000004,5.1974067999999995,5.2245239999999997,5.2301848999999994,5.2356439999999997
1998-06-29,5.1072560000000005,5.224602,5.2286041000000001,5.2392212000000002,5.2598127000000003
1998-06-30,5.0941631000000003,5.2155383000000004,5.2223971999999996,5.2321992999999996,5.2510060999999997
1998-07-02,5.0445239000000006,5.1340069000000002,5.1675355999999999,5.1781050999999998,5.1832351000000001
1998-07-03,5.0287173999999997,5.130719,5.1675034000000002,5.1779633999999994,5.1825416999999998
1998-07-06,5.0427197000000001,5.1429114,5.1460051,5.1569321000000006,5.1763791000000001
1998-07-07,5.0325559999999996,5.1217106999999995,5.1422777000000002,5.1391739000000003,5.1337513000000001
1998-07-08,5.0212025999999996,5.1139014000000005,5.1385101000000004,5.1384167000000005,5.1358385000000002
1998-07-09,5.0318128,5.1132479000000002,5.1372956999999992,5.1391241999999995,5.1390276999999998
1998-07-10,5.0273634999999999,5.1138059,5.1437751,5.1507829999999997,5.1538493999999995
1998-07-13,5.0257206999999999,5.1336291000000003,5.1601977000000003,5.1650137000000003,5.1707996999999999
1998-07-14,5.0313812999999996,5.1458816999999994,5.1804820000000005,5.1891613000000003,5.1957997999999996
1998-07-15,5.1127117000000002,5.2246985000000006,5.2522989999999998,5.2525561999999999,5.2520185000000001
1998-07-16,5.1667959000000003,5.2624215999999997,5.2931305999999996,5.2954971000000004,5.2928312999999996
1998-07-17,5.1479444000000001,5.2437376999999996,5.2801201999999998,5.2862419000000003,5.2854377000000001
1998-07-20,5.1145300999999996,5.2158454000000001,5.2486085000000005,5.2524042,5.2510713999999998
1998-07-21,5.1368235000000002,5.2241331000000004,5.2408937,5.2346803,5.2290445999999999
1998-07-22,5.1577491000000002,5.2478115000000001,5.2715721999999996,5.2692088999999998,5.2640571999999999
1998-07-23,5.1308616000000002,5.2134403000000002,5.2405775999999999,5.2407275000000002,5.2366687000000001
1998-07-24,5.1526996999999994,5.2452031000000003,5.2805324000000002,5.2836876999999998,5.2786593000000002
1998-07-27,5.1880537999999996,5.2925518,5.3218316999999997,5.3199097000000002,5.3134456999999999
1998-07-28,5.1694810999999996,5.2839691000000002,5.3280770999999998,5.3387241000000003,5.3415324999999996
1998-07-29,5.1828469999999998,5.3037282999999995,5.3548036999999997,5.3669251000000004,5.3669126999999994
1998-07-30,5.1876228000000006,5.2889393,5.3443537999999995,5.3590125000000004,5.3568689000000003
1998-07-31,5.2151187999999999,5.3182098999999994,5.3731276000000001,5.3834556999999998,5.3750707000000002
1998-08-04,5.1975186999999998,5.2946919000000001,5.3351012999999998,5.3389762999999997,5.3312468000000006
1998-08-05,5.1921131000000003,5.2837534999999995,5.3271489999999995,5.3337728999999996,5.3275570000000005
1998-08-06,5.2443761000000002,5.3369759000000005,5.3811235000000002,5.3883668,5.3832721000000001
1998-08-07,5.2489922,5.3478045999999999,5.3889944000000005,5.3980886999999997,5.3984904
1998-08-10,5.2149150999999998,5.3523380000000005,5.4088466000000004,5.4261245999999996,5.4322275000000007
1998-08-11,5.1593624999999994,5.3027027999999996,5.3627045999999998,5.3844989999999999,5.3952865000000001
1998-08-12,5.1837678,5.3314854,5.3809095999999998,5.4193918999999999,5.4508979999999996
1998-08-13,5.1872286000000001,5.3149132999999997,5.4032806000000004,5.4505673999999997,5.4710457999999997
1998-08-14,5.1693100000000003,5.3043510000000005,5.3888445000000003,5.4326169999999996,5.4518300999999996
1998-08-17,5.1957844,5.3395056000000007,5.4175649000000003,5.4564999000000007,5.4744070999999996
1998-08-18,5.2195445999999999,5.3766056999999998,5.4326397999999996,5.4780135999999997,5.5143073000000005
1998-08-19,5.2367431,5.3969942,5.4513483000000003,5.4964071000000008,5.5311145000000002
1998-08-20,5.2027380999999995,5.3416309000000002,5.3913785999999995,5.4382909999999995,5.4754851999999996
1998-08-21,5.1704248000000002,5.3078016999999997,5.3522907000000002,5.3983644999999996,5.4373122
1998-08-24,5.2136059000000001,5.3562365999999999,5.3989716999999997,5.4475779000000006,5.4884499
1998-08-25,5.2081735,5.3598355,5.4076111999999998,5.4562251000000002,5.4959382999999997
1998-08-26,5.3466360999999996,5.4837359000000001,5.5190801,5.5722261,5.6167037000000004
1998-08-31,5.7007417999999994,5.6529607000000004,5.6123186999999994,5.6116868999999996,5.6149382000000001
1998-09-01,5.6168676,5.5468006000000001,5.4965307000000001,5.4879107999999999,5.4873358999999997
1998-09-02,5.5620136999999996,5.5226519000000005,5.4773961,5.4658692000000002,5.4615467999999998
1998-09-03,5.5966918999999997,5.5494310999999996,5.5071478000000003,5.5020652999999999,5.5023860999999998
1998-09-04,5.5460200999999998,5.5087808000000003,5.4622829999999993,5.4582334000000001,5.4629408999999995
1998-09-08,5.5056085999999995,5.4959056999999998,5.4650414000000005,5.4706513000000001,5.4823961999999993
1998-09-09,5.3728825000000002,5.3714206000000004,5.3595832000000003,5.3791174000000002,5.4027447999999998
1998-09-10,5.1421852000000001,5.1119783999999999,5.1310864999999994,5.1538674000000002,5.1696384999999996
1998-09-11,5.1493900000000004,5.1054237000000002,5.1241722000000003,5.1439456000000003,5.1555048000000001
1998-09-14,5.1557696000000002,5.1487162,5.1480895999999996,5.1698032999999999,5.1951254000000002
1998-09-15,5.1302769999999995,5.1347029000000006,5.1242580000000002,5.1401012000000001,5.1663318
1998-09-16,5.2001442000000004,5.2101074000000001,5.1812312,5.1859356000000005,5.2037537
1998-09-17,5.2020694999999995,5.1906923999999997,5.1581630000000001,5.1591573999999998,5.1733934000000001
1998-09-18,5.1649910999999999,5.1240937000000004,5.0807169999999999,5.0806668999999998,5.1005085999999995
1998-09-21,5.1291134000000005,5.0760445000000001,5.0188965000000003,5.0143253999999997,5.0337594999999995
1998-09-22,5.1431524,5.0884637000000001,5.0309777000000002,5.0230325999999996,5.0374334000000003
1998-09-23,5.0199069999999999,4.9742405999999999,4.9459305000000002,4.9519815999999999,4.9730735999999993
1998-09-24,4.9700635999999996,4.9140074999999994,4.9083758,4.9190535999999998,4.9356723999999996
1998-09-25,4.9266380999999999,4.8453321999999996,4.8172806000000001,4.8356414000000001,4.8727323
1998-09-28,4.9052875,4.8453268000000005,4.8216402,4.8452073000000002,4.8884796000000001
1998-09-29,4.9492273999999998,4.8588538999999997,4.8164302000000001,4.8313435,4.8697151999999999
1998-09-30,4.8541235,4.7580398000000006,4.7303214000000002,4.7438592000000002,4.7761931000000004
1998-10-01,4.7469049999999999,4.6347420000000001,4.5888640000000001,4.5937013999999996,4.6373714000000001
1998-10-02,4.7245967999999996,4.6376124000000001,4.5854606000000002,4.5737399999999999,4.6047015
1998-10-05,4.6815104999999999,4.5611037999999997,4.4749670999999998,4.4524854000000005,4.4839748999999998
1998-10-06,4.6882526999999996,4.5538429999999996,4.4555879999999997,4.436013,4.4762749999999993
1998-10-07,4.6727527000000002,4.5708595000000001,4.5010475000000003,4.5021407,4.5553299999999997
1998-10-08,4.7502500000000003,4.6591138000000001,4.6087881999999993,4.6376432000000003,4.7026005
1998-10-09,4.7118473999999999,4.6822775999999999,4.6982828999999997,4.7633109999999999,4.8419809000000003
1998-10-13,4.7296201,4.6719947999999993,4.6712963000000007,4.7357639999999996,4.8174861
1998-10-14,4.7297837000000005,4.6547986000000003,4.6207137000000005,4.6702876,4.7481834999999997
1998-10-15,4.5098891000000005,4.5316866999999998,4.4602526000000005,4.4842794000000001,4.6122946000000002
1998-10-16,4.5259497,4.4290938999999998,4.4122965000000001,4.4769391999999995,4.5666036999999999
1998-10-19,4.5406465999999996,4.4587079000000003,4.4393789000000003,4.4976146000000004,4.5813798999999999
1998-10-20,4.5384194999999998,4.4782514999999998,4.4744179000000006,4.5334770000000004,4.6116416999999998
1998-10-21,4.5319242000000006,4.5698645000000004,4.5451361000000006,4.5720358000000001,4.6719504000000001
1998-10-23,4.6584687999999996,4.6223153000000003,4.6853733000000002,4.7497908999999998,4.8034714000000003
1998-10-26,4.6159230999999998,4.6610265999999996,4.6545139999999998,4.7002416,4.8032855000000003
1998-10-27,4.5601574999999999,4.6047726999999998,4.5984107000000005,4.6362433000000003,4.7341392999999998
1998-10-28,4.5572813999999999,4.5985361999999999,4.5902750000000001,4.6332057000000004,4.7408521000000006
1998-10-29,4.5556365000000003,4.5936810000000001,4.5972358,4.6419830000000006,4.7488057999999995
1998-10-30,4.6142811999999997,4.5997957999999999,4.6659389999999998,4.7380791000000002,4.8044186
1998-11-02,4.6980794000000001,4.7269078000000002,4.7992188999999996,4.8676627000000003,4.9288519000000006
1998-11-03,4.6748341,4.6982512999999999,4.7644561000000003,4.8289947,4.8882325999999994
1998-11-05,4.8028107000000002,4.8063538000000001,4.8662296999999999,4.9196482000000001,4.9621108999999999
1998-11-06,4.9010511999999995,4.9488382999999994,5.0182861000000001,5.0667675000000001,5.0995335000000006
1998-11-09,4.8417342000000003,4.8839144000000001,4.9450116,4.9873716999999997,5.0176401000000004
1998-11-10,4.8350308000000002,4.8490869999999999,4.9065193999999996,4.9490774000000002,4.9783683999999999
1998-11-12,4.8452440999999995,4.8428569000000001,4.8852717999999999,4.9187703000000003,4.9440887
1998-11-13,4.8575813999999999,4.8546009999999997,4.8987056999999998,4.9313205,4.9541352999999999
1998-11-16,4.8579365999999995,4.8876825999999998,4.9389925000000003,4.9712915000000004,4.9923197000000004
1998-11-17,4.8051189000000001,4.8643708999999999,4.9224413,4.9582917999999996,4.9847698999999999
1998-11-18,4.8085244999999999,4.8806409000000004,4.9375606000000003,4.9672941999999995,4.9862067000000003
1998-11-19,4.8501665999999997,4.9200065999999998,4.9762459000000003,5.0023031000000007,5.0153128999999996
1998-11-20,4.8425106000000007,4.9043472999999995,4.9524441000000001,4.9758042000000007,4.9908879000000006
1998-11-23,4.8484059000000004,4.9215917999999999,4.9694649000000002,4.9909061000000001,5.0037149000000003
1998-11-24,4.8925855,4.9380875,4.9692778999999998,4.9848191999999996,4.9961079000000002
1998-11-25,4.9368024000000004,4.9911218999999996,4.9880978000000002,5.0072038999999995,5.0375833999999999
1998-11-27,4.9113511999999995,4.9003043000000002,4.9299176999999998,4.9411195999999995,4.9407185
1998-11-30,4.8095346999999995,4.8235118999999997,4.8312987999999999,4.8331232000000002,4.8389082999999999
1998-12-01,4.7378051000000001,4.7297444000000004,4.7303668999999999,4.7309289999999997,4.7385093999999999
1998-12-02,4.7003021999999994,4.6817330999999998,4.6529984000000004,4.6438078000000003,4.6627825999999999
1998-12-03,4.6059350999999999,4.5751280999999997,4.5550294999999998,4.5555760000000003,4.5819230000000006
1998-12-04,4.7127319999999999,4.6929252999999997,4.6678200000000007,4.6599824999999999,4.678598
1998-12-07,4.7672774000000002,4.7803120999999997,4.7654419000000008,4.7444163000000001,4.7359815999999997
1998-12-08,4.7304706000000003,4.7318591999999997,4.7058941000000001,4.6871084999999999,4.6924184999999996
1998-12-09,4.7053753,4.7149472000000001,4.7012508000000004,4.6894378000000003,4.6959913999999996
1998-12-10,4.6823170999999997,4.6725550999999994,4.6523782000000002,4.641642,4.6533442000000003
1998-12-11,4.7139116000000003,4.7092410999999998,4.6983721999999997,4.69604,4.7129377000000003
1998-12-14,4.6503926,4.6397795999999998,4.6338195999999998,4.6383801,4.6597376000000006
1998-12-15,4.6715391000000004,4.6663028000000004,4.6581571999999998,4.6612754999999995,4.6833562999999998
1998-12-16,4.6020612000000005,4.5843464000000003,4.5921298999999998,4.6081607,4.6352374000000003
1998-12-17,4.6304077000000001,4.6012455000000001,4.6019437000000005,4.6137440999999999,4.6389481000000004
1998-12-18,4.6584737000000001,4.6351217,4.6330758000000003,4.6397725999999997,4.6598801000000005
1998-12-21,4.6922869999999994,4.6898334000000004,4.6849940999999999,4.6868157000000004,4.7038476999999999
1998-12-22,4.7235107000000003,4.7531879000000004,4.7714865,4.7761699999999996,4.7803515999999995
1998-12-23,4.7975292999999999,4.8282614000000006,4.8390646000000004,4.8371067999999999,4.8379395999999995
1998-12-24,4.8509405999999995,4.8812525999999998,4.8916493999999995,4.8879332,4.8866428000000006
1998-12-29,4.7507647999999998,4.7742500000000003,4.7778765999999999,4.7693597999999993,4.7646505999999995
1998-12-30,4.7136619999999994,4.7410076999999999,4.7472219999999998,4.7413930000000004,4.7397922000000001
1998-12-31,4.7115024999999999,4.7158123000000005,4.7246006999999999,4.7246949000000003,4.7273597000000001
1999-01-04,4.6898561000000001,4.7197139000000004,4.7338015999999996,4.7356417999999998,4.7392093000000006
1999-01-05,4.6995545999999999,4.7413641000000002,4.7603076,4.7668435000000002,4.7751894000000004
1999-01-06,4.6815486000000002,4.7245500000000007,4.7478417000000004,4.7576860999999999,4.7670466000000005
1999-01-07,4.6947165000000002,4.7363837999999996,4.7628142000000002,4.7760990000000003,4.7883253000000003
1999-01-08,4.7691789999999994,4.8192649999999997,4.8476447999999994,4.8599079000000005,4.8700298000000002
1999-01-11,4.7829794000000003,4.8447787,4.8794208999999995,4.8964425999999994,4.9094880999999999
1999-01-12,4.7541452999999994,4.8042898999999997,4.8341633000000002,4.8494942999999999,4.8618503000000004
1999-01-13,4.7066110000000005,4.7417150000000001,4.7690996999999999,4.7844480000000003,4.7965578999999998
1999-01-14,4.7278082000000001,4.7347590000000004,4.7580498000000002,4.7711889999999997,4.7796203000000004
1999-01-15,4.7599106999999998,4.7741648999999997,4.7923708999999999,4.7994653999999999,4.8038527000000002
1999-01-18,4.7611949000000005,4.7878184999999993,4.8098236999999999,4.8187560999999999,4.8241081000000001
1999-01-19,4.7853880000000002,4.8154512,4.8380535,4.8478124999999999,4.8542021000000002
1999-01-20,4.8299899000000002,4.8372215000000001,4.8296954000000003,4.8599407999999995,4.8982500999999994
1999-01-21,4.7900352000000002,4.7917405000000004,4.7802688,4.8070197000000006,4.8452693
1999-01-22,4.7447073,4.7617383000000002,4.7778659000000001,4.7851765999999998,4.7922751999999997
1999-01-25,4.7559893999999998,4.7676660000000002,4.7551097000000002,4.7732258999999999,4.8025571000000005
1999-01-26,4.7397834000000003,4.7691008999999998,4.7820228,4.7841416999999993,4.7872287
1999-01-27,4.7229177999999994,4.7344147000000003,4.7456877999999998,4.7499983000000006,4.7552658999999995
1999-01-28,4.7323127999999999,4.7347897999999997,4.7540076000000004,4.7625371999999997,4.7670703000000003
1999-01-29,4.7447520000000001,4.7401638000000004,4.7390669000000001,4.7442354,4.7606134999999998
1999-02-01,4.7760050999999999,4.8012793999999994,4.8244138999999997,4.8322359000000006,4.8347911000000003
1999-02-02,4.7904213999999996,4.8320625999999995,4.8629382000000003,4.8747764999999994,4.8801041999999999
1999-02-03,4.8072571000000002,4.8524055000000006,4.8907072999999999,4.9085044,4.9163569999999996
1999-02-04,4.8065522999999999,4.8451138,4.8645388999999994,4.9047996000000005,4.9437104999999999
1999-02-05,4.8021263999999997,4.8822393000000002,4.9276767999999995,4.9437370000000005,4.9502458000000003
1999-02-08,4.7921795000000005,4.8858937999999998,4.9287010000000002,4.9401524999999999,4.9424969999999995
1999-02-09,4.8052234,4.8601989999999997,4.8749175999999999,4.9075693999999999,4.9413385999999999
1999-02-11,4.8254288000000001,4.8804055000000002,4.9210611000000002,4.9343637999999999,4.9351047000000001
1999-02-12,4.9064069000000003,4.9670157999999995,5.0106602999999996,5.0287991999999999,5.0349241999999998
1999-02-15,4.9499943000000002,5.0121305999999999,5.0209543999999999,5.0474129000000003,5.0729940999999998
1999-02-16,4.9607904000000005,5.0223332000000003,5.0324270999999996,5.0562266999999999,5.0763357999999998
1999-02-17,4.9388978999999997,4.9982613000000002,5.0102365999999998,5.0342165000000003,5.0542702000000004
1999-02-18,4.9427225999999997,5.0013673000000001,5.0281082000000001,5.0564401999999999,5.0765209000000002
1999-02-19,4.928515,5.0014297000000001,5.0512214999999996,5.0676044000000005,5.0671637
1999-02-22,4.914733,4.9944898000000002,5.0365241999999997,5.0459491000000005,5.0418539999999998
1999-02-23,5.0109881000000005,5.0741290000000001,5.0971711000000006,5.116854,5.1280105000000002
1999-03-01,5.1573054000000003,5.3058060999999999,5.3695965999999995,5.3778645000000003,5.3652758
1999-03-02,5.1125965000000004,5.2306849,5.2801907000000003,5.2845439000000001,5.2735194999999999
1999-03-03,5.1451785000000001,5.2798217000000003,5.3310699000000001,5.3337449000000001,5.3208720999999999
1999-03-04,5.1522597000000001,5.2688388000000002,5.3226616,5.3312321000000003,5.3239478
1999-03-05,5.0868392999999994,5.1979215000000005,5.2546599999999994,5.2648009,5.2565141999999998
1999-03-08,5.0680044999999998,5.1992139999999996,5.2556009000000001,5.2631256999999998,5.2541177000000001
1999-03-09,5.0216272000000002,5.1388539,5.1902042000000002,5.1958362999999999,5.1856109999999997
1999-03-10,5.0147629,5.1228132000000004,5.1762912000000005,5.1848554999999994,5.1761793999999997
1999-03-11,5.0200249000000001,5.0787224000000002,5.1444932999999997,5.1659952000000002,5.1608801
1999-03-12,4.9484623999999995,5.0048785999999996,5.0624236000000007,5.0790023,5.0735548999999995
1999-03-15,4.9336444000000004,5.0028312999999995,5.0548313,5.0640859000000003,5.0539097000000002
1999-03-16,4.9467685000000001,5.0250941999999998,5.0715544000000001,5.0784940000000001,5.0692728999999996
1999-03-17,4.9802810000000006,5.0586572000000007,5.1049278999999999,5.1145094000000002,5.1095914999999996
1999-03-18,4.9713786999999998,5.0391686999999994,5.0848246999999995,5.0953957000000001,5.0906909000000002
1999-03-19,4.9766484000000002,5.0539158000000004,5.1047216999999998,5.1157405000000002,5.1088534000000001
1999-03-22,4.9721494999999996,5.0815859999999997,5.1383521999999999,5.1549788000000003,5.1551083999999996
1999-03-23,4.8405616999999994,4.9527432999999998,5.0214553000000004,5.0481915000000006,5.0567375999999999
1999-03-24,4.8138036,4.9128762999999998,4.9803014000000001,5.0064026999999998,5.0121431999999997
1999-03-25,4.8677643000000002,4.9447735999999995,5.0091542000000002,5.0364333999999999,5.0439479
1999-03-26,4.8450926000000001,4.9122973999999999,4.9744004999999998,5.0022191000000005,5.0114679999999998
1999-03-29,4.8555062000000007,4.9106499000000001,4.9771073999999995,5.0091346999999997,5.0188033000000001
1999-03-30,4.8192107000000002,4.8983565000000002,4.9563669999999993,4.9799932,4.9873434000000003
1999-03-31,4.7398109000000002,4.8341647000000005,4.9007327000000007,4.9294566999999994,4.9391856999999995
1999-04-01,4.7085792,4.8055010000000005,4.8753092999999996,4.910812,4.9301380999999997
1999-04-05,4.6424572,4.7558549999999995,4.8213350999999998,4.8482727000000008,4.8604573999999996
1999-04-06,4.6263822000000001,4.7215308999999994,4.7794442000000004,4.8035955000000001,4.8151048000000003
1999-04-07,4.6362865000000006,4.7463362,4.8116899999999996,4.8399663000000004,4.8547073000000003
1999-04-08,4.5504500000000005,4.6313145000000002,4.688409,4.7218153000000003,4.7506123999999996
1999-04-09,4.5608432999999993,4.6336293,4.7086513000000005,4.7509161999999998,4.7754158000000002
1999-04-12,4.5175463999999996,4.6055234,4.6682462999999998,4.7043487000000006,4.7356480999999997
1999-04-13,4.4870394000000005,4.6047010999999998,4.6752182000000007,4.7148325,4.7478481000000006
1999-04-14,4.4746924000000003,4.5912592000000005,4.6802427,4.7287089999999994,4.7580201000000004
1999-04-15,4.5342097999999993,4.6418116999999999,4.7299104000000005,4.7747256,4.7980229999999997
1999-04-16,4.5371842000000004,4.6663535999999999,4.7632611999999996,4.8132256,4.8415287000000005
1999-04-19,4.5159758000000005,4.6428152000000003,4.7390058999999995,4.7937859999999999,4.8293347000000004
1999-04-20,4.5747102999999996,4.7154562999999996,4.8110762999999999,4.8592924000000002,4.8869449000000005
1999-04-21,4.6499895000000002,4.7511473999999998,4.8417158000000002,4.8903936000000003,4.9162578999999997
1999-04-22,4.6910582999999999,4.8005534000000001,4.9029841999999997,4.9630866999999999,4.9981359000000003
1999-04-23,4.6689104000000006,4.7774919000000002,4.8845759000000006,4.9522548000000004,4.9948088000000004
1999-04-26,4.6663493999999996,4.7893086,4.8929568000000003,4.9601211999999997,5.0057321000000004
1999-04-27,4.6513054999999994,4.7797713000000002,4.8845808999999996,4.9489953,4.9894512999999998
1999-04-28,4.6582514000000002,4.7867287000000003,4.8875688000000004,4.9478701999999997,4.9858457999999999
1999-04-29,4.5785701999999997,4.6981114000000002,4.8019726,4.8649184999999999,4.9054261000000006
1999-04-30,4.6275463000000006,4.7635008999999995,4.8778730999999995,4.9450371000000004,4.9856590000000001
1999-05-03,4.5952434999999996,4.7743404000000007,4.9073993000000007,4.9834392999999997,5.0288028999999996
1999-05-04,4.4881400999999999,4.6917523000000001,4.8359357999999997,4.9208936999999997,4.9755172999999999
1999-05-05,4.4344193000000001,4.6572252000000001,4.8175840999999995,4.9147042000000001,4.9781576000000003
1999-05-06,4.5050458999999998,4.7424653000000001,4.9182376000000003,5.0231374999999998,5.0886266999999998
1999-05-07,4.5270897999999997,4.7647148999999995,4.9442604000000001,5.0592785000000005,5.1353572999999999
1999-05-10,4.5157198000000003,4.7827691999999997,4.9724880000000002,5.0877741999999992,5.1596050999999994
1999-05-11,4.5086452000000001,4.7812362999999998,4.9700420000000003,5.0853026000000003,5.1585659000000001
1999-05-12,4.5130667999999998,4.7853500000000002,4.9619618000000001,5.0689260000000003,5.1381215000000005
1999-05-13,4.4930867999999995,4.7397711000000005,4.9061675999999999,5.0027548999999993,5.0627410999999993
1999-05-14,4.6474238999999997,4.9195498999999998,5.1021536000000003,5.2097797000000003,5.2757128
1999-05-17,4.6529400999999995,4.9349398000000004,5.1175338000000004,5.2229219000000002,5.2859304000000007
1999-05-18,4.6762478000000005,4.9733020000000003,5.1462840000000005,5.2356635999999996,5.2843603000000003
1999-05-19,4.6940524999999997,4.9900707000000004,5.1495033000000001,5.2246911000000003,5.2622841999999999
1999-05-20,4.7326750000000004,5.0125210000000004,5.1741229000000004,5.2523628000000002,5.2907167999999993
1999-05-21,4.7947255000000002,5.0831004999999996,5.2274874999999996,5.2869912000000001,5.3118970000000001
1999-05-25,4.8227986000000005,5.1230875000000005,5.2539197,5.3016416,5.3205260999999995
1999-05-26,4.8771037000000002,5.1601637,5.2779936999999997,5.3166079999999996,5.3290571
1999-05-28,4.7956962999999995,4.9348434000000001,5.1870339000000003,5.3366305000000001,5.3810891999999999
1999-05-31,4.8929100000000005,5.1696157999999999,5.2644918999999994,5.2868703000000004,5.2931865
1999-06-01,5.0661645000000002,5.3707786999999998,5.4656566,5.4801923000000006,5.4770620999999995
1999-06-02,4.9914769999999997,5.2870283999999996,5.3859019999999997,5.4064076000000005,5.4102545000000006
1999-06-03,5.0185891000000007,5.3002232999999999,5.4136571,5.4467482,5.4549074000000006
1999-06-04,4.9906446999999998,5.2704592999999997,5.3945524000000002,5.4390413999999998,5.4555723
1999-06-07,4.9811738000000005,5.2738388999999994,5.3948600999999998,5.4376188999999995,5.4552062000000001
1999-06-08,5.0434271000000006,5.322114,5.4302614,5.4782666000000004,5.5075922999999998
1999-06-09,5.0845257999999998,5.3581450000000004,5.4509254,5.5131413999999994,5.5589446000000002
1999-06-10,5.0937215,5.3457723999999995,5.4383365000000001,5.5063035000000005,5.5558522999999997
1999-06-11,5.0934341999999999,5.3460984000000007,5.4466210999999998,5.5220409999999998,5.5750196000000001
1999-06-14,5.0867161000000003,5.3616596000000003,5.4593163999999996,5.5309927999999999,5.5819833000000001
1999-06-15,5.0921697000000004,5.3437700999999995,5.4330460999999994,5.5113031000000001,5.5702223000000002
1999-06-16,5.0224006000000001,5.2630682999999996,5.3496452000000003,5.4245960000000002,5.4841664999999997
1999-06-17,4.9072576000000003,5.1298706999999997,5.2308978999999995,5.2794604999999999,5.3088018000000003
1999-06-18,4.9424701000000004,5.1640890000000006,5.2691771999999997,5.3191629999999996,5.3470782999999997
1999-06-21,4.9947876999999998,5.2294206000000001,5.3081936000000001,5.3759838999999996,5.4302206999999996
1999-06-22,5.0537884999999996,5.2792526999999998,5.3619672999999999,5.4334185000000002,5.4916033000000004
1999-06-23,5.1215436000000008,5.3558258999999993,5.4370070999999998,5.5104774000000001,5.5672002999999997
1999-06-24,5.1638162000000003,5.3807201999999998,5.4603780999999998,5.533118,5.5892524999999997
1999-06-25,5.1446364999999998,5.3533016,5.4311159999999994,5.5006329000000003,5.5542577
1999-06-28,5.1064113000000004,5.3161094999999996,5.3885945,5.4520923000000003,5.5016267000000001
1999-06-29,5.1136379999999999,5.3169854000000001,5.3783936999999993,5.4356103999999998,5.4828212000000001
1999-06-30,4.9454757000000003,5.1561408000000002,5.2370200999999996,5.3060349999999996,5.3619687999999996
1999-07-02,4.9713393999999997,5.1754354999999999,5.2714363000000004,5.3212057999999995,5.3537936000000004
1999-07-05,4.9610833999999997,5.1782646999999997,5.2753071,5.3254938999999997,5.3592491999999998
1999-07-06,5.0452031000000002,5.2267960000000002,5.2970799,5.3679411000000004,5.4254271000000003
1999-07-07,5.0544991999999995,5.2366686000000007,5.3114626999999999,5.3839874999999999,5.4415203000000005
1999-07-08,5.0338079999999996,5.2012976000000002,5.2699549999999995,5.3387423000000007,5.3938037999999997
1999-07-09,5.0248686999999999,5.1887428,5.2555348000000004,5.3212849000000002,5.3736025999999999
1999-07-12,5.0091133000000001,5.1780297000000006,5.2188550999999999,5.2661435999999995,5.3102995999999996
1999-07-13,5.0313191000000002,5.2003472000000004,5.2388057999999997,5.2890182000000001,5.3360512
1999-07-14,5.0334259000000001,5.2072900999999998,5.2472178000000005,5.2970608000000006,5.3433343000000004
1999-07-15,5.0492213000000001,5.2017315000000002,5.2349651000000001,5.2809558000000001,5.3252345999999999
1999-07-16,5.0165451999999995,5.1496443000000003,5.1738631000000002,5.2150543000000003,5.2573634
1999-07-19,5.0239376,5.1632215000000006,5.1852382000000006,5.2245258000000003,5.2639544000000003
1999-07-20,4.9881798999999996,5.1212914999999999,5.1417605000000002,5.1821662000000002,5.2258765999999994
1999-07-21,5.0286613999999998,5.1645611000000002,5.1800169,5.2186268,5.2607259000000006
1999-07-22,5.1429833,5.2989007999999993,5.3089571000000007,5.3435644,5.3849078000000006
1999-07-23,5.1925904000000003,5.3840542999999998,5.4147635999999997,5.4602481000000003,5.5088335000000006
1999-07-26,5.2493990999999998,5.4601508000000001,5.4903946000000001,5.5389425999999995,5.5886009999999997
1999-07-27,5.2321780999999996,5.4411312000000001,5.4687942000000005,5.5139392000000003,5.5603193000000006
1999-07-28,5.1769474999999998,5.3905473000000006,5.4285563999999997,5.4756802999999996,5.5237055000000002
1999-07-29,5.2263242999999999,5.4447039000000004,5.4991976999999999,5.5577623000000003,5.6112323999999996
1999-07-30,5.2399228999999998,5.4585140999999995,5.5127176999999996,5.5710738000000006,5.6239194999999995
1999-08-03,5.2182046,5.4375412999999995,5.4964691999999999,5.5579007000000002,5.6132691999999995
1999-08-04,5.1853654999999996,5.4034402000000004,5.4739182999999993,5.5435252999999998,5.5994795000000002
1999-08-05,5.1977308000000004,5.4098291999999999,5.4817508000000004,5.5529435999999999,5.6080465000000004
1999-08-06,5.3306474999999995,5.5708744000000001,5.6484529999999999,5.7200284999999997,5.7712196999999996
1999-08-09,5.4622060999999995,5.7295284999999998,5.7891849000000004,5.8490202999999994,5.8952021999999999
1999-08-10,5.4355675999999997,5.7256659000000001,5.7982187999999999,5.8585069000000001,5.9021970000000001
1999-08-11,5.3642751999999998,5.6627451000000004,5.7451474999999999,5.8064855,5.8508780000000007
1999-08-12,5.4170916,5.6993571999999997,5.7729074999999996,5.8270559999999998,5.8657491999999998
1999-08-13,5.3563782999999994,5.6181865000000002,5.6834679999999995,5.7323336999999999,5.7664301
1999-08-16,5.3581487000000001,5.6339809000000001,5.6893504999999998,5.7341498999999994,5.7675891000000004
1999-08-17,5.2665348000000005,5.5030197000000003,5.5552731,5.6002285999999994,5.6368093000000004
1999-08-18,5.2406001,5.4812850000000006,5.5288073999999998,5.5771796999999994,5.6205085000000006
1999-08-19,5.269177,5.5302866999999996,5.5872612999999998,5.6364317999999995,5.6741018999999993
1999-08-20,5.2758178999999998,5.5161156,5.5659976000000002,5.6116399000000001,5.6477073999999998
1999-08-23,5.2585295999999992,5.5303037999999995,5.5832180000000005,5.6255842000000005,5.6573801999999995
1999-08-24,5.1784186000000005,5.4177235000000001,5.4705672999999999,5.5152263999999995,5.5523891000000001
1999-08-25,5.1144087999999996,5.3591454000000001,5.4166524000000003,5.4599791,5.4910560999999998
1999-08-26,5.1882903999999996,5.4184716000000002,5.4725643999999996,5.5160415999999994,5.5460266999999996
1999-08-30,4.3350165000000001,4.8535789000000005,5.4823972999999997,5.6931029000000004,5.6958719999999996
1999-08-31,5.3270757,5.5540281,5.6120954999999997,5.6549968000000002,5.6811230999999998
1999-09-01,5.3222144999999994,5.5549382000000005,5.6111355999999999,5.655951,5.6861573999999999
1999-09-02,5.3429795000000002,5.5597317999999998,5.6057869,5.6466430999999995,5.6786092000000004
1999-09-03,5.2080356000000005,5.4118168000000004,5.4575421999999998,5.5000409000000001,5.5339994000000008
1999-09-07,5.2672306999999998,5.5089839999999999,5.5569898000000002,5.5992328000000002,5.6337501999999997
1999-09-08,5.2307185,5.4879312999999996,5.5423815000000003,5.5875437999999997,5.6241628000000006
1999-09-09,5.2483132000000001,5.4864937999999999,5.5479959000000001,5.6019249999999996,5.644215
1999-09-10,5.1868293000000003,5.4331217000000001,5.5022376999999993,5.5630169,5.6098283999999996
1999-09-13,5.1577612999999998,5.4190003000000004,5.4922255,5.5531829999999998,5.6019230000000002
1999-09-14,5.2261448000000001,5.4808668999999997,5.5469332000000007,5.6031797000000001,5.6455209000000002
1999-09-15,5.1626902000000001,5.4282626,5.5030394999999999,5.5628763000000001,5.6086226000000003
1999-09-16,5.1748975000000002,5.4479366000000002,5.5290748000000001,5.5880475000000001,5.6321310999999996
1999-09-17,5.1494884999999995,5.4266549999999993,5.5098316000000001,5.5709081000000005,5.6164345999999998
1999-09-20,5.1421323000000001,5.4421774999999997,5.5316190000000001,5.5933270000000004,5.6379864
1999-09-21,5.1241485000000004,5.4240718000000001,5.5218575999999997,5.5865482000000002,5.6321060000000003
1999-09-22,5.1063475,5.3999879000000002,5.5002852999999998,5.5697611,5.6184172999999999
1999-09-23,5.0703053999999996,5.3378804999999998,5.4423364000000003,5.5114652,5.5556991
1999-09-24,5.0364933000000001,5.3186935000000002,5.4283587000000004,5.4990155999999999,5.542014
1999-09-27,5.0565915000000006,5.3395446,5.4456864999999999,5.5150285999999999,5.5573756000000003
1999-09-28,5.0638164999999997,5.3602935,5.4795385999999997,5.5538056999999998,5.5998016999999995
1999-09-29,5.1301610999999996,5.4211977999999998,5.5333234999999998,5.6085935000000005,5.6574046999999998
1999-09-30,5.0935528000000003,5.3957088000000004,5.5126881000000001,5.5803314000000004,5.6210652000000003
1999-10-01,5.2144049999999993,5.5416300999999999,5.6533907000000001,5.7154176000000003,5.7516527999999996
1999-10-04,5.1917077999999997,5.5202511000000003,5.6268544,5.6901766,5.7272192999999998
1999-10-05,5.2649441000000001,5.6151002999999999,5.7227848999999997,5.7857919999999998,5.8219886000000001
1999-10-06,5.2981193000000006,5.6670813000000004,5.7678792999999997,5.8217582999999999,5.8519424999999998
1999-10-07,5.2995343000000004,5.6707238999999996,5.7802521000000002,5.8362506000000005,5.8678613999999998
1999-10-08,5.3076584000000002,5.6774448,5.7863135000000003,5.8419956000000006,5.8737633999999996
1999-10-12,5.3709515999999997,5.7379806000000002,5.8386721000000001,5.8863066000000002,5.9150586000000001
1999-10-13,5.4137803,5.7963997000000003,5.8995712999999999,5.9506429000000001,5.9826633999999999
1999-10-14,5.4779849999999994,5.8703170999999994,5.9692541000000006,6.0232279000000002,6.0575476000000004
1999-10-15,5.4685208999999997,5.8415184,5.9292267000000001,5.9717145,5.9981772000000007
1999-10-18,5.5480093000000004,5.9535773000000001,6.0330560999999996,6.0720416999999998,6.1000369999999995
1999-10-19,5.5937802000000003,6.0014123000000001,6.0779575000000001,6.1131649000000001,6.1380914000000004
1999-10-20,5.5770464999999998,5.9784512999999997,6.0591965999999999,6.0996541999999998,6.1287945000000006
1999-10-21,5.5640974999999999,5.9669642999999999,6.0560878999999996,6.0930631999999996,6.1196501999999997
1999-10-22,5.5420816999999998,5.9385730999999993,6.0367056000000003,6.0828671999999999,6.1124271999999999
1999-10-25,5.5669544000000002,5.9656511000000005,6.0679318000000002,6.1182240999999999,6.1508659000000003
1999-10-26,5.6510359000000001,6.0581999,6.1595129999999996,6.2110830999999997,6.2417609000000001
1999-10-27,5.6221014,6.0053698000000004,6.1002437,6.1515597,6.1810084999999999
1999-10-28,5.5459499000000001,5.9229839000000002,6.0225752999999997,6.0723488999999997,6.0991301999999994
1999-10-29,5.4301700999999998,5.7814471999999997,5.8751498,5.9257556999999998,5.9568933999999993
1999-11-01,5.4031016999999997,5.7441950999999998,5.8312898000000004,5.8848585,5.9186557000000004
1999-11-02,5.4206977000000007,5.7581986000000001,5.8388343000000003,5.8894263000000002,5.9224446000000004
1999-11-03,5.4788169999999994,5.8129374,5.8861030999999997,5.9361672999999993,5.9674376000000002
1999-11-04,5.4218818000000004,5.7403063999999997,5.8336857999999996,5.8944311000000003,5.9279392
1999-11-05,5.4337664999999999,5.7647655999999996,5.8566092999999997,5.9139089999999994,5.9446357999999995
1999-11-08,5.4643902999999998,5.8183828000000002,5.9119988000000001,5.9643901999999995,5.9910075000000003
1999-11-09,5.4958667000000005,5.8113532000000001,5.8846914999999997,5.9310738000000001,5.9561792000000002
1999-11-10,5.4789806000000008,5.8161315999999994,5.8822008000000006,5.9233330999999998,5.9491792999999999
1999-11-12,5.4508678999999995,5.7368373000000004,5.8074446000000002,5.8473015000000004,5.8670928
1999-11-15,5.3916862000000005,5.6962092000000002,5.7745018999999997,5.8120311999999998,5.8269726000000004
1999-11-16,5.4466213999999997,5.7798370999999999,5.8649480000000001,5.9024358000000001,5.9176500000000001
1999-11-17,5.4565741000000001,5.8188726000000006,5.9229798999999996,5.9656493999999993,5.9846292000000005
1999-11-18,5.4796091999999996,5.8497364000000003,5.9692100999999997,6.0182419000000005,6.040197
1999-11-19,5.4061129000000001,5.7734804999999998,5.9041297000000004,5.9597603999999995,5.9839995999999998
1999-11-22,5.4302909000000001,5.8097244000000003,5.9317413999999999,5.9833995,6.0051600000000001
1999-11-23,5.4199181000000003,5.7923420999999999,5.9010218000000005,5.9472548999999999,5.9654527000000002
1999-11-24,5.4002888000000002,5.7816860999999999,5.8911090999999995,5.9371492999999997,5.9537462999999997
1999-11-25,5.4184446999999993,5.7991834999999998,5.9035941999999997,5.9484607,5.9657568000000003
1999-11-29,5.0892745000000001,5.4819402000000004,5.9195095000000002,6.1136147000000003,6.1352247000000002
1999-11-30,5.4958223000000004,5.8962278999999995,6.0048734999999995,6.0511102999999995,6.0661795999999999
1999-12-01,5.5248868,5.9141824000000005,6.0146426000000002,6.0601158000000002,6.0776221000000001
1999-12-02,5.5471227999999995,5.9209461000000001,6.0171022000000001,6.0596300999999997,6.0756214000000002
1999-12-03,5.5476128999999998,5.9183347999999993,6.0145023000000002,6.0578485999999998,6.0707079999999998
1999-12-06,5.5269371999999999,5.9049144,5.9828473000000004,6.0107229000000002,6.0183330000000002
1999-12-07,5.4799023,5.8418605000000001,5.9086156000000001,5.9321235999999997,5.9386269
1999-12-08,5.4863407000000004,5.8403944999999995,5.9162149999999993,5.9534447999999998,5.9708772000000003
1999-12-09,5.4887376999999997,5.8334912000000001,5.9139042000000002,5.9546979999999996,5.9749981999999999
1999-12-10,5.4607280000000005,5.7897815999999995,5.8731833,5.9154692000000004,5.9341293000000004
1999-12-13,5.4689061999999993,5.8246926999999999,5.9158200000000001,5.9603530999999998,5.9775451999999998
1999-12-14,5.5192606,5.8935537,5.9942310000000001,6.034122,6.0482676
1999-12-15,5.5832701999999994,5.9853006000000004,6.1058237000000002,6.1250498000000002,6.1173906000000002
1999-12-16,5.6016675999999999,6.0122057,5.9657517000000002,5.8491295000000001,5.8381363999999998
1999-12-17,5.5929766999999995,5.9468288999999999,6.0773131999999999,6.1132641000000003,6.1152090000000001
1999-12-20,5.6048216000000002,5.9659592999999997,6.0993382999999994,6.1373672999999993,6.1400291999999999
1999-12-21,5.595097,5.9558746000000005,6.0938371,6.1356409000000003,6.1402521999999999
1999-12-22,5.5829373000000002,5.9453709000000003,6.0866041000000006,6.1337906999999996,6.1445331999999997
1999-12-23,5.5556868000000001,5.9248265,6.0765159999999998,6.1314926999999999,6.1470832
1999-12-24,5.5513881999999999,5.9204452999999999,6.0715177000000002,6.1258227999999999,6.1408152000000005
1999-12-29,5.4645992999999997,5.8461185000000002,6.0099887000000001,6.0756363999999996,6.0992907999999995
1999-12-30,5.5253860000000001,5.8734019000000002,6.0306690000000005,6.0934204000000003,6.1119174999999997
1999-12-31,5.5556340000000004,5.9276580000000001,6.0899706,6.1540043999999998,6.1753377
2000-01-04,5.6332449999999996,6.0529643000000002,6.2205609000000006,6.2816511000000004,6.3013287
2000-01-05,5.7110823999999996,6.1354512999999997,6.3047278000000002,6.3705216999999994,6.3967073999999995
2000-01-06,5.6819715999999998,6.0831054,6.2504038999999993,6.314881999999999,6.3377306999999998
2000-01-07,5.6742239000000003,6.0716862000000003,6.2388336999999998,6.3047700999999998,6.3296938999999997
2000-01-10,5.6642691000000003,6.0884776,6.2522532000000002,6.3126817000000006,6.3363265000000002
2000-01-11,5.7001352999999995,6.1374359000000007,6.3048044999999995,6.3661748000000005,6.3908186000000002
2000-01-12,5.7106007999999999,6.1595604000000002,6.3245346999999992,6.3849710000000002,6.4126103000000008
2000-01-13,5.7091550999999994,6.0984882999999996,6.2625856999999989,6.3284473999999991,6.3548678999999995
2000-01-14,5.7259079999999996,6.1357206999999994,6.3002080000000005,6.3651448999999998,6.3932711000000007
2000-01-17,5.7176396999999994,6.1358243999999997,6.3013542000000005,6.3649668000000004,6.3909989999999999
2000-01-18,5.7683441000000002,6.1868248000000001,6.3540119000000006,6.4210569999999993,6.4506089000000006
2000-01-19,5.7622583000000001,6.1992000000000003,6.3761296999999999,6.4454435000000005,6.4741200999999995
2000-01-20,5.7798780000000001,6.2245543000000003,6.4062747,6.4772033000000011,6.5065160999999998
2000-01-21,5.7322135000000003,6.1776049999999998,6.3634123999999996,6.4427997000000001,6.4820336000000003
2000-01-24,5.6323939000000003,6.0772447999999999,6.2663444999999998,6.3472202000000006,6.3856868999999996
2000-01-25,5.6413178999999998,6.0876830000000002,6.2784589999999998,6.3589418999999996,6.3959796999999998
2000-01-26,5.6415667000000003,6.0707830999999999,6.2530577000000003,6.3237842999999998,6.3492286999999994
2000-01-27,5.7315176000000001,6.1565460000000005,6.3443278000000003,6.4194431999999999,6.4461681000000004
2000-01-28,5.80945,6.2174060999999998,6.3687668000000004,6.4480325000000001,6.4838195000000001
2000-01-31,5.8465595000000006,6.2665576999999999,6.4100185000000005,6.4849243999999997,6.5173801999999998
2000-02-01,5.8224112000000003,6.2270066999999996,6.3687442000000001,6.4361272999999999,6.4601112000000001
2000-02-02,5.8204981,6.2156278,6.3502086999999996,6.4191155000000002,6.4402309000000004
2000-02-03,5.8100082999999998,6.1769922999999993,6.282855800000001,6.3418589999999995,6.3550046
2000-02-04,5.8536033999999999,6.2628255999999993,6.3780988999999995,6.4403234000000005,6.4566673000000003
2000-02-07,5.8237876000000002,6.2549604999999993,6.3866848000000003,6.4635731999999999,6.494936
2000-02-08,5.8019853000000001,6.2293776000000003,6.3595162999999992,6.4319438000000009,6.4550543000000005
2000-02-09,5.7693861000000002,6.2135470999999995,6.3536384999999997,6.4283841999999991,6.4592415000000001
2000-02-10,5.7790234000000007,6.2170947999999999,6.3728880000000006,6.4611324999999997,6.5044016999999998
2000-02-11,5.7644102000000004,6.1792477999999997,6.3248967,6.4089146999999995,6.4499084999999994
2000-02-14,5.7398904000000002,6.1509757999999994,6.2990668000000003,6.3814872999999999,6.4142790000000005
2000-02-15,5.7673515000000002,6.1739023,6.3297305999999995,6.4153235000000004,6.4489315000000005
2000-02-16,5.7646629999999996,6.1785237000000004,6.3252463999999993,6.4058747999999994,6.4427831000000007
2000-02-17,5.8335626999999999,6.2382511000000003,6.3663987000000004,6.4446009999999996,6.4779955000000005
2000-02-18,5.7874053999999999,6.1572861999999997,6.2787964000000001,6.3533337999999997,6.3811630999999993
2000-02-21,5.7639594000000001,6.1304517000000001,6.2438626999999993,6.3134147,6.3369382000000005
2000-02-22,5.7044302,6.0373163999999999,6.1362582000000003,6.1942793000000007,6.2067505000000001
2000-02-23,5.7250449999999997,6.0675007000000001,6.1735895999999997,6.2386812999999997,6.2581438
2000-02-24,5.6354398000000003,5.8829414,5.9879443999999999,6.0665811999999999,6.1007323000000007
2000-02-29,5.695945,5.9764889999999999,6.071618,6.1406871000000001,6.1640933000000002
2000-03-01,5.6634256000000001,5.9549481000000002,6.0499473999999998,6.1132691000000001,6.1313398999999995
2000-03-02,5.6923792000000004,5.9833451000000002,6.0705640000000001,6.1322764000000003,6.1507617999999997
2000-03-03,5.6458534999999994,5.9389880999999995,6.0337097000000002,6.0984404999999997,6.1190474000000004
2000-03-06,5.6759876,5.9858994000000001,6.0856408000000002,6.1514533,6.1708128000000002
2000-03-07,5.6460935000000001,5.9383160999999998,6.0410827000000005,6.1095212000000005,6.1329946
2000-03-08,5.6725303999999994,5.9448246999999999,6.0513124000000005,6.1242725,6.1481747000000002
2000-03-09,5.7190877000000002,5.9689581,6.0638702000000002,6.1268563,6.1410879999999999
2000-03-10,5.7428742999999995,5.9931130000000001,6.0888815999999997,6.1538292000000006,6.1733129
2000-03-13,5.7067122999999995,5.9630647000000003,6.0579367,6.1218184999999998,6.1401601000000001
2000-03-14,5.7027954000000003,5.9343278000000002,6.0229245000000002,6.0838068999999999,6.0976526
2000-03-15,5.7434449999999995,5.9907668999999997,6.0790818,6.1387594999999999,6.1516937
2000-03-16,5.7679244999999995,5.9992143000000002,6.0686612000000002,6.1149566000000002,6.1214849000000005
2000-03-17,5.7624680999999995,5.9830500999999998,6.0370331000000004,6.0694979,6.0664596
2000-03-20,5.7523673999999998,5.9745147000000003,6.0214784000000003,6.0498267999999999,6.0430791999999993
2000-03-21,5.7378242000000004,5.9369305999999993,5.9853239,6.0148445000000006,6.0051141000000001
2000-03-22,5.7096650999999996,5.9094176999999997,5.9559059999999997,5.9841669,5.9788277000000001
2000-03-23,5.7485558000000001,5.9228475000000005,5.9612755000000002,5.9859711000000004,5.9773423000000001
2000-03-24,5.8072825999999997,5.9916714999999998,6.0351888999999996,6.062767,6.0626285000000006
2000-03-27,5.8056301999999995,5.9959042,6.0351789,6.0615996000000001,6.0630521999999996
2000-03-28,5.7977411999999999,5.9807492,6.0170968,6.0446374,6.0464515000000008
2000-03-29,5.8198597999999997,6.0179242999999998,6.0583998000000001,6.0892375999999997,6.0934401999999999
2000-03-30,5.7927549000000003,5.9529474000000002,5.9877329000000001,6.0169505000000001,6.0176479999999994
2000-03-31,5.8100968000000002,5.9497106000000004,5.9683999999999999,5.9917536,5.9884988000000003
2000-04-03,5.7834439,5.9276147000000003,5.9409445999999999,5.9598063999999997,5.9575835000000001
2000-04-04,5.7020387000000001,5.8228501000000001,5.8336364999999999,5.8575581000000003,5.8618470999999994
2000-04-05,5.7171775,5.8339910000000001,5.8438352,5.8686173000000004,5.8742226000000004
2000-04-06,5.7363149,5.8329099000000006,5.8485756999999996,5.8773670999999998,5.8857923000000003
2000-04-07,5.7524870999999997,5.8361600999999999,5.8462781000000001,5.8720556000000004,5.8725896999999998
2000-04-10,5.7066790999999997,5.7978740000000002,5.8091625999999996,5.8319725,5.8312900000000001
2000-04-11,5.7222553999999999,5.8304522999999993,5.8485711,5.8680687000000002,5.8665984
2000-04-12,5.7177316999999999,5.8348516000000004,5.8568224000000004,5.8759601000000004,5.8768777000000005
2000-04-13,5.6929701999999995,5.8403076,5.8749513000000002,5.8686086,5.8501954000000005
2000-04-14,5.6794791999999994,5.7814034000000003,5.7851854999999999,5.7942087999999998,5.7965186000000006
2000-04-17,5.7290887999999995,5.8818479000000004,5.8901672000000005,5.9027026999999999,5.9088348000000002
2000-04-18,5.7188691,5.8764449000000001,5.9006061999999995,5.9224147,5.9325128999999999
2000-04-19,5.7277518000000001,5.8729981999999996,5.8906197999999996,5.9106182,5.9223866000000003
2000-04-20,5.7706569999999999,5.9407567999999999,5.9962038,6.0019572999999999,5.9892289000000005
2000-04-24,5.7813894999999995,5.9724829999999995,6.0289065000000006,6.0320318999999998,6.0181658000000002
2000-04-25,5.8302651000000001,6.0340940999999999,6.1065807000000003,6.11686,6.1020913999999999
2000-04-26,5.8419387,6.050389,6.1192378999999999,6.1271819999999995,6.1104551999999996
2000-04-28,5.9214777000000005,6.1624713999999994,6.2156358000000003,6.2080641999999999,6.1869030999999994
2000-05-01,5.9140980000000001,6.1795663000000003,6.2395208999999996,6.2351600999999999,6.2168999999999999
2000-05-02,5.9142694000000002,6.1743639000000003,6.2315392999999997,6.2285044999999997,6.2132525999999997
2000-05-03,5.9881551000000002,6.2584374999999994,6.3103009999999999,6.3017604000000009,6.2846966000000002
2000-05-04,6.0475618000000004,6.2761683000000001,6.3330334000000006,6.3310876,6.3129296000000004
2000-05-05,6.0848966999999998,6.3128349000000004,6.3702439999999996,6.3667598000000005,6.3452273000000003
2000-05-08,6.0926616999999998,6.3536823000000009,6.4152582000000002,6.4109731999999999,6.3902215
2000-05-09,6.0975760000000001,6.3353774999999999,6.3838927999999999,6.3765332999999993,6.3572526000000007
2000-05-10,6.0770808000000001,6.2914666999999991,6.2961337000000004,6.2973328999999998,6.2941775000000009
2000-05-11,6.1138184999999998,6.3315574999999997,6.3477391999999995,6.3154834000000006,6.2822350999999994
2000-05-12,6.1664640999999998,6.4007569000000002,6.4249697999999995,6.3932728999999995,6.3577966000000004
2000-05-15,6.1655343,6.3616060000000001,6.3561008000000001,6.3573900000000005,6.3523180999999997
2000-05-16,6.1617065999999996,6.3751101999999999,6.3924298000000004,6.3571293000000004,6.3153424999999999
2000-05-17,6.1910780999999995,6.3893494999999998,6.4022297000000004,6.3705818000000001,6.3358235000000001
2000-05-18,6.1983743999999996,6.3576094999999997,6.3867774000000006,6.3740093,6.3484855000000007
2000-05-19,6.1526962999999997,6.3013183000000001,6.328329000000001,6.3164558999999993,6.2937180999999995
2000-05-23,6.1296040999999999,6.2762254000000004,6.2869084000000006,6.2662943999999996,6.242775
2000-05-24,6.1682145000000004,6.3264165999999999,6.3351451000000001,6.3134792999999991,6.2917206999999999
2000-05-25,6.1410891000000003,6.2801327000000002,6.2789095000000001,6.2523390999999995,6.2292957000000007
2000-05-26,6.1074147999999999,6.2219876000000003,6.2038422000000004,6.1658515999999999,6.1354872999999994
2000-05-31,6.0593046999999993,6.2043182000000003,6.1717010000000005,6.1173703000000001,6.0783388
2000-06-01,6.0130071999999997,6.1045945000000001,6.0777105000000002,6.0333458000000002,5.9968262000000001
2000-06-02,5.8925720999999998,5.9861689,5.9748732999999996,5.9438770000000005,5.9157329000000001
2000-06-05,5.8908991000000004,6.0191998,6.0126393,5.9823613,5.9565980999999999
2000-06-06,5.9055061999999996,6.0365367000000001,6.0311167000000001,6.0000978000000007,5.9716611000000004
2000-06-07,5.9379521999999998,6.0731399000000001,6.0633935000000001,6.0285717999999999,5.9994765000000001
2000-06-08,5.9748956,6.0886867999999996,6.0808419000000002,6.0484758000000003,6.018694
2000-06-09,5.9896321000000006,6.1055565999999999,6.0990558999999998,6.0629185000000003,6.0261750000000003
2000-06-12,5.9565614,6.0747384000000002,6.0608994999999997,6.0201548000000003,5.9827854
2000-06-13,5.8909266000000002,6.0026650000000004,6.0050433999999999,5.9788619000000001,5.9500134000000005
2000-06-14,5.8579394999999996,5.9645323000000001,5.9694400999999999,5.9479856,5.9234055000000003
2000-06-15,5.8961240999999998,5.9620436999999997,5.9703575999999998,5.9601972999999999,5.9417289000000002
2000-06-16,5.8627163000000007,5.9117150000000001,5.9140269000000005,5.9018698000000001,5.8826293000000005
2000-06-19,5.8519287000000002,5.9252763999999996,5.9373743999999995,5.9241695999999999,5.8982077999999998
2000-06-20,5.8859551000000003,5.9671254999999999,5.9711545999999993,5.9533468000000003,5.9285524000000001
2000-06-21,5.9195057000000002,6.0248755000000003,6.0399379,6.0267062000000005,6.0038985
2000-06-22,5.9189074000000002,6.0228944000000002,6.0391682000000007,6.0283186000000004,6.0100629000000003
2000-06-23,5.9375907999999997,6.0575209000000001,6.0850913000000002,6.0800552000000003,6.0639155999999996
2000-06-26,5.8993378999999999,6.0173725999999998,6.0290838999999998,6.0135332999999997,5.9939027999999999
2000-06-27,5.8946215000000004,6.0127366000000002,6.0227823000000003,6.0043939999999996,5.9810840999999995
2000-06-28,5.8827087000000002,5.9949583999999998,6.0011269999999994,5.9850155000000003,5.9691954000000003
2000-06-29,5.8745813,5.9216082999999999,5.9245184000000002,5.9137662999999998,5.8966957000000004
2000-06-30,5.8706447000000006,5.9197743999999997,5.9258448000000001,5.9153085000000001,5.8959248999999998
2000-07-04,5.7999516,5.8540137000000003,5.8552499999999998,5.8453955000000004,5.8322896000000002
2000-07-05,5.8005893000000004,5.8602704000000001,5.8649683000000001,5.8559007000000003,5.8427886999999998
2000-07-06,5.8234129000000001,5.8764509,5.8877955000000002,5.8838640999999994,5.8731947
2000-07-07,5.7798420000000004,5.8306107000000003,5.8447620000000002,5.8445622999999998,5.8378692000000001
2000-07-10,5.7789732000000003,5.8553484000000005,5.8790196000000003,5.8809326999999998,5.8725186000000003
2000-07-11,5.7817731999999999,5.8616790000000005,5.8875354,5.8893559999999994,5.8798274999999993
2000-07-12,5.7937193999999996,5.8799393999999996,5.9058959,5.9063349000000001,5.8958770999999999
2000-07-13,5.8049846000000001,5.8501257999999998,5.8693992000000001,5.8689980000000004,5.8554851000000001
2000-07-14,5.8562620000000001,5.9332793000000006,5.9578831999999995,5.9544592999999999,5.9370095999999997
2000-07-17,5.8638611999999997,5.9699967000000003,6.0053478,6.0073794999999999,5.9933201
2000-07-18,5.8683537000000001,5.9771296999999999,6.0123794000000004,6.0162902999999996,6.0054952999999998
2000-07-19,5.8779265000000001,5.9919843000000004,6.0309143000000001,6.0359917000000003,6.0243669000000004
2000-07-20,5.7957369000000005,5.8661124999999998,5.8914096999999996,5.8937708999999998,5.8838382999999999
2000-07-21,5.7954908999999999,5.8788879000000005,5.9076491999999998,5.9087489,5.8961290000000002
2000-07-24,5.7953055000000004,5.9162027999999998,5.9456918999999999,5.9423374000000004,5.9280274999999998
2000-07-25,5.7995638999999999,5.9228899000000004,5.9537860999999994,5.9490964000000002,5.9315118
2000-07-26,5.7973488,5.9179919999999999,5.9472943999999996,5.9412168999999997,5.9217545999999999
2000-07-27,5.8185171000000002,5.9122148000000001,5.9458581000000006,5.9447777999999998,5.9252761999999999
2000-07-28,5.8488581999999996,5.9488722000000003,5.9824345000000001,5.9778175000000005,5.9542403000000004
2000-07-31,5.8499250000000007,5.9684502999999998,5.9932550000000004,5.9804363,5.9534728000000001
2000-08-01,5.8340838999999995,5.9279334000000006,5.9509729,5.9385338000000001,5.9089428000000002
2000-08-02,5.7987257000000003,5.8824664999999996,5.9043388000000006,5.8960371999999994,5.8717795000000006
2000-08-03,5.7558565999999995,5.8512010000000005,5.8782487999999997,5.8708942999999998,5.8474738999999998
2000-08-04,5.7225641000000005,5.7841924000000002,5.8151492999999999,5.8173820999999997,5.7993263000000006
2000-08-08,5.7192657000000002,5.8050279000000007,5.8374438,5.838025,5.8201307
2000-08-09,5.7317856000000003,5.8232697,5.8499064000000001,5.8454049000000001,5.8261251999999999
2000-08-10,5.7369173,5.7933190000000003,5.8217680999999999,5.8213176999999998,5.8005932000000007
2000-08-11,5.7875546,5.8601815000000004,5.8871178000000004,5.8820895999999996,5.8588102000000006
2000-08-14,5.7648306000000007,5.8394871000000004,5.8573753000000002,5.8479979000000002,5.8246126
2000-08-15,5.7796992999999999,5.8687383999999998,5.8888780000000001,5.8785984999999998,5.8550635
2000-08-16,5.7913953999999999,5.8860590999999998,5.9068702000000002,5.8947687999999996,5.8682966000000008
2000-08-17,5.8018931,5.8842156000000001,5.8979907999999996,5.8829289999999999,5.8567546999999998
2000-08-18,5.7792111000000004,5.8567857999999999,5.8700035000000002,5.8564721999999998,5.8326155000000002
2000-08-21,5.7717045000000002,5.8779325,5.8985063999999996,5.8857391000000003,5.8604389000000001
2000-08-22,5.7715971999999995,5.8649597999999994,5.8882189,5.8801801000000005,5.8574637000000003
2000-08-23,5.7586678999999998,5.8409595000000003,5.8555061999999998,5.8441749000000005,5.8222746000000001
2000-08-24,5.7651439,5.8241041999999998,5.8482994000000001,5.8483594999999999,5.8320401999999998
2000-08-25,5.7705358000000002,5.8332201999999995,5.8590628000000002,5.8583891000000001,5.8402489000000006
2000-08-28,5.7813097000000004,5.8634862000000005,5.8872923000000004,5.8856225000000002,5.8702832000000003
2000-08-30,5.7730154999999996,5.8255816999999999,5.8538508,5.8588921000000003,5.8444485999999998
2000-08-31,5.7357217,5.7738387000000007,5.7756694999999993,5.7656767999999996,5.7485045999999995
2000-09-01,5.6963925,5.7229635000000005,5.7260110000000006,5.7205411999999995,5.7075847
2000-09-05,5.6816477999999995,5.7229701999999998,5.7245689000000004,5.7157207000000003,5.7007918999999996
2000-09-06,5.6963815000000002,5.7483050000000002,5.7545431000000002,5.7479149999999999,5.7341784999999996
2000-09-07,5.7401017000000003,5.7712969000000003,5.7813397000000002,5.7779217999999997,5.7632867999999995
2000-09-08,5.7168308000000003,5.7463088000000004,5.7621143999999997,5.7617063000000002,5.7467794000000003
2000-09-11,5.7209162000000005,5.7837478999999998,5.7982687999999998,5.7928449000000004,5.7766985999999996
2000-09-12,5.7152697000000003,5.7910709999999996,5.8086074999999999,5.8050053999999998,5.7913625
2000-09-13,5.6967913000000001,5.7577794999999998,5.7715405999999998,5.7684177000000005,5.7565029000000001
2000-09-14,5.6908912999999997,5.7411807000000001,5.7639994999999997,5.7690396999999995,5.7621786999999998
2000-09-15,5.6766011999999995,5.7211248999999995,5.7459218999999999,5.7566493000000003,5.7573375000000002
2000-09-18,5.6407031000000005,5.7139518999999996,5.7536471000000002,5.7719129999999996,5.7755024000000006
2000-09-19,5.6387941000000001,5.7127223999999996,5.7490125000000001,5.7641418,5.7654060999999999
2000-09-20,5.6464482,5.7233194000000003,5.7655995999999998,5.7847255000000004,5.7877915
2000-09-21,5.6571061999999994,5.6950262,5.7389681000000001,5.7598281,5.7605264000000007
2000-09-22,5.6378123000000002,5.6848795000000001,5.7319108999999999,5.7555398999999996,5.7589515000000002
2000-09-25,5.6438430999999998,5.7087845999999995,5.7485343000000002,5.7637090999999998,5.7625978
2000-09-26,5.6374377000000004,5.6906309000000004,5.7172768999999999,5.7261709999999999,5.7246874999999999
2000-09-27,5.6545545000000006,5.7044310000000005,5.7310290000000004,5.7426556,5.7441635
2000-09-28,5.6786101000000002,5.7154923000000002,5.7414706999999998,5.7525917,5.7514311999999999
2000-09-29,5.6581033000000005,5.6948886999999999,5.7227395999999997,5.7349527999999994,5.7349095000000005
2000-10-02,5.6468961999999996,5.7025218999999998,5.7292126999999997,5.7411973999999999,5.7444183000000004
2000-10-03,5.6494365000000002,5.7109936999999995,5.7422567000000004,5.7565276000000001,5.7611395000000005
2000-10-04,5.6509447000000002,5.7134274999999999,5.7529653999999999,5.7744783000000002,5.7827187000000002
2000-10-05,5.6757818000000002,5.6996503000000001,5.7344870999999999,5.7514552999999999,5.7504938000000001
2000-10-06,5.6951790000000004,5.7093843,5.7409488,5.7534279000000002,5.7475785000000004
2000-10-10,5.6718541999999994,5.7041174999999997,5.7287894999999995,5.7348127,5.7268362000000002
2000-10-11,5.6595382999999995,5.6876106000000002,5.7118795999999996,5.7234004000000001,5.7227113000000003
2000-10-12,5.6213494000000006,5.6347765000000001,5.6555578000000004,5.6686572000000002,5.6726641999999998
2000-10-13,5.6271500999999997,5.6364776999999995,5.6593058999999997,5.6733612000000004,5.6764657000000005
2000-10-16,5.6304523,5.6617946999999997,5.6857001,5.6980257999999999,5.7001145000000006
2000-10-17,5.6123757000000003,5.6324405999999998,5.6525952999999998,5.6623960000000002,5.6615250000000001
2000-10-18,5.5937032999999996,5.6102210000000001,5.6330776999999994,5.6471960000000001,5.6504332999999995
2000-10-19,5.6380698000000002,5.6392530000000001,5.6673925000000001,5.6829025,5.6810865000000002
2000-10-20,5.6311878000000002,5.6230767000000004,5.6471803999999999,5.6612280000000004,5.6590191000000001
2000-10-23,5.6122591000000002,5.6248643000000005,5.6519582999999995,5.6650485000000002,5.6608464999999999
2000-10-24,5.6308813999999998,5.6493655,5.6740363,5.6855878999999998,5.6821814000000002
2000-10-25,5.6419534000000002,5.6780930999999999,5.7112733000000002,5.7260166999999997,5.7239898999999994
2000-10-26,5.6844976999999997,5.7266528000000001,5.7534459,5.7621251999999998,5.7579377000000003
2000-10-27,5.7248039999999998,5.7740131999999997,5.7976007000000003,5.8027606,5.7967798999999998
2000-10-30,5.7193626999999996,5.7891425000000005,5.8101748999999998,5.8098860999999999,5.8005973000000006
2000-10-31,5.7134296000000004,5.7868269999999997,5.8117437000000001,5.8177748000000005,5.8155102999999997
2000-11-01,5.7036398000000004,5.7734736,5.7976922000000002,5.8052054999999996,5.8047963000000005
2000-11-02,5.7492748000000002,5.7838967999999999,5.8034850000000002,5.8102973000000002,5.8064549999999997
2000-11-03,5.7772696999999997,5.8130183000000004,5.8337576000000002,5.8439518000000001,5.8447873000000001
2000-11-06,5.7696450000000006,5.8257997999999995,5.8483945999999998,5.8566829,5.8554741000000003
2000-11-07,5.7682193999999996,5.8253681000000004,5.8438724999999998,5.8484500000000006,5.8443778000000002
2000-11-08,5.8115649999999999,5.8766943999999999,5.8833982999999996,5.8770781000000003,5.8677667000000007
2000-11-09,5.8295995999999999,5.8924272000000002,5.8943227,5.8828954000000007,5.8697340999999996
2000-11-10,5.8403143000000002,5.8710592999999998,5.8619748999999999,5.8477958000000001,5.8332538000000005
2000-11-14,5.8035506999999997,5.8561269999999999,5.8432975999999996,5.8237114999999999,5.8081895000000001
2000-11-15,5.8145698000000001,5.8663216999999994,5.8469240999999998,5.8192396000000004,5.7958727000000003
2000-11-16,5.8016845999999997,5.8002605999999997,5.7784750000000003,5.7552902000000001,5.7325366999999998
2000-11-17,5.8286935,5.8338400999999998,5.8059130000000003,5.7764771999999995,5.7505009000000005
2000-11-20,5.8138622,5.8337285000000003,5.8050261000000001,5.7740732000000001,5.7479339999999999
2000-11-21,5.8050740000000003,5.8186074999999997,5.7916198000000003,5.7631135999999996,5.7381238000000003
2000-11-22,5.7478696999999999,5.7446796999999998,5.7206966000000001,5.6989219000000002,5.6793126999999997
2000-11-23,5.7541888999999999,5.7536971999999995,5.7246592999999999,5.7009281000000005,5.6826954999999995
2000-11-24,5.7575975000000001,5.7422686000000001,5.7144102000000006,5.6909494,5.671125
2000-11-27,5.7147730000000001,5.7156283999999999,5.6930170000000002,5.6724999999999994,5.6548957
2000-11-30,5.5815985000000001,5.5493927999999997,5.5329516000000005,5.5205896999999995,5.5071263000000004
2000-12-01,5.5942351000000006,5.5638326999999999,5.5503686000000005,5.5401813999999998,5.5281029000000004
2000-12-04,5.5794551999999999,5.568365,5.5625211999999999,5.5598129000000007,5.5545103999999998
2000-12-05,5.4729757000000001,5.4442305000000006,5.4469816,5.4528331000000003,5.4523231999999995
2000-12-06,5.4426493999999996,5.4113183000000005,5.4089356999999998,5.402736,5.3940104
2000-12-07,5.4427384999999999,5.3922233000000004,5.3844095000000003,5.3773609999999996,5.3688894999999999
2000-12-08,5.4622364999999995,5.3998603999999997,5.3898821000000003,5.3836493000000001,5.3757557999999994
2000-12-11,5.4526801000000003,5.4276508999999997,5.4255208000000001,5.4161001000000004,5.4039377000000002
2000-12-12,5.4649535,5.4390195000000006,5.4350223,5.4335902999999997,5.4274683000000001
2000-12-13,5.3973896999999997,5.3645841999999995,5.3663406,5.3652296000000002,5.3610999999999995
2000-12-14,5.4226307,5.3652166000000001,5.3706116000000002,5.3708013999999995,5.3626597
2000-12-15,5.4442057999999998,5.3836179999999993,5.3868496000000006,5.3867272000000002,5.3788941999999995
2000-12-18,5.3777404000000004,5.3220201999999999,5.3253190999999998,5.3274694999999994,5.3239960000000002
2000-12-19,5.3818926000000005,5.3314425999999999,5.3359351999999998,5.3375623000000001,5.3334396000000002
2000-12-20,5.3120750000000001,5.2439488999999995,5.2413142000000006,5.2398939000000002,5.2388864999999996
2000-12-21,5.2903769,5.2156981,5.2260216000000002,5.2309774999999998,5.2302548
2000-12-22,5.2669299000000001,5.1896499,5.2018259999999996,5.2078346,5.2088121999999997
2000-12-27,5.2752825000000003,5.2309863999999999,5.2420358,5.2457722000000002,5.2459408999999999
2000-12-28,5.2980758000000003,5.2258259000000002,5.2440939999999996,5.2720984,5.2887675000000005
2000-12-29,5.2756194999999995,5.2037851000000002,5.2291386000000006,5.2628603000000007,5.2830098999999997
2001-01-02,5.1330428000000001,5.0596863000000001,5.0954474999999997,5.1221673000000001,5.1391489999999997
2001-01-03,5.0597808000000004,5.0539594000000001,5.1415628,5.2170434000000006,5.2630388000000004
2001-01-04,4.9559158999999999,4.9473427000000001,5.0420672,5.1312058,5.1931446999999995
2001-01-05,4.8749920000000007,4.8376808999999996,4.9273677000000005,5.0211772000000003,5.0920819000000002
2001-01-08,4.8685261999999998,4.8519845999999998,4.9462142,5.0413727999999995,5.1139163999999999
2001-01-09,4.9134571999999999,4.9062143000000003,4.9998290000000001,5.0901912000000005,5.1567264000000002
2001-01-10,4.9459188999999997,4.9569928999999995,5.0548918999999994,5.1427204999999994,5.2047291000000007
2001-01-11,4.9562056999999999,4.9455480999999999,5.0439086,5.1365867000000005,5.2029560999999998
2001-01-12,4.9914510000000005,4.9886282,5.0845690000000001,5.1723468000000006,5.2352458999999998
2001-01-15,4.9858421000000002,4.9890467000000003,5.0817848999999997,5.1679988000000003,5.2311766000000004
2001-01-16,5.0052960999999998,5.0179489000000004,5.1163495000000001,5.2021128999999995,5.2602289000000004
2001-01-17,5.0057178999999996,5.0049431000000002,5.0869757,5.1676189999999993,5.2281493000000001
2001-01-18,4.9628516999999999,4.9344060000000001,5.0192563000000003,5.1108000999999996,5.1825282999999995
2001-01-19,4.9568690000000002,4.9368930999999998,5.0334453000000003,5.1321304999999997,5.2080323999999996
2001-01-22,4.9763430999999994,4.9857835000000001,5.0823121999999996,5.1756962,5.2477046999999999
2001-01-23,4.9724528000000001,4.9906721000000003,5.0964787999999999,5.1957113999999995,5.2697205
2001-01-24,5.0025960000000005,5.0261708,5.1326112000000004,5.2295131000000001,5.3003115000000003
2001-01-25,4.9881856000000004,4.9830933000000002,5.0871870999999995,5.1841100999999998,5.2533583000000004
2001-01-26,4.9582891,4.9584939000000006,5.0699684999999999,5.1712428999999993,5.2421365
2001-01-29,4.9280511999999996,4.9436222000000001,5.0545949999999999,5.1567229999999995,5.2317778000000006
2001-01-30,4.8807883000000007,4.9032099000000002,5.0234839000000004,5.1337580000000003,5.2142800999999999
2001-01-31,4.8201244000000001,4.8355848000000003,4.9533988999999998,5.0654873,5.1493525999999994
2001-02-01,4.8201149999999995,4.8273650000000004,4.9436907000000003,5.0547029999999999,5.1369252999999997
2001-02-02,4.8818038000000001,4.9091461000000001,5.0261227000000002,5.1321256000000002,5.2083553
2001-02-05,4.8658029000000003,4.9087494000000005,5.0289210999999998,5.1334495999999996,5.2059234000000005
2001-02-06,4.8590936999999998,4.9002336,5.0184612,5.1217497000000005,5.1944046000000004
2001-02-07,4.8494080000000004,4.8928368999999998,5.0114393000000002,5.1150279000000003,5.1885184999999998
2001-02-08,4.8677752999999999,4.8977078000000001,5.0088509999999999,5.1082013000000002,5.1802396999999996
2001-02-09,4.8420021999999996,4.8718963999999998,4.9830832000000003,5.0814718000000001,5.1524739999999998
2001-02-12,4.8448918000000001,4.8931971999999995,4.9996862000000002,5.0937295999999996,5.1641627000000003
2001-02-13,4.9019842999999996,4.9506762000000002,5.0552273999999997,5.1451096999999999,5.2102950999999997
2001-02-14,4.9523109000000005,5.0242950000000004,5.1348256000000001,5.2221219999999997,5.2829012999999998
2001-02-15,4.9638847000000004,5.0012832999999999,5.1161987,5.2134241000000001,5.2809664999999999
2001-02-16,4.8763373999999997,4.9264128999999999,5.0537947000000001,5.1580340000000007,5.2289007999999999
2001-02-19,4.8446759999999998,4.9105518000000004,5.0363654999999996,5.1398493000000007,5.2129057999999997
2001-02-20,4.8365580999999995,4.916703,5.0508511,5.1578501000000001,5.2320484
2001-02-21,4.8159093000000004,4.8973798999999998,5.0297198000000005,5.1369441,5.2141294
2001-02-22,4.8033238000000003,4.8801249000000002,5.0180242999999995,5.1329296000000006,5.2174497000000004
2001-02-23,4.7565754,4.8420236999999995,4.9802317999999994,5.0964331999999999,5.1843368000000005
2001-02-27,4.6742816999999999,4.5676756999999997,4.7474486000000002,4.9466039000000004,5.0880530999999998
2001-02-28,4.7028502999999997,4.7738152999999999,4.9019345999999997,5.0145550999999999,5.0998239000000005
2001-03-01,4.7211056999999998,4.7881836,4.9159801000000005,5.0132881999999999,5.0855139999999999
2001-03-02,4.7511860000000006,4.8125505999999998,4.9367445000000005,5.0445548999999996,5.1225139000000004
2001-03-05,4.7478964000000001,4.8207604000000002,4.9415737000000002,5.0462438000000001,5.1239281999999999
2001-03-06,4.6320644,4.7332517999999997,4.8707213999999999,4.9881272000000001,5.0771753000000004
2001-03-07,4.5821388999999995,4.6976902000000003,4.8407945999999997,4.9413748000000002,5.0193373999999995
2001-03-08,4.5834741000000001,4.6865923,4.8292172000000004,4.9289505999999994,5.0068272
2001-03-09,4.6012431999999999,4.7025161999999998,4.8472241,4.9486144000000003,5.0254637999999998
2001-03-12,4.5406595999999997,4.6484341999999996,4.7920283000000001,4.8959466999999997,4.9781665000000004
2001-03-13,4.5647685999999998,4.6922809000000001,4.8348845000000003,4.9355339999999996,5.0157593
2001-03-14,4.4624956000000005,4.5970348000000003,4.7485404000000004,4.8581263999999997,4.9464475999999999
2001-03-15,4.3954404,4.5283636000000005,4.6946686,4.8071869000000005,4.8965955000000001
2001-03-16,4.3796188999999996,4.5231209000000003,4.6884620999999997,4.7974286999999993,4.8837102000000003
2001-03-19,4.3852926999999999,4.5523901000000002,4.7155461000000001,4.8256630000000005,4.9136977000000002
2001-03-20,4.3188092999999999,4.4755811999999997,4.6437206,4.7589597999999995,4.8515455999999997
2001-03-21,4.3079378999999998,4.4721279000000003,4.6501938999999997,4.7693593999999999,4.8647589999999994
2001-03-22,4.2997800000000002,4.4538389999999994,4.6283431999999998,4.7439293000000005,4.8382933000000001
2001-03-23,4.3492306000000003,4.5121625999999999,4.6975511000000001,4.8232099000000002,4.9209971000000001
2001-03-26,4.3785965000000004,4.5386569999999997,4.7199154999999999,4.8687882,4.9842876
2001-03-27,4.5189452999999995,4.6745961000000005,4.8500383999999999,4.9971814000000006,5.1137008000000002
2001-03-28,4.4698687000000001,4.6275959000000002,4.8025222000000003,4.9494552000000001,5.0666522000000001
2001-03-29,4.5169804999999998,4.6697217999999996,4.8514479999999995,5.0004793000000003,5.1146335000000001
2001-03-30,4.5502279999999997,4.6911889999999996,4.8588027,4.9982632999999996,5.1058249
2001-04-02,4.6160562000000001,4.8050955000000002,4.9787943000000006,5.1128675000000001,5.2146588999999999
2001-04-03,4.5628134999999999,4.7244800000000007,4.8948773000000001,5.0314493000000002,5.1344948000000006
2001-04-04,4.4971917999999995,4.6525917000000003,4.8304068999999998,4.9771988,5.0895438999999998
2001-04-05,4.5349075000000001,4.7082566999999997,4.8934243999999998,5.0365853999999999,5.1429137999999996
2001-04-06,4.4033133000000007,4.5855651999999996,4.7794603999999996,4.9324500999999996,5.0486129999999996
2001-04-09,4.3904288999999999,4.5828298000000007,4.7773389999999996,4.9349869000000002,5.0579774999999998
2001-04-10,4.4790213000000003,4.6815937000000005,4.8757649000000001,5.0272322000000003,5.1439617000000002
2001-04-11,4.5201178999999998,4.7520771000000002,4.9476244999999999,5.0931008000000002,5.2040847000000001
2001-04-12,4.5402430999999996,4.7748181000000001,4.9864816999999997,5.1397727999999994,5.2501484999999999
2001-04-16,4.5598162000000002,4.8242149999999997,5.0344071000000001,5.1852716000000001,5.2966258000000002
2001-04-17,4.5864815999999999,4.8440858000000002,5.0585835000000001,5.2114503000000001,5.3209944
2001-04-18,4.4138435999999999,4.6724066000000004,4.9087040999999996,5.0805715999999999,5.2048475999999999
2001-04-19,4.4187079999999996,4.7067338000000003,4.9867714000000003,5.1882817000000001,5.3265811000000003
2001-04-20,4.4013219000000001,4.6904243000000001,4.9741997000000007,5.1791058999999997,5.3205890999999994
2001-04-23,4.3429627999999996,4.6312655000000005,4.9025287999999998,5.1013083000000004,5.2422941999999999
2001-04-24,4.3559437999999995,4.6403218000000006,4.9177213000000002,5.1187320000000005,5.2574573999999998
2001-04-25,4.4095677999999996,4.6995164999999997,4.9731551999999999,5.1683889000000001,5.3004411000000005
2001-04-26,4.3945468000000005,4.6655023,4.9345549000000002,5.1298636000000002,5.2633559999999999
2001-04-27,4.4835227,4.7885090999999997,5.0629466000000001,5.2582499999999994,5.3924998999999998
2001-04-30,4.4959813000000004,4.8202674000000005,5.0972321000000003,5.2932268999999996,5.4284207000000002
2001-05-01,4.4513410000000002,4.7775251999999995,5.0598356999999998,5.2586672999999999,5.3946132000000002
2001-05-02,4.4642881000000001,4.7905914999999997,5.0784532000000002,5.2791091999999997,5.4118272000000003
2001-05-03,4.4440048000000001,4.7514036000000006,5.0229074000000002,5.2135829999999999,5.3429827000000003
2001-05-04,4.3637273999999993,4.6826949999999998,4.9755583999999997,5.1810121999999996,5.3186558000000002
2001-05-07,4.3311795000000002,4.6599972000000003,4.9594028999999997,5.1713766000000003,5.3148901999999998
2001-05-08,4.3255964999999996,4.6699250999999995,4.9828786999999997,5.2034453999999997,5.3523152999999999
2001-05-09,4.2994159999999999,4.6453401999999997,4.9538338,5.1683436999999994,5.3107597000000002
2001-05-10,4.3493271,4.6990612,5.0081008000000002,5.2235602999999999,5.3683855999999999
2001-05-11,4.4727437999999999,4.8591864999999999,5.1751091000000002,5.3910044999999993,5.5350367999999994
2001-05-14,4.4529376000000003,4.8615633000000003,5.1853151000000004,5.4043996999999999,5.5495071999999999
2001-05-15,4.3893768,4.8135742000000006,5.1755642999999996,5.4231416999999995,5.5841110999999994
2001-05-16,4.3666255000000005,4.7917930000000002,5.1742393,5.4337146000000001,5.5950338999999998
2001-05-17,4.5093274000000001,4.9191319999999994,5.2680854000000004,5.4968376999999995,5.6340510000000004
2001-05-18,4.5375510999999999,4.9538960999999997,5.3075296999999999,5.5300934000000002,5.6539263999999996
2001-05-22,4.5407811999999996,4.9581596000000001,5.2867905999999998,5.4958882000000004,5.6207199999999995
2001-05-23,4.5210341000000005,4.94184,5.2761276000000006,5.4903092000000004,5.6195820999999997
2001-05-24,4.5471772000000001,4.9851479999999997,5.3339563999999999,5.5545444000000002,5.6853419000000001
2001-05-25,4.5032969999999999,4.9364138000000004,5.2950807000000006,5.5241802,5.6587445000000001
2001-05-28,4.4708144999999995,4.9109742000000001,5.2687932000000002,5.4975288999999998,5.6329219000000004
2001-05-31,4.4880662999999998,4.9081039000000004,5.2470967000000002,5.4571324999999993,5.5750579
2001-06-01,4.4760106999999998,4.8766375000000002,5.1978983000000003,5.3987058999999995,5.5152996000000005
2001-06-04,4.4539122000000004,4.8451743,5.1525232999999995,5.3467345000000002,5.4618370000000001
2001-06-05,4.4173891999999997,4.8012625,5.1089682999999999,5.3056691000000002,5.4238469999999994
2001-06-06,4.4106681999999999,4.7934082,5.1035601999999995,5.3036079000000003,5.4244501999999999
2001-06-07,4.4158083000000001,4.8001618000000006,5.1262385999999998,5.3371781,5.4633045999999998
2001-06-08,4.4152519999999997,4.8011427000000007,5.1321173999999994,5.3459523000000004,5.4731746999999995
2001-06-11,4.3628228,4.7524474999999997,5.0682681000000001,5.2750193999999997,5.4033441
2001-06-12,4.3573401999999994,4.7485021999999999,5.0609069,5.2598623999999994,5.3774552
2001-06-13,4.3721499000000001,4.7636210999999999,5.0775399999999999,5.2792840999999999,5.4010023
2001-06-14,4.3530831999999995,4.7258364999999998,5.0352763999999999,5.2355723000000003,5.3577130000000004
2001-06-15,4.3598553999999998,4.7340264000000003,5.0397151999999998,5.2375904000000002,5.3595455999999997
2001-06-18,4.3248125999999996,4.7159789999999999,5.0352119999999996,5.2426189999999995,5.3711381000000005
2001-06-19,4.3217097999999998,4.7327881000000005,5.0642621999999999,5.2773478000000003,5.4081659999999996
2001-06-20,4.3167827999999995,4.7184257000000001,5.0383095000000004,5.2446162999999997,5.3731197000000002
2001-06-21,4.3531163999999993,4.7258712999999997,5.0243704999999999,5.2173997999999999,5.3382295000000006
2001-06-22,4.3221125999999996,4.6792221000000005,4.9737561000000001,5.1668716000000003,5.2886654000000002
2001-06-25,4.3133949999999999,4.6915087,4.9943248000000002,5.1915993,5.3154716999999998
2001-06-26,4.3535613,4.7512483000000003,5.0638534000000002,5.2633407999999999,5.3855398999999995
2001-06-27,4.4595418999999996,4.8576911999999997,5.1560661000000003,5.3435705999999996,5.4563335999999998
2001-06-28,4.5765472999999997,4.9868062999999996,5.2954938,5.4856758000000001,5.5963659000000003
2001-06-29,4.5868058000000005,5.0228929999999998,5.3550696000000002,5.5545857999999999,5.6638652
2001-07-03,4.5787284000000001,5.0275946999999999,5.3527024999999995,5.5499578999999999,5.6638465999999994
2001-07-04,4.5676702000000002,5.0205850000000005,5.3465666000000001,5.5443499999999997,5.6583440999999999
2001-07-05,4.5491603999999999,4.9861219999999999,5.3173957999999999,5.5263458999999999,5.6525809000000002
2001-07-06,4.4769360000000002,4.9180004000000004,5.2610661000000007,5.4792287000000002,5.6104767999999998
2001-07-09,4.4493071999999998,4.9089092000000001,5.2523524999999998,5.4678427000000003,5.5973439999999997
2001-07-10,4.4373135000000001,4.8919391999999995,5.2322002000000003,5.4449744000000004,5.5724526000000001
2001-07-11,4.4367269,4.9051712999999992,5.2557613999999999,5.4722450999999994,5.5992305
2001-07-12,4.4441753000000004,4.9088628000000005,5.2638424000000006,5.4823464,5.6091299999999995
2001-07-13,4.4357112000000001,4.9072405999999997,5.2577619000000002,5.4719226000000001,5.5965106000000002
2001-07-16,4.3951908,4.8688708999999992,5.2162132999999997,5.4306754000000002,5.5571499000000006
2001-07-17,4.3772297,4.8723660999999998,5.2251370999999995,5.4377427000000003,5.5607963000000007
2001-07-18,4.2975358999999997,4.7666880000000003,5.1141556000000001,5.3299194000000005,5.4573879999999999
2001-07-19,4.3069391000000001,4.7814465000000004,5.1332190000000004,5.3491197999999995,5.4759463999999998
2001-07-20,4.2746691000000006,4.7440451000000001,5.0978184000000004,5.3167659999999994,5.4453499000000001
2001-07-23,4.2588207000000002,4.7285028000000002,5.0727821999999998,5.2869405,5.4155702999999997
2001-07-24,4.2418538999999997,4.7085961000000003,5.0556584000000004,5.2721339999999994,5.4020273999999997
2001-07-25,4.2616401000000002,4.7504894000000002,5.1078589000000001,5.3273076000000001,5.4570606000000002
2001-07-26,4.2460360000000001,4.7064008999999993,5.0569784000000002,5.2761506000000002,5.4068706999999998
2001-07-27,4.2257707999999994,4.6727401000000004,5.0146904999999995,5.2307405000000005,5.3610196999999999
2001-07-30,4.2073472000000001,4.6698351000000002,5.0102001999999999,5.2235110000000002,5.3534541999999998
2001-07-31,4.1764770999999996,4.6439598999999996,4.9931397000000004,5.2129935000000005,5.3469667999999997
2001-08-01,4.2006797000000002,4.6740890999999998,5.0285196000000001,5.2509807999999998,5.3855214
2001-08-02,4.2369246,4.7168356000000005,5.0773877000000001,5.3023229000000001,5.4372986999999995
2001-08-03,4.2358633999999995,4.7129348000000002,5.0744686999999997,5.3012717,5.4380120999999999
2001-08-07,4.1887463,4.6739553000000003,5.0394842999999998,5.2687884999999994,5.4067116999999998
2001-08-08,4.1132641999999997,4.5796239999999999,4.9428193,5.1746090000000002,5.3146392999999996
2001-08-09,4.0970431999999999,4.5550107999999998,4.9084848000000001,5.1375671000000001,5.2819263999999997
2001-08-10,4.0641927999999998,4.5066483999999996,4.862933,5.0952926000000005,5.2398640000000007
2001-08-13,4.0443372000000002,4.4911503999999995,4.8430618000000001,5.0731013999999996,5.2175693000000001
2001-08-14,4.0629949999999999,4.5152439000000006,4.8572535999999999,5.0782326000000007,5.2184086000000001
2001-08-15,4.0983253999999993,4.5643338,4.9116273000000001,5.1298779000000003,5.2641276000000001
2001-08-16,4.0672524000000001,4.5248289999999995,4.8779088000000002,5.1016576999999996,5.2375261999999996
2001-08-17,4.0240032000000001,4.4607730999999999,4.8031132999999997,5.0240087999999998,5.1602025000000005
2001-08-20,4.0446128999999997,4.5009182000000001,4.846673,5.0666009999999995,5.2021106000000001
2001-08-21,4.0046637,4.4444604999999999,4.7943683999999998,5.0201821000000004,5.1591585000000002
2001-08-22,4.0246592999999997,4.4874825999999999,4.8347989,5.0545209,5.1893918999999995
2001-08-23,3.9980077000000005,4.4502443999999999,4.797053,5.0204274,5.1598816999999997
2001-08-24,4.0067395999999995,4.4554482000000002,4.7984423999999999,5.0208567999999998,5.1613775000000004
2001-08-27,3.9712494,4.4320487000000002,4.7751578000000006,4.9976677,5.1387333000000002
2001-08-28,3.8909243000000004,4.3550234999999997,4.7152421999999996,4.9468806000000001,5.0897436999999996
2001-08-29,3.8679706999999999,4.3237180000000004,4.6816073999999999,4.9122501999999999,5.0535401000000002
2001-08-30,3.8503376999999999,4.3020256000000003,4.6816231000000004,4.9281887000000006,5.0759848999999999
2001-08-31,3.8003472000000005,4.2321567,4.6092721000000001,4.8603281999999997,5.015835
2001-09-04,3.8775089,4.3379475999999997,4.7264286000000002,4.9833113999999998,5.1427283999999993
2001-09-05,3.8359388000000001,4.2998463000000005,4.6915057000000004,4.9541506000000002,5.1211207000000005
2001-09-06,3.7599187999999999,4.1814735999999995,4.5600728000000004,4.8215523999999998,4.9908241999999996
2001-09-07,3.6125910999999995,4.0640063999999994,4.4700196999999999,4.7096995000000001,4.8706668999999998
2001-09-10,3.6141951999999997,4.0712005000000007,4.4772183999999999,4.7316387999999998,4.9005976999999996
2001-09-11,3.5111788999999995,3.9649491000000001,4.3957633000000005,4.6476736000000001,4.8124733000000006
2001-09-12,3.3175990000000004,3.8017991000000002,4.2695471999999999,4.5480235999999996,4.7287794999999999
2001-09-13,3.3129542999999999,3.7934689000000001,4.2443032000000001,4.5237045,4.7173910000000001
2001-09-14,3.2644988000000001,3.7220721999999999,4.1572722999999998,4.4330778000000004,4.6264225000000003
2001-09-17,3.2108308000000001,3.7272925999999997,4.1786051999999998,4.4604179999999998,4.6608596000000002
2001-09-18,3.1719266000000004,3.7038294999999999,4.178509,4.4921975999999999,4.7112075000000004
2001-09-19,3.0204447999999999,3.5859970999999997,4.0952390999999997,4.4261556000000004,4.6619707000000004
2001-09-20,3.0351203999999998,3.6019317000000002,4.1144990999999997,4.4458257999999997,4.6872061
2001-09-21,2.9943302000000003,3.5766477999999999,4.1031218000000003,4.4511131000000006,4.7048742999999993
2001-09-24,3.0196978999999997,3.6096093000000002,4.1440449999999993,4.5011530999999998,4.7580586
2001-09-25,2.9906570000000001,3.5541032000000001,4.0831859000000001,4.4508013000000002,4.7192756000000005
2001-09-26,2.9893212999999998,3.5312973999999997,4.0538523,4.4277815,4.7006349000000007
2001-09-27,3.0055482000000002,3.4876857999999995,4.0005152000000006,4.3949863999999996,4.6773186000000004
2001-09-28,3.0732054,3.5636719999999995,4.0687854000000003,4.4547949000000004,4.7298236000000005
2001-10-01,3.0301444000000002,3.5255701999999998,4.0341817999999998,4.4272874,4.7113575000000001
2001-10-02,2.9522340000000002,3.4341464000000004,3.9566975999999996,4.3634718000000001,4.6544789
2001-10-03,2.9287453999999999,3.3928281999999998,3.9141914999999998,4.3282354999999999,4.6284134999999997
2001-10-04,2.8945424000000002,3.3624155000000004,3.8929733,4.3184380999999998,4.6296125999999997
2001-10-05,2.8841373999999997,3.3522854999999998,3.8799489999999999,4.3017753000000001,4.6099524000000001
2001-10-09,2.8995942000000001,3.3678286000000002,3.8946685000000003,4.3231392,4.6430142999999999
2001-10-10,2.9195731999999999,3.3887106999999999,3.9117617,4.3397750999999998,4.6626927
2001-10-11,2.9921053999999998,3.4890775000000001,4.0226666,4.4501289000000002,4.7668362999999996
2001-10-12,2.9545800999999998,3.4400225,3.9694604,4.4026402999999998,4.7308351999999996
2001-10-15,2.8639622999999998,3.4201215,3.9414220000000002,4.3375320000000004,4.6628514000000001
2001-10-16,2.8785653,3.4107026,3.9236372999999998,4.318562,4.6384482999999994
2001-10-17,2.8908670999999999,3.4249464999999999,3.9287204999999998,4.3183216,4.6304537999999997
2001-10-18,2.8771073,3.4019895,3.9140428999999997,4.3080648999999998,4.6188754999999997
2001-10-19,2.8457439999999998,3.3891163000000004,3.9096268000000003,4.3079280999999998,4.6290374999999999
2001-10-22,2.8342445000000001,3.3934722000000002,3.9269639000000001,4.3368707999999998,4.6624369999999997
2001-10-23,2.5881194999999999,3.2048403000000003,3.7847694999999999,4.2268632000000004,4.5788159999999998
2001-10-24,2.5208510999999998,3.1642350000000001,3.7496842000000004,4.1874815999999999,4.5325654000000002
2001-10-25,2.4651068,3.1088602000000001,3.6993733,4.1407655000000005,4.4864186000000004
2001-10-26,2.4554698999999998,3.0817882000000001,3.6688238999999996,4.1173112999999999,4.4691988
2001-10-29,2.3666369,2.9986147000000001,3.5876162000000003,4.0386670999999996,4.3958686
2001-10-31,2.3113144999999999,2.887025,3.4487757000000001,3.8832857999999999,4.2244805000000003
2001-11-01,2.3614978,2.9416571999999999,3.5194524999999999,3.9654807000000001,4.3071048000000003
2001-11-02,2.3232363,2.9134305999999999,3.5146552999999998,3.9868170000000003,4.3545939000000002
2001-11-05,2.2879193,2.8643893,3.4551695000000002,3.9220218,4.2855784000000003
2001-11-06,2.1795163999999998,2.7495217999999997,3.3503651000000003,3.8287770999999999,4.2061092000000002
2001-11-07,2.0878890000000001,2.6336998999999999,3.2333881,3.7207845000000002,4.1086825000000005
2001-11-08,2.1138321000000002,2.6559623000000001,3.2578153999999997,3.7576411999999997,4.1555070000000001
2001-11-09,2.1239792,2.6741696999999998,3.2708345999999997,3.7627114000000002,4.1549202000000003
2001-11-13,2.1864026000000001,2.7633169,3.3680650000000001,3.8599098999999999,4.2458860000000005
2001-11-14,2.3266217,2.9883177999999999,3.5977641999999999,4.0765168999999997,4.4536880999999999
2001-11-15,2.5469390999999999,3.2761365000000002,3.8813672000000001,4.3391111000000002,4.6921455999999999
2001-11-16,2.6177935999999997,3.3850498,4.0104983000000001,4.4758009999999997,4.8299757000000003
2001-11-19,2.4935309000000001,3.2776776999999999,3.9160459000000003,4.3783094,4.7308006000000002
2001-11-20,2.5477017000000002,3.3271126999999998,3.9627007000000001,4.4267791000000001,4.7805716
2001-11-21,2.5731697000000002,3.3847637000000002,4.0315156999999999,4.5007097000000007,4.8582496000000006
2001-11-22,2.600641,3.4076027,4.050929,4.5190637999999996,4.8733994000000003
2001-11-23,2.6333505000000001,3.4469341999999998,4.0876526000000002,4.5538837000000001,4.9037025999999999
2001-11-26,2.5831766999999997,3.4258047999999999,4.0727215999999995,4.5315529999999997,4.8730083000000004
2001-11-27,2.4971329999999998,3.3643227999999996,4.0179659000000001,4.4743040000000001,4.8148568000000003
2001-11-28,2.5212832999999999,3.3836386000000003,4.0339729000000002,4.4870245999999998,4.8231114000000002
2001-11-29,2.4031107999999999,3.2480988000000002,3.8961148000000003,4.337116,4.6687367000000002
2001-11-30,2.3520787000000003,3.2015999000000002,3.8521730999999995,4.2906845000000002,4.6227765999999999
2001-12-03,2.2872192,3.1073651,3.7451088000000001,4.1842705000000002,4.5240647000000003
2001-12-04,2.3143969000000002,3.1491868999999997,3.7785991999999999,4.2125902999999996,4.5502080999999999
2001-12-05,2.5131568999999998,3.4353458000000003,4.0703054999999999,4.4922512999999995,4.8160400999999995
2001-12-06,2.5571345999999999,3.5211315999999999,4.1585023999999997,4.5699749000000001,4.8836301999999998
2001-12-07,2.4935598999999997,3.5225085000000003,4.2052925999999999,4.6387654000000005,4.9709244999999997
2001-12-10,2.3607814,3.3682639000000001,4.0772235999999999,4.5301683000000006,4.8736508999999995
2001-12-11,2.2838658000000001,3.2929899999999996,4.0091532000000001,4.4671233999999993,4.8148068000000004
2001-12-12,2.2800843,3.2748813000000001,3.9901757000000004,4.4513072999999999,4.7980369999999999
2001-12-13,2.3556461999999998,3.3655077999999996,4.0840332000000004,4.5392149999999996,4.8834773
2001-12-14,2.4045668999999998,3.4352216999999996,4.1568885,4.6106788000000005,4.9524805999999995
2001-12-17,2.3709796999999999,3.3921914999999996,4.1255252000000002,4.5900036999999996,4.9389026999999999
2001-12-18,2.3196257,3.3337815000000002,4.0642155999999998,4.5289340999999999,4.8762990999999998
2001-12-19,2.2887781,3.2808102999999997,4.0084954000000002,4.4777284000000002,4.8214245
2001-12-20,2.2519521,3.2337017000000001,3.9753788999999999,4.4591202000000001,4.8086660000000006
2001-12-21,2.2359247,3.2221156,3.9750024000000002,4.4666300000000003,4.8189137000000004
2001-12-24,2.2579305000000001,3.2548443000000002,4.0074284000000002,4.5025230999999994,4.8593786000000003
2001-12-27,2.2690980000000001,3.2374764000000003,3.9780343000000005,4.4678399999999998,4.8244383000000006
2001-12-28,2.2691417,3.2596086000000004,3.9993740999999998,4.4841407999999996,4.8375335999999995
2001-12-31,2.2268669000000001,3.2069201999999999,3.9409273000000002,4.4223716,4.7734477000000002
2002-01-02,2.3039261,3.3082024000000003,4.0467578999999994,4.5267396,4.8721462999999998
2002-01-03,2.2758655000000001,3.2692196,3.9998338000000002,4.4723622000000001,4.8159611999999994
2002-01-04,2.3015448000000003,3.3109810000000004,4.0467174999999997,4.5193430000000001,4.8597209000000001
2002-01-07,2.2312582999999999,3.2288134000000004,3.9669998,4.4436124000000001,4.7868993999999994
2002-01-08,2.2273040000000002,3.2265971999999996,3.9689024000000002,4.4502178000000008,4.7978867999999997
2002-01-09,2.1783288999999999,3.1492635,3.8907389999999999,4.3780513000000001,4.7318144000000002
2002-01-10,2.1559596000000001,3.1269575999999999,3.8599725,4.3349092000000002,4.6828463999999999
2002-01-11,1.964877,2.8690835000000003,3.6207129999999998,4.1338877000000007,4.5156657000000004
2002-01-14,1.9686786000000001,2.8665796000000001,3.6089506999999998,4.1312598999999999,4.5225724000000005
2002-01-15,2.1068924999999998,2.9682702999999999,3.6788142000000001,4.1773467000000002,4.5535832000000003
2002-01-16,2.0977536000000003,2.963679,3.6879914,4.1938323000000004,4.5718882000000001
2002-01-17,2.2606147000000001,3.1555119,3.8677543000000001,4.3598375000000003,4.7252649
2002-01-18,2.2373132,3.1287282999999997,3.8330971999999996,4.3148705999999999,4.6710927
2002-01-21,2.2865002999999997,3.1877331,3.8867257000000004,4.3646630999999996,4.7162207999999994
2002-01-22,2.3093352999999999,3.2210405,3.9190941000000001,4.3926451000000002,4.7389494000000001
2002-01-23,2.3216727000000001,3.2545497000000001,3.9674149999999999,4.4516703,4.8070427000000002
2002-01-24,2.4092359999999999,3.3490455000000003,4.0616241999999998,4.5382110000000004,4.8804762000000004
2002-01-25,2.4678002000000001,3.4004411999999999,4.1106786,4.5862485,4.9246629000000004
2002-01-28,2.4635210000000001,3.3910431999999999,4.0957458999999998,4.5695727000000002,4.9056579999999999
2002-01-29,2.3762668000000002,3.2898546,3.9917075000000004,4.4628019999999999,4.8044893000000002
2002-01-30,2.4474030999999998,3.3789635999999996,4.0780747000000002,4.5473450999999994,4.8831378000000001
2002-01-31,2.5196117,3.4652814999999997,4.1401997000000001,4.5908398000000004,4.9175953000000003
2002-02-01,2.4870066,3.4166463999999999,4.0919588999999998,4.5434415999999995,4.8720128999999996
2002-02-04,2.4000102999999999,3.3009029000000001,3.9763399999999995,4.4336102999999998,4.7650014999999994
2002-02-05,2.397821,3.3052668000000001,3.9729912999999999,4.4232880000000003,4.7533924999999995
2002-02-06,2.4012359000000001,3.3059618999999998,3.9824052999999999,4.4419732000000005,4.7751584999999999
2002-02-07,2.4346491000000001,3.3205314000000001,3.9937157999999999,4.4493828999999998,4.7786150999999997
2002-02-08,2.4761025999999999,3.3574779000000001,4.0148583000000002,4.4559482999999993,4.7713326
2002-02-11,2.4796348999999998,3.3822696999999997,4.0354234,4.4694563,4.7830444999999999
2002-02-12,2.5276877,3.4310834999999997,4.0817336000000006,4.5127829999999998,4.8260652999999998
2002-02-13,2.5635366999999998,3.4801351,4.1268769000000001,4.5474344000000002,4.8506599000000001
2002-02-14,2.5969782000000001,3.5137019,4.1440538,4.5541499999999999,4.8540581999999999
2002-02-15,2.5242548999999999,3.4148377999999999,4.0434394999999999,4.4592925999999995,4.7637539000000002
2002-02-18,2.5414935000000001,3.4408414999999999,4.0674799999999998,4.4819819000000001,4.7838272000000002
2002-02-19,2.5198828999999998,3.4295054999999999,4.0639614000000002,4.4786038999999995,4.7838444000000004
2002-02-20,2.5520311000000002,3.4511981999999994,4.0699907,4.4801909999999996,4.7825857999999997
2002-02-21,2.5664539,3.4386770999999996,4.0508373000000004,4.4619447999999995,4.7657689000000003
2002-02-22,2.5522236,3.4167939000000001,4.0312098000000001,4.4451036999999998,4.748005
2002-02-25,2.5831468000000002,3.4586643000000001,4.0657889000000003,4.4739556,4.7753252000000002
2002-02-27,2.5915791000000001,3.2294831000000004,3.8402942000000002,4.3750909,4.7825312000000002
2002-02-28,2.6088925000000001,3.48278,4.0857449999999993,4.4914220999999994,4.7968604999999993
2002-03-01,2.6839148000000002,3.5956861,4.1959526,4.593845,4.8945122000000003
2002-03-04,2.6996048000000004,3.6365704999999999,4.2410239000000001,4.6360478000000001,4.9339431999999999
2002-03-05,2.7119409000000001,3.6572936999999999,4.2633881000000002,4.6557756999999995,4.9492019000000003
2002-03-06,2.7096927000000002,3.6616397000000003,4.2695148999999999,4.6638292999999997,4.9643811000000007
2002-03-07,2.9137893000000004,3.8792424999999997,4.4536863000000002,4.8251487000000006,5.1101961999999999
2002-03-08,3.0451787000000001,4.0431528000000005,4.6140596999999994,4.9733070000000001,5.2414148000000003
2002-03-11,3.0411258000000001,4.0371709999999998,4.6017937,4.9561387999999997,5.2208549
2002-03-12,3.1135431000000002,4.0860547,4.6378880999999996,4.9821186000000006,5.2372225000000006
2002-03-13,3.0621999999999998,4.0374737999999999,4.5971669000000004,4.9484636000000002,5.2101768000000002
2002-03-14,3.1723624999999998,4.181495,4.7278940999999994,5.0630392000000004,5.3151967000000004
2002-03-15,3.1873513999999998,4.1897820000000001,4.7247487000000001,5.0483095000000002,5.2878480999999997
2002-03-18,3.2172299,4.2304105999999999,4.7471034000000003,5.0543103,5.2818333000000006
2002-03-19,3.1749623999999996,4.1942015000000001,4.7213313999999995,5.0303812000000008,5.2571469000000004
2002-03-20,3.2564888999999999,4.3077588000000002,4.8347992,5.1362141000000001,5.3523416999999993
2002-03-21,3.4893847,4.4996086000000002,4.9643918000000005,5.2311161999999998,5.4275701000000005
2002-03-22,3.5066120000000001,4.5118674999999993,4.9779698999999997,5.2445076999999998,5.4397723999999998
2002-03-25,3.4599700999999996,4.4529337,4.9392083000000007,5.2242690999999999,5.4313551000000002
2002-03-26,3.3989510000000003,4.3756405999999997,4.8758480999999998,5.1765905999999999,5.3945321999999996
2002-03-27,3.3940889000000003,4.3785036999999996,4.8817270000000006,5.1870848999999994,5.4099570999999997
2002-03-28,3.3970324000000005,4.3731961000000004,4.8721928999999999,5.1806907999999998,5.4073601
2002-04-01,3.3963448999999999,4.3827128999999996,4.8853841000000005,5.1918851999999998,5.4162188000000002
2002-04-02,3.3444153999999995,4.3127060999999998,4.8120991000000002,5.1197520000000001,5.3480280999999996
2002-04-03,3.2599646000000004,4.2228059999999994,4.7428700999999993,5.0628729999999997,5.2964612000000004
2002-04-04,3.2553672999999996,4.2085717000000002,4.7171196999999996,5.0284291999999997,5.2592632000000004
2002-04-05,3.2878743000000004,4.2197903999999999,4.7142548,5.0151836999999997,5.2386676000000003
2002-04-08,3.3374169,4.2901818,4.7856195000000001,5.0893902999999998,5.3150867999999996
2002-04-09,3.3319809,4.2532774,4.7459954,5.0463673,5.2681055999999993
2002-04-10,3.3345831000000001,4.2622381999999996,4.7629043000000006,5.0673121000000005,5.2901072999999998
2002-04-11,3.2860710000000002,4.1978153999999996,4.6989071999999998,5.0080342,5.2353869999999993
2002-04-12,3.2040594999999996,4.1114853,4.6277695000000003,4.9464969999999999,5.1785791999999997
2002-04-15,3.1676852999999996,4.0747149,4.5872514000000004,4.9040062999999998,5.1361996999999997
2002-04-16,3.2970397999999999,4.1966923000000005,4.6909365000000003,4.9941098000000004,5.2161812000000003
2002-04-17,3.2689043,4.1823066999999998,4.6931973000000005,5.0108986,5.2446279999999996
2002-04-18,3.1999588000000001,4.0915312999999998,4.6232465999999999,4.9571374000000006,5.2016752999999998
2002-04-19,3.1978827000000001,4.0983281000000007,4.6293395000000004,4.9577356000000004,5.1984910000000006
2002-04-22,3.1901398999999997,4.0956299000000005,4.6261155999999994,4.9528851999999999,5.1931775
2002-04-23,3.2327525000000001,4.1152916999999993,4.6406364999999994,4.9697022000000004,5.2099516000000001
2002-04-24,3.2230371,4.1141126000000003,4.6361283000000002,4.9555099,5.1857865000000007
2002-04-25,3.2075256000000003,4.0905703999999998,4.6121201999999997,4.9322680999999999,5.1635457000000002
2002-04-26,3.2125596999999999,4.0739916999999997,4.5852762999999994,4.9066726999999997,5.1433233999999999
2002-04-29,3.2352173999999998,4.0999137000000001,4.6082276999999996,4.9303293999999998,5.1673990000000005
2002-04-30,3.2539000999999996,4.1065942,4.6065686000000001,4.9243800999999996,5.1584336000000004
2002-05-01,3.221298,4.0672259999999998,4.5633248000000002,4.8782208999999996,5.1132855999999993
2002-05-02,3.2678498999999999,4.0930035,4.5867060000000004,4.9049179999999994,5.1430471999999998
2002-05-03,3.1898257000000001,3.9972531,4.5004492000000003,4.8288782000000001,5.0758565999999998
2002-05-06,3.1401387000000005,3.9511472999999997,4.4614471,4.7940053000000002,5.0426349999999998
2002-05-07,3.0817033999999999,3.8821298999999998,4.4082695999999997,4.7561007000000002,5.0125957000000003
2002-05-08,3.2014853000000003,4.0441552999999999,4.5606688000000002,4.8958265000000001,5.1463624999999995
2002-05-09,3.1792426999999996,4.0116491999999999,4.5212520999999999,4.8542841000000001,5.1048510999999994
2002-05-10,3.2776312000000001,4.0861698000000004,4.5618106000000003,4.8796923999999997,5.1238190000000001
2002-05-13,3.3344369999999999,4.1653340999999999,4.6420018000000001,4.9591352999999998,5.2032981999999999
2002-05-14,3.4437599999999997,4.2911906999999996,4.7529943999999995,5.0570389999999996,5.2930441000000004
2002-05-15,3.4265932000000001,4.2708824999999999,4.7270513000000003,5.0287223999999995,5.2673925000000006
2002-05-16,3.3934491999999996,4.2160678999999996,4.6827265999999996,4.9897160000000005,5.2282576000000001
2002-05-17,3.4671816,4.2903257000000004,4.7348344000000004,5.0274805999999996,5.2596163000000002
2002-05-21,3.3846668000000002,4.1791042999999997,4.6296347999999998,4.9282227000000001,5.1637029999999999
2002-05-22,3.3560187999999997,4.1503244000000006,4.6058054999999998,4.9080503999999996,5.1463538
2002-05-23,3.3800262999999999,4.1662299000000003,4.6085598999999995,4.9044134000000001,5.1415904999999995
2002-05-24,3.3797816000000003,4.1522519999999998,4.5874601999999998,4.8795505000000006,5.113156
2002-05-27,3.3961216000000003,4.1927240000000001,4.6282844000000001,4.9134880999999995,5.1413728000000001
2002-05-28,3.4045159999999997,4.1819654999999996,4.6069319999999996,4.8884945000000002,5.1150533999999999
2002-05-29,3.3725419999999997,4.1247525999999999,4.5475383000000003,4.8287518,5.0505722000000004
2002-05-30,3.3366007000000004,4.0579505000000005,4.4825194000000002,4.7678270999999999,4.9960382000000001
2002-05-31,3.3925038999999999,4.1260007999999999,4.5433895,4.8193010000000003,5.0408625000000002
2002-06-03,3.3776899999999999,4.1051112999999999,4.5199059999999998,4.7951895000000002,5.0179390000000001
2002-06-04,3.3781971,4.1230542999999997,4.5424297999999999,4.8157711999999995,5.0410406999999999
2002-06-05,3.4051730000000004,4.1537750999999998,4.5723894000000005,4.8470333999999999,5.0716498999999997
2002-06-06,3.3920837000000001,4.1193103999999998,4.5351926999999996,4.8147000000000002,5.0448413999999993
2002-06-07,3.3950354000000003,4.1372384000000002,4.5555142000000002,4.8317497999999999,5.0581176999999995
2002-06-10,3.4064511,4.1607650000000005,4.5706537999999997,4.8385223999999996,5.0604903999999999
2002-06-11,3.4220933000000002,4.1588728000000001,4.5680961,4.8379719000000003,5.0540229999999999
2002-06-12,3.4196902000000002,4.1640537999999996,4.5701687,4.8329326999999997,5.0443656000000008
2002-06-13,3.3924455999999998,4.0816957,4.4832447999999996,4.7565214999999998,4.9756847999999998
2002-06-14,3.2782171999999998,3.9444056999999999,4.3622457000000008,4.6499402000000005,4.8796574000000001
2002-06-17,3.2912318000000003,3.9630951999999997,4.3807779,4.6700944,4.9019303000000001
2002-06-18,3.2893922,3.9478396999999998,4.3635031999999994,4.6546881999999998,4.8890408000000001
2002-06-19,3.2503959999999998,3.8962371000000005,4.3091425000000001,4.6001690999999996,4.8346683000000006
2002-06-20,3.3365502,3.9845460999999998,4.3789633000000006,4.6603326000000003,4.8911835000000004
2002-06-21,3.3199246000000002,3.9554832999999996,4.3562359000000006,4.6377812,4.8650832999999993
2002-06-24,3.3203363000000001,3.9699800000000001,4.3715517999999998,4.6545093,4.8856637999999997
2002-06-25,3.3040183999999999,3.9078538000000003,4.2998636000000001,4.5872979999999997,4.8228742999999996
2002-06-26,3.1935063000000001,3.8605464999999999,4.2972607000000007,4.6033171999999993,4.8500610999999996
2002-06-27,3.2123960999999999,3.8911917999999996,4.3340243000000003,4.6331309000000003,4.8760365999999999
2002-06-28,3.2757772999999997,3.9496747000000001,4.3820516999999999,4.6771820000000002,4.9186100000000001
2002-07-02,3.2114182999999996,3.8493693000000002,4.2836569999999998,4.5871186000000002,4.8312362999999996
2002-07-03,3.1966316000000004,3.8449201000000004,4.2856112,4.5936463999999999,4.8395368999999997
2002-07-04,3.2143774999999999,3.8659470000000002,4.3024572000000001,4.6074121000000003,4.8526888000000001
2002-07-05,3.3455581999999997,4.0152866999999999,4.4333922000000001,4.7217593999999998,4.9620306000000003
2002-07-08,3.3134067000000003,3.9866479000000004,4.4147407000000003,4.7089124,4.9507047000000002
2002-07-09,3.2775967000000001,3.9332186,4.3658346000000003,4.6646644999999998,4.9071508999999995
2002-07-10,3.2102054,3.8198274999999997,4.2544976999999999,4.5651380000000001,4.8158960999999998
2002-07-11,3.1779694999999997,3.7894787999999999,4.2401833,4.5625684,4.8201752000000004
2002-07-12,3.110792,3.6810847,4.1338261000000003,4.4668495000000004,4.7347641000000005
2002-07-15,3.0283615999999998,3.6173030000000002,4.0978460999999999,4.4553412000000003,4.7418445
2002-07-16,3.0987009999999997,3.6545451999999998,4.1173741000000001,4.4686785999999996,4.7558115999999995
2002-07-17,3.1025524,3.6660919999999999,4.1336978000000002,4.4882964999999997,4.7712351999999996
2002-07-18,3.0769706999999999,3.6048284000000002,4.0653968000000003,4.4266056000000003,4.7161973000000001
2002-07-19,3.0062579999999999,3.5280925999999999,3.9918648000000001,4.3529084000000005,4.6429089000000001
2002-07-22,2.8866684,3.3873049000000002,3.8668263,4.2483157,4.5554399999999999
2002-07-23,2.8136877999999999,3.2721496000000001,3.7477590999999997,4.1462469999999998,4.4743275000000002
2002-07-24,2.9373564000000001,3.4185276,3.8880180000000002,4.2819915000000002,4.6061703999999999
2002-07-25,2.9025949999999998,3.3222574999999996,3.7777785000000002,4.1672061999999999,4.4943939999999998
2002-07-26,2.8904717999999998,3.2863376,3.7390547000000005,4.1422142000000006,4.4868513999999999
2002-07-29,3.0619153999999997,3.5217764999999996,3.9675815000000005,4.3501643000000003,4.6704517000000001
2002-07-30,3.0871732000000001,3.5411579,3.9759315000000002,4.3502172999999997,4.6678059000000003
2002-07-31,2.9764991000000003,3.4121524999999999,3.8689790000000004,4.2619975999999999,4.5910850999999999
2002-08-01,2.8409705000000001,3.2270474,3.6975845000000001,4.1143067999999996,4.4644272000000003
2002-08-02,2.7394303,3.1290736999999997,3.6002111000000001,4.0208873999999994,4.3855281000000002
2002-08-06,2.7940356,3.1866748,3.6502175999999995,4.0673778,4.4251792999999999
2002-08-07,2.7319783000000002,3.1231492999999997,3.5958864999999998,4.0192695000000001,4.3828671999999997
2002-08-08,2.7766915000000001,3.1715878000000002,3.6444546,4.0588078999999997,4.4131891999999997
2002-08-09,2.8279010000000002,3.2176282,3.6661196,4.0562708000000001,4.3913169999999999
2002-08-12,2.8366045,3.2306504999999999,3.6676541999999999,4.0490930000000001,4.3782243999999997
2002-08-13,2.7575164999999999,3.1244667000000002,3.5670123999999999,3.9556505,4.2889235999999995
2002-08-14,2.9319359,3.3573509000000001,3.7635048999999996,4.1122765000000001,4.4240148999999995
2002-08-15,2.9959330999999998,3.4151434000000003,3.8163068,4.1604673000000005,4.4645432999999999
2002-08-16,3.0526808000000001,3.4934227999999998,3.9066612000000003,4.2571133999999997,4.5592584999999994
2002-08-19,3.0604979000000001,3.5085237,3.9041582999999997,4.2376971000000001,4.5307548000000004
2002-08-20,2.9769736,3.3940848000000003,3.7918398999999998,4.1294040999999995,4.4211435000000003
2002-08-21,3.0433045000000001,3.476623,3.8617872999999996,4.1829847000000004,4.4654514999999995
2002-08-22,3.1909231000000005,3.6456217,4.0221673999999998,4.3255704999999995,4.5899532000000001
2002-08-23,3.1614985999999998,3.5950508000000001,3.9629283000000002,4.2641654999999998,4.5305153999999996
2002-08-26,3.1554736000000001,3.5829699000000002,3.9324317999999998,4.2204869999999994,4.4845623000000003
2002-08-27,3.2363351999999996,3.6609783999999999,4.0102472000000002,4.2953653000000003,4.5523119000000003
2002-08-28,3.1999662999999998,3.6281158000000002,3.9746736999999999,4.2596866999999996,4.5195971000000004
2002-08-29,3.1453138999999997,3.5763746999999997,3.9301365999999995,4.2135435000000001,4.4695853999999997
2002-08-30,3.1542186000000001,3.5812421999999997,3.9308798999999999,4.2098547000000002,4.4613160000000001
2002-09-03,3.0048073,3.3903782000000002,3.7196569999999998,3.9911494999999997,4.2495293000000007
2002-09-04,2.9202882999999997,3.3225262,3.6634587000000005,3.9505173999999998,4.2215873999999998
2002-09-05,2.8734064999999998,3.2392612999999999,3.5807324999999999,3.8663835999999998,4.1392550000000004
2002-09-06,3.0326623000000001,3.4147112000000002,3.7258297000000002,3.9876955000000001,4.2468234000000002
2002-09-09,3.0771123,3.4712030999999999,3.7725886000000002,4.0231637000000005,4.2722720000000001
2002-09-10,3.0751686999999999,3.4471002999999998,3.7381834000000005,3.9888423,4.2383742
2002-09-11,3.1305905000000003,3.5141097000000001,3.7987067999999997,4.0437823999999996,4.2898741999999999
2002-09-12,3.0756233000000002,3.4479402000000001,3.7363702999999999,3.9869819,4.2376147
2002-09-13,3.0672303000000003,3.4378972000000001,3.7265273000000003,3.9753018999999998,4.2201383000000003
2002-09-16,3.1157893999999997,3.5052458,3.784154,4.0249559999999995,4.2613433000000001
2002-09-17,3.0898585999999999,3.4376978000000005,3.6997672000000001,3.9416897999999998,4.1877789999999999
2002-09-18,3.1053706000000001,3.4777569000000002,3.7476924,3.9893050999999997,4.2336897999999996
2002-09-19,3.0622238999999998,3.4036374,3.6751947999999999,3.9210468999999999,4.1735126999999999
2002-09-20,3.0919298,3.4313022999999996,3.7006015000000003,3.9434402,4.1925428
2002-09-23,2.9915164999999999,3.3372572000000003,3.6210752999999998,3.8788956999999997,4.1380014999999997
2002-09-24,2.9991154999999998,3.3520100999999998,3.6432248,3.9044049999999997,4.1618539000000006
2002-09-25,3.0686919000000001,3.4421975000000002,3.7332139,3.9956646,4.2563295999999999
2002-09-26,3.0499331000000001,3.4329528999999996,3.7416802999999996,4.0142531999999997,4.2775132000000005
2002-09-27,2.9600174999999997,3.3195942000000001,3.6474696,3.9444590000000002,4.2271676000000005
2002-09-30,2.9006473000000002,3.2972269999999999,3.6319738999999998,3.9238936000000004,4.2059509000000004
2002-10-01,2.9713400000000001,3.3790691999999996,3.7177017999999999,4.0160959000000007,4.3021761999999999
2002-10-02,2.9440093000000003,3.3233248,3.6682293999999995,3.9772223000000002,4.2634283000000002
2002-10-03,2.9743767000000001,3.3457187999999998,3.6903822000000002,3.9967727000000002,4.2793766
2002-10-04,3.0546516000000001,3.4441271000000002,3.7753058999999998,4.0665160999999994,4.3404067
2002-10-07,3.0075764999999999,3.3932628999999999,3.7249732999999998,4.0183194999999996,4.2945574000000004
2002-10-08,3.0358954000000002,3.4303487000000001,3.7525677000000002,4.0391225000000004,4.3140214000000006
2002-10-09,2.9899609000000003,3.3717124000000003,3.6991556999999999,3.9924586999999998,4.2744482999999995
2002-10-10,2.9770414000000001,3.3496821000000003,3.6865790000000001,3.9966326000000003,4.2898285000000005
2002-10-11,3.0005964000000001,3.3894322999999997,3.7382040999999999,4.0573521000000001,4.3574519
2002-10-15,3.1049116000000003,3.5508378,3.9031520999999998,4.2205510999999998,4.5249158999999999
2002-10-16,3.0838058000000004,3.5567674999999999,3.9373112000000003,4.2685453999999998,4.5752781999999996
2002-10-17,3.1134689999999998,3.5721044000000002,3.959152,4.2993411999999998,4.6116371000000003
2002-10-18,3.0819960000000002,3.5253998000000002,3.9128680999999998,4.2525927000000001,4.5641201999999996
2002-10-21,3.1340775999999999,3.6184145999999999,4.0165627000000006,4.3592000999999998,4.6663549
2002-10-22,3.1278278999999998,3.6178916999999999,4.0070084999999995,4.3364983000000006,4.6373016000000007
2002-10-23,3.0530710000000001,3.5595857,3.9638228999999998,4.2981866999999996,4.6019915999999998
2002-10-24,3.0063230000000001,3.5094862999999998,3.9260878999999997,4.2650784999999996,4.5654225000000004
2002-10-25,2.9909859999999999,3.4851898000000001,3.8976834,4.2349540999999995,4.5403674000000001
2002-10-28,2.9718922999999999,3.4704066,3.8828873000000002,4.2251539999999999,4.5393391999999997
2002-10-29,2.9196559,3.4060328000000002,3.8098320999999999,4.1417019000000002,4.4480500000000003
2002-10-30,2.8998123000000002,3.3775325,3.7858246999999996,4.1206316999999997,4.4254682000000001
2002-10-31,2.8442729,3.2595528999999996,3.6647557999999996,3.9848034999999995,4.2805403000000002
2002-11-01,2.8407117999999998,3.2500553000000001,3.6471208999999996,3.9851603999999998,4.2974854999999996
2002-11-04,2.8211333000000001,3.2417408999999999,3.6561793000000002,4.0104103000000002,4.3312697999999994
2002-11-05,2.8331457000000002,3.2564656999999997,3.6800076000000002,4.0460365999999999,4.3808109000000002
2002-11-06,2.8247857999999999,3.2609409999999999,3.6811807000000001,4.0432445999999995,4.3724363000000004
2002-11-07,2.8085814999999998,3.2278609999999999,3.6312888000000001,3.9788312000000001,4.2900730999999999
2002-11-08,2.8509509,3.2973363,3.6848164000000003,4.0054544999999999,4.2952022000000003
2002-11-12,2.8220690999999998,3.2533788000000001,3.6527713000000004,3.9928336,4.2942149000000001
2002-11-13,2.8220114999999999,3.2493698000000002,3.6453749000000002,3.9845270000000004,4.2879084999999995
2002-11-14,2.9047331999999999,3.3440310000000002,3.7514292999999999,4.0989418999999998,4.4093652999999993
2002-11-15,2.9052335,3.3312221000000002,3.7343494999999995,4.0785486999999998,4.3825849000000003
2002-11-18,2.8906685000000003,3.3175189999999999,3.7141396000000002,4.0501765000000001,4.3478063999999996
2002-11-19,2.8805554999999998,3.3058166999999998,3.6934354000000003,4.0224339999999996,4.3162058999999999
2002-11-20,2.9056339000000002,3.3369247999999998,3.7265410999999999,4.0594850999999998,4.3557376000000003
2002-11-21,2.9588098999999999,3.4131275000000003,3.7980506999999997,4.1215907999999999,4.4158590999999996
2002-11-22,2.9490115000000001,3.4072993000000005,3.7977113999999998,4.1272139000000001,4.4282488000000004
2002-11-25,2.9406601999999999,3.4043142,3.7940038,4.1226069999999995,4.4225774000000007
2002-11-26,2.9016807,3.3433706999999999,3.7280262,4.0514675000000002,4.3453861000000007
2002-11-27,2.9926208000000001,3.4810515,3.8699070000000004,4.1880125999999995,4.4776436000000004
2002-11-28,2.9923502000000002,3.4679850999999999,3.8584207000000004,4.1751885,4.4620550000000003
2002-11-29,2.9833240999999999,3.4402547999999999,3.8258614000000004,4.1439121000000005,4.43194
2002-12-02,2.9910261,3.4572856999999999,3.8486798000000002,4.1746039999999995,4.4660270000000004
2002-12-03,2.9703288000000003,3.4292672000000004,3.8182977999999999,4.1411569999999998,4.4259538000000003
2002-12-04,2.9259029999999999,3.3822363000000002,3.7636417,4.078678,4.3628387000000002
2002-12-05,2.9374167,3.3951096999999999,3.7722764999999998,4.0852564000000005,4.3704782
2002-12-06,2.9243679,3.3770515000000003,3.7517064000000002,4.0614979,4.3447758000000007
2002-12-09,2.8882970000000001,3.3204010999999998,3.6930361,4.0077561999999993,4.2941700000000003
2002-12-10,2.9178708000000002,3.3560899999999996,3.7242176000000002,4.0339073000000001,4.3158545999999998
2002-12-11,2.9010392999999999,3.3354336,3.7025825999999999,4.0124230000000001,4.2960262
2002-12-12,2.9136625999999999,3.3258417999999996,3.6997952999999999,4.0177560000000003,4.3060862999999996
2002-12-13,2.9110113000000002,3.3155055000000004,3.6894939,4.0114834999999998,4.3042565999999995
2002-12-16,2.9339816999999999,3.3591920999999996,3.7326237,4.0528152999999998,4.3430109999999997
2002-12-17,2.8989986000000001,3.3166407000000002,3.6884612999999997,4.0071062999999993,4.2981797999999998
2002-12-18,2.8710208000000002,3.2723460000000002,3.6380276000000005,3.9527787999999999,4.2420496000000005
2002-12-19,2.8450656000000003,3.2315379999999996,3.5837392000000001,3.8900061999999997,4.1795210000000003
2002-12-20,2.8705693999999999,3.2516027000000003,3.6035528999999995,3.9134515000000003,4.2034957999999998
2002-12-23,2.8695370000000002,3.2714484000000001,3.6220029999999999,3.9280432999999997,4.2173492999999995
2002-12-24,2.8318853000000002,3.2298808999999999,3.5763855999999996,3.8819966999999997,4.1725341
2002-12-27,2.7711152999999999,3.1279407000000004,3.4792187000000001,3.7895299000000002,4.0837413000000007
2002-12-30,2.7756919,3.1365693000000001,3.4806718999999999,3.7855500000000002,4.0777425000000003
2002-12-31,2.7736826999999997,3.1368285000000005,3.4816206000000003,3.7872738000000004,4.0777558000000003
2003-01-02,2.857545,3.2614463000000002,3.6185467999999998,3.9274797000000001,4.2170129000000003
2003-01-03,2.8769559999999998,3.2659301000000003,3.6257402000000001,3.9455170999999996,4.2425897999999993
2003-01-06,2.8855115000000002,3.2823750999999999,3.6475763000000003,3.9721256000000005,4.2724848
2003-01-07,2.8320542999999998,3.2086592999999999,3.5715588,3.8992214999999995,4.2037898999999994
2003-01-08,2.8015344,3.1727955000000003,3.5414332000000002,3.8751035000000003,4.1838968999999997
2003-01-09,2.8603024000000001,3.2072580000000004,3.5799116,3.9254060000000002,4.2437256000000003
2003-01-10,2.8932585999999998,3.2308046999999998,3.5955992999999999,3.9395511000000001,4.2562334999999996
2003-01-13,2.8995473,3.2632376999999999,3.6196145,3.9523873000000003,4.2671969000000001
2003-01-14,2.8967403999999997,3.2639952999999999,3.6130293,3.9408685999999999,4.2545145
2003-01-15,2.9851095999999999,3.3515337999999999,3.6790442999999997,3.9881415000000002,4.2850590000000004
2003-01-16,3.0076101,3.3614215000000005,3.6803482999999999,3.9779376999999996,4.2628292999999999
2003-01-17,2.9816898000000003,3.3238707000000001,3.6409134000000001,3.9385653,4.2240465999999994
2003-01-20,2.9743300000000001,3.3154519000000002,3.6290294000000003,3.9265908,4.2119583
2003-01-21,3.0217908000000002,3.3598165999999998,3.6520397000000004,3.9314412000000001,4.2056483999999994
2003-01-22,3.0786451000000001,3.4091501000000002,3.6868802000000001,3.9597845,4.2290369999999999
2003-01-23,3.1103081000000001,3.4236874999999998,3.7041862999999999,3.9777193000000004,4.2455598999999999
2003-01-24,3.0892728000000003,3.4170440000000002,3.7041414000000001,3.9787388999999997,4.2474860000000003
2003-01-27,3.1210002000000001,3.4512157999999999,3.7321263999999998,4.0011222000000002,4.2636867000000001
2003-01-28,3.1841900000000001,3.5521683999999998,3.7997310999999998,4.0395921000000001,4.2902422000000007
2003-01-29,3.2145777999999998,3.5605808000000003,3.8421707,4.1165569,4.3794975999999997
2003-01-30,3.2175682999999995,3.5741125999999999,3.8629082000000001,4.1409647000000005,4.4037918000000005
2003-01-31,3.2243261000000003,3.5827,3.8660220000000001,4.1384314999999994,4.3973188000000007
2003-02-03,3.2333883999999999,3.6181804999999998,3.8999786000000003,4.1662612000000001,4.4245353000000005
2003-02-04,3.2126499000000002,3.5996920000000001,3.8828750000000003,4.1495777,4.4090663000000001
2003-02-05,3.2181507999999996,3.6167837,3.9169988000000004,4.1937204999999995,4.4563622999999994
2003-02-06,3.1832953999999996,3.5627470000000003,3.8673368999999997,4.1448261000000004,4.4073920000000006
2003-02-07,3.1493051000000003,3.5235015999999999,3.8375629,4.1254282,4.3951308000000004
2003-02-10,3.1708947000000003,3.5622230999999998,3.8769073999999999,4.1654938000000001,4.4356705000000005
2003-02-11,3.1270682999999999,3.5184913,3.8368357,4.1307868000000001,4.4073973999999998
2003-02-12,3.0762955999999999,3.4539601000000002,3.7728443,4.0731494999999995,4.3567923999999998
2003-02-13,3.0497145999999997,3.4101371999999999,3.7317738000000005,4.0324713000000001,4.3141255000000003
2003-02-14,3.0895935999999997,3.4727794999999997,3.7940875999999997,4.0906303999999993,4.3702855999999999
2003-02-17,3.1173209000000002,3.5121964999999999,3.8277842,4.1202230999999996,4.3961359999999994
2003-02-18,3.1211164999999998,3.5108834999999998,3.8325340999999997,4.1283659000000004,4.4019532000000003
2003-02-19,3.1538608000000004,3.5423746999999999,3.8478173999999998,4.1299098999999995,4.3960570999999993
2003-02-20,3.1775998999999997,3.5509154000000001,3.8549005999999997,4.1313048999999999,4.3885031999999997
2003-02-21,3.2017864,3.5955020999999996,3.8965051000000002,4.1678645999999997,4.4249406000000002
2003-02-24,3.1699465000000004,3.5319496999999997,3.8216909999999999,4.0908157000000003,4.3516469000000004
2003-02-25,3.1878784000000002,3.5354044,3.8106376999999996,4.0780903999999998,4.3419113000000005
2003-02-26,3.1977241000000003,3.5159748999999998,3.779852,4.0424745,4.3035266999999999
2003-02-27,3.2706112000000003,3.5761295999999998,3.8335927000000001,4.0931623000000004,4.3476550000000005
2003-02-28,3.2468340999999996,3.5408413999999997,3.8037225000000001,4.0705608,4.3296022000000001
2003-03-03,3.2162583000000002,3.5176982000000003,3.7767648999999999,4.0430555999999997,4.3058073000000006
2003-03-04,3.3426081000000005,3.6451384000000004,3.8797547000000003,4.1147865000000001,4.3475465999999994
2003-03-05,3.3049331,3.5925054999999997,3.8260391999999999,4.0621682999999997,4.2949336999999996
2003-03-06,3.3064898,3.5723508000000002,3.8101588,4.0483257999999998,4.2849177000000003
2003-03-07,3.2985960000000003,3.5485458999999997,3.7807624,4.0211834,4.2604956999999999
2003-03-10,3.2505959,3.4963969999999995,3.7176154000000001,3.9534818,4.1958026999999998
2003-03-11,3.2800701000000001,3.5131708999999995,3.7320264000000001,3.9694923000000002,4.2099894999999998
2003-03-12,3.3724904000000002,3.6027766000000003,3.8063224,4.0324647000000002,4.2600097000000003
2003-03-13,3.4673111999999997,3.7129881000000005,3.9212723999999999,4.1511683000000001,4.3798343000000006
2003-03-14,3.4342241000000002,3.6798031,3.8931456000000004,4.1267269000000004,4.359
2003-03-17,3.4683712999999998,3.7454698,3.9658484999999999,4.2014073999999999,4.4355127999999997
2003-03-18,3.5062185000000001,3.7857803000000003,4.0069929999999996,4.2447238999999994,4.4800291999999997
2003-03-19,3.5374189,3.8491544000000002,4.0830508000000005,4.3254869999999999,4.5612076000000004
2003-03-20,3.5441123999999999,3.8464742000000003,4.0852377000000004,4.3308553999999999,4.5696446000000002
2003-03-21,3.6125231000000002,3.9424462,4.1840494999999995,4.4263734999999995,4.6625562
2003-03-24,3.5390223000000001,3.8639605000000001,4.1008667000000001,4.3394045999999999,4.5753728999999996
2003-03-25,3.5751930999999999,3.9017097999999999,4.1300046000000004,4.3609096000000003,4.5912326999999999
2003-03-26,3.5592967000000004,3.8896927999999997,4.1223589,4.3556869999999996,4.5864111999999997
2003-03-27,3.5320132999999996,3.8465855000000002,4.0945625000000003,4.3427676999999996,4.5823645000000006
2003-03-28,3.5191835999999999,3.8330103999999996,4.0773197999999997,4.3216751999999996,4.5588771000000001
2003-03-31,3.4930298999999998,3.8145045000000004,4.0518483999999999,4.2878692000000003,4.5201399000000002
2003-04-01,3.4981755000000003,3.8276929000000002,4.0819320000000001,4.3288064000000004,4.5655374000000002
2003-04-02,3.5233387999999999,3.8622107000000003,4.1160819000000002,4.3639163999999999,4.6034632999999996
2003-04-03,3.4477581000000002,3.7709482000000003,4.0481968999999998,4.3148647000000002,4.5669352999999999
2003-04-04,3.4441338000000004,3.7747184000000003,4.0555656000000004,4.3244752000000002,4.5782356000000002
2003-04-07,3.4868588999999997,3.8274607,4.0984366000000003,4.3573784999999994,4.6011289
2003-04-08,3.5185663999999996,3.8337246,4.0817012000000004,4.322883,4.5534735
2003-04-09,3.5044276999999999,3.8131182999999997,4.0566997999999996,4.2933909999999997,4.520219
2003-04-10,3.5633614000000002,3.8697291000000003,4.0987960000000001,4.3253368999999999,4.5446374999999994
2003-04-14,3.6051129,3.9116026999999995,4.1440505999999999,4.3754743999999999,4.5984490999999998
2003-04-15,3.5023771000000004,3.7888483000000002,4.0495149000000001,4.3065424999999999,4.5443332000000005
2003-04-16,3.4815975999999997,3.7538967999999997,4.0137649999999994,4.2730793,4.5122334000000004
2003-04-17,3.5080198999999999,3.7743948999999999,4.0269078,4.2756327000000001,4.5089169
2003-04-21,3.4158335999999996,3.6784385000000004,3.9435952000000003,4.2068503000000002,4.4530659999999997
2003-04-22,3.4536859000000004,3.6966532000000005,3.9502440999999999,4.2129905000000001,4.4618926999999999
2003-04-23,3.4580292999999998,3.7162763000000001,3.9722084,4.2299664999999997,4.4734810999999999
2003-04-24,3.3989724999999997,3.6410559,3.8938535000000005,4.1524595999999994,4.3981642000000001
2003-04-25,3.3852883999999999,3.6191446000000003,3.8668818000000003,4.1200680000000007,4.3598435000000002
2003-04-28,3.4083019999999999,3.6485690000000002,3.8866281000000003,4.1311340000000003,4.3628134000000003
2003-04-29,3.4244639000000001,3.6637579000000002,3.8960845000000002,4.1382514000000006,4.3710431000000005
2003-04-30,3.4087786000000002,3.6364954999999997,3.8659917000000004,4.1091293000000002,4.3438658999999999
2003-05-01,3.4310847999999998,3.6381338999999997,3.8652090000000001,4.1069955,4.3397246999999997
2003-05-02,3.4737576999999997,3.6916345000000002,3.9192971999999999,4.1613866000000002,4.3939490000000001
2003-05-05,3.4591270000000001,3.6799458,3.9067611000000002,4.1503221999999997,4.3852799999999998
2003-05-06,3.413589,3.6118801999999999,3.8310574000000002,4.0749602999999999,4.3136616999999999
2003-05-07,3.3705324000000001,3.5604152,3.7733087999999997,4.0137973999999996,4.2523302000000003
2003-05-08,3.3827276000000004,3.5718184000000002,3.7846754000000002,4.0246650000000006,4.2652605000000001
2003-05-09,3.3799030999999999,3.5585561999999999,3.7685299999999997,4.0104122000000002,4.2545692000000006
2003-05-12,3.3857176000000004,3.5637844000000003,3.7687065,4.0091849000000002,4.2513947999999999
2003-05-13,3.3945715000000001,3.5623811999999999,3.7515776000000001,3.9807451999999999,4.2193665999999999
2003-05-14,3.3933454000000003,3.5533090000000005,3.7298736999999997,3.9478973000000002,4.1772036999999997
2003-05-15,3.3863301999999997,3.5626367000000001,3.7437285,3.9532060000000002,4.1746780999999995
2003-05-16,3.3716479000000001,3.4986286,3.6766209999999999,3.8979142000000002,4.1289997000000005
2003-05-20,3.3035055999999998,3.3985622000000002,3.5526266,3.7650429000000001,3.9967444999999997
2003-05-21,3.3030793000000003,3.4126679000000002,3.5749344000000001,3.7803267000000003,3.9985487000000002
2003-05-22,3.1878873000000003,3.2617478999999996,3.4230490000000002,3.6407538000000002,3.8782391000000001
2003-05-23,3.1348067999999998,3.1954241000000003,3.3698252999999996,3.6038741000000001,3.8514330000000001
2003-05-26,3.0875908000000001,3.1453053,3.3169241,3.5503088000000003,3.7990667999999999
2003-05-27,3.1127541999999999,3.1447739000000001,3.3259854999999998,3.5865730999999998,3.8587161999999999
2003-05-28,3.1295921999999998,3.1892358000000001,3.3765063,3.6301068000000001,3.8946363999999996
2003-05-29,3.0971972999999999,3.1255277999999995,3.2990027999999998,3.5404496999999999,3.7966934000000001
2003-05-30,3.1426954999999999,3.1882473,3.3510489999999997,3.5773661999999997,3.8213075000000001
2003-06-02,3.1478793999999999,3.2300559999999998,3.4018984000000003,3.6302552000000001,3.8775059000000001
2003-06-03,3.0691894,3.1308415999999997,3.2906509000000002,3.5139702000000002,3.7637573999999998
2003-06-04,3.0685159999999998,3.1279186999999999,3.2877388000000001,3.5106233000000002,3.7577731000000005
2003-06-05,3.0818885000000003,3.1324205000000003,3.2930243999999997,3.5139612000000002,3.7601544000000002
2003-06-06,2.9992258000000001,3.0358831999999998,3.1964360999999997,3.4233633000000001,3.6818684999999998
2003-06-09,2.9462749000000001,2.9894641000000002,3.1372624,3.3516602,3.6052215999999997
2003-06-10,2.9067276999999998,2.9378625,3.0722209999999999,3.2742529999999999,3.5187419999999996
2003-06-11,2.9202998,2.9721758999999999,3.1187768,3.3270042000000002,3.5743479000000002
2003-06-12,2.9172099,2.9337729000000001,3.0578517999999999,3.2530641999999999,3.4949056999999999
2003-06-13,2.8521857000000002,2.8572253999999999,2.9706906000000002,3.1579389999999998,3.3975605999999998
2003-06-16,2.8696543999999999,2.9153617999999999,3.0465024999999999,3.2445084,3.4906925999999996
2003-06-17,2.8971963999999999,2.9764332000000002,3.1253838999999997,3.3365131999999997,3.5935740000000003
2003-06-18,2.7979621999999997,2.8848604999999998,3.0658504999999998,3.3079717,3.5890130999999998
2003-06-19,2.7952370000000002,2.9002270999999999,3.1020208999999999,3.3476875000000001,3.6231391000000004
2003-06-20,2.8578985000000001,2.9855499999999999,3.1853391000000002,3.4212790000000002,3.6880662000000002
2003-06-23,2.7869406999999997,2.9216809000000001,3.1217915999999999,3.3539956000000002,3.6183133999999999
2003-06-24,2.7809835000000001,2.9225480000000004,3.1185885,3.3449007000000002,3.6057041999999999
2003-06-25,2.8570982000000003,3.0613478000000001,3.2719518000000001,3.4897096000000003,3.7366217000000002
2003-06-26,2.9509761000000001,3.1289382999999997,3.3667322,3.6110351000000001,3.8622491000000001
2003-06-27,2.9346421,3.0983626000000002,3.3489204000000004,3.6104997999999999,3.8754236999999998
2003-06-30,2.8658717,3.0424205999999998,3.2887428000000005,3.5452501999999999,3.8127197000000002
2003-07-02,2.8824186000000003,3.0576979,3.2992493999999999,3.5586383000000001,3.8291657999999997
2003-07-03,2.8879684000000001,3.0748821999999998,3.3395103000000002,3.6171834999999999,3.8987246000000004
2003-07-04,2.8737263999999998,3.0611424,3.3276791999999999,3.6021421999999998,3.8800890999999997
2003-07-07,2.9801069999999998,3.1994658,3.4715872000000001,3.7486514,4.0273102999999999
2003-07-08,2.9941331,3.1961162000000001,3.4568653999999999,3.7317138999999999,4.0121972999999995
2003-07-09,2.9786462,3.1809927,3.4425380999999997,3.7166684999999999,3.9950571999999998
2003-07-10,2.9408593999999999,3.1527919,3.4285729000000003,3.7086042999999997,3.9871585999999999
2003-07-11,3.0436136,3.2599415,3.5207337999999999,3.7811406999999999,4.0404004000000002
2003-07-14,3.0452900999999999,3.2817762999999998,3.5523548000000003,3.8194675999999999,4.0837548999999997
2003-07-15,2.8582410999999999,3.1594977000000002,3.4996062999999999,3.8284291999999995,4.1404125000000001
2003-07-16,2.7938441000000003,3.0905854000000001,3.4216680999999998,3.7386253000000003,4.0427258000000004
2003-07-17,2.6136132000000001,2.9220245999999999,3.2888739,3.6259606,3.9477993000000002
2003-07-18,2.6629226999999998,2.9616658,3.3173340000000002,3.6534041000000004,3.9772983999999996
2003-07-21,2.6742870999999999,3.0066459000000001,3.4006997999999995,3.7622901999999998,4.0929628999999998
2003-07-22,2.5722702000000002,2.8749195000000003,3.2710282999999998,3.6474012999999998,3.9984021000000003
2003-07-23,2.6012235000000001,2.8727374999999999,3.2223533999999998,3.5727066000000001,3.9188578000000001
2003-07-24,2.5982886999999999,2.8622112,3.2274659999999997,3.5907714999999998,3.9412786
2003-07-25,2.6202056000000002,2.8890643000000003,3.2476004000000005,3.6082993999999999,3.9627284999999999
2003-07-28,2.6157886000000001,2.8882344,3.2779484999999999,3.6633015999999996,4.0241613000000003
2003-07-29,2.6280867999999997,2.9278605,3.3256721000000002,3.7128923,4.0774767000000001
2003-08-05,2.8334684999999999,3.1269093999999997,3.5465910000000003,3.9117290999999996,4.2377766000000001
2003-08-06,2.7758262,3.0757797999999998,3.4952437000000005,3.8612085999999999,4.1894070000000001
2003-08-07,2.7428995,3.0413983,3.4603225000000002,3.8282051999999998,4.1572104999999997
2003-08-08,2.7011510999999997,2.9845290000000002,3.4114447999999999,3.7887156999999996,4.1250397999999997
2003-08-11,2.7532263000000001,3.0620664,3.4927342000000001,3.8734150000000001,4.2109018000000003
2003-08-13,2.8301647999999999,3.1797415000000004,3.5813365999999998,3.9614313999999999,4.3063571999999999
2003-08-19,2.7100848000000002,3.0285640999999996,3.3893844999999998,3.7372293000000001,4.0657057999999999
2003-08-20,2.7530091999999997,3.0776586000000004,3.4313732999999997,3.7745606,4.0996737999999997
2003-08-21,2.8132204999999999,3.1478337000000001,3.507593,3.852887,4.1775491000000002
2003-08-22,2.8025527000000001,3.1418822999999998,3.4998814000000005,3.8436822000000004,4.1692963000000001
2003-08-25,2.7823639999999998,3.1446809,3.5246474000000001,3.8811211999999999,4.2102722999999997
2003-08-26,2.7778301999999999,3.1409115000000001,3.5120717000000004,3.8610376000000004,4.1854103
2003-08-27,2.8886813999999998,3.2753701000000004,3.6222604,3.9491336000000001,4.2625872999999999
2003-08-29,2.8149068000000002,3.1969467000000003,3.5490539999999999,3.8689465999999997,4.1746946999999999
2003-09-02,2.8172671999999999,3.2397262000000002,3.6019309000000002,3.9221922,4.2289072000000001
2003-09-03,2.9112051000000001,3.3526558999999998,3.7024464999999998,4.0045140000000004,4.2931379999999999
2003-09-04,2.8817729000000001,3.2974028000000004,3.6341305999999998,3.9321440000000001,4.2231119999999995
2003-09-05,2.7386187,3.1482101999999998,3.4941946000000002,3.8031204999999999,4.1072994000000005
2003-09-08,2.7460912,3.1595276999999999,3.5060889999999998,3.8161592,4.1211253000000001
2003-09-09,2.7342094000000001,3.1341973000000003,3.4799697999999997,3.7916593999999999,4.0948460999999998
2003-09-10,2.6964522,3.1045585999999998,3.4487456999999999,3.7570718000000003,4.0602950999999994
2003-09-11,2.7789164,3.1865144999999999,3.5272562000000001,3.8290262999999998,4.1253590999999998
2003-09-12,2.7408201000000001,3.1417812000000005,3.4815520000000002,3.7838939000000003,4.0839430000000005
2003-09-15,2.7080487999999998,3.1211696999999998,3.4637712999999999,3.7708954000000001,4.0777272
2003-09-16,2.7233622999999998,3.1409773000000003,3.4869326999999997,3.7957996000000001,4.1022902999999999
2003-09-17,2.7127998,3.1267187999999999,3.4673590999999995,3.7681284000000002,4.0667686000000005
2003-09-18,2.7479287999999999,3.1473304999999998,3.4750323000000001,3.7678665000000002,4.0605671000000001
2003-09-19,2.7441846000000001,3.1431800000000001,3.4726577999999999,3.7663772999999998,4.0597069000000001
2003-09-22,2.6004060999999998,3.0124718000000001,3.3581314,3.6663779999999999,3.9754882999999999
2003-09-23,2.5814879999999998,3.0034635000000001,3.3456349000000003,3.6452206,3.9488243999999999
2003-09-24,2.5716597000000001,2.9803991999999999,3.3215084999999998,3.6216478000000003,3.9234270000000002
2003-09-25,2.5911285999999998,2.9798559,3.3084136000000002,3.5951453,3.8891146999999999
2003-09-26,2.5930607999999999,2.9802803999999998,3.2954902000000001,3.5691948,3.8531596000000001
2003-09-29,2.6110167999999998,3.0101065999999999,3.3380521000000005,3.6245614000000002,3.9168878999999999
2003-09-30,2.5470178999999997,2.9286444,3.2492260000000002,3.5323056999999998,3.8248164
2003-10-01,2.5248773,2.9010487,3.2328290000000002,3.5263016,3.8226545000000001
2003-10-02,2.5475975000000002,2.9357278,3.2770517999999997,3.5745001999999997,3.8733965000000001
2003-10-03,2.6456664999999999,3.0520464,3.4167848000000003,3.7309505999999999,4.0346422999999998
2003-10-06,2.5960774999999998,3.0116187999999999,3.3745235999999998,3.6870347999999997,3.9932903999999998
2003-10-07,2.5973436999999997,3.0116054999999999,3.3949910000000001,3.7300771000000004,4.0492312000000004
2003-10-08,2.5786422999999998,3.0066919000000003,3.3898462999999999,3.7207534999999998,4.0362724999999999
2003-10-09,2.6191546999999997,3.0525495,3.4546931000000001,3.7927481999999997,4.1085734
2003-10-10,2.6483197000000001,3.0855296999999999,3.4711523,3.7943907000000001,4.1014982
2003-10-14,2.6746344,3.1400569000000003,3.5436532999999999,3.8773448000000004,4.1893908
2003-10-15,2.7088589999999999,3.1748467000000002,3.5949466999999999,3.9427752000000003,4.2570169999999994
2003-10-16,2.7548765999999998,3.2423793999999999,3.6684057000000001,4.0137273000000002,4.3242037
2003-10-17,2.7519073999999999,3.2244229,3.6197323000000003,3.9404716,4.2377472999999997
2003-10-20,2.7577731000000001,3.2307744,3.6151748999999995,3.9253364999999998,4.2129630000000002
2003-10-21,2.7586354000000002,3.2286740000000003,3.6023951999999997,3.9035873999999997,4.1871578999999999
2003-10-22,2.6852699000000002,3.1386012999999999,3.5102359000000001,3.8171239000000003,4.110214
2003-10-23,2.6799648,3.1290697999999999,3.5232844999999999,3.8534180999999998,4.1595436999999995
2003-10-24,2.6341643000000001,3.0771883,3.4688349999999999,3.7903380000000002,4.0901104999999998
2003-10-27,2.6601520000000001,3.1108077999999999,3.5065829000000002,3.8330216999999998,4.1364623000000007
2003-10-28,2.6389187999999999,3.0926909999999999,3.4811085999999998,3.7990839999999997,4.0968005000000005
2003-10-29,2.6627989000000003,3.1247495000000001,3.5250236999999998,3.8538549,4.1574982
2003-10-30,2.7124275,3.1677068000000004,3.5772924999999995,3.9141596000000001,4.2154609000000001
2003-10-31,2.6941736000000001,3.1429236,3.5378386999999996,3.8596710000000001,4.1527881999999998
2003-11-03,2.7371382,3.1979208000000003,3.5907975000000003,3.9167592,4.2166410000000001
2003-11-04,2.7403251000000002,3.1997228000000004,3.5781822999999999,3.8876936,4.1769479999999994
2003-11-05,2.8192089,3.2755209999999999,3.6468935999999998,3.9532657999999996,4.2391228999999999
2003-11-06,2.8731472999999998,3.3243316000000003,3.6965017000000002,4.0042847000000004,4.2909569000000003
2003-11-07,2.9635411,3.4202352,3.7819802999999999,4.0816294000000006,4.3610745
2003-11-10,2.9537279000000001,3.4215104000000003,3.7847963,4.0836046000000001,4.3606480000000003
2003-11-12,2.9178967,3.3768225999999997,3.7470916000000001,4.0559843999999998,4.3410298000000003
2003-11-13,2.8549751000000003,3.2799048999999996,3.6363159,3.9373900000000002,4.2206831999999999
2003-11-14,2.8457132999999999,3.2585542000000003,3.6060552000000001,3.9010558,4.1798583999999996
2003-11-17,2.8260006,3.2437792999999999,3.6010100000000005,3.9047316999999997,4.1853316999999999
2003-11-18,2.8196603000000002,3.2055131000000001,3.5508568999999999,3.854851,4.1397287
2003-11-19,2.8521369000000001,3.2555893000000005,3.6066752000000002,3.9095681,4.1897726000000004
2003-11-20,2.8053933,3.1877557000000003,3.54149,3.8522817000000003,4.1367281
2003-11-21,2.6858173999999999,3.0700895999999998,3.4446222999999998,3.7730195000000002,4.0735033999999999
2003-11-24,2.7233022999999998,3.1399890999999998,3.5246359999999997,3.8521153000000004,4.1464204999999996
2003-11-25,2.7429453000000001,3.1584296999999997,3.5329195000000002,3.8494354,4.1344104999999995
2003-11-26,2.7642552,3.1848253999999998,3.5592045000000003,3.8768755000000001,4.1640788999999998
2003-11-27,2.7938033999999998,3.2095106999999996,3.5839870000000005,3.9024555000000003,4.1893614000000001
2003-11-28,2.768497,3.2022016999999998,3.5923769000000001,3.9211406999999996,4.2131806999999997
2003-12-01,2.7457779000000002,3.2108269000000003,3.6030039,3.9253515000000001,4.2162315999999995
2003-12-02,2.7632377999999997,3.2031415000000001,3.5802494999999999,3.8951652000000001,4.1818096000000002
2003-12-03,2.7527982,3.2026882999999997,3.5961143,3.9210305000000001,4.2100577000000001
2003-12-04,2.7909074,3.2399811000000001,3.6278795000000001,3.9472157999999999,4.2322034000000004
2003-12-05,2.7758628000000001,3.1975523999999997,3.5646257000000001,3.8737127000000005,4.1550305999999999
2003-12-08,2.7338762000000001,3.1735419999999999,3.5547125999999998,3.8749529999999996,4.1651459000000006
2003-12-09,2.7514013999999998,3.2149546999999998,3.6075544000000002,3.9292498,4.2181708999999996
2003-12-10,2.7308135999999998,3.1873065999999999,3.5765050999999999,3.8965482000000002,4.1835500999999997
2003-12-11,2.6870817000000002,3.1237379999999999,3.5141910999999997,3.8381157999999997,4.1280314999999996
2003-12-12,2.6443634999999999,3.0842149999999999,3.4797579000000001,3.8052915,4.0969550999999997
2003-12-15,2.6376510999999998,3.0803985999999997,3.4692404000000003,3.7932287000000002,4.0878076999999999
2003-12-16,2.6244928000000001,3.0724672000000002,3.4618749999999996,3.7776118999999997,4.0645698000000001
2003-12-17,2.5943987000000002,3.0382750999999999,3.4303555000000001,3.7480109999999995,4.0348322000000003
2003-12-18,2.5890608999999998,3.0204638999999998,3.4023187000000004,3.7086143000000003,3.989471
2003-12-19,2.6190479,3.0399142000000001,3.4290753999999999,3.7464444000000001,4.0301473999999997
2003-12-22,2.6071857000000001,3.0289785,3.4214519999999999,3.7435099999999997,4.0285539000000004
2003-12-23,2.6180105,3.0484738999999998,3.4439447999999997,3.7680590999999999,4.0561632999999997
2003-12-24,2.5950858000000001,3.0140601,3.3931699000000002,3.7066387000000001,3.9892755000000002
2003-12-29,2.5710625999999999,2.9968849999999998,3.3901947000000003,3.7160294000000005,4.0077234000000006
2003-12-30,2.5845393000000003,3.0151547999999999,3.4126075,3.7436237999999995,4.0407482999999997
2003-12-31,2.5701465999999997,3.0057402999999998,3.4144779999999999,3.7480696,4.0432085999999998
2004-01-02,2.5874590999999998,3.0483757000000002,3.4756409000000001,3.8278379999999999,4.1398674
2004-01-05,2.5228448999999999,3.0078077000000003,3.4480407,3.8103039999999999,4.1328773999999999
2004-01-06,2.5017825999999999,2.981258,3.4060911999999997,3.7538209000000005,4.0664227999999998
2004-01-07,2.5053422999999997,2.9844887,3.4061382,3.7496621999999999,4.0577718999999997
2004-01-08,2.5242239999999998,2.9972572,3.4209009999999997,3.7686844999999995,4.0795900000000005
2004-01-09,2.4482813000000001,2.9037286999999998,3.3128227000000003,3.6444496000000002,3.9466424
2004-01-12,2.4489502999999999,2.9078751,3.3117348999999998,3.6413260000000003,3.9434271999999999
2004-01-13,2.4261158000000003,2.8755308999999998,3.2737642999999998,3.6013379999999997,3.9024463000000003
2004-01-14,2.4141938000000001,2.8733071999999997,3.2816090999999998,3.6110916,3.9075644999999999
2004-01-15,2.4156930000000001,2.8666526999999999,3.2684394999999999,3.5960579999999998,3.8921573999999999
2004-01-16,2.4181111,2.8757128000000001,3.2861184000000003,3.6240580000000002,3.9287074999999998
2004-01-19,2.4098402999999999,2.8740438999999998,3.2844495,3.6257922999999996,3.9345096000000002
2004-01-20,2.3156151,2.7652977000000001,3.1792022000000002,3.5304381000000005,3.853869
2004-01-21,2.2689661999999999,2.6853571000000001,3.0953121000000001,3.4499119,3.7782390000000001
2004-01-22,2.2052214000000001,2.6165477999999998,3.0152861,3.3591603999999995,3.6837113999999995
2004-01-23,2.2477648000000001,2.6757784999999998,3.0913922,3.4507529000000003,3.7880810999999999
2004-01-26,2.2111044999999998,2.6460859000000001,3.0786327,3.4556529000000005,3.8058561999999996
2004-01-27,2.1686652999999998,2.5848587999999997,3.0072995000000002,3.3828091999999996,3.7375391000000002
2004-01-28,2.2607945000000003,2.7210279000000002,3.1596025000000001,3.5393481999999996,3.8880528999999999
2004-01-29,2.3305745,2.7666257000000001,3.1873946000000002,3.5544191000000005,3.8927388000000001
2004-01-30,2.2605960999999999,2.6830427999999999,3.1025960000000001,3.4717130999999997,3.8120585999999999
2004-02-02,2.2598349,2.6871537999999999,3.1090298999999999,3.4816598999999995,3.8244743999999997
2004-02-03,2.2491305000000001,2.6629331999999999,3.0802255000000001,3.4537762999999999,3.7987901999999996
2004-02-04,2.2771448999999997,2.6939419999999998,3.1152127000000003,3.4905588999999999,3.8337024
2004-02-05,2.2941163000000002,2.6966647999999998,3.1177039,3.4967341999999997,3.8422804999999998
2004-02-06,2.2274650999999999,2.6125959999999999,3.0182012999999999,3.3897509000000001,3.7355763
2004-02-09,2.1935064,2.5626064999999998,2.9678443999999997,3.3472269999999997,3.6996525
2004-02-10,2.1881083000000001,2.5684787,2.9825772000000002,3.3712227999999995,3.7322286000000005
2004-02-11,2.1296219000000001,2.5014788999999999,2.9226166,3.3126236000000002,3.6718397
2004-02-12,2.1384284,2.4962782999999997,2.9226986999999998,3.3189190000000002,3.6827614
2004-02-13,2.1402193,2.5030813999999997,2.9242938000000001,3.3127431000000001,3.6710815000000001
2004-02-16,2.1330426999999998,2.5101431999999999,2.9291206999999999,3.3144273000000002,3.6712645000000004
2004-02-17,2.1578404,2.5385127999999999,2.9589159,3.3447176000000001,3.7007823000000002
2004-02-18,2.1811462000000001,2.5696691999999999,2.9881452999999998,3.3719779999999999,3.7274555
2004-02-19,2.1757841,2.5538115000000001,2.9746927999999997,3.3636109999999997,3.7217978999999999
2004-02-20,2.1830183999999999,2.5599064,2.9915790000000002,3.3930329000000001,3.7586189999999999
2004-02-23,2.1382933999999998,2.5092521999999997,2.9375062000000001,3.3396224999999999,3.7092937999999998
2004-02-24,2.1280751000000002,2.5012580999999998,2.9206091999999999,3.3152515999999999,3.6813687999999996
2004-02-25,2.1230889999999998,2.4966732,2.9192678999999999,3.3114599,3.6695219000000003
2004-02-27,2.1095090000000001,2.4733524999999998,2.8808533999999999,3.2649685999999996,3.6238542999999996
2004-03-01,2.0940417999999998,2.4611568999999998,2.8695995999999999,3.2520440999999995,3.6064522000000001
2004-03-02,2.1468108999999997,2.5250811,2.9269851999999998,3.2990984999999999,3.6431232000000002
2004-03-03,2.1685339000000003,2.5503564999999999,2.9565036999999998,3.3324470000000002,3.6769788999999999
2004-03-04,2.1884550999999997,2.5617567000000001,2.9653602000000001,3.3410625999999999,3.6851299999999996
2004-03-05,2.08487,2.4457941999999999,2.8457986000000002,3.2186424999999996,3.5640584000000004
2004-03-08,2.0608857999999999,2.4071723999999999,2.7938741999999999,3.1625475000000001,3.5108714999999999
2004-03-09,2.0580365999999999,2.4153728000000001,2.8032966999999998,3.1684060999999999,3.5123209000000002
2004-03-10,2.0711146,2.4268636999999997,2.8123738999999999,3.1747916000000003,3.5193581000000003
2004-03-11,2.0514834999999998,2.3978915999999999,2.7868652000000003,3.1516232999999998,3.4993648000000004
2004-03-12,2.0257926999999998,2.3886955000000003,2.7852044999999999,3.1565182999999997,3.5121129
2004-03-15,2.0142173999999997,2.3737377999999998,2.7658348999999998,3.1361279,3.4899988999999998
2004-03-16,1.9966004999999998,2.3545574999999999,2.7375373000000001,3.1011422,3.4544512999999997
2004-03-17,1.9903377,2.3443412000000001,2.7263155000000001,3.0884694000000001,3.4376195999999997
2004-03-18,2.000696,2.3542747999999998,2.745994,3.1140983000000002,3.4611785999999998
2004-03-19,2.0125025999999999,2.3669814000000002,2.7624027999999998,3.1339087000000001,3.4819532999999998
2004-03-22,1.9663804999999999,2.3148189000000001,2.7103740000000003,3.0854121999999999,3.4368783000000001
2004-03-23,1.9638779,2.3178474000000002,2.7164497000000001,3.0911054,3.4403994
2004-03-24,1.9565707000000001,2.3084369000000002,2.7056870000000002,3.083081,3.4372838000000003
2004-03-25,1.9499637000000001,2.3012872999999998,2.7106997000000002,3.0954667000000002,3.4504188
2004-03-26,2.0191186999999999,2.3951628,2.8089985,3.1933069999999999,3.5482321999999997
2004-03-29,2.0343646,2.4413904999999998,2.8643930000000002,3.2503670999999996,3.6053091000000004
2004-03-30,2.0337489,2.4506946000000003,2.8708989000000003,3.2510078,3.6032825999999996
2004-03-31,1.9806000000000001,2.4121164999999998,2.8379273999999999,3.2189935000000003,3.5735615999999997
2004-04-01,1.9913030000000003,2.4309025000000002,2.8654196000000001,3.2492147,3.6006863999999998
2004-04-02,2.1499633,2.6338991999999997,3.0819210999999997,3.4674880999999997,3.8152384999999995
2004-04-05,2.1490175000000002,2.6540953999999997,3.1031139999999997,3.4871916000000001,3.8376283999999998
2004-04-06,2.1215261999999999,2.6187186000000002,3.0741885999999998,3.4648894000000001,3.8184589999999998
2004-04-07,2.1146695000000002,2.6059500999999998,3.0537519,3.4374541999999999,3.7840611000000002
2004-04-08,2.0551565000000003,2.5616136000000003,3.0253855999999999,3.4215227000000001,3.7766086999999997
2004-04-12,2.0682662000000001,2.5927867,3.0631609000000002,3.4583827999999999,3.8143550999999998
2004-04-13,2.1738350999999998,2.7240063999999999,3.1997482000000002,3.5930541000000003,3.9423621
2004-04-14,2.2201904000000003,2.7942791000000002,3.2691775000000001,3.655087,3.9958852000000005
2004-04-15,2.2060280000000003,2.7747915000000001,3.2613474000000005,3.6591849000000001,4.0056394000000006
2004-04-16,2.1544435000000002,2.7101172999999998,3.1975721999999998,3.5959016000000004,3.9424847000000001
2004-04-19,2.1731574,2.7465592000000001,3.2369338999999995,3.6373396000000002,3.9860791999999998
2004-04-20,2.2516820000000002,2.8401171000000001,3.3324707,3.7280357999999998,4.0662354999999994
2004-04-21,2.2312988999999996,2.8100391999999998,3.2971246000000001,3.6902257000000001,4.0284845000000002
2004-04-22,2.2065779000000001,2.7693604000000001,3.2445619000000003,3.6290791000000002,3.9644629999999998
2004-04-23,2.2405851999999999,2.8129236,3.2893797000000005,3.6764163000000001,4.0152698000000004
2004-04-26,2.2372803999999999,2.8171346000000002,3.2925693999999996,3.6766007000000003,4.0130309000000004
2004-04-27,2.2032794,2.7871230000000002,3.2673710000000002,3.6505087000000001,3.9857913000000003
2004-04-28,2.2325634999999999,2.8308683000000001,3.3151677999999998,3.7009661999999999,4.0396599999999996
2004-04-29,2.2336412999999999,2.8246822000000003,3.3111342000000001,3.7020374,4.0453441999999997
2004-04-30,2.1323231000000002,2.6984376000000001,3.1814442999999999,3.5754713000000002,3.9248060000000002
2004-05-03,2.0992639,2.6655866000000001,3.1535306999999997,3.5488015999999996,3.8963038999999999
2004-05-04,2.1155782000000003,2.6890035000000001,3.1739755999999999,3.5702915000000002,3.9236119999999999
2004-05-05,2.1276768000000001,2.7010847999999998,3.1860509000000001,3.5827389000000003,3.9358637999999999
2004-05-06,2.1547435999999998,2.7222405000000003,3.2007121999999999,3.5939928000000001,3.9453473000000003
2004-05-07,2.3412293000000002,2.9553145999999999,3.4398123000000003,3.8247797000000001,4.1604188000000004
2004-05-10,2.3366482,2.9451451,3.428204,3.8136066000000004,4.1465275000000004
2004-05-11,2.3241468000000003,2.9302681000000002,3.4124319000000001,3.7973084999999998,4.1291021999999993
2004-05-12,2.3532055000000001,2.9671266000000003,3.4558681999999998,3.8532159000000004,4.1994322999999998
2004-05-13,2.4121231999999999,3.0351092,3.5224857999999997,3.9134591000000003,4.2501794000000004
2004-05-14,2.4153403999999998,3.0393268999999998,3.5233391000000003,3.9068572000000001,4.2342556
2004-05-17,2.3854628999999998,3.0170653000000001,3.4916955000000001,3.8602659999999998,4.1754616000000002
2004-05-18,2.4556837000000002,3.0765419000000001,3.5523509,3.9244994999999996,4.2385076000000002
2004-05-19,2.4809106000000001,3.1151472999999998,3.5891890000000002,3.9582367999999999,4.2728070999999996
2004-05-20,2.4445110999999997,3.0646442,3.5374514000000001,3.9081129999999997,4.2266073000000004
2004-05-21,2.4458085000000001,3.0807273999999998,3.5604152999999998,3.9323627999999999,4.2498385000000001
2004-05-25,2.5093858,3.1656940000000002,3.6284740000000002,3.9819054,4.2882945000000001
2004-05-26,2.4631898999999997,3.100727,3.5484084,3.8928446999999999,4.1952902999999999
2004-05-27,2.4229181999999998,3.0439662999999997,3.4962477000000001,3.8434984999999999,4.1449568000000001
2004-05-28,2.4720613,3.0928024000000001,3.5400409000000002,3.8869069999999999,4.1903843000000007
2004-05-31,2.4928502000000003,3.1220615,3.5641555999999999,3.9070905000000002,4.2084551999999995
2004-06-01,2.5285196000000001,3.1565623,3.5919309000000004,3.9322327999999995,4.2342642999999995
2004-06-02,2.5491736,3.1841618,3.6311583999999999,3.9832535,4.2926063000000001
2004-06-03,2.5443560000000001,3.1786723000000001,3.6233046999999998,3.9724062999999998,4.2813644000000002
2004-06-04,2.6484710000000002,3.3200959000000001,3.7722501999999998,4.1145130999999999,4.4109416999999995
2004-06-07,2.6552916999999998,3.3228827000000001,3.7759552000000003,4.1225532000000005,4.4223874000000007
2004-06-08,2.5964470999999998,3.2902505,3.7539167,4.0974915000000003,4.3922203
2004-06-09,2.615866,3.3112010999999999,3.7733585999999999,4.1158251000000003,4.4100919000000003
2004-06-10,2.6374182999999998,3.3389203999999997,3.801412,4.1402234,4.4297478000000003
2004-06-11,2.7077781000000001,3.4261167000000001,3.8806763000000002,4.2073641999999998,4.4881226000000005
2004-06-14,2.7618609999999997,3.4879463999999998,3.9388131999999998,4.2656814000000001,4.5445981
2004-06-15,2.6965379,3.3816289999999998,3.8215244000000004,4.1439784,4.4225329999999996
2004-06-16,2.7214432,3.426358,3.8744836999999999,4.1997477999999999,4.4759712
2004-06-17,2.718283,3.4187909000000003,3.8626316000000003,4.1837619000000004,4.4589204999999996
2004-06-18,2.7408663999999998,3.4395876999999997,3.8870323,4.2134922999999995,4.4920931
2004-06-21,2.7139801000000001,3.4092055000000001,3.8508351000000003,4.1741463999999997,4.4527081000000006
2004-06-22,2.7113993000000001,3.4092339999999997,3.8533592999999997,4.1795095,4.4611687999999994
2004-06-23,2.6932909999999999,3.3819250000000003,3.8218030999999999,4.1427681999999999,4.4191453000000003
2004-06-24,2.6762939000000001,3.3452085,3.7788754999999998,4.0995511000000002,4.3767173000000001
2004-06-25,2.6439284000000001,3.3180648000000001,3.7516148999999999,4.0734929000000006,4.3563665
2004-06-28,2.6906455,3.3908990000000001,3.8255654999999997,4.1440682999999998,4.4238966
2004-06-29,2.6949462,3.3816615000000003,3.8117659999999995,4.1267547000000002,4.4025606000000002
2004-06-30,2.6153951000000002,3.2761160999999999,3.7024026999999999,4.0238059000000002,4.3085497000000004
2004-07-02,2.534573,3.174213,3.5973290999999996,3.9176628999999998,4.2017766999999999
2004-07-05,2.5062986,3.1724882000000001,3.6024578000000003,3.9218234999999999,4.2070162
2004-07-06,2.5019703999999998,3.1694552000000003,3.6011398999999997,3.9234123000000003,4.2124031999999998
2004-07-07,2.4783133999999998,3.142801,3.5866332000000001,3.9177705999999999,4.2105746000000002
2004-07-08,2.4629653,3.1110617,3.5540447000000004,3.8891274000000005,4.1855944000000003
2004-07-09,2.4900888000000001,3.1318839999999999,3.5662773000000003,3.8937799000000002,4.1837435999999997
2004-07-12,2.5294266999999997,3.1753060999999998,3.5986794000000004,3.9172798000000002,4.2021277000000001
2004-07-13,2.5878301000000001,3.2086182999999999,3.6211431000000003,3.9385077999999996,4.2238945000000001
2004-07-14,2.6229827000000001,3.2530587999999998,3.6581087999999999,3.9670738999999995,4.2467726999999993
2004-07-15,2.6392982999999997,3.2635988999999999,3.6757796000000003,3.9868127000000002,4.2623331000000002
2004-07-16,2.5765663999999999,3.1771295999999998,3.579968,3.8884935,4.1650248999999997
2004-07-19,2.5932119999999999,3.2085311999999999,3.5981116000000002,3.8959849999999996,4.1714719999999996
2004-07-20,2.6072184000000003,3.2373707,3.6361923999999997,3.9411548999999999,4.2220883999999996
2004-07-21,2.6305288999999998,3.2699829,3.6748102999999999,3.9808116999999998,4.2590045999999999
2004-07-22,2.6377442000000002,3.2675573999999998,3.6671702000000002,3.9701484000000002,4.2458223000000004
2004-07-23,2.6112348999999999,3.2342501000000001,3.6318933999999996,3.9349380000000003,4.2119311999999995
2004-07-26,2.6563102000000001,3.2791451999999999,3.6704746000000004,3.9681647999999998,4.2397431000000001
2004-07-27,2.7149106999999999,3.3632928999999998,3.7611191000000002,4.0609834999999999,4.3349877000000001
2004-07-28,2.671621,3.3394306999999999,3.7440225000000003,4.0417089000000006,4.3131478999999997
2004-07-29,2.6544926000000002,3.3219701999999995,3.7332044,4.0328787999999998,4.3065256000000005
2004-07-30,2.6171898999999996,3.2617552999999999,3.6682999000000001,3.9697751000000006,4.2446517000000004
2004-08-03,2.5218085000000001,3.1688011,3.5866954999999998,3.8940177,4.1722647000000004
2004-08-04,2.5468787000000002,3.1917736000000003,3.6052751999999999,3.9078530000000002,4.1809061000000005
2004-08-06,2.3459187999999997,2.9532582000000001,3.3687409000000001,3.683119,3.9747003000000003
2004-08-09,2.3984859000000003,3.0163169000000001,3.4318128000000003,3.7475973000000002,4.039955
2004-08-10,2.5065787999999998,3.1138918000000002,3.5248449000000002,3.838406,4.1227782999999993
2004-08-11,2.4712731000000003,3.0676585999999997,3.4697526000000001,3.7797957000000002,4.0654655999999996
2004-08-12,2.4618606999999999,3.0443258000000002,3.4423540000000004,3.7527469999999998,4.0402883999999997
2004-08-13,2.5031352,3.0795240000000002,3.4641249999999997,3.7666307000000003,4.0497698
2004-08-16,2.5487119999999996,3.1344149000000003,3.5170973999999999,3.8174473,4.0991195000000005
2004-08-17,2.5094517999999999,3.0832712,3.4618973999999998,3.7617807000000001,4.0460218000000001
2004-08-18,2.5410153000000002,3.1138976,3.4938415000000003,3.7996890999999997,4.0885125000000002
2004-08-19,2.5016700999999997,3.0489883,3.4315153999999999,3.7427377999999996,4.0338050000000001
2004-08-20,2.4907120000000003,3.0500343000000001,3.4381304000000004,3.7478752999999996,4.0366897999999996
2004-08-23,2.5094509,3.075259,3.4651482999999996,3.7788624,4.0726047999999997
2004-08-24,2.6006940999999997,3.1499385999999996,3.5258878,3.8284092999999997,4.1130325000000001
2004-08-25,2.6164637000000002,3.1534183000000002,3.5206098999999997,3.8181767999999998,4.0982826000000001
2004-08-26,2.6363721999999998,3.1467297999999997,3.5009664000000003,3.7960976,4.0767432000000001
2004-08-27,2.6351969999999998,3.1493292999999998,3.5079862000000004,3.7987101000000001,4.0732173000000005
2004-08-31,2.5813956,3.0686993,3.4233566,3.7233088999999997,4.0090636000000002
2004-09-07,2.8116137999999999,3.2661324,3.5947937999999997,3.8788247999999999,4.1482106999999999
2004-09-08,2.8081763999999998,3.2586120000000003,3.5761343999999999,3.8491179999999998,4.1103116000000002
2004-09-09,2.8159628999999997,3.2703107,3.5848933000000001,3.8548819999999999,4.1182053000000005
2004-09-10,2.7820317000000001,3.2338595999999997,3.552657,3.8268706999999997,4.0926269
2004-09-13,2.7542979000000001,3.2028033999999996,3.5162537999999999,3.7854407000000001,4.0488802000000002
2004-09-14,2.7535815000000001,3.2088375000000005,3.5269880000000002,3.7973651999999998,4.0590925999999996
2004-09-15,2.7717121000000002,3.2240250999999995,3.5379312000000005,3.8062985999999999,4.0684443000000003
2004-09-16,2.7342037000000001,3.1634976000000004,3.4696576000000001,3.7367171999999997,3.9996904999999998
2004-09-17,2.7275331,3.1592587999999999,3.4662972000000001,3.7350217999999997,4.0008702999999999
2004-09-20,2.7282864,3.1440551999999995,3.4380195000000002,3.6976296999999998,3.9564176999999998
2004-09-21,2.7703630000000001,3.1829211000000002,3.4781590000000002,3.7383938999999997,3.9947348000000003
2004-09-22,2.7625042999999998,3.1696040000000001,3.4632022999999998,3.7243696000000002,3.9820761000000005
2004-09-23,2.8131235000000001,3.2129021999999998,3.5020661,3.7612492999999998,4.0160822999999999
2004-09-24,2.8024496999999999,3.2128302,3.5078173999999995,3.7660041999999998,4.0172018999999999
2004-09-27,2.7777702,3.1998567999999996,3.4942332999999999,3.7455967999999999,3.9944586999999996
2004-09-28,2.7594827,3.1804267999999998,3.4783501000000001,3.7304864000000002,3.9791210000000001
2004-09-29,2.7916699999999999,3.2270095999999997,3.5325978,3.7867840999999998,4.0357237999999995
2004-09-30,2.8020936999999999,3.2402247000000002,3.5566157999999999,3.8194882999999997,4.0739773999999995
2004-10-01,2.8207442,3.2666320999999998,3.5861896999999998,3.8518554000000003,4.1090464999999998
2004-10-04,2.8263594999999997,3.2754522000000001,3.5896813000000001,3.8507169999999999,4.1044701000000003
2004-10-05,2.8346435999999997,3.2597936999999999,3.5723619999999996,3.8363543,4.0905820000000004
2004-10-06,2.8494367999999999,3.2880805999999998,3.6060208000000005,3.8719668,4.1285286999999995
2004-10-07,2.8715147999999999,3.2960715,3.6177124999999997,3.8939319999999999,4.1553488999999999
2004-10-08,2.8413165,3.2459007,3.5521905,3.8191454999999999,4.0756158000000005
2004-10-12,2.7920473000000001,3.1961241999999999,3.5020727000000003,3.7692053000000003,4.0271796999999996
2004-10-13,2.7734187000000001,3.1713363000000001,3.479711,3.7503732999999997,4.0101093999999993
2004-10-14,2.7404014999999999,3.1249259,3.4294017000000001,3.6965871999999997,3.9544784000000002
2004-10-15,2.7753364,3.1571161000000001,3.4627669999999999,3.7324093000000005,3.9909311000000001
2004-10-18,2.7536347999999999,3.1383680999999997,3.4529402,3.7187572000000002,3.9680860999999998
2004-10-19,2.7535075999999998,3.1288572000000001,3.4352374999999999,3.6960952999999996,3.9439783999999998
2004-10-20,2.7063877000000001,3.0685651000000003,3.382844,3.6519509999999999,3.9031190000000002
2004-10-21,2.7543191,3.1191386000000003,3.4273313000000001,3.6889021,3.9331651000000001
2004-10-22,2.7485848000000002,3.1026815000000001,3.4014110999999998,3.6589687000000004,3.9023605000000003
2004-10-25,2.7165559999999997,3.0680198999999999,3.3740610999999996,3.6384097999999998,3.8871958999999996
2004-10-26,2.7688424,3.1293242999999999,3.4238695999999997,3.6748885000000002,3.9142703999999999
2004-10-27,2.8211819999999999,3.2010008999999999,3.4992570000000001,3.7471167999999997,3.9821047999999997
2004-10-28,2.8446413000000002,3.2058814999999998,3.4891643000000001,3.7288929,3.9598750000000003
2004-10-29,2.8596314,3.2177360000000004,3.4956101000000004,3.7268913000000001,3.948194
2004-11-01,2.8724855000000002,3.2385992000000003,3.5152242,3.7480621999999997,3.9738924
2004-11-02,2.8914500999999997,3.2251691999999998,3.4976695000000002,3.7329330000000001,3.9588077999999998
2004-11-03,2.8853141,3.2198956999999999,3.4892726999999999,3.7203523000000001,3.9439274000000002
2004-11-04,2.8768576000000001,3.2113936000000001,3.4855282999999999,3.7225596999999997,3.9493912
2004-11-05,2.9696246999999998,3.3182963000000001,3.5883523999999998,3.8184822999999999,4.0394654000000001
2004-11-08,2.9754897999999996,3.3190933999999999,3.5888322000000001,3.8204671000000001,4.0411657999999999
2004-11-09,2.9814143,3.3301283000000002,3.6020984999999999,3.8361565999999998,4.0601417
2004-11-10,2.9637586000000002,3.3035990000000002,3.5701144999999999,3.8016908000000003,4.0258177999999996
2004-11-12,2.9214468,3.2499888999999995,3.5131724000000002,3.7430120999999996,3.9641929
2004-11-15,2.9284915000000002,3.2530849000000002,3.5181152,3.7528820999999999,3.9802876999999999
2004-11-16,2.9577656999999999,3.2842379999999998,3.5487838000000003,3.7832981999999999,4.0091353000000005
2004-11-17,2.8699266000000003,3.1870201000000002,3.4552530999999997,3.6956649000000001,3.9269121999999999
2004-11-18,2.8908695,3.2169831000000002,3.4854385000000003,3.7241212000000004,3.9524998999999998
2004-11-19,2.8730202999999999,3.2206330999999997,3.5014704999999999,3.7479859999999996,3.9829257999999998
2004-11-22,2.9036610999999999,3.2538787,3.5282550000000001,3.7653522000000001,3.9909443000000002
2004-11-23,2.8751696999999998,3.2218572000000001,3.4915963000000003,3.7257935,3.9509779000000003
2004-11-24,2.8318482,3.1738402999999997,3.4414980999999996,3.6740005999999998,3.9008566
2004-11-25,2.7089525999999999,3.0563491000000003,3.3391158999999995,3.5798433999999997,3.8164136000000002
2004-11-26,2.6882912999999999,3.0631891000000002,3.3577346000000001,3.5974824000000001,3.8303465000000001
2004-11-30,2.6528147,3.0113379999999998,3.3183356999999996,3.5810112999999997,3.8371105000000001
2004-12-01,2.6461991,3.0093137999999997,3.3069949000000003,3.5611509999999997,3.8143937000000001
2004-12-02,2.6715322000000001,3.0470619999999999,3.3479478,3.6025951000000003,3.8556235000000001
2004-12-03,2.5421960000000001,2.8900206000000002,3.1834603000000001,3.4386427999999998,3.6983064000000003
2004-12-06,2.5704264999999999,2.9091282999999999,3.1979953999999999,3.4509280000000002,3.7049666999999999
2004-12-07,2.5158762000000001,2.847035,3.1399544000000001,3.3998735,3.6603570000000003
2004-12-08,2.5136080999999999,2.8417832000000001,3.1289654000000002,3.3837025000000001,3.6400554000000001
2004-12-09,2.5677216999999999,2.9149875000000001,3.2059994000000001,3.4606602,3.7150425
2004-12-10,2.5816235999999999,2.9254109000000001,3.2125545,3.4604219000000001,3.7083426000000004
2004-12-13,2.5765617999999999,2.9258894999999998,3.2150284,3.4602039000000002,3.7032026000000005
2004-12-14,2.5506603999999999,2.8880048,3.1679441000000002,3.4110135000000001,3.6558327000000004
2004-12-15,2.5365571,2.8670258999999998,3.1435824999999999,3.3854732999999997,3.6289414
2004-12-16,2.5722989000000003,2.9182798999999999,3.1979380000000002,3.4432311000000002,3.6898457000000002
2004-12-17,2.6102347000000004,2.9651592,3.2500210000000003,3.498272,3.7443702000000001
2004-12-20,2.6179570000000001,2.9727410999999999,3.2565705999999999,3.5034348,3.7469178999999997
2004-12-21,2.6296917,2.9877781999999997,3.2696189000000002,3.513385,3.7554596000000005
2004-12-22,2.6551013999999999,3.0253022999999999,3.3083882,3.5523127000000003,3.7942770000000001
2004-12-23,2.6204453000000001,2.9752553000000002,3.2584483999999998,3.5011332999999998,3.7416062000000001
2004-12-24,2.6237603000000003,2.9934926000000002,3.2794891000000002,3.5217432,3.7619720000000001
2004-12-29,2.6933427999999999,3.0678964999999998,3.3433261999999999,3.5779855999999999,3.8157301999999995
2004-12-30,2.6548381999999999,3.0142423000000003,3.2918432999999996,3.5290764000000001,3.7642061999999998
2004-12-31,2.6308092000000003,2.9951805,3.2712940000000001,3.5060681000000002,3.7387642999999997
2005-01-04,2.6862417000000001,3.0606678,3.3350066999999997,3.5670716999999996,3.7964044000000001
2005-01-05,2.6796178999999998,3.0481205999999998,3.3158482000000005,3.5430416,3.7709476
2005-01-06,2.6558451000000001,3.0182540000000002,3.2906146999999999,3.5235831000000002,3.7544027
2005-01-07,2.7307754000000002,3.1036635000000001,3.3761606999999998,3.6061778000000002,3.8306887999999999
2005-01-10,2.7486598,3.1157469999999998,3.3821756999999999,3.6098875000000001,3.8343090000000002
2005-01-11,2.7256807000000003,3.0829154999999999,3.3453707000000001,3.5719609000000001,3.7964306000000003
2005-01-12,2.6944882999999997,3.0344677,3.2989843999999997,3.5343612000000002,3.7669033999999999
2005-01-13,2.6200399999999999,2.9547556999999998,3.2202652999999999,3.4493863999999999,3.6802137999999998
2005-01-14,2.6329631,2.9674801,3.2332718000000003,3.4633329999999996,3.6943254000000003
2005-01-17,2.6222702,2.9627098000000003,3.2310356999999996,3.4625757999999998,3.6936162000000001
2005-01-18,2.5956254000000003,2.9324526,3.1967038000000003,3.4234492999999997,3.6538006999999997
2005-01-19,2.5847683999999997,2.9181397000000002,3.1778427999999996,3.4033224999999998,3.6344518999999997
2005-01-20,2.5962768000000001,2.9389019999999997,3.1997419999999996,3.4252670999999997,3.6577189000000003
2005-01-21,2.6004697000000001,2.9369174,3.1972716999999999,3.4239377000000002,3.6565211
2005-01-24,2.6054613999999998,2.9381618,3.2000083999999998,3.4283892000000002,3.6592663999999999
2005-01-25,2.5521015999999999,2.892271,3.1625533999999997,3.3980836000000001,3.6374795
2005-01-26,2.5148420000000002,2.8535459999999997,3.1297590999999998,3.3713849999999996,3.6172081
2005-01-27,2.5882247999999999,2.9423582000000001,3.2075851000000002,3.4346314000000002,3.6668969000000002
2005-01-28,2.5771411,2.921643,3.1803748999999999,3.4024335000000003,3.6295876999999996
2005-01-31,2.5920967999999998,2.9437244000000002,3.2021486000000001,3.4235894000000004,3.6516582
2005-02-01,2.5956475000000001,2.9531782,3.2115243000000002,3.4326489000000002,3.6625109000000005
2005-02-02,2.6031759999999999,2.9590565999999998,3.2227648999999996,3.4492094,3.6787502999999999
2005-02-03,2.6378371999999999,3.0014935,3.2621758999999999,3.4841112999999999,3.7110783000000001
2005-02-04,2.5829502999999998,2.9121579,3.1647099999999999,3.3887980999999998,3.6177738000000002
2005-02-07,2.6124019000000001,2.9459864999999996,3.1871974999999999,3.3948722,3.6113219000000001
2005-02-08,2.6403460000000001,2.9639604999999998,3.1939836000000001,3.3943939999999997,3.6063475999999999
2005-02-09,2.6072999000000001,2.9260997,3.1601606999999996,3.3651378000000003,3.5806506000000002
2005-02-10,2.6306593999999999,2.9586857000000002,3.1999888999999997,3.4123929999999998,3.6332665999999998
2005-02-11,2.6419192000000002,2.9692349999999998,3.2118319,3.4257263000000004,3.6456737000000001
2005-02-14,2.6186965999999998,2.9422332999999998,3.1894881000000002,3.4055240000000002,3.6245794999999998
2005-02-15,2.6133831000000001,2.9434117,3.1932639999999997,3.4121195000000002,3.6348075999999998
2005-02-16,2.6464674000000001,2.9768183000000001,3.2197138999999999,3.4360640999999998,3.6599133999999998
2005-02-17,2.6509871999999999,2.9830400999999998,3.2246107000000004,3.4395803000000003,3.663786
2005-02-18,2.6754764,3.0085234000000001,3.2551779000000005,3.4775972000000004,3.7069044000000004
2005-02-21,2.6518752999999999,2.9840528000000002,3.2334956999999998,3.4612113,3.6971012999999999
2005-02-22,2.6089522999999999,2.9211402,3.1726882999999999,3.4112806000000004,3.6588172000000001
2005-02-23,2.6772697999999999,3.0077524000000002,3.2620811999999999,3.4978707,3.7370913999999997
2005-02-24,2.6967892999999998,3.0391826000000002,3.2945264000000001,3.5246599000000005,3.763738
2005-02-25,2.6593611999999998,2.9774533000000001,3.2282350000000002,3.4604421000000003,3.6997306000000001
2005-02-28,2.6703976000000003,3.0026499000000002,3.2618928,3.4980761999999999,3.7386536999999995
2005-03-01,2.6717702000000001,3.0020613000000003,3.2622434999999999,3.4984148999999998,3.7383514999999998
2005-03-02,2.6865992000000003,3.0229668000000003,3.2790169000000002,3.5119289,3.7507281000000003
2005-03-03,2.6885789999999998,3.0275330999999999,3.2806844000000002,3.5113097000000004,3.7488663
2005-03-04,2.6642345999999999,2.9946587999999998,3.2404112999999999,3.4665201999999997,3.7026996999999997
2005-03-07,2.6676877999999999,2.9991110999999999,3.2456342999999999,3.4702846000000003,3.7030739000000001
2005-03-08,2.6587333000000002,2.994434,3.2427424000000005,3.4692540000000003,3.7058011000000004
2005-03-09,2.6911043000000001,3.0600282999999999,3.3187116000000003,3.5500611000000002,3.7910485
2005-03-10,2.6985714999999999,3.0798261,3.3416010000000003,3.5689871999999996,3.8055849000000004
2005-03-11,2.7539458999999997,3.1626948000000001,3.4271522999999999,3.6491913,3.8793951999999998
2005-03-14,2.7620724999999999,3.1558629999999996,3.4113932999999999,3.6314329000000001,3.8621720999999996
2005-03-15,2.8203397000000003,3.2299452999999998,3.4774261000000002,3.6856618000000001,3.9066483999999999
2005-03-16,2.8375042000000001,3.2198003000000002,3.4578150000000001,3.6648937999999998,3.8826945000000004
2005-03-17,2.7978328000000001,3.1779814000000002,3.4143142000000002,3.6207544,3.8405583999999999
2005-03-18,2.8162237999999999,3.2006209999999999,3.4346816000000002,3.6372982,3.8520805999999999
2005-03-21,2.8855312,3.2521977999999998,3.4804758999999996,3.6823082,3.8945079000000002
2005-03-22,2.9913115000000001,3.3641351999999998,3.5828129,3.7724021000000003,3.9751346000000001
2005-03-23,2.9723983999999999,3.3522870000000005,3.5748275000000005,3.7667708000000002,3.9719029000000003
2005-03-24,2.9519118999999998,3.3474017000000003,3.5737501999999997,3.7644315999999995,3.9692984999999998
2005-03-28,2.9611425000000002,3.3680359000000002,3.6037952999999998,3.7969732999999999,3.9994868000000001
2005-03-29,2.9433112000000001,3.3312199000000002,3.559863,3.7516186,3.9535491
2005-03-30,2.9297291999999997,3.3081865000000001,3.5312309000000002,3.7212236000000001,3.9234751999999999
2005-03-31,2.8755777999999999,3.2231320000000001,3.4396654,3.6338732999999999,3.8428336000000001
2005-04-01,2.8548625000000003,3.2041434999999998,3.4186393000000002,3.6099663999999998,3.8165855
2005-04-04,2.8626288,3.2028015000000001,3.4086718,3.5979170999999996,3.8062326999999998
2005-04-05,2.8794903000000001,3.2311999,3.4435171000000002,3.6341863000000001,3.8411938000000001
2005-04-06,2.8558008999999998,3.2027636999999998,3.4091424000000004,3.5956269999999999,3.8012109000000001
2005-04-07,2.8565042999999997,3.2041110999999995,3.4178618000000003,3.6144076999999997,3.8283784000000001
2005-04-08,2.7848142999999999,3.1237121999999999,3.3453071000000003,3.5513280000000003,3.7721016000000005
2005-04-11,2.7674620999999999,3.1028561999999997,3.3206275999999999,3.5195399000000003,3.7325738999999998
2005-04-12,2.7642278999999998,3.0941507000000001,3.3020697999999999,3.4897260000000001,3.6956335999999999
2005-04-13,2.7492712999999998,3.083199,3.2973143000000005,3.4910165000000002,3.7032283000000001
2005-04-14,2.6708900999999998,3.0008520999999999,3.2342086000000001,3.4453632999999999,3.6699161999999999
2005-04-15,2.6353497999999997,2.9669303,3.2018897999999996,3.4114140000000002,3.6347554999999998
2005-04-18,2.6461722000000001,2.9891036,3.2263084999999996,3.4360698000000003,3.6590513999999996
2005-04-19,2.6297437000000001,2.9596268999999999,3.1932798,3.4013209000000004,3.6215961999999999
2005-04-20,2.6218629,2.9472567999999999,3.1747404000000001,3.3819732999999998,3.6061024999999995
2005-04-21,2.658649,3.0051635999999999,3.2392645999999998,3.4442347999999998,3.6656740999999999
2005-04-22,2.6892701000000003,3.0370678,3.2572734999999997,3.4516796000000003,3.6661672999999997
2005-04-25,2.7066659,3.0598308000000003,3.2804829,3.4728401,3.6828304999999997
2005-04-26,2.7026510999999998,3.0569318999999999,3.2746173000000005,3.4638942999999998,3.6729989999999999
2005-04-27,2.7098510999999998,3.0511056000000001,3.2635497,3.4527192999999996,3.6609547999999998
2005-04-28,2.6772904999999998,3.0132224000000001,3.2217918999999999,3.4069256000000001,3.6144003000000002
2005-04-29,2.7178917,3.0589306999999999,3.2700320999999999,3.4573035000000001,3.6639901000000004
2005-05-02,2.7086578000000001,3.0406799000000002,3.2501169000000005,3.4390204,3.6483718999999999
2005-05-03,2.7139369000000002,3.0431911999999999,3.2515383,3.4402885000000003,3.6494379000000001
2005-05-04,2.6992456000000002,3.0399886999999999,3.2550672,3.4445570999999999,3.6520584
2005-05-05,2.6702364999999997,3.0170336999999998,3.2366937999999998,3.4304941999999996,3.6427715999999997
2005-05-06,2.7910594999999998,3.1654518,3.3812356000000001,3.5612065999999998,3.7610665000000001
2005-05-09,2.8146649999999998,3.1819904000000001,3.3878314,3.5634961000000001,3.7613042000000001
2005-05-10,2.7782828999999998,3.1225139999999998,3.3223449,3.4988097000000002,3.6988311000000005
2005-05-11,2.7352518999999997,3.0693090999999999,3.2783311000000004,3.4617678999999999,3.6635656000000001
2005-05-12,2.7043794999999999,3.0291170999999997,3.2356660000000002,3.4206051,3.6256311999999999
2005-05-13,2.6460028000000002,2.9578707,3.1684326,3.3567515999999999,3.5631253000000003
2005-05-16,2.6594343999999999,2.9789077000000002,3.1879825999999998,3.3759046000000001,3.5834948999999998
2005-05-17,2.6724281999999997,2.9748785999999998,3.1809202000000001,3.3706508000000004,3.5781249000000002
2005-05-18,2.6896340000000003,2.9940644999999999,3.1897377999999996,3.3697520999999999,3.5728114999999998
2005-05-19,2.7373679000000002,3.0627011,3.2591139999999998,3.4360711000000004,3.6363734999999999
2005-05-20,2.7584416000000003,3.0748226000000001,3.2674198000000003,3.4451109,3.6448104000000003
2005-05-24,2.717187,3.0198696000000003,3.2051281999999999,3.3769822999999999,3.5764736999999998
2005-05-25,2.6984804000000002,2.9986733999999999,3.1845140000000001,3.3598531,3.5639403999999999
2005-05-26,2.6962275,2.9981784,3.1835992000000002,3.3553120999999999,3.5553303999999999
2005-05-27,2.6965300999999999,2.952655,3.1442197999999997,3.3299032,3.5214035999999997
2005-05-30,2.6902518999999998,2.9449155,3.1377465,3.3251016,3.5170290999999998
2005-05-31,2.6385309000000001,2.8880952,3.0812010000000001,3.2709495,3.4662573000000001
2005-06-01,2.5657752999999999,2.7597429,2.9369277,3.1293025000000001,3.3335371
2005-06-02,2.5653327999999997,2.7732073000000002,2.9567583000000002,3.1469231999999998,3.3471697000000002
2005-06-03,2.5744184999999997,2.8142798,3.0147212999999997,3.2065238000000003,3.4064112999999998
2005-06-06,2.5695471000000003,2.7888393000000002,2.9775263000000001,3.1691863000000002,3.3715939000000001
2005-06-07,2.5458463,2.7423951,2.9167598999999997,3.1017494999999999,3.3029837
2005-06-08,2.5759514000000001,2.7929624,2.9662190000000002,3.1458773000000004,3.3435449999999998
2005-06-09,2.5846837000000003,2.7972454,2.9664441999999998,3.1436728999999994,3.3395230999999996
2005-06-10,2.6729563000000001,2.9088418000000003,3.0719864000000001,3.2365107999999996,3.4206937000000002
2005-06-13,2.6761436000000001,2.9085855999999999,3.0697204,3.2360672999999998,3.4242081999999998
2005-06-14,2.6906650999999999,2.9237214000000002,3.0965043000000003,3.2713954000000003,3.4615276000000001
2005-06-15,2.6938949999999999,2.9302635000000001,3.1050165999999999,3.2796498999999999,3.4678973000000002
2005-06-16,2.6540679000000003,2.8882716999999998,3.0616609000000001,3.2353751000000002,3.4253418999999998
2005-06-17,2.6543139,2.8863469999999998,3.0603015,3.2348289000000001,3.4239870999999997
2005-06-20,2.6533549999999999,2.8731249999999999,3.0437991000000002,3.2220047000000003,3.4154530000000003
2005-06-21,2.6482717999999998,2.8582383,3.0179718000000002,3.1890712000000003,3.3782702999999996
2005-06-22,2.6039835999999998,2.7848742,2.9408892,3.1166655000000003,3.3113972
2005-06-23,2.5910872,2.7804777000000001,2.9372962,3.1093742,3.3009260999999999
2005-06-24,2.5832954000000004,2.7705736999999999,2.9204326999999997,3.0867670999999999,3.2767675000000005
2005-06-27,2.6049745,2.7917136,2.9318737000000001,3.0899098999999999,3.2733177000000002
2005-06-28,2.6409704000000001,2.8350433000000002,2.9807587,3.1403367000000002,3.3241184000000001
2005-06-29,2.6452189000000002,2.8466957000000002,2.9959867,3.1587896999999998,3.3460012999999997
2005-06-30,2.6297022999999999,2.8155679999999998,2.9612281999999999,3.1192408,3.2983739999999999
2005-07-04,2.7497959999999999,2.9557140999999998,3.0917265999999999,3.2411213999999999,3.4153926999999999
2005-07-05,2.7732247000000001,2.9914054999999999,3.1331874000000002,3.2833053000000003,3.4569362999999997
2005-07-06,2.7560574,2.9669514000000001,3.1168989000000002,3.2735262000000001,3.4473235999999998
2005-07-07,2.7244633,2.9395174000000002,3.1014903,3.2677570000000005,3.4455857000000001
2005-07-08,2.7767294000000002,2.9828723000000004,3.1299107999999998,3.2868979,3.4607428000000002
2005-07-11,2.7956028000000002,3.0015855999999999,3.1499104999999998,3.3071370000000004,3.4790842000000004
2005-07-12,2.8819633000000002,3.0760158999999998,3.2211816999999998,3.3775285000000004,3.5458892999999998
2005-07-13,2.8695020000000002,3.0674459999999999,3.2058425000000002,3.3596340000000002,3.5278204
2005-07-14,2.8560493999999998,3.0475174000000003,3.1864735999999998,3.3392824999999999,3.5065909
2005-07-15,2.8550941000000001,3.0496988999999997,3.1881610999999999,3.33948,3.5056953000000002
2005-07-18,2.8647336999999999,3.0669716,3.2071936000000001,3.3590450999999999,3.5279609000000005
2005-07-19,2.8514651,3.0357881999999998,3.1765055000000002,3.3319149000000001,3.5004693000000002
2005-07-20,2.8550827000000001,3.0438383999999998,3.1872708999999997,3.3445888999999998,3.5131626999999996
2005-07-21,2.8597811000000002,3.0574558000000001,3.2107375999999999,3.3745252000000003,3.5482358999999999
2005-07-22,2.7696463000000002,2.9530829000000001,3.1037638999999997,3.2673770999999996,3.4419261999999997
2005-07-25,2.7724788999999999,2.9432901,3.0880787000000001,3.2518337000000002,3.4283352000000002
2005-07-26,2.8096095999999999,2.9803962999999998,3.1249008000000003,3.2856464000000001,3.4584684999999995
2005-07-27,2.8553592000000001,3.0343786000000001,3.1797435999999997,3.3374079000000001,3.5040861999999997
2005-07-28,2.8403020000000003,3.006138,3.1454607000000001,3.2996929000000002,3.4635669
2005-07-29,2.8790285,3.0351919999999999,3.1604970000000003,3.3089773000000005,3.4723042000000004
2005-08-02,2.8945516000000002,3.0780959000000001,3.2155616,3.3673803000000002,3.5337138999999995
2005-08-03,2.8876684999999997,3.0699450000000001,3.2049098999999996,3.3548122999999999,3.5198162999999996
2005-08-04,2.8827392000000001,3.0774040999999999,3.2028440999999996,3.3543669999999999,3.5239113000000004
2005-08-05,2.9485967,3.1482260999999996,3.2881710000000002,3.4401172999999998,3.6045591000000003
2005-08-08,2.9603213999999998,3.1679765999999998,3.3131847999999997,3.4658831999999999,3.6274163999999995
2005-08-09,2.9670426999999999,3.1480831999999999,3.2875516999999999,3.4413282000000005,3.6050208000000001
2005-08-10,2.9792510000000001,3.1721572000000005,3.3228942999999997,3.4801486000000001,3.6437196999999997
2005-08-11,2.9442027999999998,3.1344208,3.2784061000000002,3.4317759000000003,3.5930401999999999
2005-08-12,2.9383027999999998,3.1071626000000001,3.2389980999999999,3.3846196000000002,3.5408122999999998
2005-08-15,2.9689936000000001,3.1390263000000003,3.2678051999999997,3.4128311,3.5695124000000003
2005-08-16,2.9457279000000001,3.0991732999999999,3.2152094,3.3518577999999999,3.5035959999999999
2005-08-17,2.9834431000000001,3.1372651,3.2503758999999999,3.3850426000000002,3.5355735999999998
2005-08-18,2.9613472999999999,3.1012439000000001,3.2134518999999999,3.3491358,3.4990638999999999
2005-08-19,2.9883147000000001,3.1256672000000001,3.2277249000000001,3.3548406000000002,3.4981534000000001
2005-08-22,3.0211977999999999,3.1548699999999998,3.2550564999999998,3.3797306999999996,3.5189389000000002
2005-08-23,3.0276325000000002,3.1462496999999998,3.2440439000000003,3.3670414000000002,3.5050314999999999
2005-08-24,2.9965131,3.1077591,3.2008475000000001,3.3206784000000003,3.4584402999999999
2005-08-25,2.9636070000000001,3.0694526,3.1662290000000004,3.2907177000000001,3.4304296999999999
2005-08-26,2.9938257999999998,3.0918134999999998,3.1850697999999995,3.3073706999999999,3.4444754
2005-08-29,3.0006024999999998,3.0984487999999999,3.1855838999999997,3.3001508999999998,3.4311947000000003
2005-08-30,2.9705301999999998,3.0718882000000001,3.1657956999999999,3.2845844,3.4171193000000004
2005-08-31,2.8547104999999999,2.9838068,3.0938344,3.2174781000000001,3.3584583000000001
2005-09-01,2.7074216,2.8643637000000002,2.9888971999999998,3.1192065000000002,3.2718624000000003
2005-09-02,2.7691748,2.9104681999999999,3.0259716999999999,3.1509204999999998,3.2942697999999999
2005-09-06,2.8583664,2.9948668000000001,3.1114486000000001,3.2333563000000001,3.3698918
2005-09-07,2.8929366000000001,3.0443321000000001,3.169343,3.2960061999999999,3.4328729000000004
2005-09-08,2.8779973000000001,3.0387331,3.1624450999999998,3.2853190999999997,3.4219853000000002
2005-09-09,2.8904290000000001,3.0384973,3.1568483999999999,3.2765462000000003,3.4076226000000003
2005-09-12,2.9150467,3.0668964000000001,3.1827023000000003,3.3029485999999997,3.4376512999999997
2005-09-13,2.9115538000000001,3.056092,3.1692373000000003,3.2875112999999998,3.4191410999999996
2005-09-14,2.9475419,3.0884033,3.1994258999999996,3.3183941000000003,3.4500207999999999
2005-09-15,2.9547013999999998,3.0953014000000003,3.2079401999999999,3.3287090999999998,3.4620963999999996
2005-09-16,2.9943610000000001,3.1485284,3.2674354000000001,3.3862402999999999,3.5145651999999998
2005-09-19,2.9566083999999999,3.1007956000000001,3.2162395000000004,3.3358263999999997,3.4681621000000002
2005-09-20,2.9994578999999999,3.1452196000000003,3.2538046,3.3655220999999997,3.4914652999999998
2005-09-21,2.9858556000000003,3.1233054,3.2280549000000001,3.3373105999999999,3.4600335000000002
2005-09-22,2.9975708999999999,3.1306579000000001,3.2315634000000002,3.3399452000000003,3.4630365000000003
2005-09-23,3.0559159999999999,3.2041483000000004,3.3058657999999999,3.4103135999999998,3.5285417999999997
2005-09-26,3.0969496999999997,3.2432782000000002,3.3448010999999997,3.4493245999999997,3.5674461999999996
2005-09-27,3.1180917999999997,3.2527124999999999,3.3454826,3.4464435,3.5617785
2005-09-28,3.1382108,3.2650112,3.3500563999999997,3.4481641999999999,3.5624676000000002
2005-09-29,3.1656081,3.2983845999999999,3.3846698000000002,3.4836246000000002,3.5977589999999995
2005-09-30,3.1863528000000003,3.3112735999999998,3.3970398999999998,3.4931665000000001,3.6013424000000001
2005-10-03,3.1923667000000004,3.3255703999999997,3.4165603000000004,3.5141186999999996,3.6235203
2005-10-04,3.1887522000000001,3.2991688999999997,3.3796570999999997,3.4733702999999996,3.5822405000000002
2005-10-05,3.1705031000000004,3.2990429000000003,3.3779427000000002,3.4669644000000002,3.5714444999999997
2005-10-06,3.1584854000000004,3.2868903999999999,3.3735262000000001,3.4652219999999998,3.5703904
2005-10-07,3.1832049000000002,3.3114195999999998,3.3994629999999999,3.4900359000000001,3.5909580000000005
2005-10-11,3.2287588999999999,3.3630508000000003,3.4506983999999998,3.5418214000000003,3.6447298000000004
2005-10-12,3.2429545999999996,3.3849597,3.4753553999999998,3.5697047000000004,3.6783466000000002
2005-10-13,3.2402018999999997,3.3826193999999998,3.4759874000000002,3.5736944999999998,3.6837073
2005-10-14,3.2480047999999999,3.3893336000000005,3.4819465000000003,3.5785453,3.6861466000000003
2005-10-17,3.2872522000000002,3.4225070000000004,3.5119494000000002,3.6085617999999999,3.7156319
2005-10-18,3.3253323000000004,3.4518947,3.5342716000000003,3.6272015999999998,3.7308766000000002
2005-10-19,3.3520642000000005,3.4844202999999996,3.5665494999999998,3.6602094000000003,3.7646979999999997
2005-10-20,3.3311426999999996,3.4516553999999999,3.5297663999999997,3.6191410999999998,3.7218111999999999
2005-10-21,3.3303228999999996,3.4481923999999999,3.5214367000000002,3.6047561999999997,3.7011387
2005-10-24,3.3518190000000003,3.4708664000000002,3.5432594999999996,3.6277005999999998,3.7259381999999999
2005-10-25,3.4097839999999997,3.5378802999999999,3.6119127999999998,3.6996824999999998,3.8001800000000001
2005-10-26,3.4355867999999998,3.5720475,3.6514593,3.7417397999999999,3.8432016999999998
2005-10-27,3.4240847999999997,3.5540264000000001,3.6355666000000002,3.7282535999999999,3.829888
2005-10-28,3.4374834999999999,3.5778409999999998,3.6612282000000005,3.7527513999999997,3.8533551999999998
2005-10-31,3.4621322000000001,3.6073220000000004,3.6891933000000003,3.7765246000000001,3.8713929
2005-11-01,3.4773592,3.6215410000000006,3.6978405999999997,3.7807888999999997,3.8746784000000001
2005-11-02,3.4768209000000003,3.6249205,3.7039187,3.7871136000000001,3.8796689000000004
2005-11-03,3.4901272999999997,3.6285467000000002,3.7085392000000001,3.7916195999999998,3.8832198999999998
2005-11-04,3.5058693999999999,3.6810606000000003,3.7493572000000004,3.8177661000000001,3.9147716999999997
2005-11-07,3.5221413999999998,3.6615621000000003,3.7352705999999998,3.8112694000000005,3.8960163999999997
2005-11-08,3.5078038999999999,3.6434757999999996,3.7104612000000001,3.7782431999999999,3.8575604999999999
2005-11-09,3.5511787000000004,3.6915791000000002,3.7568196999999999,3.8262182999999999,3.9064833000000001
2005-11-10,3.5425483,3.6815275000000001,3.7489921000000002,3.8151824000000003,3.8887439000000001
2005-11-14,3.6028707999999998,3.7428815999999996,3.8065878,3.8673503999999999,3.9354461000000001
2005-11-15,3.6090154999999999,3.7269009,3.7864342000000004,3.8451425999999995,3.9095219999999999
2005-11-16,3.5821144,3.6877499,3.7352954,3.7868134999999996,3.8480543999999997
2005-11-17,3.5856434999999998,3.6850918000000004,3.7311799999999997,3.7821098999999996,3.8417996000000003
2005-11-18,3.623265,3.7229973999999997,3.7650141999999995,3.8131657999999997,3.8720091999999999
2005-11-21,3.6382572,3.7334952999999995,3.7719204999999998,3.8174468000000004,3.8732533
2005-11-22,3.5651533999999998,3.6409891000000001,3.6837969999999998,3.7370683000000002,3.7988477999999999
2005-11-23,3.5902565999999996,3.6555813000000001,3.6847370999999995,3.7282839999999999,3.7846553999999997
2005-11-24,3.5955170999999999,3.6610931999999998,3.6866353999999997,3.7272273,3.7820727999999999
2005-11-25,3.6013831000000005,3.6700366999999998,3.7003781999999998,3.7412971000000002,3.7935505000000003
2005-11-28,3.6034504000000003,3.6684683000000002,3.6928006999999998,3.7295942999999996,3.7796086
2005-11-29,3.6426525000000001,3.7051826000000001,3.7374453000000001,3.7777060000000002,3.8266884999999999
2005-11-30,3.6698327000000002,3.7474664999999998,3.7775083999999999,3.8114251000000001,3.8549807
2005-12-01,3.6604491000000001,3.7387832000000003,3.7737425999999998,3.8098703999999999,3.8527450999999999
2005-12-02,3.6786839000000002,3.7682254999999998,3.8030570999999997,3.8386151000000002,3.8823479999999999
2005-12-05,3.6920316,3.7901103999999997,3.8328890999999996,3.8721592999999999,3.9163815
2005-12-06,3.6491134999999999,3.7360683999999997,3.7798072,3.8202860999999997,3.8636052999999997
2005-12-07,3.6654661999999996,3.7549698999999999,3.7913066000000004,3.8298359999999998,3.8765091000000003
2005-12-08,3.6548435999999995,3.7365914999999998,3.7707591999999996,3.8071955999999996,3.8511488000000003
2005-12-09,3.6963755000000003,3.7953817000000001,3.8335108,3.8718001000000002,3.9175816000000001
2005-12-12,3.7296296999999998,3.8292662999999996,3.8665560999999999,3.9041620999999997,3.9490892
2005-12-13,3.7261454000000001,3.8293415,3.8649013000000001,3.8989911000000004,3.9407906000000001
2005-12-14,3.7101549999999999,3.8106564000000001,3.8445506999999997,3.8738318,3.9091347999999999
2005-12-15,3.7284291999999999,3.8155224000000003,3.8446148999999998,3.8720451000000002,3.9049961
2005-12-16,3.7061153,3.7852071,3.8078168000000003,3.8295287999999998,3.8582633
2005-12-19,3.7005971999999998,3.7728234999999999,3.7956865999999998,3.8179663000000001,3.8464809000000004
2005-12-20,3.7114327000000005,3.7887667,3.8184286999999997,3.8446369000000002,3.8740429999999999
2005-12-21,3.7179368999999998,3.8000374000000003,3.8274146,3.8495063000000003,3.8762435999999996
2005-12-22,3.7254737000000002,3.8055850000000002,3.8303229000000001,3.8482300999999994,3.8697206
2005-12-23,3.7240215000000001,3.8086136000000002,3.8329050000000002,3.8468890999999998,3.8634671000000003
2005-12-28,3.7300007000000002,3.7815858000000002,3.7954678999999998,3.8063484999999999,3.8206535000000001
2005-12-29,3.7316152999999996,3.8018813999999996,3.8180823000000004,3.8295102999999999,3.8458975999999998
2005-12-30,3.7639133999999999,3.8278173,3.8492449,3.8621175000000001,3.8747625000000001
2006-01-03,3.7377179000000003,3.7908217,3.8055601000000001,3.8235998000000002,3.8481624999999999
2006-01-04,3.6465923999999998,3.6942408000000002,3.7190841000000003,3.7471432,3.7789362999999998
2006-01-05,3.6172213000000002,3.6723073000000004,3.7061168999999996,3.7429744999999999,3.7824618999999995
2006-01-06,3.6515721000000001,3.7147255999999995,3.7485367999999997,3.7823793000000001,3.8181983000000002
2006-01-09,3.6628368,3.7242299999999999,3.7569635999999997,3.7913618000000002,3.8285700999999999
2006-01-10,3.6968823999999998,3.763007,3.7983283999999999,3.8342592,3.8725041
2006-01-11,3.7235005000000001,3.8009050000000002,3.8334479999999997,3.863858,3.8976932999999998
2006-01-12,3.7208733999999999,3.7932472000000002,3.8257259000000001,3.8557009000000004,3.8873456000000002
2006-01-13,3.7477480999999999,3.7645758000000002,3.7884666999999999,3.8215395999999999,3.8539246999999999
2006-01-16,3.7087747999999996,3.7694982000000001,3.7938936999999999,3.8178600999999999,3.8450454000000001
2006-01-17,3.6851718999999998,3.7314558,3.7532871000000001,3.7782148000000002,3.8061493000000004
2006-01-18,3.6866390999999998,3.7304168,3.7515425999999996,3.7768814999999996,3.8058304999999999
2006-01-19,3.7168481000000004,3.7777590999999999,3.8035608999999999,3.8305962,3.8611635
2006-01-20,3.7130699000000003,3.7728480000000002,3.8029503,3.8340383999999998,3.8678468000000001
2006-01-23,3.7263883,3.7964260999999997,3.8327974999999999,3.8659185999999996,3.8998486999999997
2006-01-24,3.7044123,3.7664572000000001,3.8100350999999999,3.8523662999999999,3.8934772
2006-01-25,3.7355537999999999,3.8125054999999999,3.8606309999999997,3.9062622,3.9513179000000003
2006-01-26,3.7442297,3.8317458999999996,3.8854384,3.9334493999999998,3.9787260999999998
2006-01-27,3.7525903,3.8483059000000002,3.9079020999999998,3.9569470000000004,4.0003602999999996
2006-01-30,3.7650827999999996,3.8558227999999999,3.9150715000000003,3.9657336999999999,4.0111030000000003
2006-01-31,3.7512260999999998,3.8430605999999998,3.9055944,3.9601869999999999,4.0090912999999997
2006-02-01,3.7875578000000001,3.8771597,3.9320753000000002,3.9810303999999999,4.0267672999999995
2006-02-02,3.8073037999999997,3.9028285000000005,3.9511516000000002,3.9933411000000003,4.0346020999999999
2006-02-03,3.8188892000000001,3.9169119000000001,3.9627294000000002,3.9986489999999999,4.0328388000000004
2006-02-06,3.8642913999999999,3.9671897999999999,4.0109073999999998,4.0440642000000002,4.0768471999999996
2006-02-07,3.8775701000000002,3.9643863000000001,4.0060881000000004,4.0406019999999998,4.0738629999999993
2006-02-08,3.8898348,3.9742356000000001,4.0119275000000005,4.0445384999999998,4.0775984999999997
2006-02-09,3.8922356999999996,3.9754486,4.0112689000000001,4.0434280000000005,4.0770678
2006-02-10,3.8861015999999999,3.9672708000000001,4.0131380000000005,4.0538123000000006,4.0920930000000002
2006-02-13,3.8639596999999997,3.9400638000000003,3.9869877999999996,4.0302568000000001,4.0706376999999998
2006-02-14,3.8723898000000001,3.9488448000000003,3.9937088000000003,4.0396364,4.0856535000000003
2006-02-15,3.8704113999999996,3.9470971000000001,3.9962728000000003,4.0416515999999998,4.0833021999999994
2006-02-16,3.8556512000000001,3.9213831999999997,3.9669099999999999,4.0121776999999996,4.0553181
2006-02-17,3.8364664999999998,3.8855426,3.9231470999999996,3.9624522000000004,3.9995492000000001
2006-02-20,3.8374248,3.8804084000000003,3.9141985999999998,3.9512406000000002,3.9877992999999998
2006-02-21,3.8762809000000003,3.9114459999999998,3.9478108999999999,3.9842699000000001,4.0167659000000002
2006-02-22,3.8668600999999998,3.8923107999999997,3.9272074999999997,3.9621917999999998,3.9915683
2006-02-23,3.8996176,3.9426521999999999,3.9700272000000001,3.9984685,4.0264592000000006
2006-02-24,3.9256818,3.9696213,3.9951457000000001,4.0219697999999999,4.0489183999999998
2006-02-27,3.9259605000000004,3.9698324999999999,3.9980169000000001,4.0269098000000003,4.0550994999999999
2006-02-28,3.8938417000000003,3.9337291000000003,3.9630085000000004,3.9936401000000004,4.0229851999999999
2006-03-01,3.9022280999999999,3.9421204000000003,3.9733486999999998,4.0075257000000004,4.0409325000000003
2006-03-02,3.8887402,3.9338870999999997,3.9778606999999999,4.0227952,4.0635398
2006-03-03,3.9130579000000001,3.9717088999999999,4.0147759000000001,4.0593066999999996,4.1017777999999998
2006-03-06,3.9143044000000002,3.9802431,4.0331817000000001,4.0878949999999996,4.1394652000000001
2006-03-07,3.8581482,3.9235124000000003,3.9795308,4.0367661999999997,4.0895517000000003
2006-03-08,3.8298817999999999,3.8880113000000001,3.9404544000000001,3.9987545999999998,4.0558512000000002
2006-03-09,3.8598206000000004,3.9195889999999998,3.9697665999999998,4.0238999999999994,4.0763232
2006-03-10,3.8799181000000003,3.9485410999999999,4.0021244999999999,4.0569388000000002,4.1091353999999995
2006-03-13,3.8781235999999994,3.9464902000000004,4.0046350000000004,4.0636687,4.1184121999999999
2006-03-14,3.8422649000000004,3.9003198000000001,3.9549042000000001,4.0088946999999999,4.0566887999999999
2006-03-15,3.8459483000000003,3.9029895000000003,3.9553313999999999,4.0088492000000002,4.0582368000000004
2006-03-16,3.7951721000000003,3.8375494000000003,3.887934,3.9406957999999999,3.9882114000000004
2006-03-17,3.8274046999999998,3.8703494999999997,3.9145815000000002,3.9633276000000004,4.0100398999999998
2006-03-20,3.8323744,3.8746928999999999,3.9227204000000002,3.9749469000000004,4.0237376999999999
2006-03-21,3.8847898999999999,3.9257273000000001,3.9802984000000001,4.0349468999999996,4.0811476999999998
2006-03-22,3.8967961000000004,3.9296378000000001,3.9755918000000001,4.0257383999999998,4.0709935000000002
2006-03-23,3.9026515999999996,3.9440149,3.9936655000000001,4.0448941000000005,4.0901227000000002
2006-03-24,3.8563839000000004,3.8762392000000001,3.9231855000000002,3.9753406,4.0201951999999999
2006-03-27,3.8927347999999999,3.9042135999999998,3.9490748999999998,4.0030766,4.0506937000000001
2006-03-28,3.9363809000000001,3.9418743999999997,3.9857027000000005,4.0404309999999999,4.0891348000000001
2006-03-29,3.9535480999999999,3.9629319000000005,4.0049213000000004,4.0600320000000005,4.1112909000000002
2006-03-30,3.9586547999999997,3.9770717999999996,4.0272057999999999,4.0892369999999998,4.1459665000000001
2006-03-31,3.956089,3.9706104,4.0198507000000001,4.0806066000000003,4.1356494000000001
2006-04-03,3.9770854,4.0049875999999998,4.059482,4.1221587,4.1773251
2006-04-04,3.9966989000000002,4.0209805999999997,4.0833994999999996,4.1514465000000005,4.2074305999999995
2006-04-05,3.9869725000000003,4.0156796000000003,4.0750535000000001,4.1412872000000007,4.1978929999999997
2006-04-06,4.0083709000000001,4.0292006999999996,4.0903480999999999,4.1603485000000004,4.2202482999999997
2006-04-07,4.0222923000000002,4.1211719999999996,4.1529511000000001,4.2098078000000001,4.2765377999999998
2006-04-10,4.0827988,4.1083280000000002,4.1644513999999999,4.2263070999999997,4.2782377
2006-04-11,4.0749618999999999,4.0907166000000004,4.1411569999999998,4.2017066999999999,4.2543403
2006-04-12,4.0673857,4.0864355999999997,4.1455893000000001,4.2112261000000002,4.2657487000000005
2006-04-13,4.0692051999999999,4.0934983999999996,4.1645493999999994,4.2424919000000001,4.3068309999999999
2006-04-17,4.0307189000000001,4.0460297999999995,4.1154221999999994,4.1946168999999998,4.2623835999999997
2006-04-18,4.0031642999999999,4.0137587999999997,4.0809972999999999,4.1618222000000005,4.2335361000000002
2006-04-19,4.0215122999999995,4.0473974000000004,4.1172728000000003,4.1970113000000007,4.2704148999999996
2006-04-20,4.0423122999999999,4.0730631000000006,4.1423351999999998,4.2245253000000007,4.2999847999999998
2006-04-21,4.0271963,4.0459890999999999,4.1139238000000002,4.1961288999999997,4.2709228000000001
2006-04-24,4.0193278000000001,4.0464221,4.1118434000000006,4.1858787,4.2544569000000001
2006-04-25,4.0995476000000002,4.1361922,4.2070005000000004,4.2831066,4.3486437000000002
2006-04-26,4.1138300000000001,4.1581622999999999,4.2320190000000002,4.3067460999999998,4.3715932999999998
2006-04-27,4.0809896999999999,4.1184799999999999,4.1930791000000003,4.2700779999999998,4.3379044999999996
2006-04-28,4.0661640999999999,4.0961989000000001,4.1641987999999994,4.2355579999999993,4.3006272999999995
2006-05-01,4.1062059999999994,4.1432134000000005,4.2142059999999999,4.2871689999999996,4.3526015999999998
2006-05-02,4.1035532999999997,4.1254778999999999,4.1880135000000003,4.2569191000000002,4.3217273
2006-05-03,4.1221017999999994,4.1451916999999998,4.2028105,4.2661968999999997,4.3261218000000001
2006-05-04,4.1092041000000004,4.1227711999999999,4.1847200000000004,4.2520056000000004,4.3130379000000003
2006-05-05,4.1190330999999993,4.1133718000000004,4.1711897999999996,4.2408514000000004,4.3011251000000001
2006-05-08,4.1164306999999996,4.1057743000000002,4.1579306000000003,4.2292791000000003,4.2957961000000005
2006-05-09,4.1011351999999999,4.0875181999999999,4.1440694999999996,4.2218442999999999,4.2946184999999995
2006-05-10,4.1175240000000004,4.1030831000000001,4.1570226999999997,4.2328551999999995,4.3046576999999999
2006-05-11,4.0792343000000004,4.0695353000000001,4.1346826000000005,4.2189190000000005,4.2949264999999999
2006-05-12,4.0449406000000003,4.0624769000000001,4.1305648000000001,4.2074192000000004,4.2766592000000001
2006-05-15,4.0678664000000007,4.0457771999999999,4.102125,4.1787904999999999,4.2484769999999994
2006-05-16,4.0598670000000006,4.0275021000000004,4.0768154000000001,4.1478764000000004,4.2128354999999997
2006-05-17,4.0867778000000001,4.0579362000000003,4.0999520999999994,4.1633789999999999,4.2237888000000003
2006-05-18,4.0347257000000001,3.9993191999999995,4.0403156999999998,4.1033637999999995,4.162655
2006-05-19,4.0775929,4.0536910000000006,4.0909531000000001,4.1471802000000002,4.2004779000000001
2006-05-23,4.0682929000000003,4.0376779999999997,4.0700197000000005,4.1235612999999995,4.1764253
2006-05-24,4.1100911,4.0667615999999995,4.0861011999999999,4.1284779,4.1729723000000005
2006-05-25,4.1036669999999997,4.0536352999999998,4.0706638000000002,4.1130661999999996,4.1587297000000003
2006-05-26,4.1113283999999997,4.0641138000000003,4.0806728999999997,4.1216290000000004,4.1661201000000005
2006-05-29,4.1244496999999996,4.078525,4.0922649,4.1291541,4.1697348000000005
2006-05-30,4.1283957999999998,4.0997715999999995,4.1263323999999999,4.1712749999999996,4.2162243000000004
2006-05-31,4.1661584000000005,4.1562070999999996,4.1969512,4.2525702999999995,4.3053030999999997
2006-06-01,4.1552167999999998,4.1226339999999997,4.1514467999999995,4.2014371000000006,4.251112
2006-06-02,4.1112719999999996,4.0603637999999993,4.0809435999999994,4.1272978,4.1753032000000001
2006-06-05,4.1238359000000004,4.0747745000000002,4.0936173,4.1375191999999998,4.1834195999999997
2006-06-06,4.1338509000000005,4.0793482999999995,4.0900125000000003,4.1257862000000003,4.1650524999999998
2006-06-07,4.1497216000000003,4.0981879000000001,4.1085723999999999,4.1432811999999997,4.1818379000000006
2006-06-08,4.1519102999999999,4.1009321000000005,4.1091514,4.1421054999999996,4.1803647999999995
2006-06-09,4.2396851,4.1979161000000005,4.2003902000000002,4.2225965999999993,4.2496915
2006-06-12,4.2365326999999997,4.1921284999999999,4.1902377999999993,4.2095232999999999,4.2358026999999998
2006-06-13,4.2288471000000003,4.1591066000000003,4.1504235999999999,4.1685650999999995,4.1940080999999996
2006-06-14,4.2552518999999993,4.1909685000000003,4.1803844999999997,4.1985263000000002,4.2259579
2006-06-15,4.2671356000000005,4.2073603999999998,4.2053260999999997,4.2296294999999997,4.2611725000000007
2006-06-16,4.2615929000000001,4.2078422999999994,4.2079142999999997,4.2318078000000003,4.2617568000000006
2006-06-19,4.2752871999999993,4.2191675000000002,4.2128318999999994,4.2362890999999996,4.2707936000000002
2006-06-20,4.3568745,4.3197771000000005,4.3196440000000003,4.3396336,4.3665098000000002
2006-06-21,4.3551232000000004,4.3329260999999999,4.3370820999999999,4.3602508000000002,4.3909060999999996
2006-06-22,4.3664674000000003,4.3453498999999995,4.3553829999999998,4.3834016,4.4174078999999997
2006-06-23,4.3914144999999998,4.3836506999999996,4.3974007000000004,4.4282890999999998,4.4653907999999998
2006-06-26,4.4069925000000003,4.4080580000000005,4.4288482,4.4622197000000003,4.4985268999999999
2006-06-27,4.4113507000000007,4.4006219,4.4173676999999998,4.4458760999999996,4.4762420999999994
2006-06-28,4.4344729999999997,4.4285310999999998,4.4402317,4.4688641000000002,4.5032904999999994
2006-06-29,4.3702752,4.3551390000000003,4.3772231000000001,4.4128692999999997,4.4490426999999997
2006-06-30,4.3860960999999996,4.3731404000000005,4.3861116999999998,4.4159179000000002,4.4502079999999999
2006-07-04,4.3962805000000005,4.3960184,4.4128731999999999,4.4423053999999995,4.4748085
2006-07-05,4.4139666000000002,4.4063077000000002,4.4215346000000002,4.4509346999999995,4.4836138999999999
2006-07-06,4.4039517000000004,4.3905716999999997,4.4054365999999998,4.4341923999999997,4.4653010000000002
2006-07-07,4.3057910999999995,4.2839450000000001,4.2999115999999997,4.3316704999999995,4.3654115000000004
2006-07-10,4.2962499000000003,4.2670367999999996,4.2789869999999999,4.3073015999999997,4.3376421999999994
2006-07-11,4.2465859999999997,4.2141755000000005,4.2305507000000002,4.2658202000000003,4.3030197000000001
2006-07-12,4.2327687000000003,4.2065736999999999,4.2297415999999997,4.2711077,4.3133175000000001
2006-07-13,4.2241266,4.1991776000000005,4.2225991999999994,4.2644878999999998,4.3071178999999997
2006-07-14,4.2103456999999995,4.1870975000000001,4.2127074999999996,4.2557632999999999,4.2985673000000002
2006-07-17,4.2206759000000007,4.1956277000000002,4.2165546999999997,4.2552159999999999,4.2948868000000004
2006-07-18,4.2494886000000003,4.2344584999999997,4.2607819999999998,4.3026363999999999,4.3443377999999999
2006-07-19,4.2126571000000004,4.1866865000000004,4.2091346999999999,4.2497913,4.2911321999999998
2006-07-20,4.2189183999999997,4.1888807999999997,4.2050380999999994,4.2406350000000002,4.2792126000000001
2006-07-21,4.1807753999999999,4.1404131,4.1550018,4.1923950999999997,4.2338298999999999
2006-07-24,4.1645792000000004,4.1209585999999998,4.1374260999999999,4.1769195000000003,4.2193472000000005
2006-07-25,4.1905720999999998,4.1498242999999997,4.1673713000000001,4.2078695999999995,4.2514982999999997
2006-07-26,4.1789883000000003,4.1334159000000001,4.1507494999999999,4.1919029999999999,4.2356343999999995
2006-07-27,4.1843776999999998,4.1339237000000004,4.1445957999999994,4.1815536,4.2243906999999998
2006-07-28,4.1726019000000001,4.1259565,4.1330739999999997,4.1634119999999992,4.1994325999999997
2006-07-31,4.1525961000000002,4.0963678000000003,4.0993817000000004,4.1288258000000004,4.1655556000000002
2006-08-01,4.1426258999999996,4.0861333999999996,4.0921868000000003,4.1240014,4.1615863000000006
2006-08-02,4.1606290999999995,4.1054136999999997,4.1110822999999996,4.1427665000000005,4.1801613
2006-08-03,4.1766901000000001,4.1318409999999997,4.1386429000000007,4.1679724,4.2021218999999999
2006-08-04,4.1534195,4.1022886999999999,4.1086163000000004,4.1386957999999998,4.1733498999999998
2006-08-08,4.1514937999999999,4.0941656000000002,4.0973894,4.1254945000000003,4.1586534999999998
2006-08-09,4.1504764999999999,4.0992035000000007,4.0966373000000003,4.1193612000000002,4.1508923000000006
2006-08-10,4.1523645,4.1075846,4.1091620000000004,4.1337120999999994,4.164981
2006-08-11,4.1661343000000004,4.1252914000000001,4.1288756000000006,4.1560742999999993,4.1905449999999993
2006-08-14,4.1861296999999995,4.1529788999999999,4.1540566000000005,4.1787429000000005,4.2118440000000001
2006-08-15,4.1552313999999999,4.1135814000000002,4.1152695000000001,4.1369414000000004,4.1641755000000007
2006-08-16,4.128425,4.0755739000000002,4.0682575999999999,4.0883709999999995,4.1180333999999998
2006-08-17,4.1270027999999996,4.0656439000000004,4.0526599000000001,4.0698062999999998,4.0988115000000001
2006-08-18,4.1090127000000001,4.0351711999999997,4.0167581999999999,4.0333777,4.0634066000000004
2006-08-21,4.0966830999999999,4.0227256000000002,4.003501,4.019228,4.0484732000000001
2006-08-22,4.1050484999999997,4.0225394999999997,4.0019631999999996,4.0166510000000004,4.0441232999999999
2006-08-23,4.1065652000000004,4.0262245000000005,4.0051731999999998,4.0208184000000005,4.0498994000000001
2006-08-24,4.1079115000000002,4.0221206,4.0018305999999999,4.0181508999999993,4.0470190000000006
2006-08-25,4.0967962,4.0090588,3.9839131000000001,3.9983200000000005,4.0274292000000003
2006-08-28,4.0933359000000005,4.0145913999999996,3.9964240999999996,4.0103216999999995,4.0349905000000001
2006-08-29,4.0896431,4.0071781,3.9834106,3.9944386999999999,4.0178265
2006-08-30,4.0606920999999998,3.9724703999999997,3.9506069999999998,3.9612156000000001,3.9823961999999997
2006-08-31,4.0362289000000002,3.9450789999999998,3.9280701000000002,3.9434603999999998,3.9677919999999998
2006-09-01,4.0134540000000003,3.9140904999999995,3.8993348999999995,3.9166653000000005,3.9412574
2006-09-05,4.0448285000000004,3.9462326000000001,3.9301153999999996,3.9512917000000001,3.9834464000000001
2006-09-06,4.0534315000000003,3.9571122999999999,3.9386200000000002,3.958669,3.9904842000000005
2006-09-07,4.0482455999999996,3.9557754000000003,3.9371931,3.9547348000000002,3.9834714999999998
2006-09-08,4.0128471999999995,3.9181661999999999,3.8996089999999999,3.9174780999999999,3.9472741
2006-09-11,4.0377949000000006,3.9475367999999995,3.9277019000000002,3.9474898999999999,3.9818076000000002
2006-09-12,4.0276298000000006,3.9429618999999998,3.9251345,3.9395036999999999,3.9644991999999997
2006-09-13,4.0379645000000002,3.9502260999999996,3.9308760999999999,3.9448174000000003,3.9698474999999998
2006-09-14,4.0586862999999997,3.9715723999999999,3.9510879999999999,3.9624632000000002,3.9846510000000004
2006-09-15,4.0597973999999999,3.9670128,3.9374609999999999,3.9430123999999998,3.9623925999999998
2006-09-18,4.0665779999999998,3.9695024000000001,3.9410781999999998,3.9500194000000004,3.9733066999999997
2006-09-19,4.0326466999999999,3.9332712999999999,3.9039369999999995,3.9105657000000003,3.9315958999999996
2006-09-20,4.0365900000000003,3.9435448999999996,3.9153853000000001,3.9204384999999999,3.9392573
2006-09-21,4.0117123999999995,3.8957621999999996,3.8596287,3.8617697,3.8791511000000001
2006-09-22,3.9720765,3.8645008000000001,3.8314657000000003,3.8342792999999999,3.8514672000000001
2006-09-25,3.9373815999999997,3.8139842000000002,3.7741897000000004,3.7740476000000003,3.7901659999999997
2006-09-26,3.9755568999999999,3.8539362000000001,3.8141148999999999,3.8145626000000004,3.8311196000000001
2006-09-27,3.9781239000000004,3.8628091000000002,3.8224976000000002,3.8220716000000001,3.8391550000000003
2006-09-28,3.9824365999999998,3.8689245999999997,3.8301653,3.8301954,3.8471172999999999
2006-09-29,3.9870633000000004,3.8785570999999996,3.8433627999999995,3.8443444000000002,3.8605891000000003
2006-10-02,3.9742992999999998,3.8596364000000003,3.8222925999999999,3.8227706000000001,3.8392426999999998
2006-10-03,3.9883112999999999,3.8766775000000004,3.8386128999999998,3.8371708999999998,3.8513937999999999
2006-10-04,3.9746172000000004,3.8491490000000002,3.8076797000000004,3.8068187000000004,3.8229648999999997
2006-10-05,4.0038141999999999,3.8893004000000002,3.8508751000000001,3.8499987999999998,3.8653263999999998
2006-10-06,4.0455828,3.9531665,3.9233037999999998,3.9260412000000002,3.9427632999999997
2006-10-10,4.0654915000000003,3.9772193999999996,3.9486292999999999,3.9528404000000004,3.9710823999999998
2006-10-11,4.0900537000000003,4.0203823999999999,3.9869173999999998,3.9840544999999996,3.998122
2006-10-12,4.0798671000000004,4.0050941,3.9752708999999999,3.9786950000000001,3.9988584
2006-10-13,4.0845317999999997,4.0124190999999998,3.9853069999999997,3.9926704000000002,4.0172249999999998
2006-10-16,4.0716448999999999,3.9915068999999996,3.9667890999999997,3.9752970999999997,3.9993281000000001
2006-10-17,4.0843119999999997,4.0109095999999997,3.9861895999999999,3.9930148000000001,4.0155719000000003
2006-10-18,4.0778403999999995,4.0058245999999995,3.9830151000000003,3.9888382999999998,4.0084775000000006
2006-10-19,4.0915172999999996,4.0239449,4.0018201000000007,4.0082803,4.0290694
2006-10-20,4.1097549999999998,4.0465235000000002,4.0184217000000002,4.0182742000000005,4.0346263999999996
2006-10-23,4.1268412999999997,4.0708294,4.0418361000000003,4.0419245000000004,4.0598122999999999
2006-10-24,4.1275950999999997,4.0737313999999998,4.0457247000000001,4.0451315000000001,4.0617519
2006-10-25,4.1086891999999997,4.0478760000000005,4.0195157999999998,4.0186945000000005,4.0340668000000006
2006-10-26,4.0744053000000005,3.9960369000000004,3.9643149000000002,3.9630548999999999,3.9779024000000005
2006-10-27,4.0569952000000002,3.9714217000000005,3.9349794999999999,3.9298324000000004,3.9415332999999997
2006-10-30,4.0596179000000001,3.9686528000000001,3.9314527000000004,3.9260730000000001,3.9371863
2006-10-31,4.0365508999999999,3.9337521999999998,3.8907784000000003,3.8829515000000003,3.8932486000000002
2006-11-01,4.0002116999999995,3.8767676,3.8330612999999998,3.8308292000000002,3.8472368000000001
2006-11-02,4.0173589999999999,3.8991227000000004,3.8600457999999995,3.8612394000000001,3.8798092
2006-11-03,4.0899631000000003,3.9921955000000002,3.9571001000000003,3.9582490999999997,3.9760982
2006-11-06,4.0872358000000002,3.9913638000000002,3.9522052000000003,3.9497274,3.9655391
2006-11-07,4.0548520999999997,3.9493688999999996,3.9087824000000002,3.9062148999999997,3.9218291000000001
2006-11-08,4.0437364000000002,3.9415209,3.8990636000000003,3.8932461000000003,3.9064144000000001
2006-11-09,4.0420148000000005,3.9251529999999999,3.8823341999999998,3.8819132999999999,3.9004039999999995
2006-11-10,4.0269890999999998,3.9025156999999999,3.8588909999999998,3.8571597999999998,3.8732377999999996
2006-11-14,4.0376133999999997,3.9097502,3.8558241999999998,3.8460230999999996,3.8575714999999997
2006-11-15,4.0568702999999999,3.9333120999999998,3.8828545999999999,3.876128,3.8901910999999996
2006-11-16,4.0575884000000002,3.9409896999999998,3.8945151999999998,3.8900768000000001,3.9052905999999998
2006-11-17,4.0247508000000005,3.9027104000000001,3.8604525999999999,3.8595025999999999,3.8756221000000002
2006-11-20,4.0061263,3.8810526999999997,3.8381386000000002,3.8393241000000002,3.8594280000000003
2006-11-21,4.0089167000000003,3.8847556999999999,3.8413273999999999,3.8410934000000001,3.8594046999999998
2006-11-22,4.0139737000000002,3.8853595999999997,3.8376622999999999,3.8339697999999998,3.8494984000000003
2006-11-23,4.0222587999999995,3.8958623999999995,3.8488285999999996,3.8442293000000003,3.8582331999999999
2006-11-24,4.0087228000000001,3.887845,3.8418926999999998,3.8362060000000002,3.8484623000000004
2006-11-27,3.9987214999999998,3.8671169999999999,3.8225739000000001,3.8191218,3.8320908
2006-11-28,3.9843870000000003,3.8431636,3.7924848999999998,3.7856038000000001,3.7970709
2006-11-29,3.9936001999999999,3.8547307000000002,3.8043199999999997,3.7984129999999996,3.8117619
2006-11-30,3.9596994000000003,3.8209174999999997,3.7701322000000004,3.7626778000000001,3.7741986999999999
2006-12-01,3.8939023000000001,3.7402605999999996,3.6914381000000005,3.6934492999999997,3.7162944000000002
2006-12-04,3.8947291000000002,3.7440421000000002,3.6973303,3.7006631999999997,3.7242552
2006-12-05,3.9200938999999999,3.7480275999999999,3.6998344000000003,3.7060481999999997,3.7317995000000002
2006-12-06,3.9414088999999999,3.7785610999999997,3.7333256000000001,3.7403987000000001,3.7664193999999998
2006-12-07,3.9416460999999998,3.7696936000000001,3.7233358999999999,3.7314273,3.7582825999999998
2006-12-08,3.9897569000000002,3.8290829999999998,3.7810080000000004,3.7840517999999999,3.8064102000000002
2006-12-11,3.9958197000000002,3.8273625,3.7698368000000002,3.7653600000000003,3.7828186000000001
2006-12-12,3.9787158000000002,3.8079435000000004,3.7489775000000005,3.7446825000000001,3.7636082000000002
2006-12-13,4.0174669999999999,3.8607124000000002,3.8048541999999999,3.8030422000000002,3.8251539999999999
2006-12-14,4.0385559000000004,3.8942897999999997,3.8370830000000002,3.8315754000000002,3.8511181999999997
2006-12-15,4.0272493999999996,3.8894799,3.8408587000000001,3.8425517,3.8672956000000003
2006-12-18,4.0447585000000004,3.9139829000000002,3.8687905000000002,3.8742008999999999,3.9019932000000002
2006-12-19,4.0420195999999997,3.9099167999999995,3.8643990000000001,3.8685695,3.8948638
2006-12-20,4.0389308000000002,3.9101127999999998,3.8635939000000001,3.8657324000000002,3.8901956000000002
2006-12-21,4.0002246000000001,3.8574395999999997,3.8115652999999998,3.8159105999999996,3.8411607999999999
2006-12-22,4.0264153,3.8918499000000004,3.8481964,3.8519003000000005,3.8758454999999996
2006-12-27,4.0493117999999999,3.9231468999999999,3.8805253999999998,3.8862474000000002,3.9131882
2006-12-28,4.0738145000000001,3.9600209999999998,3.9205227000000002,3.9267609999999999,3.9531966000000001
2006-12-29,4.0675533999999995,3.9623260999999999,3.9247852999999999,3.9295928,3.9540449
2007-01-02,4.0510817999999995,3.9356423999999999,3.8968161000000001,3.9031190000000002,3.9288478000000002
2007-01-03,4.0404226000000003,3.9127717,3.8743211,3.883445,3.9114599999999999
2007-01-04,4.0039778999999998,3.8649192999999999,3.8255311999999999,3.8356301000000004,3.8640788000000001
2007-01-05,4.0501936000000001,3.9204012000000001,3.8779645,3.8837161,3.9095017000000003
2007-01-08,4.0642519999999998,3.9365496000000002,3.8905773999999997,3.8943106999999997,3.9203290000000002
2007-01-09,4.0685177000000001,3.9415171999999998,3.8947019999999997,3.8971659000000001,3.9219743
2007-01-10,4.0687917999999996,3.9491490999999996,3.9087918999999998,3.9149147000000002,3.9409685999999997
2007-01-11,4.0935229,3.9891060999999999,3.9506318,3.9552028000000004,3.9796052999999998
2007-01-12,4.1051532000000002,4.0069090999999997,3.9703561000000001,3.9763582,4.0024986999999994
2007-01-15,4.1020113,4.0074994000000004,3.9732447999999998,3.9797474999999998,4.0054394999999996
2007-01-16,4.1059924999999993,4.0074445000000001,3.9706633999999998,3.9768212999999997,4.0028584999999994
2007-01-17,4.1220134000000002,4.0273553,3.9939331,4.0021894000000007,4.0293384000000003
2007-01-18,4.1111274,4.0130235000000001,3.9721173999999997,3.9754992000000002,4.0006972000000003
2007-01-19,4.1144885000000002,4.0201079000000002,3.9810592999999996,3.984534,4.0086418999999998
2007-01-22,4.1093432999999999,4.0139127999999999,3.9775985999999999,3.9828086999999996,4.0074814999999999
2007-01-23,4.1126440000000004,4.0219132999999996,3.9913892,4.0013477000000002,4.0292672999999999
2007-01-24,4.12066,4.0290713,3.9981203000000001,4.0094798999999997,4.0388920000000006
2007-01-25,4.1416111999999998,4.0673417000000001,4.0409860999999996,4.0515781000000004,4.0786305
2007-01-26,4.1522486000000001,4.0733423999999996,4.0408296000000004,4.0468150999999999,4.0710370999999999
2007-01-29,4.1565444999999999,4.0825914999999995,4.0553716,4.0656176000000004,4.0928038000000004
2007-01-30,4.1514327,4.0802202000000003,4.0543325999999995,4.0657071,4.0941266000000001
2007-01-31,4.1283582000000001,4.0460751000000004,4.0144468,4.0225822999999998,4.0489367999999999
2007-02-01,4.1468258000000002,4.0701467999999998,4.0395536000000005,4.0478886999999997,4.0744425
2007-02-02,4.1351933000000001,4.0535489,4.0256416000000002,4.0358229000000003,4.0619021999999996
2007-02-05,4.1265776000000001,4.0405555,4.0109671000000002,4.0199644999999995,4.0449559000000006
2007-02-06,4.1091442000000002,4.0165872999999994,3.9818511000000001,3.9864304000000002,4.0085475000000006
2007-02-07,4.0984080999999994,4.0017230000000001,3.9699937999999997,3.9752775999999996,3.9955081000000003
2007-02-08,4.0926491,3.9918912,3.9595857999999997,3.9650468000000001,3.9859335000000002
2007-02-09,4.1404452999999997,4.0514673999999999,4.0172938999999994,4.0215776999999999,4.0433678000000004
2007-02-12,4.1533911000000003,4.0739148000000007,4.0469444000000001,4.0546854000000003,4.0774773
2007-02-13,4.1604320000000001,4.0893107999999998,4.0644802000000002,4.0739306000000006,4.0981719999999999
2007-02-14,4.1132359999999997,4.0239658999999994,3.9935481000000004,4.0005318999999995,4.0233036000000002
2007-02-15,4.1022045,4.0057909,3.9744816000000003,3.9804425999999995,4.0013031999999997
2007-02-16,4.1038382999999996,3.9992998000000002,3.9661798999999998,3.9710012000000003,3.9904272999999999
2007-02-19,4.0982256000000001,3.9923449,3.9588931999999999,3.9630646,3.9821296999999998
2007-02-20,4.0978902000000001,3.9892140999999999,3.9531898000000001,3.9539511999999997,3.9690970999999999
2007-02-21,4.1184051999999998,4.0126619000000003,3.9740720999999999,3.9736022000000002,3.9891244000000001
2007-02-22,4.1420414000000001,4.0429972000000003,4.0064183,4.0091298000000002,4.0281589999999996
2007-02-23,4.1128950999999994,4.0095552000000003,3.9761897999999998,3.9791915999999996,3.9963937999999999
2007-02-26,4.0804337000000004,3.9809968000000002,3.9445203999999996,3.9435007,3.9568559000000003
2007-02-27,3.9931889999999997,3.8641003999999999,3.8395199,3.8530113999999998,3.8750119999999999
2007-02-28,4.0236731999999993,3.9035267,3.8768298999999997,3.8903847999999996,3.9148710000000002
2007-03-01,4.0060571000000005,3.8874006000000003,3.8631094999999998,3.8786310999999998,3.9049253999999998
2007-03-02,3.9683297999999998,3.8372772999999998,3.8171274999999998,3.8383131000000001,3.8684435000000001
2007-03-05,3.9540700999999996,3.8263173999999998,3.8098499000000001,3.8324320000000003,3.8627379000000004
2007-03-06,3.9804753999999996,3.8547346000000005,3.8317069000000004,3.8476075999999999,3.8732877999999999
2007-03-07,3.9432187000000001,3.8046733000000001,3.7809176,3.8006617999999999,3.8303754000000003
2007-03-08,3.9574560000000001,3.8239255000000001,3.8013567999999998,3.8200794000000005,3.8484704000000001
2007-03-09,4.0228732000000003,3.9103935999999999,3.8878678,3.9022554999999999,3.9268787000000001
2007-03-12,4.0099209,3.8914649000000003,3.8675577000000003,3.8814056999999997,3.9051731999999997
2007-03-13,3.9537617999999997,3.8251198,3.8063073000000003,3.8254481999999999,3.8518195
2007-03-14,3.9732656999999998,3.8546230000000001,3.8384928,3.8604607999999998,3.8909319999999998
2007-03-15,3.9758303000000002,3.8568655999999999,3.8390159000000001,3.8593832000000003,3.8881882999999999
2007-03-16,3.9895455000000002,3.8711188999999999,3.8519506000000003,3.8700774,3.8971144999999998
2007-03-19,4.0097288000000004,3.9021949,3.8850352999999997,3.9028754000000001,3.9295589999999998
2007-03-20,4.0472413999999999,3.9468136,3.9237622000000001,3.9346958999999999,3.9565663999999998
2007-03-21,4.0249506999999998,3.9163281000000003,3.8959194000000004,3.9131702999999995,3.9415316999999996
2007-03-22,4.0515499000000004,3.9463436999999999,3.9231974000000003,3.9387651000000004,3.9665403000000001
2007-03-23,4.0530511000000002,3.9499515999999999,3.9274507000000001,3.9442504000000005,3.9737616000000004
2007-03-26,4.0514793000000004,3.9496153999999999,3.9248900000000004,3.9407986999999998,3.9704800999999996
2007-03-27,4.0553013999999994,3.9497988999999998,3.9200197000000001,3.9304699999999997,3.9558529
2007-03-28,4.043622,3.9410120000000002,3.9167578000000001,3.9317257000000003,3.9602510999999998
2007-03-29,4.0660183000000005,3.9649193,3.9404131000000002,3.9541708,3.9816728000000001
2007-03-30,4.0569122000000002,3.9545718000000001,3.9313966999999996,3.9463194000000001,3.9738004999999998
2007-04-02,4.0584927000000004,3.9573968000000002,3.9367502999999999,3.9533510000000001,3.9814394000000002
2007-04-03,4.0702957999999994,3.9781767000000001,3.9599220999999996,3.9775229000000003,4.0067518
2007-04-04,4.0575767999999997,3.9575684999999998,3.9374658,3.9532554999999996,3.9801451000000001
2007-04-05,4.0906086999999998,4.0003815999999999,3.9775909,3.9894080000000001,4.0135874999999999
2007-04-09,4.1448046000000005,4.0693997,4.0424617000000005,4.0504366999999997,4.0734693000000002
2007-04-10,4.1278671000000005,4.0530980999999997,4.0266247000000002,4.0318166,4.0509182999999993
2007-04-11,4.1464438000000001,4.0743609000000003,4.0443837,4.0470723,4.0654775000000001
2007-04-12,4.1449657999999996,4.0765114999999996,4.0517317999999998,4.0575763,4.0770512999999999
2007-04-13,4.1618576999999997,4.1039985000000003,4.0801184999999993,4.0847728999999999,4.1029005999999999
2007-04-16,4.1694195000000001,4.108244,4.0814246999999995,4.0853179000000006,4.1039956000000002
2007-04-17,4.1561914,4.0860506000000001,4.0523913,4.0531362,4.0708058999999999
2007-04-18,4.1621445000000001,4.0897066000000004,4.0552505000000005,4.0563484000000001,4.0739894000000003
2007-04-19,4.1646561000000002,4.0923587999999995,4.0594336000000002,4.0612905000000001,4.0793331000000004
2007-04-20,4.1995659999999999,4.1393132000000001,4.1047973000000004,4.1027677000000002,4.1170761999999996
2007-04-23,4.1844623999999992,4.1169640000000003,4.0774577999999995,4.0725929000000001,4.0852426999999993
2007-04-24,4.1605116999999998,4.0841627000000003,4.0444963000000005,4.0400711999999999,4.0531183999999998
2007-04-25,4.1713250999999998,4.0966372,4.0542045,4.0466984999999998,4.0572780000000002
2007-04-26,4.1733536000000004,4.1101982000000001,4.0778677999999999,4.0772348999999997,4.0921200999999998
2007-04-27,4.1920061999999998,4.1334420999999999,4.0985750999999997,4.0992012999999998,4.1178289999999995
2007-04-30,4.1754439999999997,4.0974708,4.0470775999999997,4.0363867999999998,4.0473108
2007-05-01,4.1919848000000002,4.1158174000000001,4.0647047000000001,4.0533963999999996,4.0639728000000002
2007-05-02,4.2114411999999994,4.1439396000000004,4.0937761000000004,4.0818401999999994,4.0915777000000002
2007-05-03,4.2451993000000003,4.1947321999999998,4.1436156000000004,4.1270764,4.1326492999999997
2007-05-04,4.2265172,4.1778494999999998,4.1315077000000002,4.1161498999999999,4.1205549000000001
2007-05-07,4.2242588999999997,4.1665489999999998,4.1157209999999997,4.0986848,4.1023583000000006
2007-05-08,4.2190265,4.1591240999999997,4.1101814000000001,4.0945612999999996,4.0990016999999996
2007-05-09,4.2294146999999995,4.1800325999999997,4.1324224999999997,4.1145589999999999,4.1162094000000007
2007-05-10,4.2228235999999999,4.1739791999999998,4.1276728999999994,4.1102637999999994,4.1118141000000001
2007-05-11,4.2083085999999996,4.1599006000000003,4.1194907000000001,4.1051150999999999,4.1072047000000005
2007-05-14,4.2341056999999998,4.1916963000000003,4.1493967999999999,4.1362087999999995,4.1422014999999996
2007-05-15,4.2415675000000004,4.2011697999999997,4.1625631000000007,4.1494321999999997,4.1536894999999996
2007-05-16,4.2359615000000002,4.2016828999999998,4.1631948000000003,4.1490388000000005,4.1524641999999998
2007-05-17,4.2939555,4.3066940000000002,4.2798271999999997,4.2589866999999995,4.2494867000000003
2007-05-18,4.3122505000000002,4.3386104999999997,4.3134619000000001,4.2896964000000004,4.2761196999999997
2007-05-22,4.3165960999999999,4.3583506999999999,4.3415656,4.3221501,4.3113830999999996
2007-05-23,4.3279285000000005,4.3770148000000004,4.3670764000000002,4.3486627999999996,4.3360992999999999
2007-05-24,4.3296093000000004,4.3801395000000003,4.3735027000000004,4.3570188000000005,4.3459566000000001
2007-05-25,4.3316426999999997,4.3812148000000004,4.3817367000000003,4.3706844,4.3618820000000005
2007-05-28,4.3489664000000001,4.3998774999999997,4.3971214000000005,4.3853960999999995,4.3787335000000001
2007-05-29,4.4815304000000005,4.5245860999999996,4.5059987000000001,4.4783412,4.4581803999999998
2007-05-30,4.4696996000000002,4.5100283000000001,4.4916084999999999,4.4657178000000002,4.4469025000000002
2007-05-31,4.4745660999999997,4.5170105000000005,4.5074097999999996,4.4848856000000001,4.4640295999999999
2007-06-01,4.4955480000000003,4.5440617000000003,4.5373212000000001,4.5159454999999999,4.4953013000000004
2007-06-04,4.4853078000000002,4.5183192999999999,4.5074572000000002,4.4843668000000001,4.4613515000000001
2007-06-05,4.513096,4.5681161000000001,4.5559272000000002,4.5315605999999997,4.5109781
2007-06-06,4.5147000000000004,4.5687449999999998,4.5545505000000004,4.5319962,4.5134379999999998
2007-06-07,4.5429636000000002,4.6183138000000001,4.6183449000000003,4.6055720999999998,4.5935639000000004
2007-06-08,4.5545705999999999,4.6225645000000002,4.6152915000000005,4.5993392000000002,4.5885369000000003
2007-06-11,4.5701026999999996,4.6452448000000004,4.6425137999999997,4.6284273999999996,4.6177543000000005
2007-06-12,4.6335372999999995,4.6965715999999995,4.7056481999999997,4.7011951000000005,4.6943852000000001
2007-06-13,4.6302726999999999,4.6855507999999997,4.6856939000000004,4.6733614000000001,4.6601954000000001
2007-06-14,4.6186780000000001,4.6753553999999999,4.6795533000000002,4.6695355000000003,4.6577302999999999
2007-06-15,4.5778178,4.6130955,4.6057398000000003,4.5917002999999994,4.5799590999999999
2007-06-18,4.6041696999999999,4.6503534000000002,4.6427933999999995,4.6287817000000002,4.6186353000000002
2007-06-19,4.5769164,4.6152226999999995,4.6097324999999998,4.5979934,4.5882230000000002
2007-06-20,4.5998938000000003,4.6413541,4.6333710999999997,4.6205827999999993,4.6109233999999999
2007-06-21,4.5954473,4.6424656000000004,4.6375864,4.6300302000000002,4.6263585000000003
2007-06-22,4.5826187999999997,4.6197055000000002,4.6114666999999994,4.6032903999999997,4.5997484999999996
2007-06-25,4.5814111999999998,4.6047302999999999,4.5873448999999997,4.5767610000000003,4.5734803999999993
2007-06-26,4.5902941000000004,4.6005506,4.5838662000000001,4.5743467999999998,4.5707461
2007-06-27,4.5922635000000005,4.6047104999999995,4.5847160000000002,4.5741338000000002,4.5722678000000005
2007-06-28,4.5897715999999997,4.6044001000000003,4.5862811000000008,4.5778410999999997,4.5778976999999994
2007-06-29,4.5520252000000001,4.5384359999999999,4.5124826000000002,4.5026292000000003,4.5023895000000005
2007-07-03,4.5654294999999996,4.5498241000000004,4.5186481000000001,4.5055224999999997,4.5037910999999999
2007-07-04,4.5828509000000004,4.5749931000000004,4.5461451000000004,4.5339084999999999,4.5333138000000002
2007-07-05,4.6181013000000002,4.6276128999999999,4.6070732000000003,4.5972204000000003,4.5957154999999998
2007-07-06,4.6470757999999996,4.6842344000000002,4.6787342000000001,4.6720667999999996,4.6684311999999997
2007-07-09,4.6379308000000004,4.6603738999999997,4.6474583000000003,4.6369721000000004,4.6313827000000005
2007-07-10,4.5841291999999996,4.5604146999999999,4.5375727000000001,4.5276655999999997,4.5246553
2007-07-11,4.6036261000000005,4.5913292999999999,4.5717106999999997,4.5636457999999998,4.5628323000000002
2007-07-12,4.6204698999999998,4.6315913999999996,4.6181229999999998,4.6111377000000005,4.6111285000000004
2007-07-13,4.6164344000000002,4.6268482999999998,4.6071805000000001,4.5970386000000003,4.5957314
2007-07-16,4.6093337999999999,4.6041711999999997,4.5780541000000001,4.5634743000000002,4.5583907999999997
2007-07-17,4.6330669999999996,4.6416481000000003,4.6178651999999998,4.6042202999999997,4.5998722999999995
2007-07-18,4.6064584999999996,4.6084009999999997,4.5871374999999999,4.5762648000000006,4.5742075
2007-07-19,4.6074878000000004,4.6059529000000001,4.5829337999999993,4.5709602,4.5677910000000006
2007-07-20,4.5823476999999997,4.5659204999999998,4.538551,4.5245461000000002,4.5196933000000001
2007-07-23,4.5964010000000002,4.5880134000000004,4.5594755999999999,4.5430779000000001,4.5349599999999999
2007-07-24,4.6571431000000008,4.6266365,4.5910032000000003,4.5681488000000003,4.5542818
2007-07-25,4.6669308000000003,4.6363430000000001,4.5979817999999995,4.5728264999999997,4.5576580999999994
2007-07-26,4.6111836000000004,4.5625673999999998,4.5247432999999999,4.5047486999999995,4.4945028999999996
2007-07-27,4.5875542999999999,4.5203203999999992,4.4833869999999996,4.4671329000000002,4.4581280000000003
2007-07-30,4.6177599999999996,4.5666114000000002,4.5283217999999996,4.5111976999999994,4.5040940999999997
2007-07-31,4.6141546999999994,4.5574934999999996,4.5200016000000005,4.5021055999999993,4.4922751999999999
2007-08-01,4.6374903999999999,4.5835873999999999,4.5381670999999999,4.5144666000000004,4.5004233999999999
2007-08-02,4.6375090999999999,4.5800790999999998,4.5338440999999996,4.5068247000000001,4.4895185999999994
2007-08-03,4.6091158999999999,4.5502342999999996,4.5034451000000004,4.4769705000000002,4.4605275999999998
2007-08-07,4.6274496999999997,4.5544938999999998,4.5082513999999998,4.4831053000000001,4.4677121
2007-08-08,4.6774585999999996,4.6153633999999997,4.5653373999999998,4.5381988,4.5246272999999997
2007-08-09,4.5351653999999995,4.4913245999999996,4.4699285999999994,4.4620766999999999,4.4628145999999997
2007-08-10,4.5327184999999997,4.4942864,4.4741873000000005,4.4688026999999995,4.4685233000000002
2007-08-13,4.4321951999999998,4.3765830000000001,4.3602892999999998,4.3667059000000004,4.3806373000000001
2007-08-14,4.3445635000000005,4.2778,4.2744393999999994,4.2948648999999994,4.3180759000000002
2007-08-15,4.3376444999999997,4.2816665,4.2774175999999997,4.2980416000000004,4.3239397999999998
2007-08-16,4.2893388999999997,4.2448487000000004,4.2502200999999999,4.2781723999999999,4.3097555000000005
2007-08-17,4.1505318999999998,4.1632144000000002,4.1953566000000002,4.2324690999999994,4.2671761999999998
2007-08-20,4.0898225000000004,4.0852788000000002,4.1210842999999997,4.1667886000000003,4.2092144999999999
2007-08-21,4.0102238999999997,4.0430175999999998,4.0843833000000007,4.1333552999999998,4.1816138
2007-08-22,4.1406574000000003,4.1852114,4.2033380999999999,4.2314991000000006,4.2651441999999999
2007-08-23,4.1555724999999999,4.2002964,4.2200288000000006,4.2457266000000002,4.2748524000000003
2007-08-24,4.1950324999999999,4.2487517000000006,4.2453880999999996,4.2538476999999997,4.2735616999999992
2007-08-27,4.1559131000000002,4.1796432000000001,4.1773075999999998,4.1900455000000001,4.2116584000000001
2007-08-28,4.1066850000000006,4.1138937000000002,4.1184750999999995,4.1372542999999995,4.1623485000000002
2007-08-29,4.1968217000000001,4.2219014000000001,4.2161776999999994,4.2287241,4.2537509
2007-08-30,4.1762623999999997,4.2004669999999997,4.1998318000000001,4.2114285999999996,4.2320571000000005
2007-08-31,4.2826089999999999,4.3164764,4.3108455000000001,4.3132770999999996,4.3239524000000005
2007-09-04,4.2972707999999997,4.3055788000000002,4.2991033999999999,4.3019980999999996,4.3112538999999996
2007-09-05,4.2038140999999998,4.1920719000000002,4.1928272,4.2050903999999996,4.2216271000000001
2007-09-06,4.2237162000000001,4.2254588000000002,4.2295404999999997,4.2368416,4.2457468999999994
2007-09-07,4.1235776,4.1205612,4.1274195999999996,4.1400344000000002,4.1551853000000003
2007-09-10,4.1172740000000001,4.1127316,4.1183673000000001,4.1298935999999999,4.1439361999999997
2007-09-11,4.1694363999999995,4.1822056000000005,4.1901358999999996,4.1990208999999998,4.2095820000000002
2007-09-12,4.1684790999999999,4.1920726999999998,4.2025252000000002,4.2099276999999997,4.2175957999999998
2007-09-13,4.2029642000000003,4.2236566,4.2322857000000003,4.2388987,4.2459879000000003
2007-09-14,4.2048730000000001,4.2130551000000001,4.2152782000000002,4.2185101999999999,4.2237051000000001
2007-09-17,4.2282618000000003,4.2222502000000004,4.2151736,4.2126676999999999,4.2141745999999998
2007-09-18,4.172396,4.1557035999999998,4.158398,4.1704144999999997,4.1851951999999999
2007-09-19,4.1942021,4.2066669000000001,4.2204665000000006,4.2399195000000001,4.2620559
2007-09-20,4.2618800999999999,4.2876772000000001,4.3061711000000003,4.3250489000000005,4.3449236999999998
2007-09-21,4.1598967,4.1629372,4.1831403000000007,4.2102965000000001,4.2377634999999998
2007-09-24,4.1550476000000005,4.1599808999999999,4.1812537000000001,4.2089670000000003,4.2368163000000001
2007-09-25,4.1417801999999995,4.1438592000000005,4.1665096999999998,4.1965726999999999,4.2265893999999999
2007-09-26,4.1636958000000002,4.1702694999999999,4.1915771999999993,4.2201614000000003,4.2501498
2007-09-27,4.1523551000000003,4.1578720000000002,4.1784071999999997,4.2072683,4.2375240000000005
2007-09-28,4.0938930999999998,4.0780430999999995,4.0994191999999998,4.1348703999999996,4.1713108999999999
2007-10-01,4.0946958000000002,4.0743546999999998,4.0911857999999999,4.1238380999999995,4.1593485000000001
2007-10-02,4.1173826,4.0944317999999997,4.1050575,4.1316098999999999,4.1624403000000001
2007-10-03,4.1376346000000002,4.1379713999999996,4.1515819,4.1755632,4.2035362000000003
2007-10-04,4.1355307000000003,4.1239072000000006,4.1264557000000002,4.1411873000000003,4.1624423999999998
2007-10-05,4.2662535999999998,4.2810252999999996,4.2843990999999999,4.2919092999999995,4.3052141000000006
2007-10-09,4.3459168000000004,4.3788558999999996,4.3698779999999999,4.3669390999999997,4.3746953
2007-10-10,4.3229718999999998,4.3505383000000002,4.3400660000000002,4.3359114999999999,4.3425726999999998
2007-10-11,4.2721406000000002,4.3005447999999999,4.2977211000000004,4.2987885000000006,4.3088426000000002
2007-10-12,4.3230622000000007,4.3639453000000001,4.3593960000000003,4.3578415000000001,4.3672800000000001
2007-10-15,4.3203490999999996,4.3610173000000003,4.3560967999999995,4.3537125000000003,4.3620329
2007-10-16,4.2838708000000008,4.3134141000000001,4.3179093000000002,4.3239986000000004,4.3360133000000003
2007-10-17,4.2549492000000004,4.2821549000000001,4.2874895000000004,4.2945465,4.3071355999999996
2007-10-18,4.2121729999999999,4.2193679999999993,4.2242989,4.2359331000000005,4.2516492000000001
2007-10-19,4.1538493000000001,4.1323537999999997,4.1316262000000004,4.1451646000000002,4.1644626999999996
2007-10-22,4.1785309000000002,4.1742353000000003,4.1689980000000002,4.1725779999999997,4.1834544999999999
2007-10-23,4.1717336999999999,4.1577508999999999,4.1530731000000003,4.1603644000000006,4.1750600000000002
2007-10-24,4.1395356000000003,4.1204045000000002,4.1194385999999996,4.1305434000000005,4.1468621999999993
2007-10-25,4.1570079,4.1519447000000005,4.1568102000000007,4.1694123000000003,4.1851072
2007-10-26,4.1415139999999999,4.1264706999999996,4.1292673999999998,4.1415192000000003,4.1566383
2007-10-29,4.1215920000000006,4.1029986999999997,4.1055732999999996,4.1193118999999996,4.1373166000000001
2007-10-30,4.1141379000000002,4.0878763999999999,4.0909393000000005,4.1069800000000001,4.1269685999999997
2007-10-31,4.1839974,4.1664528999999995,4.1593849000000001,4.1637276999999999,4.1759187999999998
2007-11-01,4.1075048000000001,4.0740774999999996,4.0800196,4.0991578000000004,4.1199197999999999
2007-11-02,4.1457158999999999,4.1125620000000005,4.1117230999999999,4.1282456000000005,4.1516171999999996
2007-11-05,4.1457063000000005,4.1140669999999995,4.1141275999999998,4.1295254000000003,4.1502856000000001
2007-11-06,4.1462507999999998,4.1170656000000001,4.1229340000000008,4.1431388,4.1670328999999997
2007-11-07,4.0614058000000002,4.0064719999999996,4.0211122000000001,4.0541948000000003,4.0868649999999995
2007-11-08,4.0490392000000002,3.9740799999999998,3.9945817000000003,4.0405356000000001,4.0848461
2007-11-09,4.006856,3.9256494000000002,3.9355077000000001,3.9752831000000004,4.0183897000000002
2007-11-13,4.0589648,3.9802499999999998,3.9948860000000002,4.0336394000000002,4.0707941999999999
2007-11-14,4.0352468000000004,3.944118,3.9567511999999998,3.9965439999999997,4.0351031000000006
2007-11-15,3.9651102000000003,3.8397530999999998,3.8501672999999998,3.8965567000000001,3.9417665999999998
2007-11-16,3.9678173999999995,3.8512165,3.8639435999999998,3.9111348999999995,3.9564896000000003
2007-11-19,3.8077434999999999,3.6516435,3.6846935999999997,3.7598305999999999,3.8259968
2007-11-20,3.7962252000000003,3.6788903999999998,3.7126614,3.7827883,3.8470762000000001
2007-11-21,3.7436574999999999,3.5647788,3.5999267000000001,3.6821847999999999,3.7561250999999998
2007-11-22,3.7011232999999999,3.5582192999999998,3.5933632000000002,3.6720928000000002,3.7456074999999998
2007-11-23,3.7267524000000005,3.5987339999999999,3.6304317000000004,3.7011035999999997,3.767131
2007-11-26,3.6647786,3.4983262000000002,3.5318760999999999,3.6113731000000002,3.6826242000000002
2007-11-27,3.766022,3.6682056999999997,3.6875301999999999,3.7406891,3.7940567999999999
2007-11-28,3.8383778999999998,3.7720961999999996,3.7934873000000002,3.8400146000000004,3.8861013999999998
2007-11-29,3.7563276000000001,3.6640111000000002,3.6815164999999999,3.7297223999999995,3.7781821999999998
2007-11-30,3.7583341999999997,3.6637534999999999,3.6817289000000004,3.7316272999999995,3.7820776999999999
2007-12-03,3.7051763000000002,3.5659318000000004,3.5768253999999997,3.6298134000000002,3.6838911000000003
2007-12-04,3.6165615999999998,3.4974471999999999,3.5224465000000005,3.5873411000000002,3.6507128999999998
2007-12-05,3.6588602999999997,3.5599608999999997,3.5869335000000002,3.6473895000000001,3.7064978999999996
2007-12-06,3.7294269999999998,3.6170451999999997,3.6436689000000002,3.7005509999999999,3.7543037000000004
2007-12-07,3.8016243999999997,3.7116417999999998,3.7401460999999996,3.7934906999999995,3.8417125000000003
2007-12-10,3.8310810000000002,3.7620826000000003,3.7835454999999998,3.8296155999999999,3.8756300000000001
2007-12-11,3.7545649000000001,3.6356791999999998,3.6508658999999999,3.6987705000000002,3.7443070000000001
2007-12-12,3.8574974999999996,3.7828776,3.7850047999999998,3.8150306,3.8500762000000002
2007-12-13,3.9395832,3.9219536000000002,3.9348312000000005,3.9615814,3.9919149000000003
2007-12-14,3.9550889999999996,3.9391316000000001,3.9461822,3.9660902999999998,3.9912574999999997
2007-12-17,3.9099366000000004,3.8618100000000002,3.8623451000000002,3.8816058999999998,3.905484
2007-12-18,3.8625012000000001,3.8161049,3.8160982000000003,3.8348390000000001,3.8619569
2007-12-19,3.8189896000000001,3.7621311999999998,3.7698088999999997,3.7983999999999996,3.8292668000000001
2007-12-20,3.8114227000000001,3.771906,3.7930901000000001,3.8224385000000001,3.8509650999999998
2007-12-21,3.8623269000000002,3.8471484,3.8727483,3.9017075999999999,3.9305773000000004
2007-12-24,3.8799708000000002,3.8643190000000001,3.8904882000000001,3.9208381999999999,3.9502847999999999
2007-12-27,3.8595901000000001,3.8473980999999999,3.8808311,3.9189096999999999,3.9537040000000001
2007-12-28,3.8149861999999999,3.7813294999999996,3.8116425,3.8493392000000002,3.8837398000000003
2007-12-31,3.7827831999999999,3.7527914000000004,3.7864772999999996,3.8253382,3.8592371000000001
2008-01-02,3.6641276999999999,3.6220487000000001,3.6651317000000003,3.7158583000000003,3.7588058000000002
2008-01-03,3.6584703000000003,3.6198432,3.6628568000000001,3.7151314999999996,3.7616345000000004
2008-01-04,3.6046408000000003,3.5635146,3.6056746999999998,3.6594197000000004,3.7101040000000003
2008-01-07,3.6003795999999997,3.5508996000000002,3.5880491999999999,3.6401439,3.6913449000000003
2008-01-08,3.5692477,3.4889733000000001,3.5261123999999997,3.5864470000000002,3.6450258999999998
2008-01-09,3.5633871999999998,3.4983470000000003,3.5409528000000003,3.6060026000000001,3.6673207999999997
2008-01-10,3.5152289000000003,3.4291122999999999,3.4778362999999999,3.5617919999999996,3.6404130000000001
2008-01-11,3.3661758000000002,3.2653151999999999,3.3409781999999999,3.4439874000000001,3.5330949999999999
2008-01-14,3.3615061000000002,3.2842979000000003,3.3600887000000004,3.4608541000000002,3.5478052000000004
2008-01-15,3.3556814999999998,3.2596182000000002,3.3238047000000002,3.4274713999999999,3.5225204000000003
2008-01-16,3.3869158000000001,3.3168498,3.3801201000000001,3.4764216999999999,3.5658455
2008-01-17,3.3514295000000001,3.2629793999999999,3.3298214000000002,3.4218211999999997,3.5050379
2008-01-18,3.3400211,3.2558714000000002,3.3300336000000001,3.4293192000000001,3.5180325999999997
2008-01-21,3.2145213999999998,3.1029068,3.1968473999999998,3.3190892000000001,3.4240803999999998
2008-01-22,3.1936239999999998,3.1223108000000002,3.2143948,3.3331386999999997,3.4425298999999998
2008-01-23,3.2479651999999999,3.2287497999999997,3.3282132999999998,3.4438741000000004,3.5479522000000001
2008-01-24,3.3097177999999996,3.3338277999999999,3.4367058999999998,3.5433851000000001,3.6369609999999994
2008-01-25,3.2708813000000001,3.2469553999999996,3.3355714000000001,3.4484296999999997,3.5515844999999997
2008-01-28,3.2570741999999999,3.2288320000000001,3.3128654000000002,3.4228888,3.5253825000000001
2008-01-29,3.3105146000000003,3.3179248000000001,3.4138188999999999,3.5181044000000004,3.6087724000000003
2008-01-30,3.2150118999999999,3.1987777000000004,3.3190892000000001,3.4505748000000001,3.5598175000000003
2008-01-31,3.2092584,3.1923149,3.3127357000000002,3.4464601999999998,3.5587009000000003
2008-02-01,3.1734202000000002,3.1439515,3.2585742,3.3869125000000002,3.4944962000000004
2008-02-04,3.1946792000000004,3.1679092999999998,3.2797762000000001,3.4050991000000002,3.5116612999999997
2008-02-05,3.0915073,3.0410217999999998,3.1585278000000003,3.2923870000000002,3.4041597000000001
2008-02-06,3.0945155,3.0530694999999999,3.1692501999999996,3.3016597000000001,3.4162808000000005
2008-02-07,3.1159413000000002,3.0993471000000001,3.2300367000000003,3.3725901,3.4936060999999996
2008-02-08,3.1225758999999997,3.083993,3.2017945000000001,3.338514,3.4570366999999997
2008-02-11,3.0933173000000003,3.060994,3.1755731000000003,3.3090293000000002,3.4263165
2008-02-12,3.1290452000000002,3.1180162,3.2352053000000001,3.3663645999999998,3.4816280999999996
2008-02-13,3.1183385000000001,3.1084863999999999,3.2346587000000002,3.3756921000000002,3.4987619999999997
2008-02-14,3.0981901000000001,3.0738346000000001,3.2102196999999997,3.3624489,3.4929798999999999
2008-02-15,3.0465806,3.0197956000000001,3.1538043,3.3028883000000002,3.4310572999999995
2008-02-19,3.1282330999999997,3.1442505000000001,3.2848556000000002,3.4318034999999996,3.5570273000000001
2008-02-20,3.1646760000000005,3.1866756000000005,3.3167826999999996,3.4509782000000002,3.5660943000000001
2008-02-21,3.1269572000000001,3.1313734000000002,3.2561846999999999,3.3891605999999999,3.5040071999999998
2008-02-22,3.1468604999999998,3.1715002000000001,3.2974235999999997,3.4252227000000004,3.5339675000000002
2008-02-25,3.1768482000000002,3.2126382000000002,3.3387664999999997,3.4643018999999997,3.5712226
2008-02-26,3.1109294999999997,3.1197979999999998,3.2500019999999998,3.3839581999999999,3.4967033000000001
2008-02-27,3.0771565999999999,3.0896091999999999,3.2210166999999998,3.3517049000000001,3.4600661999999995
2008-02-28,2.9697015000000002,2.9579437,3.0859983,3.2183795000000002,3.3299051000000004
2008-02-29,2.827045,2.8163524999999998,2.9506284000000003,3.0977916000000003,3.2258166999999998
2008-03-03,2.7698685000000003,2.7588985999999998,2.8997506999999998,3.0532973999999999,3.1867626000000002
2008-03-04,2.7383929,2.7353499999999999,2.8796880000000002,3.0404980000000004,3.1836085999999999
2008-03-05,2.7081449000000002,2.7075053000000002,2.8571771999999998,3.0226200000000003,3.1696127999999999
2008-03-06,2.5816311000000001,2.5896841999999998,2.7419178999999998,2.9116901999999998,3.064451
2008-03-07,2.579869,2.6332495000000002,2.7768207,2.9323926999999999,3.0771671
2008-03-10,2.5424438999999999,2.6042098999999999,2.7460296,2.8975393,3.0388096
2008-03-11,2.6262407000000003,2.7271074999999998,2.8604547,2.9941909999999998,3.1212247
2008-03-12,2.5936283000000002,2.6680139,2.8010950999999999,2.9360976000000001,3.0618534999999998
2008-03-13,2.5258617000000001,2.5991238999999999,2.7456233999999999,2.8954244,3.0321223000000002
2008-03-14,2.4288245000000002,2.4894799000000001,2.6554811000000003,2.8283643999999999,2.9832760999999999
2008-03-17,2.2645035999999998,2.3657138,2.5360703,2.7118579,2.8732825000000002
2008-03-18,2.3955766999999999,2.5514829999999997,2.7193040000000002,2.8726134999999999,3.0093156999999997
2008-03-19,2.4156075000000001,2.5767819000000003,2.7303055999999999,2.8678005,2.9915509999999998
2008-03-20,2.3898953000000001,2.6269013000000001,2.7723758000000003,2.888452,2.9988119000000002
2008-03-24,2.5656197000000001,2.7914824,2.9217354000000002,3.02101,3.1153336
2008-03-25,2.5229489000000003,2.7547874000000001,2.8812310000000001,2.9743823999999996,3.0649723999999998
2008-03-26,2.4708250999999999,2.6546426000000003,2.7847374999999999,2.8982087000000001,3.0094428999999998
2008-03-27,2.4458144000000002,2.6240019000000001,2.7604605000000002,2.8830891000000003,3.0025280000000003
2008-03-28,2.4606256000000002,2.6223654000000001,2.7525355,2.8730889999999998,2.9912179000000001
2008-03-31,2.4803712,2.6432550999999997,2.7631087000000001,2.8723994999999998,2.9824111000000002
2008-04-01,2.6463584,2.8006948,2.9150401000000001,3.0211714000000001,3.1286149000000001
2008-04-02,2.7418068999999998,2.9214791,3.0310613000000002,3.1229111000000001,3.2158271000000003
2008-04-03,2.7216777000000003,2.8671647,2.9701792,3.0685468,3.1701899999999998
2008-04-04,2.6615191,2.7948569999999999,2.9002823000000002,3.0017282000000001,3.1046711999999999
2008-04-07,2.7041677000000002,2.8448000000000002,2.9588018000000003,3.0668712999999999,3.1742364000000003
2008-04-08,2.6838734,2.8197915,2.9449402,3.0652314000000001,3.1814254000000002
2008-04-09,2.6310303999999998,2.7386237000000002,2.8634591,2.9883789000000003,3.1089242000000001
2008-04-10,2.668733,2.7875918,2.9200804000000002,3.0499491000000001,3.1734995000000001
2008-04-11,2.6153493000000001,2.7217989,2.8494913999999998,2.9753162,3.0959103000000003
2008-04-14,2.5939285000000001,2.6923213000000001,2.8246895000000003,2.9587669999999999,3.0873824000000001
2008-04-15,2.6564627000000001,2.7546314000000001,2.8834279999999999,3.0164950999999998,3.1474556000000002
2008-04-16,2.7129786,2.8142385000000001,2.9476493000000001,3.0804796999999997,3.2067665000000001
2008-04-17,2.7620221000000003,2.8715259,2.9989599,3.1217262999999997,3.2382415
2008-04-18,2.7760296000000002,2.8945678999999997,3.0212309999999998,3.1392588999999997,3.2505584999999995
2008-04-21,2.755239,2.8767584999999998,3.0035552000000001,3.1193464,3.2283953999999997
2008-04-22,2.7189424,2.8430472,2.9696250000000002,3.0870568,3.1987614999999998
2008-04-23,2.7094342,2.8212766999999999,2.9529125999999999,3.0800178000000002,3.2014136999999998
2008-04-24,2.7809949999999999,2.9162447999999999,3.0412853000000002,3.1582392000000001,3.2721874
2008-04-25,2.8274594,2.9619983999999997,3.0903906999999999,3.2086306000000002,3.3210945999999999
2008-04-28,2.7876786999999998,2.9074624,3.0366512999999999,3.1587263999999995,3.2752905999999999
2008-04-29,2.7854621000000002,2.8901645,3.0292137000000001,3.1504810999999999,3.2584887999999999
2008-04-30,2.6729220000000002,2.7550675999999998,2.8867821,3.0111890999999997,3.1263063
2008-05-01,2.6728442000000001,2.7597168999999999,2.8889957000000002,3.0100748999999998,3.1216634999999999
2008-05-02,2.6861321,2.8006153999999999,2.9405714000000001,3.0645733000000002,3.1760002000000003
2008-05-05,2.680291,2.8053246000000001,2.9481573000000001,3.0743857000000001,3.188142
2008-05-06,2.6823201000000001,2.8361524,2.9950095999999999,3.1308045999999998,3.2503387000000004
2008-05-07,2.6771592000000002,2.8193684999999999,2.9690588,3.1004857000000001,3.2203618000000005
2008-05-08,2.6442532999999999,2.7780442000000001,2.9360833999999998,3.0734966999999997,3.1952314000000004
2008-05-09,2.6230251999999998,2.7440848,2.8958488999999998,3.0265449000000002,3.1423640000000002
2008-05-12,2.6290622999999997,2.7480442000000003,2.8923898000000001,3.0149069000000002,3.1255789999999997
2008-05-13,2.7063943999999998,2.8201400000000003,2.9539461,3.0690545999999999,3.1760628
2008-05-14,2.7268577000000001,2.8414790999999999,2.9665963999999998,3.0763818000000001,3.1813913999999999
2008-05-15,2.6620428,2.7856700999999999,2.9224123,3.0353108,3.1381299
2008-05-16,2.6659994999999999,2.8114998,2.9476734000000002,3.0564024000000001,3.1575484
2008-05-20,2.6436418000000002,2.7714623999999999,2.8987397000000001,3.0022723999999998,3.0994508999999999
2008-05-21,2.7530193999999999,2.9031392,3.0121865000000003,3.1014350999999998,3.1910340000000001
2008-05-22,2.8282238,3.0165622000000001,3.1280389,3.2082206000000002,3.2897761999999995
2008-05-23,2.8070965999999999,2.9942194,3.1001542,3.1769441,3.2582838000000001
2008-05-26,2.8352876999999999,3.0292946999999999,3.1290814999999998,3.2028801000000002,3.2842017000000001
2008-05-27,2.8875006000000001,3.0593265000000001,3.1562657000000001,3.2318289,3.3113248999999998
2008-05-28,2.9138389999999998,3.0913752999999997,3.1871405999999998,3.2599320999999999,3.3362400999999999
2008-05-29,2.9178082000000001,3.1041778,3.2067695000000001,3.2838257000000004,3.3622449999999997
2008-05-30,2.8194238,3.0222744000000001,3.1546688000000005,3.2499175999999999,3.3392191000000002
2008-06-02,2.7231508,2.9089958,3.0437897,3.1459448000000001,3.2445227000000001
2008-06-03,2.6597043999999999,2.8473657999999999,2.9860633000000001,3.0928700999999998,3.1984385999999998
2008-06-04,2.6744571000000001,2.8654995999999997,3.0070755,3.1157971,3.2203039000000002
2008-06-05,2.6906102000000001,2.9020598,3.0458126999999999,3.1551750000000003,3.2651820999999996
2008-06-06,2.6931729,2.8873568000000001,3.0235441999999999,3.1282610000000002,3.2305230999999996
2008-06-09,2.8818644999999998,3.0846559,3.1896105000000001,3.2701541000000001,3.3516625000000002
2008-06-10,3.2440916,3.3940428000000002,3.4490906000000003,3.4955437999999996,3.5526481999999997
2008-06-11,3.1895821,3.3009612000000002,3.3602425,3.4183219,3.4854253000000002
2008-06-12,3.2739219999999998,3.4201680999999997,3.4768507999999998,3.5263371999999999,3.5859963000000001
2008-06-13,3.2529250000000003,3.409529,3.4791093000000002,3.5364396,3.5997007999999999
2008-06-16,3.2326216999999997,3.3911605999999996,3.4647811000000002,3.5263699000000002,3.5917063999999996
2008-06-17,3.1570133999999999,3.3024339,3.3902044999999998,3.4589460000000001,3.5256764000000005
2008-06-18,3.1421022999999999,3.2841619000000004,3.3697790999999997,3.4374728999999999,3.5040109999999998
2008-06-19,3.2230306999999998,3.3845707000000003,3.4473807000000001,3.5036345000000004,3.5693711000000001
2008-06-20,3.1824344999999998,3.3350592999999997,3.3955658999999998,3.4527162000000002,3.5211164000000004
2008-06-23,3.2167072999999999,3.3602866000000002,3.4066578999999999,3.4535880999999997,3.5133749000000001
2008-06-24,3.1503458999999996,3.2695052000000002,3.3167296999999998,3.3651770999999995,3.4247421
2008-06-25,3.1334119999999999,3.2598333999999998,3.3267967000000001,3.3764729,3.4269357999999999
2008-06-26,3.0459098,3.1870236000000003,3.2698985,3.3336903000000002,3.3961196
2008-06-27,3.0658195999999998,3.2052368999999996,3.2828721999999999,3.3426688000000002,3.4019199000000002
2008-06-30,3.1234951999999998,3.2847306000000001,3.3505427999999995,3.4025172000000001,3.4595342000000002
2008-07-02,3.1045221999999999,3.2707056999999997,3.3432600999999997,3.4010283000000001,3.4623446000000002
2008-07-03,3.0842002000000002,3.2546187999999998,3.3309559000000002,3.3912842999999997,3.4542482999999997
2008-07-04,3.0572713,3.2233841999999999,3.3081883999999997,3.3665395999999999,3.4221478999999997
2008-07-07,3.0353453999999997,3.1918256,3.2733182999999997,3.3301464000000003,3.3845623999999996
2008-07-08,3.0726993999999999,3.2439757,3.3261842000000001,3.3780822000000001,3.4260831
2008-07-09,3.0597511000000002,3.2195037000000002,3.3017666999999999,3.3562452999999999,3.4059016999999998
2008-07-10,3.0322583999999999,3.2009049999999997,3.2708568000000002,3.3293766000000002,3.3899170000000001
2008-07-11,3.0256837999999999,3.2324053999999998,3.30613,3.3635695000000001,3.4242433000000001
2008-07-14,2.9856500000000001,3.1782564,3.2521610000000001,3.3087090999999997,3.3649759000000001
2008-07-15,2.9288734999999999,3.1205520999999998,3.1919940000000002,3.2516216,3.3136311000000003
2008-07-16,2.9288396000000003,3.1252719999999998,3.2071016000000001,3.2777275000000001,3.3496943000000003
2008-07-17,2.9785689999999998,3.1717279999999999,3.2505586000000002,3.3196295999999998,3.3920044000000003
2008-07-18,3.0202627,3.2408125000000001,3.3108652000000003,3.368147,3.4326983999999996
2008-07-21,3.0139754999999999,3.2202714000000001,3.2968469000000002,3.3624668000000004,3.4325514000000004
2008-07-22,3.0527316,3.2692608999999999,3.3466952000000001,3.4098663,3.4775860000000001
2008-07-23,3.0526095,3.2725958999999998,3.3547312000000002,3.4191450999999997,3.4859323
2008-07-24,2.9813293999999999,3.1764098999999999,3.2638487,3.3348689,3.4062251000000003
2008-07-25,2.9944996000000002,3.1976576999999997,3.2952832000000001,3.3752100999999999,3.4538552
2008-07-28,2.9305306999999998,3.1127898000000003,3.2128583000000002,3.2981338999999998,3.3796689
2008-07-29,2.9231771000000002,3.1083349,3.2198631999999998,3.3109200999999997,3.3926692000000003
2008-07-30,2.9200349999999999,3.1073775000000001,3.2205881000000001,3.3188856000000002,3.4101808999999998
2008-07-31,2.8254104,2.9881456000000002,3.0985644999999997,3.1983467000000001,3.2899159999999998
2008-08-01,2.7676294000000001,2.9262923000000001,3.0386272999999999,3.142074,3.2373976999999998
2008-08-05,2.7913712999999998,2.9391379,3.0565102,3.1621293000000001,3.2587413000000001
2008-08-06,2.7739083,2.9075612,3.0352128999999999,3.1517154000000001,3.2552788000000001
2008-08-07,2.7012237000000003,2.8269995999999997,2.9566269999999997,3.0761542999999998,3.1829753000000003
2008-08-08,2.6389399,2.7636419000000001,2.9032489000000004,3.0318161999999997,3.1437655000000002
2008-08-11,2.6683083999999999,2.7949972999999999,2.9312298999999999,3.0589001000000002,3.1718362
2008-08-12,2.6599759999999999,2.7741047000000001,2.9064001999999998,3.0313761000000001,3.1409832999999998
2008-08-13,2.6869866,2.8077554999999998,2.9425685000000001,3.0667917,3.1733252000000003
2008-08-14,2.6790286999999999,2.8094611,2.9443660999999999,3.0633809000000003,3.1641845000000002
2008-08-15,2.6732868000000001,2.7928456000000002,2.9230431000000001,3.0409115,3.1413236999999996
2008-08-18,2.6603851000000001,2.7579824999999998,2.8811946000000002,2.9980026,3.1000467999999999
2008-08-19,2.6606801999999998,2.7706094000000001,2.8911492000000001,3.0077841000000003,3.1125836000000002
2008-08-20,2.7035944999999999,2.8181229999999999,2.9289116000000002,3.0392250999999999,3.1405628999999999
2008-08-21,2.7546637,2.8599420000000002,2.9604219000000001,3.0646428000000001,3.1618269999999997
2008-08-22,2.8203624,2.9300386999999999,3.0195109000000002,3.1170475999999998,3.2101158999999999
2008-08-25,2.7950504,2.8830440999999998,2.9686444999999999,3.0668574,3.1614453999999999
2008-08-26,2.7479590000000003,2.8353120000000001,2.9262984999999997,3.0277974999999997,3.1234211000000003
2008-08-27,2.6721642000000001,2.7616684,2.866876,2.9789316000000001,3.0829849999999999
2008-08-28,2.6602959999999998,2.7538532999999998,2.8622653000000002,2.9736598000000001,3.0748392
2008-08-29,2.6269185999999998,2.7206713000000002,2.8475119000000002,2.9681428999999997,3.0755113000000001
2008-09-02,2.6026657000000002,2.6823294,2.7912854,2.9083497,3.0190541
2008-09-03,2.6550517999999999,2.7284497000000001,2.8215190000000003,2.9244267000000002,3.0244133
2008-09-04,2.6291451000000001,2.6987387000000003,2.7923803,2.8959269999999999,2.9963996000000002
2008-09-05,2.653613,2.752488,2.8500540000000001,2.9502470999999999,3.0455128
2008-09-08,2.6631252000000001,2.7560512999999998,2.8535035,2.9546875999999997,3.0507073
2008-09-09,2.6423326999999999,2.7177267999999999,2.8156981999999999,2.9238657000000003,3.0270089000000002
2008-09-10,2.6518467000000001,2.7360576000000001,2.8308337999999997,2.9319356000000001,3.0290824999999999
2008-09-11,2.6673146999999999,2.76267,2.8543425,2.9551108999999998,3.0568211000000001
2008-09-12,2.7049989000000001,2.8148462999999997,2.9198236999999998,3.0337177999999998,3.1455003000000001
2008-09-15,2.3950993999999999,2.4872874999999999,2.6228227,2.7575167999999999,2.8814163000000002
2008-09-16,2.4998998000000001,2.6198782,2.7360853999999999,2.8573028000000003,2.9741114
2008-09-17,2.4462145,2.6229776,2.7286986,2.8455080000000001,2.9672415000000001
2008-09-18,2.4269859,2.6769997999999999,2.7644083999999998,2.8838922999999999,3.0226791999999998
2008-09-19,2.7524338999999998,2.9425032,3.0259815999999997,3.1317324000000002,3.2524989999999998
2008-09-22,2.7284602000000002,2.9047527999999998,2.9935666999999997,3.0968518999999999,3.2109514999999997
2008-09-23,2.7335623999999998,2.9309679000000002,3.0093953,3.1064894000000001,3.2201108999999999
2008-09-24,2.7047389000000002,2.9164709000000002,2.9956474000000002,3.0953949999999999,3.2132354000000003
2008-09-25,2.7298605,2.9552687,3.0310800999999996,3.1281182999999997,3.2457658999999999
2008-09-26,2.6894061000000002,2.9047020999999997,2.9838940000000003,3.0918067000000002,3.2196495000000001
2008-09-29,2.4269372000000002,2.6205516000000002,2.7121709000000003,2.8408834000000001,2.9883063000000001
2008-09-30,2.6214476000000002,2.8645356999999998,2.9733292000000002,3.1077756000000001,3.2563918999999997
2008-10-01,2.5641349,2.7878623,2.9076389000000002,3.0525994000000001,3.2077271999999999
2008-10-02,2.4522263999999998,2.6842387999999997,2.8094455000000003,2.9591982999999997,3.1182244000000003
2008-10-03,2.3945125000000003,2.6110635000000002,2.7161290999999999,2.8673229,3.0361676000000002
2008-10-06,1.9935127000000001,2.3399231999999999,2.5086137000000002,2.6767661,2.8547253000000001
2008-10-07,2.0048663000000002,2.3485619999999998,2.5270612000000003,2.7091809000000002,2.8956617000000002
2008-10-08,1.8409424999999999,2.2609650999999999,2.4874437,2.7065502000000001,2.9219873999999999
2008-10-09,1.8281968999999998,2.2158427999999999,2.4352611999999998,2.6695749000000002,2.9108427999999997
2008-10-10,1.907727,2.3209168,2.5682586999999999,2.8394277999999997,3.1108749000000002
2008-10-14,2.1116597000000001,2.4132387,2.6836082000000001,2.9546070000000002,3.1981752000000001
2008-10-15,2.1023129000000003,2.3468314000000001,2.6068503000000001,2.8810175,3.1302268
2008-10-16,2.0895447000000003,2.3803952000000002,2.6372656999999999,2.9034884000000001,3.1456136000000003
2008-10-17,2.0632709,2.3491333000000001,2.5951873000000001,2.8553239000000001,3.0959196000000002
2008-10-20,2.0061263,2.2810476999999998,2.5365533999999998,2.8075227000000003,3.0605713999999997
2008-10-21,2.0162444000000002,2.2364226,2.4950581000000001,2.7661466999999997,3.0155619000000002
2008-10-22,1.9933888,2.1703682,2.4261722999999997,2.6942071000000003,2.9356594999999999
2008-10-23,2.0384766000000001,2.1936436000000001,2.4490482999999998,2.7197715000000002,2.9621185000000003
2008-10-24,2.0096699999999998,2.1625548999999999,2.4289668,2.7141419999999998,2.9673766000000001
2008-10-27,2.0090965000000001,2.132282,2.3960739000000002,2.6828773999999997,2.9355699
2008-10-28,2.0643895999999997,2.1617377000000002,2.4167226999999998,2.7065796999999998,2.9695544000000003
2008-10-29,2.0031870999999999,2.1501851999999997,2.4163483000000001,2.7122650000000004,2.9844815000000002
2008-10-30,1.9655767000000002,2.0966928999999999,2.3708442000000001,2.6726534000000002,2.9436519000000003
2008-10-31,1.8870846999999999,2.0963576000000002,2.3919014999999999,2.7025507000000002,2.9830595
2008-11-03,1.8874226000000001,2.0953428999999999,2.3945349,2.7144385999999998,3.0072589999999999
2008-11-04,1.8534333000000001,2.0633199000000002,2.3767557000000004,2.6992271000000003,2.9861572999999999
2008-11-05,1.8601957999999998,2.0668634000000004,2.3738649000000001,2.6891408999999999,2.9698967999999999
2008-11-06,1.7808586000000002,1.9889797,2.3141292999999998,2.6403848000000001,2.9272136
2008-11-07,1.8095386000000002,1.9978024999999999,2.3254486999999999,2.6534054,2.9343743
2008-11-10,1.8223551,2.0151769000000002,2.3423229999999999,2.6655808999999997,2.9412237999999999
2008-11-12,1.7800463,1.9392217999999999,2.2586721000000001,2.5851691999999997,2.8639945999999998
2008-11-13,1.8326624,2.0204904999999997,2.3307058,2.6472384,2.9269061000000001
2008-11-14,1.8299363,1.9943487999999998,2.2861281,2.5911123000000003,2.8579218000000002
2008-11-17,1.8117866999999999,1.9758062999999999,2.2701299000000001,2.5718441000000003,2.8287624
2008-11-18,1.8282067999999998,1.9968743,2.2842147000000002,2.5808876999999999,2.8326655000000001
2008-11-19,1.8237222000000002,1.9771249000000002,2.2545296000000001,2.5487706000000001,2.8014524000000001
2008-11-20,1.6760858000000001,1.8293527999999999,2.1280853999999998,2.4303838,2.6793290999999999
2008-11-21,1.6884264999999998,1.8531019999999998,2.1598009,2.4763671999999999,2.7447584000000003
2008-11-24,1.7020289000000002,1.8708689999999999,2.1805110000000001,2.4980410000000002,2.7681700999999999
2008-11-25,1.6660301,1.8194836999999999,2.1194788999999998,2.4280419000000002,2.6871155
2008-11-26,1.6310750999999999,1.7885041000000002,2.0852152999999998,2.3910209,2.6475717999999997
2008-11-27,1.6047118999999999,1.7806696,2.0773250999999999,2.3782578000000001,2.6328359999999997
2008-11-28,1.5885206999999999,1.7578902999999999,2.0540645999999998,2.3491010999999999,2.6011337999999999
2008-12-01,1.4992874999999999,1.6381852999999997,1.9003876999999998,2.1743494999999999,2.4172769000000001
2008-12-02,1.4884331,1.6288857000000001,1.8993547,2.1804820999999999,2.4289548000000001
2008-12-03,1.4773782,1.6456089999999999,1.9132045,2.1908615999999999,2.4355216999999998
2008-12-04,1.3857881999999999,1.5604906000000001,1.8369572999999999,2.1128496000000001,2.3470072000000002
2008-12-05,1.3701444,1.5936459999999999,1.8750045,2.14534,2.3776755999999999
2008-12-08,1.3809560999999999,1.60741,1.8826677999999999,2.1483211,2.3784730999999999
2008-12-09,1.3346507000000001,1.5668535000000001,1.8532211999999999,2.1227609000000003,2.3525323
2008-12-10,1.3192558999999999,1.5594344,1.8595520999999999,2.1400671,2.3743449000000001
2008-12-11,1.2895979,1.5247533,1.8122764999999998,2.0879618999999998,2.3264457999999997
2008-12-12,1.2504951,1.5125472,1.8097175000000001,2.0898910000000002,2.3312083000000001
2008-12-15,1.2258509000000002,1.4878558,1.7714297999999999,2.0478521999999999,2.2922381000000001
2008-12-16,1.1348138000000001,1.3203975999999999,1.5900427000000001,1.8734139000000001,2.1273659
2008-12-17,1.0229026999999999,1.2990477999999999,1.5784046,1.8432783000000001,2.0811176000000002
2008-12-18,0.94669000000000003,1.2082394999999999,1.4790421,1.7395567000000001,1.9795463
2008-12-19,1.0020602000000001,1.2843613,1.5524906999999999,1.8006749999999998,2.0267506000000002
2008-12-22,0.9924466999999999,1.2738077000000001,1.5489544,1.8049063000000001,2.0365198000000002
2008-12-23,0.97380120000000003,1.2310885,1.5181101000000001,1.7828119999999998,2.0134702
2008-12-24,0.95918440000000005,1.219395,1.5103811,1.7780026,2.0112740000000002
2008-12-29,0.90848809999999991,1.1229436000000002,1.3822857,1.6283695,1.8429153
2008-12-30,0.88795729999999995,1.1058668,1.3737048000000001,1.6308711,1.8585141999999999
2008-12-31,0.88533949999999995,1.1145284,1.3879653999999999,1.6498032,1.8838846
2009-01-02,0.89076559999999994,1.1881491,1.5043142,1.7811176000000002,2.0238583000000001
2009-01-05,0.91477399999999998,1.1947468999999999,1.5163914000000001,1.8140318,2.0726293999999998
2009-01-06,0.95094919999999994,1.1886201000000001,1.4957798,1.7914258999999999,2.0498872000000001
2009-01-07,0.9267919,1.1863672000000001,1.4997197,1.8040077000000001,2.0739493000000002
2009-01-08,0.95096269999999994,1.1923887,1.4825702000000001,1.7739001999999999,2.0351868
2009-01-09,0.90694969999999997,1.1483397,1.4334714,1.7167166,1.9697434
2009-01-12,0.84890739999999987,1.0825946,1.3750742999999999,1.6612491999999999,1.9124506999999999
2009-01-13,0.8452288,1.0712799,1.3546189,1.6321147,1.8771489999999997
2009-01-14,0.76577040000000007,0.96925440000000007,1.2180127000000001,1.4692867999999999,1.7007547000000001
2009-01-15,0.78242599999999995,1.0106241999999999,1.2643023,1.5160682999999999,1.7462385
2009-01-16,0.77203480000000002,1.0048359999999998,1.2750846,1.5393588999999999,1.7756694
2009-01-19,0.79762279999999997,1.0469531999999999,1.3240128,1.5923935999999999,1.8350122
2009-01-20,0.88704950000000005,1.0923395,1.3422939,1.5909594,1.8225057
2009-01-21,0.90855090000000005,1.1351465999999999,1.3908202000000001,1.6398086999999999,1.8711206
2009-01-22,0.95350590000000002,1.2090272000000002,1.4628245,1.6982858999999999,1.9164378999999998
2009-01-23,1.0152581000000001,1.3011602,1.5559768,1.7863232999999998,2.0008199000000002
2009-01-26,1.0529748999999999,1.3840315999999999,1.6570887999999999,1.8967507000000001,2.1164314000000002
2009-01-27,1.0399659999999999,1.3783567999999999,1.6615877999999999,1.8988180000000001,2.1093394000000001
2009-01-28,1.0415023999999999,1.4262967999999998,1.7413615,1.9925682,2.2043294000000002
2009-01-29,1.0238745,1.4639298999999999,1.8035903,2.0544313999999999,2.2763625999999997
2009-01-30,1.0610915999999999,1.4804184,1.8086973999999998,2.0545621999999999,2.2697003000000002
2009-02-02,1.0088723000000002,1.3954154999999999,1.7227823999999998,1.9707714000000001,2.1870181
2009-02-03,0.9835277,1.4021825999999999,1.754178,2.0195854,2.2490169999999998
2009-02-04,0.99653190000000003,1.4069431999999999,1.7627718000000001,2.0360168999999999,2.2713910999999998
2009-02-05,0.92748280000000005,1.304549,1.6500329,1.9134446999999999,2.1433347
2009-02-06,0.81258279999999994,1.2190478,1.5853206000000002,1.8649613999999999,2.1112519000000001
2009-02-09,0.83883599999999992,1.2559720999999999,1.6321273000000001,1.9172214000000001,2.1609689000000003
2009-02-10,0.83123439999999993,1.2218514,1.594144,1.8769192000000001,2.1065152
2009-02-11,0.83855079999999993,1.2267635000000001,1.6038584000000002,1.8888730999999999,2.1112698000000001
2009-02-12,0.84191479999999996,1.219765,1.5842657,1.8570486000000002,2.0715612999999999
2009-02-13,0.88042949999999998,1.2679965,1.6188359999999999,1.8805414999999999,2.0926290000000001
2009-02-17,0.86383889999999997,1.238184,1.5603863,1.7936125000000001,1.9825589000000001
2009-02-18,0.92053659999999993,1.3149941000000001,1.6278520000000001,1.8579741000000001,2.0517514000000001
2009-02-19,0.91303430000000008,1.3146088,1.6417604999999997,1.8789367000000001,2.0736775000000001
2009-02-20,0.88157099999999988,1.2806556,1.6079442999999998,1.8451913,2.0407052999999999
2009-02-23,0.84018040000000005,1.2233206999999999,1.5538912,1.7930859000000001,1.9881445000000002
2009-02-24,0.84749859999999999,1.2548066,1.5967199000000001,1.8392024999999999,2.0316746999999999
2009-02-25,0.88867510000000005,1.3193626999999999,1.6593572000000001,1.9042600000000001,2.1054059999999999
2009-02-26,0.85626680000000011,1.2790503,1.6270126,1.8812630000000001,2.0905656000000001
2009-02-27,0.81458810000000004,1.2135243,1.5608835999999999,1.8277121000000001,2.0488653999999999
2009-03-02,0.73579129999999993,1.1044042999999999,1.4300594,1.6891478000000002,1.9119486000000001
2009-03-03,0.68188859999999996,1.0366382000000001,1.3660958999999999,1.6389900999999998,1.8733219999999999
2009-03-04,0.6685624,1.0252364999999999,1.3681926,1.6527888000000002,1.8918685000000002
2009-03-05,0.6287754000000001,0.98918200000000012,1.3229071000000001,1.5918688000000001,1.8202319000000002
2009-03-06,0.64309870000000002,1.0269322000000001,1.377051,1.650674,1.8714709
2009-03-09,0.53355980000000003,1.0037456,1.3813856,1.6535527000000001,1.8669344000000001
2009-03-10,0.65995409999999999,1.0437201999999999,1.4106255000000001,1.7014835999999998,1.9299067999999999
2009-03-11,0.67079959999999994,1.0403116000000001,1.3905436,1.6691349000000002,1.8853012999999998
2009-03-12,0.65938319999999995,1.0427442,1.4095913,1.6971516999999998,1.9152202999999999
2009-03-13,0.65919919999999999,1.0220244999999999,1.3761212999999999,1.6585108000000002,1.8739307999999999
2009-03-16,0.68115140000000007,1.0363761,1.3759006,1.6526168999999999,1.8689167999999998
2009-03-17,0.7000767,1.073888,1.4149058999999999,1.6954338,1.9213709999999999
2009-03-18,0.66631459999999998,0.99059790000000003,1.2715908,1.510999,1.7118164000000002
2009-03-19,0.67211080000000001,1.041407,1.31999,1.5441136,1.7338438
2009-03-20,0.68474590000000002,1.0643593,1.3431362,1.5676509000000001,1.7631019000000001
2009-03-23,0.68425919999999996,1.0835568,1.3672677,1.5906013000000001,1.7854459999999999
2009-03-24,0.71262639999999999,1.1436573999999999,1.4508259000000001,1.6944961000000001,1.9083465000000002
2009-03-25,0.73195489999999996,1.1743015000000001,1.5000024000000001,1.7587299999999999,1.9817148
2009-03-26,0.70215090000000002,1.1304258,1.4517264000000001,1.7021287,1.9162017999999998
2009-03-27,0.69825919999999997,1.1291979000000001,1.4562746999999998,1.7138670000000003,1.9367102
2009-03-30,0.65781060000000002,1.0638941000000002,1.3797101000000001,1.6258565999999999,1.8366686999999999
2009-03-31,0.63485649999999993,1.0256730999999999,1.3300889,1.5713357000000001,1.7834214000000002
2009-04-01,0.64046939999999997,1.0340357,1.3354773,1.5717987999999998,1.7791119000000002
2009-04-02,0.65653020000000006,1.0705587999999999,1.3912639,1.6403859999999999,1.8552408999999999
2009-04-03,0.67008800000000002,1.0919683,1.4242052999999999,1.6849665999999999,1.9095232
2009-04-06,0.65285689999999996,1.1052594,1.4511807999999999,1.7084345000000001,1.9380461000000002
2009-04-07,0.65306950000000008,1.0864357999999998,1.4158137,1.6676107,1.8961391000000001
2009-04-08,0.64266020000000001,1.0577816,1.3863344999999998,1.6374223000000001,1.8590431000000001
2009-04-09,0.65685059999999995,1.0854503999999998,1.4211513,1.6757252999999999,1.9026867999999999
2009-04-13,0.64574989999999999,1.0738506000000001,1.4088810999999999,1.6639823000000002,1.8942026000000001
2009-04-14,0.64037299999999997,1.0666217,1.4003544999999999,1.6556745000000002,1.8838255000000002
2009-04-15,0.68341620000000003,1.0967551,1.4339983000000001,1.7001140000000001,1.9275961000000001
2009-04-16,0.67847690000000005,1.0968803,1.4448672,1.7203368999999999,1.9523905000000001
2009-04-17,0.70093810000000001,1.1412804999999999,1.5029034000000001,1.7856904,2.0191949999999999
2009-04-20,0.65521490000000004,1.0714892999999999,1.4259884,1.6964146,1.9123966999999999
2009-04-21,0.5017433,0.9738135,1.3798092,1.6824266000000001,1.9155935999999998
2009-04-22,0.47794430000000004,0.95380629999999988,1.3770248,1.6940291999999999,1.9370122999999999
2009-04-23,0.4409479,0.92382809999999993,1.3790264999999999,1.7251855999999999,1.9897950000000002
2009-04-24,0.43613310000000005,0.91472220000000004,1.3720782,1.7234056000000002,1.9939320999999999
2009-04-27,0.4267977,0.89812799999999993,1.3591777,1.7162746,1.9914773000000001
2009-04-28,0.43156030000000001,0.93133060000000001,1.3953230000000001,1.7526953000000001,2.0311458
2009-04-29,0.43549360000000004,0.92819079999999998,1.4006121999999999,1.7726140000000001,2.0620821999999999
2009-04-30,0.43379699999999999,0.93556839999999997,1.4107516,1.7825744000000001,2.0722409000000002
2009-05-01,0.43333160000000004,0.95288630000000007,1.4213530999999999,1.7855995,2.0714934999999999
2009-05-04,0.44694130000000004,0.98810830000000005,1.4567505999999999,1.8125852000000002,2.0886503000000003
2009-05-05,0.44366659999999997,0.98568230000000012,1.4548235,1.8034068000000001,2.0674066
2009-05-06,0.45499829999999997,0.9974386999999999,1.4652951000000001,1.8167923999999998,2.0858180000000002
2009-05-07,0.471609,1.0336962000000001,1.5172863000000001,1.8813516999999997,2.1595602
2009-05-08,0.49961800000000001,1.0880387,1.5680128000000002,1.9251186,2.1990694
2009-05-11,0.48573540000000004,1.0557409,1.5192037999999999,1.8661719999999999,2.1358703000000001
2009-05-12,0.47686319999999999,1.0811397,1.5529674,1.8977628,2.1627174999999998
2009-05-13,0.48153049999999997,1.0826373999999999,1.5538753000000001,1.8953711000000002,2.1548411000000001
2009-05-14,0.46523010000000004,1.0667595000000001,1.5500266,1.9047556999999999,2.1715113000000001
2009-05-15,0.46304629999999997,1.0598901000000001,1.5533948,1.9186084999999999,2.1903763999999999
2009-05-19,0.4640572,1.0697182000000001,1.5783533999999999,1.9542734999999998,2.2313988
2009-05-20,0.46781349999999999,1.0767100999999999,1.5815980999999999,1.9525812,2.2275133
2009-05-21,0.47226780000000002,1.1211175,1.6568678999999999,2.0511472999999998,2.3436733000000003
2009-05-22,0.47436880000000003,1.1198051,1.6627260000000001,2.0600645000000002,2.3503128000000002
2009-05-25,0.47870660000000004,1.1246116000000002,1.6691278000000001,2.0683455999999998,2.3602439999999998
2009-05-26,0.50958999999999999,1.189988,1.772019,2.1972970000000003,2.5029395999999999
2009-05-27,0.54831150000000006,1.2576394,1.8757488999999998,2.3279573,2.6495771000000001
2009-05-28,0.52137540000000004,1.2561522999999999,1.8678792999999998,2.2965350999999998,2.5912682
2009-05-29,0.47590830000000001,1.2243095000000002,1.8333955999999998,2.2359580999999999,2.5155468999999999
2009-06-01,0.51830720000000008,1.2556878,1.870641,2.2982252999999999,2.5897223
2009-06-02,0.46411140000000001,1.2230884,1.8479827,2.2612364,2.5471542
2009-06-03,0.44495769999999996,1.1610764,1.7776863999999999,2.1925551000000003,2.4767402000000001
2009-06-04,0.44943179999999999,1.1775268000000001,1.8125845000000003,2.2423261999999999,2.5351576000000002
2009-06-05,0.52532580000000006,1.2919311,1.9358253999999999,2.3610012999999999,2.6403655000000001
2009-06-08,0.60328329999999997,1.4119299999999999,2.0722608999999999,2.4999530000000001,2.7668170000000001
2009-06-09,0.58070820000000001,1.3613834,2.0184446,2.4614864000000001,2.7467239999999999
2009-06-10,0.61283019999999999,1.4441351,2.1362299,2.5958018999999997,2.8839907
2009-06-11,0.58978030000000004,1.4028098,2.0840622999999998,2.5283574,2.7996198999999997
2009-06-12,0.57520099999999996,1.4180425000000001,2.0841760000000003,2.5011085,2.7649818000000002
2009-06-15,0.56491279999999999,1.4141613000000002,2.0841381999999999,2.5045047,2.7730902000000004
2009-06-16,0.54567909999999997,1.3916318000000001,2.0537798999999999,2.4593910000000001,2.7126289000000003
2009-06-17,0.53661560000000008,1.3367591999999999,1.9831181999999998,2.3958458,2.6657831000000001
2009-06-18,0.56245959999999995,1.3730724999999999,2.0277506000000001,2.4526905999999999,2.7318017999999999
2009-06-19,0.54344510000000001,1.3356688000000001,1.9944883,2.4303582000000001,2.7188976
2009-06-22,0.51427080000000003,1.2894237,1.9249698999999998,2.3412769999999998,2.6232003000000002
2009-06-23,0.52710140000000005,1.3047226000000001,1.9409695,2.3556509000000001,2.6346039999999999
2009-06-24,0.53873170000000004,1.3347519000000001,1.9714993000000001,2.3843389999999998,2.6633795
2009-06-25,0.51193759999999999,1.2996993999999999,1.9388002000000002,2.3474707000000001,2.6194804
2009-06-26,0.48674549999999994,1.2726674,1.9090622000000002,2.3142814999999999,2.5850635999999998
2009-06-29,0.48513899999999999,1.2827573000000001,1.9169611,2.3168986,2.5857017
2009-06-30,0.46870729999999999,1.2921745,1.9222269999999999,2.3027704,2.5574623999999999
2009-07-02,0.44767649999999998,1.2639602000000001,1.8914704,2.2717497999999998,2.5286141
2009-07-03,0.4403939,1.2652646000000001,1.8930331000000002,2.2720207000000001,2.5298037
2009-07-06,0.44291770000000003,1.2676943000000001,1.8891509000000002,2.2630787999999997,2.5182880000000001
2009-07-07,0.47567920000000002,1.2802100999999999,1.8981767000000001,2.2740384999999996,2.5259358000000001
2009-07-08,0.48866290000000001,1.2727231000000001,1.8729393999999999,2.2438095000000002,2.4938124999999998
2009-07-09,0.49484079999999997,1.2827458999999999,1.8943522000000002,2.2736038999999999,2.5267936
2009-07-10,0.49447140000000001,1.2724192999999999,1.8769146000000001,2.2515757000000001,2.5011388999999999
2009-07-13,0.5073801,1.2953077,1.9064061000000001,2.2882726999999998,2.5444616
2009-07-14,0.57849879999999998,1.3313206,1.9544933,2.3773605,2.6549052
2009-07-15,0.58216029999999996,1.3463467,1.9741179000000002,2.4042587000000002,2.6915079
2009-07-16,0.55827059999999995,1.3126148,1.9347578000000001,2.3560979,2.6333412000000003
2009-07-17,0.56796939999999996,1.3191451000000001,1.9435292,2.3780177999999998,2.6733226999999999
2009-07-20,0.57545160000000006,1.3235233000000002,1.9387433999999999,2.3585579999999999,2.6386304999999997
2009-07-21,0.5724051,1.3042214999999999,1.9129509,2.3309979000000003,2.6116416999999998
2009-07-22,0.57876709999999998,1.3155691,1.9319159999999997,2.3574681000000002,2.6440272
2009-07-23,0.63530580000000003,1.4184116,2.0480583999999999,2.4789175000000001,2.7668651999999998
2009-07-24,0.64418540000000002,1.4405196,2.0708329000000001,2.5000429,2.7870024999999998
2009-07-27,0.65944000000000003,1.4618974,2.0955534,2.5270777,2.8154710000000001
2009-07-28,0.64052980000000004,1.4342703000000001,2.0768222999999999,2.5137999,2.8023184999999997
2009-07-29,0.61144609999999999,1.4028057,2.0532346000000001,2.4932603000000002,2.7804298000000003
2009-07-30,0.62594110000000003,1.4286750000000001,2.0778512999999998,2.5143399999999998,2.8004554000000002
2009-07-31,0.59090759999999998,1.3590546000000001,1.9998222999999999,2.4339425000000001,2.7165018000000001
2009-08-04,0.61427350000000003,1.3933115,2.0409239000000001,2.4808406999999999,2.7687938000000001
2009-08-05,0.62892199999999998,1.4186585,2.077137,2.5251557,2.8183623
2009-08-06,0.61392530000000001,1.4045235,2.0596020999999998,2.5006507999999998,2.7868450999999999
2009-08-07,0.61777300000000002,1.4189824,2.0920114999999999,2.5445257999999997,2.8394743
2009-08-10,0.57915159999999999,1.3553601,2.0273025000000002,2.4828053999999997,2.7767630000000003
2009-08-11,0.56556269999999997,1.302565,1.9626270000000001,2.4209849999999999,2.7199237000000003
2009-08-12,0.54936680000000004,1.2912075000000001,1.9604717,2.4241068000000001,2.7266827999999999
2009-08-13,0.54821360000000008,1.3023066999999999,1.9749659999999998,2.4319448000000001,2.7250831
2009-08-14,0.53913370000000005,1.2951622,1.9599179000000002,2.4063482,2.6918478000000001
2009-08-17,0.51854980000000006,1.2681731999999999,1.914973,2.3427223000000001,2.6198675000000002
2009-08-18,0.52117580000000008,1.2729849999999998,1.9297564,2.3643307,2.6431814
2009-08-19,0.52088380000000001,1.2604621999999999,1.9161431,2.3527899000000003,2.6309705999999999
2009-08-20,0.49968319999999999,1.252731,1.9079059999999999,2.3380429999999999,2.6109179999999999
2009-08-21,0.56698570000000004,1.3518081,2.0201210000000001,2.4594611,2.732739
2009-08-24,0.53897890000000004,1.3165522000000001,1.9724869999999999,2.3967836999999999,2.6638014999999999
2009-08-25,0.53130670000000002,1.2960160000000001,1.9494689999999999,2.3713413999999999,2.6330936999999999
2009-08-26,0.53810999999999998,1.3049236,1.9577793999999999,2.3777733999999997,2.6373470000000001
2009-08-27,0.53846629999999995,1.3002971000000001,1.9493740999999998,2.3708423000000001,2.6339062000000002
2009-08-28,0.53757859999999991,1.3033071999999999,1.9482974,2.3658248999999998,2.6280331000000001
2009-08-31,0.53656249999999994,1.2933664,1.9284033999999999,2.3381243,2.5948188000000001
2009-09-01,0.52357909999999996,1.2613737,1.8910268000000001,2.3013799000000001,2.5603946999999998
2009-09-02,0.52586679999999997,1.2592924000000001,1.8860607000000003,2.2934268000000002,2.5493199
2009-09-03,0.54389779999999999,1.2739304999999999,1.9018506000000002,2.3104368000000002,2.5663541000000003
2009-09-04,0.56187260000000006,1.3049738,1.9349667000000002,2.3433414999999997,2.5999232000000001
2009-09-08,0.54956240000000001,1.2952596999999999,1.9372982999999999,2.3607974,2.6257648000000002
2009-09-09,0.53639500000000007,1.2756787000000001,1.9204781,2.3505969000000002,2.6232524000000002
2009-09-10,0.51020909999999997,1.2449032,1.8788814,2.2957296,2.5581697999999999
2009-09-11,0.510602,1.2443005999999999,1.8732068000000002,2.2862217999999999,2.5471411000000002
2009-09-14,0.52555090000000004,1.2715136,1.9042139999999999,2.3189364000000001,2.5812129000000001
2009-09-15,0.52777819999999998,1.2788206,1.9119714999999999,2.3260427999999997,2.5884293
2009-09-16,0.55450089999999996,1.3234162,1.9486694999999998,2.3523784000000001,2.6093971000000002
2009-09-17,0.54627249999999994,1.2989495,1.9218162000000001,2.3272938999999999,2.5859804
2009-09-18,0.56077030000000005,1.3224133,1.9516682000000001,2.3626188999999997,2.6248632999999999
2009-09-21,0.56105329999999998,1.3175025,1.9513757999999999,2.3697051999999998,2.6362416
2009-09-22,0.55947170000000002,1.3196596999999999,1.9564538,2.3774348999999999,2.6456925999999998
2009-09-23,0.55285770000000001,1.3189415,1.9548686,2.3721798999999999,2.6401664
2009-09-24,0.55368110000000004,1.3150624,1.9449831,2.3578904000000001,2.6236619000000001
2009-09-25,0.56517679999999992,1.3216549,1.9398067000000001,2.3422473999999998,2.5992977000000002
2009-09-28,0.56976780000000005,1.3204799999999999,1.9269538999999998,2.3208774999999999,2.5728145000000002
2009-09-29,0.56813950000000002,1.3306332999999999,1.9335936000000002,2.3226716000000001,2.5733343999999998
2009-09-30,0.56916650000000002,1.3182651000000001,1.92499,2.3196615,2.5709495999999996
2009-10-01,0.53746799999999995,1.2619837,1.8622128000000002,2.2581365,2.5117099000000001
2009-10-02,0.52839239999999998,1.2528025999999999,1.8502584,2.2437123999999997,2.4988763000000001
2009-10-05,0.52264379999999999,1.2415013000000001,1.8385325000000001,2.2313433000000003,2.4841801999999999
2009-10-06,0.56171379999999993,1.3172957000000001,1.9190392000000001,2.3058483999999999,2.5520616999999999
2009-10-07,0.56424220000000003,1.3056566000000001,1.8995603000000001,2.2873619000000001,2.5374785000000002
2009-10-08,0.63033250000000007,1.398663,1.9956339000000001,2.3816020999999998,2.6287929999999999
2009-10-09,0.7449675,1.592006,2.2164408,2.6095006999999999,2.8522002
2009-10-13,0.72237680000000004,1.5565967000000001,2.1769091,2.5687198000000002,2.8142580000000001
2009-10-14,0.74316360000000004,1.5882054999999999,2.2216797000000001,2.6196807999999998,2.8628032999999999
2009-10-15,0.72292210000000001,1.5718342000000001,2.2277727999999999,2.6423570999999999,2.8925744999999998
2009-10-16,0.69590079999999999,1.5049676999999999,2.1377402999999999,2.5438388999999999,2.7949563999999998
2009-10-19,0.71081360000000005,1.5351294999999998,2.1667162000000002,2.5703492000000003,2.8213269999999997
2009-10-20,0.61371690000000001,1.4095740000000001,2.0444871,2.4554499000000001,2.7140662
2009-10-21,0.62626139999999997,1.4188371,2.0543035999999999,2.4700542999999997,2.7323924000000002
2009-10-22,0.62290460000000003,1.4107286999999999,2.0517279999999998,2.4754748000000002,2.7445777000000002
2009-10-23,0.64304640000000002,1.4372681999999999,2.0832093,2.5122363999999999,2.7863755000000001
2009-10-26,0.6516807,1.4565606,2.1111652000000003,2.5471471000000001,2.8262676999999998
2009-10-27,0.61741349999999995,1.4005812,2.0443747999999999,2.47587,2.7536463000000002
2009-10-28,0.6024735,1.3637524000000001,2.0043791,2.4390859000000003,2.7206115999999998
2009-10-29,0.62228400000000006,1.405878,2.0567107,2.4954695999999998,2.7785055999999999
2009-10-30,0.57605050000000002,1.3234238,1.9648944000000002,2.4040392000000002,2.6911672000000002
2009-11-02,0.59384420000000004,1.3462566,1.9844520999999999,2.4201530999999998,2.7039941999999999
2009-11-03,0.59311610000000003,1.3424718,1.9774229000000001,2.4107094999999998,2.6932923
2009-11-04,0.59550959999999997,1.3510297,1.9867486999999999,2.4237272000000001,2.7133664
2009-11-05,0.61103050000000003,1.3767718,2.0163410000000002,2.4600502999999998,2.7576773999999999
2009-11-06,0.60354799999999997,1.3617911999999999,1.9960919000000001,2.4461425999999999,2.752856
2009-11-09,0.59755259999999999,1.3657442,2.0061241000000001,2.4484759,2.7432603000000002
2009-11-10,0.60815660000000005,1.3690017999999999,1.9988911000000003,2.4393389000000001,2.7364288000000001
2009-11-12,0.60365590000000002,1.3569055000000001,1.9885903999999999,2.4346519999999998,2.7375430999999999
2009-11-13,0.59746319999999997,1.3538838,1.9859264000000001,2.4247103000000001,2.7189353000000001
2009-11-16,0.56108369999999996,1.3138295,1.9423755,2.3724696999999999,2.6577155000000001
2009-11-17,0.54118940000000004,1.2850402000000001,1.9131997000000001,2.3434535999999997,2.6285544999999999
2009-11-18,0.54354340000000001,1.2882049,1.9286178,2.3698402999999999,2.6603813000000001
2009-11-19,0.51089530000000005,1.249395,1.8859383000000001,2.3237165000000002,2.6150251
2009-11-20,0.51033459999999997,1.2390245,1.8717965999999999,2.3094073000000002,2.6024206000000003
2009-11-23,0.51292179999999998,1.2358948999999999,1.8580267000000001,2.2887939999999998,2.5794450000000002
2009-11-24,0.47897310000000004,1.1771652000000001,1.7811026999999999,2.2016993,2.4878580000000001
2009-11-25,0.48103750000000006,1.1542511,1.7480106,2.1683732,2.4581578999999998
2009-11-26,0.45832670000000003,1.1096097,1.6927497,2.1094279,2.3985862
2009-11-27,0.47058470000000002,1.1261240000000001,1.7120611999999999,2.1298439999999998,2.4193604
2009-11-30,0.46176289999999998,1.1115151000000001,1.7037693999999999,2.1261250999999999,2.4165946000000003
2009-12-01,0.45674060000000005,1.1092680000000001,1.7066063,2.1342442999999998,2.4303996000000003
2009-12-02,0.48932949999999997,1.1443919,1.7321297999999998,2.151335,2.4418576000000001
2009-12-03,0.49570750000000002,1.1432395,1.7263451999999999,2.1414656999999999,2.4281288999999999
2009-12-04,0.58833829999999998,1.2853371,1.8827182000000002,2.2944431000000001,2.5688062
2009-12-07,0.56045540000000005,1.2471852999999999,1.840077,2.2487212999999997,2.5209819000000002
2009-12-08,0.54897490000000004,1.2259443999999999,1.8115711999999999,2.2229366000000002,2.5045867999999998
2009-12-09,0.55411840000000001,1.2331473000000002,1.8199641999999998,2.2334668,2.5180180999999999
2009-12-10,0.58027419999999996,1.250623,1.8358717,2.2629416,2.5585156000000002
2009-12-11,0.60242810000000002,1.2737419999999999,1.8577336,2.2872086999999999,2.5871352999999999
2009-12-14,0.61188049999999994,1.2930626000000001,1.8796804,2.3111860000000002,2.6124214000000001
2009-12-15,0.63607899999999995,1.3200946999999998,1.8996128000000001,2.3232624999999998,2.6185372
2009-12-16,0.65446769999999999,1.3638265000000001,1.9390449999999999,2.3493251000000002,2.6343255000000001
2009-12-17,0.62265669999999995,1.3240406,1.8964188,2.3007640999999999,2.5852116999999999
2009-12-18,0.65141310000000008,1.3504152999999999,1.9188581,2.3310048000000001,2.6237113000000001
2009-12-21,0.68136179999999991,1.4003217999999999,1.9894339999999999,2.4221244,2.7303944000000002
2009-12-22,0.69811979999999996,1.4353711,2.0349656,2.4774348000000002,2.7969534
2009-12-23,0.67986849999999999,1.4198769,2.0146236000000002,2.4467040999999998,2.7616114
2009-12-24,0.68764389999999997,1.4433217999999999,2.0472572000000002,2.4826465999999998,2.7968759999999997
2009-12-29,0.71873010000000004,1.4874080000000001,2.0792234000000001,2.5018232,2.8089919000000001
2009-12-30,0.72229069999999995,1.4846523999999999,2.0701789000000002,2.4951551999999997,2.8074387999999999
2009-12-31,0.75211310000000009,1.5318697999999999,2.1126909999999999,2.5286848000000002,2.8325667999999999
2010-01-04,0.73807430000000007,1.5068948,2.0958277999999999,2.5151653999999999,2.8189305
2010-01-05,0.71557610000000005,1.4406860000000001,2.0245657000000001,2.4579974999999998,2.7744164000000002
2010-01-06,0.70980299999999996,1.4450769999999999,2.0414416000000002,2.487079,2.8138649
2010-01-07,0.69745900000000005,1.4504723000000002,2.0542444999999998,2.4976913000000001,2.8235425000000003
2010-01-08,0.66286630000000002,1.3801208,1.9842417000000001,2.4365378,2.7703763000000001
2010-01-11,0.64488999999999996,1.3622641,1.9735972000000002,2.4333019,2.7726820000000001
2010-01-12,0.6370479,1.3451966,1.9508451999999998,2.4028653000000002,2.7333355999999998
2010-01-13,0.67286250000000003,1.4152978000000001,2.0245611000000001,2.4713536,2.7962299000000002
2010-01-14,0.66122999999999998,1.3987151,2.0013491999999999,2.4396377999999999,2.7556671000000001
2010-01-15,0.64224680000000001,1.3605659000000001,1.9569462999999998,2.3899002,2.7002119000000002
2010-01-18,0.64398100000000003,1.3544756,1.9450313000000001,2.3730405999999999,2.6794899000000001
2010-01-19,0.62646060000000003,1.3475895,1.9389506999999999,2.3677633999999999,2.6770342999999999
2010-01-20,0.58787830000000008,1.2987283000000001,1.8822196,2.3073098000000001,2.6169454000000001
2010-01-21,0.57462020000000003,1.2795532000000001,1.8547869000000001,2.2723243000000002,2.5774023000000001
2010-01-22,0.57399449999999996,1.269752,1.8330500000000001,2.2430175000000001,2.5459057999999999
2010-01-25,0.58454470000000003,1.2866249000000001,1.8478463999999999,2.2546930000000001,2.5559893000000002
2010-01-26,0.57737519999999998,1.2730595,1.8232174000000001,2.2235610000000001,2.5239549000000001
2010-01-27,0.61406919999999998,1.3223876999999999,1.8646596000000002,2.2523266999999998,2.5416540000000003
2010-01-28,0.58587630000000002,1.2866720999999999,1.8353835999999999,2.2268603000000002,2.5161345000000002
2010-01-29,0.58948689999999992,1.2859299,1.8374894999999998,2.2344319000000001,2.5288275999999996
2010-02-01,0.59648100000000004,1.2907481000000001,1.8476030000000001,2.2517886000000003,2.5528996000000004
2010-02-02,0.56914940000000003,1.2528648999999998,1.8156539999999999,2.2274756,2.5342160999999996
2010-02-03,0.59464820000000007,1.3016714,1.8737547999999999,2.2872460000000001,2.5915736000000003
2010-02-04,0.56809599999999993,1.2519676,1.8134583,2.2210190999999999,2.5220341999999998
2010-02-05,0.55325219999999997,1.2317069,1.7981635,2.2109186999999997,2.5156193999999998
2010-02-08,0.55926989999999999,1.2344275,1.7965419,2.2043797999999999,2.5054619000000002
2010-02-09,0.5755498,1.2663643,1.8329237000000003,2.2422772000000002,2.5445755999999999
2010-02-10,0.6186528,1.3271250999999999,1.8989672999999998,2.3095596999999999,2.6108043000000003
2010-02-11,0.64387230000000006,1.3613793000000001,1.9273497000000002,2.3358361000000003,2.6398013000000002
2010-02-12,0.62778909999999999,1.3310563,1.9000857,2.3146914000000001,2.6218673000000003
2010-02-16,0.60663690000000003,1.3098281999999999,1.8777611999999999,2.2928310999999999,2.6031101000000003
2010-02-17,0.62557890000000005,1.3327468,1.9037470000000001,2.3208737999999998,2.6307082999999998
2010-02-18,0.64496980000000004,1.3660824999999999,1.9405253,2.3594963,2.6703093999999998
2010-02-19,0.671655,1.3916842,1.9650295000000002,2.3829653999999998,2.6921620000000002
2010-02-22,0.66470410000000002,1.3799494000000001,1.9567254999999999,2.3790669000000002,2.6918023999999998
2010-02-23,0.63549840000000002,1.3349451000000001,1.9005736,2.3148541000000002,2.6229823999999997
2010-02-24,0.63911610000000008,1.3443383,1.9207341,2.3426293999999999,2.6535807
2010-02-25,0.60674479999999997,1.2961625999999999,1.8714911000000001,2.2939775999999998,2.6042068
2010-02-26,0.60769780000000007,1.2918640000000001,1.8654464999999998,2.287814,2.5981922000000002
2010-03-01,0.66284399999999999,1.3657941999999998,1.9271232,2.3354029000000001,2.6359057000000004
2010-03-02,0.67327250000000005,1.3793744999999999,1.9393251,2.3419674000000001,2.6349495000000003
2010-03-03,0.73309960000000007,1.4818361,2.0409717000000001,2.4261528000000001,2.6999195
2010-03-04,0.74098949999999997,1.4882351,2.0387957000000001,2.4173318999999998,2.6888379000000002
2010-03-05,0.76875079999999996,1.5362281,2.0886062999999999,2.4657505,2.7373126999999999
2010-03-08,0.78177079999999999,1.5595958000000001,2.1197463999999999,2.5005849000000002,2.773638
2010-03-09,0.76807560000000008,1.5416904,2.1055343,2.4932181,2.7724452999999998
2010-03-10,0.77535310000000002,1.5547669,2.1238288000000001,2.5151492000000002,2.7953068999999999
2010-03-11,0.76447319999999996,1.5459304,2.1100173,2.4942668000000001,2.7702287000000001
2010-03-12,0.80262300000000009,1.6053522,2.1737375999999999,2.5533721999999996,2.8225251999999998
2010-03-15,0.79496389999999995,1.5865924999999999,2.1453495999999999,2.5175757000000001,2.7814980999999999
2010-03-16,0.77547719999999998,1.5632679999999999,2.1190642999999998,2.4865401,2.7442836000000002
2010-03-17,0.79924820000000008,1.6134611000000001,2.1678677,2.5292972000000002,2.7828453999999998
2010-03-18,0.79033590000000009,1.5851036999999999,2.1345717,2.4979755999999997,2.7551801999999999
2010-03-19,0.8573829999999999,1.6677035,2.2120115999999999,2.5684838999999999,2.8193758
2010-03-22,0.84774299999999991,1.6446208,2.1836686000000003,2.5367253999999999,2.7847559
2010-03-23,0.86073750000000004,1.6616715,2.1983803000000002,2.549893,2.7981336999999997
2010-03-24,0.90979940000000004,1.7268966000000001,2.2639934999999998,2.6159227999999999,2.8669043000000003
2010-03-25,0.915265,1.7266988999999999,2.2557480000000001,2.6077877999999997,2.8641320000000001
2010-03-26,0.92592140000000001,1.734022,2.2613569,2.6139844000000001,2.8722189
2010-03-29,0.95333669999999993,1.7564857999999999,2.2929594,2.6515602,2.9082027999999998
2010-03-30,0.98704519999999996,1.7820227000000002,2.3161401000000001,2.6737229999999998,2.9288753000000001
2010-03-31,0.99745549999999994,1.7844309999999999,2.3077890000000001,2.6603300999999999,2.9155511000000001
2010-04-01,1.001063,1.7802366999999999,2.2973659,2.6456401000000001,2.8989856000000001
2010-04-05,1.0834132000000001,1.8908818000000001,2.4170886999999999,2.7705196999999999,3.0263027
2010-04-06,1.1017712000000002,1.9111453,2.4353676000000002,2.788062,3.0444776999999998
2010-04-07,1.0543806,1.8458428999999998,2.3685334,2.7260192999999999,2.9882544000000002
2010-04-08,1.1047669,1.9205265999999999,2.4483438,2.8029191,3.0587527999999997
2010-04-09,1.1019475000000001,1.9090194,2.4347488999999998,2.7909703000000001,3.0487572000000003
2010-04-12,1.1166616,1.9291936999999999,2.4563129999999997,2.8115325000000002,3.0674632000000002
2010-04-13,1.1513446999999999,1.9781829000000002,2.5091722999999999,2.8609360000000001,3.1096176999999998
2010-04-14,1.1709617999999999,2.0105266999999998,2.5435379,2.8923768999999999,3.1367891999999999
2010-04-15,1.1691221000000001,2.0183692,2.5551178000000001,2.9049476000000003,3.1491549000000001
2010-04-16,1.1197561,1.9476059000000001,2.4891331999999999,2.8490465,3.1013362999999998
2010-04-19,1.1011975000000001,1.9166993999999999,2.4565205999999997,2.8204465000000001,3.0778944999999998
2010-04-20,1.2689138,2.0901879999999999,2.6151632,2.9600509000000002,3.1976737999999996
2010-04-21,1.3402029,2.1335984999999997,2.6402438999999998,2.9768756999999999,3.2127391999999997
2010-04-22,1.3198017,2.1101393000000002,2.6089779000000002,2.9404116999999999,3.1765859000000001
2010-04-23,1.2966922000000001,2.0742715,2.5560673999999999,2.8849722,3.1292617000000003
2010-04-26,1.3009329000000001,2.0693915999999999,2.5444067000000001,2.8697159999999999,3.1125973
2010-04-27,1.2607059,1.9997099,2.4745339,2.8021262,3.0436847999999999
2010-04-28,1.3090459999999999,2.0665775000000002,2.5438155,2.8708260999999999,3.1122396999999999
2010-04-29,1.3001562,2.0591086999999999,2.539625,2.8693441000000002,3.1113244
2010-04-30,1.2615641,1.9966363,2.4660035000000002,2.7880441999999999,3.0248765999999998
2010-05-03,1.2637677999999999,1.9804003000000001,2.4438607000000001,2.7681557999999997,3.0102877000000001
2010-05-04,1.1683148999999999,1.8516808999999999,2.3097059,2.6374333999999999,2.8859475999999997
2010-05-05,1.1451948999999999,1.8282100999999999,2.2936638,2.6255171000000002,2.8739463000000001
2010-05-06,1.0504898,1.7314408999999999,2.1992060000000002,2.5324732000000001,2.7820173000000001
2010-05-07,1.0935201999999999,1.7730312000000001,2.2503902999999998,2.5914901000000001,2.8432757
2010-05-10,1.1971567000000001,1.8947769999999999,2.3666038,2.6995001000000003,2.9459926000000003
2010-05-11,1.2214422,1.9287941999999998,2.3997945999999999,2.7283957999999999,2.9691135000000002
2010-05-12,1.2600623,1.9819842999999999,2.4501421999999997,2.7681458000000001,2.9968187999999998
2010-05-13,1.2130052,1.9142184,2.3723254999999996,2.6852944999999999,2.9119128999999999
2010-05-14,1.1228103999999999,1.7990006999999999,2.2513044,2.5671466999999999,2.8002768000000002
2010-05-17,1.1656872,1.8527106000000002,2.3080669,2.6259975,2.8620680999999997
2010-05-18,1.0999612999999999,1.7612286000000001,2.2099283999999999,2.5254933999999998,2.7587701999999998
2010-05-19,1.0933041999999999,1.7474105,2.193292,2.5100503999999999,2.7471494000000001
2010-05-20,1.0077672,1.6300572999999998,2.0643257000000004,2.3833277000000002,2.6308055000000001
2010-05-21,1.062522,1.6990076000000001,2.1297604000000003,2.4410425,2.6813446000000001
2010-05-25,0.9729139,1.5988168,2.0391813999999999,2.3392735,2.5692159000000001
2010-05-26,1.0088767999999999,1.6285458999999998,2.0748250000000001,2.3789817000000002,2.6014038999999998
2010-05-27,1.1487338,1.7938896999999998,2.2406777999999998,2.5393317,2.7525138999999998
2010-05-28,1.0869282,1.7249747,2.1787918999999998,2.4799192000000003,2.6918581000000001
2010-05-31,1.1852624,1.8483349999999998,2.2949826999999998,2.5865823999999997,2.7884749000000002
2010-06-01,1.1002098999999999,1.7468170000000001,2.1785579999999998,2.4565551000000001,2.6612694000000001
2010-06-02,1.1333219999999999,1.7829832000000001,2.2277502,2.5221119999999999,2.7372678000000001
2010-06-03,1.1398504999999999,1.778078,2.2223468,2.5236353,2.7454950999999999
2010-06-04,1.0563202,1.6417136999999999,2.0643601999999999,2.3774506999999998,2.6181350000000001
2010-06-07,1.0543995000000002,1.6546603,2.0982327000000001,2.4073771000000002,2.6389518000000001
2010-06-08,1.0913147999999999,1.6962410000000001,2.1385599000000002,2.4465068999999997,2.6749321999999998
2010-06-09,1.1514249999999999,1.7537891999999999,2.1774182999999998,2.4861578,2.7211589000000003
2010-06-10,1.2246042000000001,1.8514806000000001,2.2818647000000003,2.5892047000000002,2.8196569
2010-06-11,1.2003218,1.8223873000000002,2.2558898000000003,2.5666158000000001,2.7986884999999999
2010-06-14,1.2250445999999999,1.8541452999999999,2.2863408000000001,2.5956760999999999,2.8278865
2010-06-15,1.2362754,1.8679869000000002,2.2957570999999999,2.5992259,2.8263948999999999
2010-06-16,1.2002077,1.8143583000000001,2.2397416999999997,2.5432730000000001,2.768853
2010-06-17,1.1643809999999999,1.7649218000000002,2.1808299999999998,2.4796333000000002,2.7045388999999997
2010-06-18,1.1805246999999999,1.7829564999999998,2.1990452999999999,2.4983404999999999,2.7243634999999999
2010-06-21,1.1869192000000002,1.7813276,2.1977969000000002,2.4994799000000003,2.7271317000000002
2010-06-22,1.1429533000000001,1.7399543,2.1579714999999999,2.4404284000000001,2.6553225
2010-06-23,1.0964499999999999,1.6664914,2.0829149,2.3738875999999998,2.6010187999999999
2010-06-24,1.0554002999999998,1.6336995000000001,2.0550519,2.3460653000000002,2.5757895
2010-06-25,1.0440236000000001,1.6067844000000002,2.0257284000000002,2.3198667999999998,2.5500381000000001
2010-06-28,1.0174572,1.5613840000000001,1.9789451,2.2765196000000003,2.5099621999999999
2010-06-29,0.98570279999999999,1.4423840000000001,1.8446785999999999,2.1695194,2.4238062
2010-06-30,0.97531249999999992,1.4552845999999999,1.8494286,2.1631399999999998,2.4117975999999999
2010-07-02,1.0064836000000001,1.5013112,1.8954116999999999,2.2039244,2.4470155
2010-07-05,0.99428810000000012,1.4799741,1.8699165,2.1771267999999999,2.4199451999999999
2010-07-06,0.99488760000000009,1.4801171,1.8785896,2.1890573,2.4291269999999998
2010-07-07,1.0282536,1.5516278999999999,1.9659412000000001,2.2809873000000001,2.5216268999999998
2010-07-08,1.0359866,1.5616423000000001,1.9869210000000002,2.3099422000000001,2.5539787999999999
2010-07-09,1.0975674,1.6368351999999999,2.0698918000000002,2.3893344999999999,2.6226950999999996
2010-07-12,1.0769427,1.6129667000000001,2.0482472,2.3662975999999998,2.5956945
2010-07-13,1.1088117,1.6474724999999999,2.0847742999999999,2.4042029,2.6370915000000004
2010-07-14,1.1141272,1.6406247999999999,2.0719554000000002,2.3884466999999998,2.6198313999999998
2010-07-15,1.0981905000000001,1.6003808000000002,2.0179367999999998,2.3329789999999999,2.5703212
2010-07-16,1.0482796000000001,1.5092511,1.9164934000000002,2.2319034000000002,2.4728335000000001
2010-07-19,1.0195145999999999,1.4735954,1.8835797000000001,2.2082033000000001,2.4595015
2010-07-20,1.0772642000000001,1.5424495999999999,1.9364154000000002,2.2456271999999999,2.4893840000000003
2010-07-21,1.0489165,1.4830582000000001,1.8747712999999999,2.1908911999999998,2.4417494
2010-07-22,1.0803677,1.5143764,1.9104823,2.2311513000000001,2.4856519000000001
2010-07-23,1.1144439000000002,1.5514958999999999,1.9433562000000002,2.2589285000000001,2.5095809
2010-07-26,1.1255064000000001,1.5662328999999999,1.9558492000000001,2.2682623999999998,2.5162533000000002
2010-07-27,1.157081,1.6054096,1.9937171999999999,2.3036911999999998,2.5510613000000002
2010-07-28,1.1325334,1.5702079,1.9588057999999999,2.2710937000000002,2.5190025
2010-07-29,1.1049918000000001,1.5132593999999999,1.8896063000000001,2.1996707,2.4496132999999998
2010-07-30,1.0637643000000001,1.4446755,1.8112891999999998,2.1206073000000001,2.3738451
2010-08-03,1.0624417000000002,1.4342771000000001,1.785099,2.0873406999999999,2.3425218999999999
2010-08-04,1.1285699999999999,1.5262616,1.8859246000000001,2.1864496,2.4353906000000003
2010-08-05,1.1263194999999999,1.5056942,1.8615003000000001,2.1588447999999998,2.4014692000000002
2010-08-06,1.0948925,1.4382961000000001,1.7793972000000002,2.0791906,2.3328063000000001
2010-08-09,1.0987212,1.4425508,1.7858445999999999,2.0857180999999998,2.3374345999999999
2010-08-10,1.0981149000000001,1.4327477,1.7629582000000001,2.0522529999999999,2.2970507000000002
2010-08-11,1.0262712999999999,1.3378241000000002,1.6674472999999999,1.9626220000000001,2.2132966999999999
2010-08-12,1.0427446,1.3567251,1.6974224,2.0013600999999999,2.2568025
2010-08-13,1.0544342,1.3723854,1.7082968000000001,2.0035780000000001,2.2496358999999999
2010-08-16,1.0413171000000001,1.3538451,1.6770063000000002,1.9617367999999999,2.2014033999999998
2010-08-17,1.0655455,1.3917729999999999,1.7231424,2.0107786000000001,2.2498936
2010-08-18,1.0623597,1.3884597000000001,1.7148199999999998,1.9974601000000001,2.2326879000000002
2010-08-19,1.0523328999999999,1.3619401999999998,1.6841278000000002,1.9664817000000001,2.2019093999999999
2010-08-20,0.98970619999999998,1.293755,1.6230272000000001,1.9190107000000001,2.1703134999999998
2010-08-23,0.95678459999999999,1.2368228000000001,1.5593485,1.8573405000000001,2.1131682999999999
2010-08-24,0.93376720000000002,1.186426,1.4915304,1.7818654,2.0364022999999998
2010-08-25,0.95918979999999998,1.2191645,1.5211318999999999,1.8053920000000001,2.0548706000000001
2010-08-26,0.96979289999999996,1.2267338999999999,1.5205431999999999,1.7955006,2.0368105000000001
2010-08-27,1.0283972000000001,1.2931896000000001,1.5945260999999999,1.8747799999999999,2.1186571000000001
2010-08-30,0.97960489999999989,1.2336194999999999,1.525261,1.7980400999999999,2.0361102999999998
2010-08-31,0.96074190000000004,1.1993806,1.4927813999999999,1.7735675,2.0209165000000002
2010-09-01,0.99848729999999997,1.2542423,1.5459372,1.8230120999999999,2.0700702
2010-09-02,1.0257805,1.2737445000000001,1.5594561,1.8343715999999999,2.0816515
2010-09-03,1.1016338999999999,1.3658052999999999,1.6539473,1.9260044000000001,2.1698375999999997
2010-09-07,1.0433901000000001,1.2674116,1.5399044000000002,1.8060482999999998,2.0466641000000001
2010-09-08,1.1886207,1.4189459999999998,1.6764781,1.9289350000000001,2.1629632000000001
2010-09-09,1.2328695000000001,1.4692659000000001,1.7256776,1.9762451000000001,2.2097983000000001
2010-09-10,1.2324626000000001,1.4629783000000001,1.7202682,1.9732254,2.2088406000000003
2010-09-13,1.2382822,1.4572842000000001,1.7061004000000002,1.9541145,2.1875781999999999
2010-09-14,1.2372558,1.4664142999999998,1.7130893,1.9556391999999998,2.1841586999999998
2010-09-15,1.2680931,1.5019648000000001,1.7477718999999998,1.9878605,2.2138165999999999
2010-09-16,1.3007403000000002,1.5213650000000001,1.7625663,2.0010501000000001,2.2254006999999998
2010-09-17,1.2694113,1.4786553,1.7199336999999999,1.9594767999999998,2.1832187999999997
2010-09-20,1.2943012999999999,1.5150353000000001,1.7544710000000001,1.9884592999999999,2.2071402999999998
2010-09-21,1.2545113999999999,1.4616845000000001,1.6956841,1.9291024999999999,2.1496794000000001
2010-09-22,1.2355143000000002,1.4265374000000002,1.6536820000000001,1.8859699000000001,2.1088619999999998
2010-09-23,1.2341394999999999,1.4200339,1.6393011,1.8648593000000002,2.0831295999999999
2010-09-24,1.2786553000000001,1.4800803,1.7009981000000001,1.9227396000000001,2.1358917000000002
2010-09-27,1.2510197999999999,1.4278729000000001,1.6374346000000002,1.8545967000000001,2.0661461999999999
2010-09-28,1.2239415999999999,1.4002501999999999,1.6015147000000001,1.8090418000000001,2.0127375999999999
2010-09-29,1.2200293,1.4012712999999999,1.5907100000000001,1.7884585000000002,1.9896984
2010-09-30,1.2005233,1.3771952999999999,1.5739993999999999,1.7821962,1.9924184
2010-10-01,1.1970734999999999,1.3806745,1.5817774999999998,1.7949013999999999,2.0115228999999997
2010-10-04,1.1895317999999999,1.3713984000000001,1.5626985999999998,1.7650322000000001,1.9729526000000002
2010-10-05,1.1838715,1.3724750999999999,1.5675005999999998,1.7717330999999998,1.9810232999999999
2010-10-06,1.1788365999999999,1.3662606000000002,1.5559506999999999,1.7544225,1.9590647999999999
2010-10-07,1.1729582000000001,1.3485499000000001,1.5279183999999999,1.7229709999999998,1.9306365999999999
2010-10-08,1.1658567,1.3397038999999999,1.4800610999999999,1.6555336,1.8616937999999998
2010-10-12,1.1893275999999999,1.3678864000000002,1.5087115,1.6840067000000001,1.890787
2010-10-13,1.2145721,1.3999845,1.5647759999999999,1.7386680000000001,1.9274871
2010-10-14,1.2282595999999999,1.4128039999999999,1.5848540000000002,1.7677074000000002,1.9634096000000001
2010-10-15,1.220232,1.4096974,1.5867804999999999,1.7742843000000001,1.9745832000000001
2010-10-18,1.2061113999999999,1.3918585000000001,1.5625026,1.7449807000000002,1.9426728
2010-10-19,1.1495214999999999,1.3189793999999999,1.466761,1.6412895999999999,1.8455155000000001
2010-10-20,1.1706555999999999,1.3540747,1.5155282000000001,1.6950198999999999,1.8982700000000001
2010-10-21,1.1809750000000001,1.3747910999999999,1.5389577999999999,1.7171246,1.9175401000000001
2010-10-22,1.1782925,1.3665913999999999,1.522492,1.6951445999999999,1.8936749999999998
2010-10-25,1.1785644,1.3708311000000002,1.5296669000000001,1.7043099999999998,1.9036953999999999
2010-10-26,1.1890704000000001,1.4048608,1.5887802,1.7812545999999998,1.9900807
2010-10-27,1.2060435,1.4319439999999999,1.6329548999999999,1.8404645000000002,2.0594221999999998
2010-10-28,1.1933981999999999,1.4071079,1.6036736999999999,1.8116323999999999,2.0331082999999999
2010-10-29,1.1832142000000001,1.3846917000000001,1.5678596,1.7636514999999999,1.9753764
2010-11-01,1.1833912,1.3874308,1.5794912000000001,1.7838641999999998,2.0016122000000003
2010-11-02,1.1886080999999999,1.4022128999999999,1.6070256000000001,1.8215131999999998,2.0455668
2010-11-03,1.1893076,1.3985421,1.5951051000000001,1.8032001999999998,2.0242636000000003
2010-11-04,1.1807700000000001,1.3902809999999999,1.5784453999999999,1.7749318999999999,1.9848101
2010-11-05,1.2271352,1.4538693,1.6503192,1.8482183999999999,2.0549423
2010-11-08,1.2624392,1.5060010000000001,1.7052277,1.9010843999999998,2.1046659000000001
2010-11-09,1.3098863999999999,1.5838760000000001,1.7985111000000003,1.9995003,2.2027320000000001
2010-11-10,1.2830433999999999,1.5579100000000001,1.7883446000000001,2.0004100999999999,2.2069238000000002
2010-11-12,1.2874676,1.5716734999999999,1.8257059,2.0557055000000002,2.2704212000000004
2010-11-15,1.2947727,1.6173175000000002,1.9090132,2.1626447,2.3893507
2010-11-16,1.2585009,1.5571857999999998,1.8391443000000001,2.0890863999999998,2.3141304000000003
2010-11-17,1.2692603,1.5719988,1.8522830000000001,2.1015283,2.3288351
2010-11-18,1.3000947,1.6187304999999999,1.9008583999999999,2.1490472,2.3739965999999999
2010-11-19,1.3105965000000002,1.6358219000000001,1.9201066999999998,2.1743671999999998,2.4058812000000001
2010-11-22,1.2884348000000001,1.5908812000000001,1.8580566999999999,2.1042470999999998,2.3345415000000003
2010-11-23,1.3199555000000001,1.6423071,1.9139624000000002,2.1572904999999998,2.3819604000000001
2010-11-24,1.3762810999999999,1.7248510000000001,2.0114472000000001,2.2617890000000003,2.4881069
2010-11-25,1.3837577999999999,1.7201498,1.9998291000000001,2.2453007,2.4671226000000002
2010-11-26,1.3576862000000001,1.6632725000000002,1.9380952,2.1868878,2.4127567999999999
2010-11-29,1.3498886999999999,1.6575254000000001,1.9300902000000002,2.1755673999999998,2.3983985999999997
2010-11-30,1.3290673,1.6236332999999998,1.8919150999999998,2.1391123000000003,2.3673105999999997
2010-12-01,1.3546391,1.6768684999999999,1.964264,2.2244856,2.4614421000000002
2010-12-02,1.3558994,1.6885203000000002,1.9835232,2.2477548000000001,2.4870429999999999
2010-12-03,1.3200171999999999,1.6395346000000002,1.9308236999999999,2.1981421999999999,2.4441707999999998
2010-12-06,1.2730731,1.5633721999999999,1.8363968000000002,2.0963189,2.3428895000000001
2010-12-07,1.311812,1.6303373999999999,1.9241359,2.1978816999999999,2.4522230999999999
2010-12-08,1.3418200999999998,1.6793802,1.986639,2.2633833000000001,2.5124990999999999
2010-12-09,1.3289275999999999,1.6687160999999999,1.9788650000000001,2.2577446999999999,2.5077420999999998
2010-12-10,1.3612632,1.7223071999999999,2.0495099999999997,2.3353272,2.5849595999999999
2010-12-13,1.3239901000000001,1.6670069999999999,1.9830276,2.2641888999999997,2.5131785999999998
2010-12-14,1.3692831000000001,1.7307428999999999,2.0534169000000002,2.3417748,2.5996906000000002
2010-12-15,1.3774282,1.7285564,2.0485427,2.3342888999999998,2.5869993999999998
2010-12-16,1.3582548000000001,1.6916804999999999,1.9902070000000001,2.2624908000000001,2.5120637000000001
2010-12-17,1.3395802999999999,1.6488134000000001,1.9214769999999999,2.1785774,2.4237203999999997
2010-12-20,1.3347685999999999,1.6429545000000001,1.9151199999999999,2.1704681999999997,2.4131287000000001
2010-12-21,1.3338025999999998,1.6416208000000001,1.9187739999999998,2.1750328999999997,2.4136811000000002
2010-12-22,1.3515934000000001,1.6790561999999998,1.9651805000000002,2.2230086999999998,2.4589490000000001
2010-12-23,1.3763562,1.7105321,1.9968025,2.2514324999999999,2.4830093
2010-12-24,1.3767222000000001,1.7121073,1.9958125,2.2474047000000001,2.4764143999999999
2010-12-29,1.3772936,1.7088078,1.9958366000000001,2.2495175999999999,2.4781159000000001
2010-12-30,1.3956707000000002,1.7287510999999998,2.0132685000000001,2.2631617999999998,2.4877965
2010-12-31,1.3748791,1.6881956999999999,1.9681383000000001,2.2182080000000002,2.4436841
2011-01-04,1.3908546000000002,1.7186098999999999,2.0057773000000001,2.2608907,2.4909502999999997
2011-01-05,1.4273921000000001,1.7822879,2.0895885000000001,2.3577751,2.5947219000000001
2011-01-06,1.4161344,1.7637743000000001,2.0568752999999997,2.3151295999999997,2.5473295999999999
2011-01-07,1.3973553999999999,1.7292871000000001,2.0127769,2.2665984999999997,2.4977787999999999
2011-01-10,1.3969631,1.7250147,2.0094860999999997,2.2636505000000002,2.4934235
2011-01-11,1.4046027000000001,1.7504453999999998,2.0475311,2.3100464000000001,2.5450606000000002
2011-01-12,1.4107976,1.7706440000000001,2.0719606000000002,2.3356297000000001,2.5710896000000001
2011-01-13,1.424947,1.7922435000000001,2.0880124000000002,2.3437565999999999,2.5730067000000001
2011-01-14,1.4377047999999999,1.8099286999999999,2.1085335999999999,2.3656899,2.5954986999999998
2011-01-17,1.4371791999999999,1.8087362999999999,2.1085336999999997,2.3650856,2.5921064999999999
2011-01-18,1.4140036999999999,1.7899324000000001,2.1035107000000002,2.3730318000000001,2.6088659999999999
2011-01-19,1.3501462,1.7177738000000002,2.0371555999999997,2.3149630000000001,2.5576634
2011-01-20,1.3638515,1.7434152000000001,2.0715716,2.3580347000000002,2.6091167
2011-01-21,1.3641339000000001,1.7570497,2.0970011999999998,2.3901517000000001,2.6432788
2011-01-24,1.3585543,1.7521321999999999,2.0928616999999998,2.3856359999999999,2.6370353999999998
2011-01-25,1.3189275,1.706299,2.0492154,2.3446796000000001,2.5975815999999998
2011-01-26,1.3170691999999999,1.7093748,2.0544532000000002,2.3541293000000003,2.6137636999999998
2011-01-27,1.2989735,1.6838661000000001,2.0258425999999998,2.3241236000000001,2.5827425000000002
2011-01-28,1.2751113999999999,1.6419029000000003,1.9823488,2.2835958000000001,2.5448976000000001
2011-01-31,1.2707955,1.6380639999999997,1.9806409,2.2864157999999999,2.5541003
2011-02-01,1.2918413,1.6793783999999998,2.0370146,2.3509023999999998,2.6225302999999998
2011-02-02,1.3160854,1.7163887,2.0832694999999997,2.4013426999999998,2.6727374000000004
2011-02-03,1.3316326999999999,1.7424859000000001,2.1196874999999999,2.4439200000000003,2.7183875999999998
2011-02-04,1.3878866000000001,1.8186197000000002,2.1992443000000002,2.5199910000000001,2.7879166999999998
2011-02-07,1.3802238,1.8123495000000001,2.1889852000000003,2.5035262,2.7655697999999997
2011-02-08,1.3988555,1.8534131999999999,2.2440332000000001,2.5652822,2.8290066999999999
2011-02-09,1.3960474999999999,1.8505915000000002,2.2286831999999999,2.5389930999999999,2.7964707
2011-02-10,1.3941515999999998,1.8550811,2.2374010000000002,2.5502324999999999,2.8092964
2011-02-11,1.4189666000000001,1.8840724,2.2593273000000003,2.5639558,2.8172907
2011-02-14,1.4343687000000001,1.9042047999999998,2.2766545999999996,2.5784277000000002,2.8308407
2011-02-15,1.4350092999999999,1.9043767,2.2768204000000001,2.5777076999999999,2.8277849000000002
2011-02-16,1.4451924999999999,1.9208198999999999,2.2979934000000002,2.6019342000000001,2.8536133000000001
2011-02-17,1.4206526000000002,1.8897507,2.2698822000000001,2.5774245000000002,2.8314096000000002
2011-02-18,1.4081446,1.8716312999999998,2.2487092,2.5551688000000001,2.8088233000000002
2011-02-22,1.3515657000000001,1.7819766000000001,2.1440516000000001,2.4452373000000001,2.6981575000000002
2011-02-23,1.3553272000000001,1.7860946,2.1381839,2.4264254999999997,2.6679919000000001
2011-02-24,1.3560954000000001,1.7911942999999999,2.1414572999999999,2.4264843000000003,2.6657315000000001
2011-02-25,1.3477116,1.7703447999999999,2.1190646000000002,2.4035521000000002,2.6411039000000001
2011-02-28,1.3933090000000001,1.8308419,2.1802825000000001,2.4570038999999997,2.6831506000000003
2011-03-01,1.3596349000000001,1.7909301999999998,2.1458431999999998,2.4300012,2.6626220999999997
2011-03-02,1.3751060000000002,1.8249320999999998,2.184113,2.4677144000000002,2.7000463999999997
2011-03-03,1.4146841000000001,1.8790342000000002,2.2551549,2.5480447000000002,2.7812372999999999
2011-03-04,1.3844656,1.8379643000000001,2.2037027,2.4886618,2.7164291999999999
2011-03-07,1.3993825,1.8525357999999998,2.2146192,2.4977125,2.7260724000000001
2011-03-08,1.4131792000000001,1.8774418000000002,2.2482158999999999,2.5371773000000002,2.7695887999999997
2011-03-09,1.3899958000000001,1.8434599999999999,2.2076164,2.4906552,2.7177296000000002
2011-03-10,1.3400620999999999,1.7772435999999998,2.1339232999999997,2.4135464,2.6396099
2011-03-11,1.3183991000000002,1.7468022999999999,2.1065840999999996,2.3921376000000003,2.6235865
2011-03-14,1.2751626,1.6784238999999999,2.0313854,2.3195042999999997,2.5563283000000001
2011-03-15,1.2511509999999999,1.6399484,1.9875328000000001,2.2763360000000001,2.5167770999999997
2011-03-16,1.1898865999999999,1.5482393999999999,1.8869314000000001,2.1809443000000002,2.4311724999999997
2011-03-17,1.2411969,1.6229804000000001,1.9659468,2.2569021,2.5019855
2011-03-18,1.2433970000000001,1.6225936000000001,1.9607744999999999,2.2482727000000002,2.4910575000000001
2011-03-21,1.3030778000000001,1.7007758000000002,2.0422069999999999,2.3239725,2.5577669000000003
2011-03-22,1.2900180999999999,1.6840773,2.0264872,2.3085334999999998,2.5411330999999997
2011-03-23,1.2946933,1.6993233999999999,2.0415697000000002,2.3235015000000003,2.5587852
2011-03-24,1.3067716,1.7256331,2.0739238000000002,2.3544157999999999,2.5844817
2011-03-25,1.327731,1.7536689000000001,2.1082887000000001,2.3905727000000003,2.6196963000000002
2011-03-28,1.3336201000000001,1.7644947000000002,2.1276593999999998,2.4152190999999998,2.6461597000000001
2011-03-29,1.3576138,1.8069834,2.1718772,2.456804,2.6852957000000002
2011-03-30,1.3444985,1.7937881,2.1633083000000002,2.4513439000000004,2.6807272000000002
2011-03-31,1.3743183999999999,1.8436439999999998,2.2204966000000002,2.5107485,2.7411156999999999
2011-04-01,1.3879643000000002,1.8551827999999999,2.2339171000000002,2.5272307999999999,2.7603610999999999
2011-04-04,1.3718712,1.8352812999999999,2.2112495999999999,2.5032227000000002,2.7366820000000001
2011-04-05,1.4101630000000001,1.8925945,2.2686329000000001,2.5544599000000003,2.7805659999999999
2011-04-06,1.4241939000000001,1.9140443999999999,2.2976600999999999,2.5891709999999999,2.8182333000000002
2011-04-07,1.4277491999999998,1.9210502,2.3061043999999997,2.59985,2.8319341000000002
2011-04-08,1.4389564000000001,1.9308931,2.3167225999999999,2.6111030999999998,2.8435272
2011-04-11,1.4766942000000001,1.9755203999999997,2.3519559000000001,2.6397262000000001,2.8713687999999999
2011-04-12,1.4323532999999999,1.9003931000000001,2.2698372,2.5587426999999998,2.7933502999999997
2011-04-13,1.4124117,1.8668818999999999,2.2263618999999997,2.5098975000000001,2.7425631999999998
2011-04-14,1.4075337000000001,1.8619553,2.2204093999999999,2.50284,2.7348944999999998
2011-04-15,1.3634436000000001,1.789909,2.1449104999999999,2.4326905000000001,2.6701261999999999
2011-04-18,1.3313992000000001,1.7358311000000002,2.0812230999999999,2.3635067999999997,2.5975142999999998
2011-04-19,1.4033047999999999,1.8162379,2.1619749000000001,2.4403942999999999,2.6680029000000003
2011-04-20,1.4369836,1.8595520000000001,2.2061559000000002,2.4856396999999997,2.7158287999999997
2011-04-21,1.4385668,1.8558049000000001,2.1951740000000002,2.4661412,2.6881366999999998
2011-04-25,1.4267136999999999,1.8306024000000001,2.1598450000000002,2.4236897000000002,2.6408807999999997
2011-04-26,1.3978002,1.7896368999999999,2.1100694,2.370349,2.5876330999999997
2011-04-27,1.4330636000000001,1.8338103000000001,2.1568548000000001,2.4211749999999999,2.6450222999999999
2011-04-28,1.3988115999999999,1.7910724999999998,2.1121994000000002,2.3769537999999999,2.601677
2011-04-29,1.3750225,1.7614686000000002,2.0820148999999999,2.3479034999999997,2.5742186
2011-05-02,1.3873727,1.7661535999999998,2.0834289999999998,2.3489618000000001,2.5760603999999998
2011-05-03,1.3832301,1.7619342,2.0713982999999998,2.3274254000000001,2.5461982000000001
2011-05-04,1.3785447,1.7513419999999997,2.0546669,2.3051411000000002,2.5188063999999999
2011-05-05,1.3557529000000001,1.7246050999999998,2.030713,2.2836924999999999,2.4985561000000001
2011-05-06,1.3671298999999999,1.7379525999999998,2.0455007000000003,2.2993215,2.5140609999999999
2011-05-09,1.3624781000000001,1.7328038000000001,2.0378126999999999,2.2896660999999998,2.5024394999999999
2011-05-10,1.3909677,1.7899385000000001,2.1003913999999999,2.3522856000000001,2.5655174000000001
2011-05-11,1.3781238,1.7693772000000001,2.0778713,2.3292166000000001,2.5413460999999997
2011-05-12,1.3801867999999999,1.7786977999999998,2.0906913,2.3438796000000002,2.5574996999999997
2011-05-13,1.3695058,1.7646524000000001,2.0728238999999999,2.3217593999999999,2.5311012000000002
2011-05-16,1.3511975000000001,1.7399853999999999,2.0457638,2.2946538999999997,2.5054604
2011-05-17,1.3298261,1.7145947000000001,2.0203228000000002,2.270311,2.4824747999999999
2011-05-18,1.3551026000000002,1.7573524999999999,2.0713981000000001,2.3260415999999999,2.5417657999999999
2011-05-19,1.3636835,1.7631851999999999,2.0741025,2.3252161,2.5370729999999999
2011-05-20,1.3106514,1.6921024999999998,1.9943069,2.2448899,2.4603845
2011-05-24,1.3011259000000002,1.6834945000000001,1.9787807000000002,2.2225677999999998,2.4334693999999999
2011-05-25,1.2961389000000001,1.6713287999999999,1.9621237999999999,2.2031683000000002,2.4123617999999998
2011-05-26,1.2517048,1.6116241,1.8941633999999998,2.1341219000000002,2.3474971
2011-05-27,1.2362994999999999,1.59223,1.8798712,2.1265784999999999,2.3477351
2011-05-30,1.2303059000000001,1.5848746,1.8747865999999997,2.1208121000000002,2.3409165999999999
2011-05-31,1.2520921,1.6171886,1.906558,2.1467771999999998,2.3607024999999999
2011-06-01,1.2119,1.5345687000000001,1.8059474999999998,2.0448297000000002,2.2629237999999998
2011-06-02,1.2297429,1.5623690000000001,1.8369320000000002,2.0769047,2.2954572999999998
2011-06-03,1.2006694,1.5149359,1.7868035,2.0329190000000001,2.2586754
2011-06-06,1.1989224999999999,1.5089836999999999,1.7805511999999999,2.0288187999999998,2.2575853000000001
2011-06-07,1.2098323,1.5276803000000001,1.8000219000000002,2.0488822999999998,2.2797463000000002
2011-06-08,1.1991532,1.5142929000000001,1.7804256000000001,2.0243997999999999,2.2527110000000001
2011-06-09,1.2055717000000001,1.5278574,1.8014240000000001,2.0517007999999999,2.2845225
2011-06-10,1.2115624,1.5296756,1.7934717,2.0353401999999998,2.2627256
2011-06-13,1.2209186000000001,1.5456647999999999,1.8092803000000002,2.0465588000000001,2.2681069000000003
2011-06-14,1.2368140999999999,1.5945612000000002,1.8754151000000001,2.1098684999999997,2.3289372999999998
2011-06-15,1.1794201,1.4981675000000001,1.7659787,1.9963280999999999,2.2144885999999997
2011-06-16,1.1477766,1.4526692999999999,1.7205716,1.954358,2.1755616
2011-06-17,1.1556824000000001,1.4760647999999998,1.7462347999999999,1.9772746999999999,2.1970936000000001
2011-06-20,1.1703768999999999,1.4955782000000002,1.7646520999999997,1.9945872999999998,2.2144640999999998
2011-06-21,1.1760881000000001,1.5071387000000001,1.7768485000000001,2.0080883000000003,2.2289828000000003
2011-06-22,1.1710853999999999,1.5023938999999999,1.7675362999999999,1.9965156000000002,2.2175845999999999
2011-06-23,1.1553910000000001,1.4425167999999999,1.6855773000000001,1.9166173000000002,2.1411677999999998
2011-06-24,1.1213298999999999,1.3833316,1.6174582,1.8479338000000001,2.0761666000000001
2011-06-27,1.1350103,1.4006698,1.6322482999999999,1.8620760000000001,2.0931723
2011-06-28,1.1663075999999999,1.4549349,1.7073471,1.9508379,2.1885436
2011-06-29,1.2238547,1.559078,1.8412670999999998,2.0888141,2.3233291
2011-06-30,1.2484213,1.5902293000000001,1.8702610000000002,2.1169245999999999,2.351191
2011-07-04,1.2431977000000001,1.5844638000000002,1.8631441,2.1090087,2.3397382000000002
2011-07-05,1.242076,1.5625041,1.8319915,2.0810298999999999,2.3161893
2011-07-06,1.2136905999999998,1.5380784999999999,1.8091419000000002,2.0533888,2.2864149999999999
2011-07-07,1.2364705999999999,1.5747770000000001,1.8497162,2.0894508999999997,2.3154159000000001
2011-07-08,1.1942385999999998,1.5064469,1.7678791999999999,1.9975381999999999,2.2168505999999999
2011-07-11,1.1527435000000001,1.4285321,1.6702254999999999,1.9016567000000002,2.1261049000000001
2011-07-12,1.1641801000000001,1.4519252,1.6910900999999998,1.9166117999999999,2.1363801000000002
2011-07-13,1.1480918,1.4534701000000001,1.7123837999999998,1.9377119000000003,2.1561564
2011-07-14,1.1614367999999999,1.469492,1.7360306999999999,1.9697905000000002,2.1922044000000001
2011-07-15,1.1383841000000001,1.4204585999999999,1.6704125999999999,1.8960778,2.1135728999999999
2011-07-18,1.1252470000000001,1.3946257,1.6443184,1.8754148000000002,2.0986198000000003
2011-07-19,1.2062553999999999,1.4875448,1.7312893,1.9555791999999999,2.1703560999999998
2011-07-20,1.2424108,1.5328264,1.7759425,1.9979493000000002,2.2122843999999997
2011-07-21,1.2678578,1.5607407,1.8044998999999999,2.0299509000000002,2.2507578000000001
2011-07-22,1.2395595000000001,1.5101198,1.7425380000000001,1.9641896999999999,2.1839192000000001
2011-07-25,1.2460864999999999,1.5108172,1.7376063000000002,1.9595205,2.1822438000000002
2011-07-26,1.2360648000000001,1.4867162,1.7099465,1.9299088,2.1475943000000002
2011-07-27,1.2336669999999998,1.4821420000000001,1.7038515999999999,1.9229243999999999,2.1399583
2011-07-28,1.2420606000000001,1.4888245,1.7095400999999999,1.9280107000000002,2.1444087999999999
2011-07-29,1.1824403000000001,1.4047177,1.6128883000000001,1.8254657999999999,2.0400202999999997
2011-08-02,1.0890944,1.2733629,1.4524253,1.6452168999999999,1.8554646000000001
2011-08-03,1.1025274999999999,1.2705108999999999,1.4568654999999999,1.6668004000000001,1.888064
2011-08-04,0.92362169999999999,1.0459744,1.2318631,1.4477241999999999,1.6829635999999999
2011-08-05,0.96414180000000005,1.0926699,1.2969583999999998,1.5410119,1.7949126999999998
2011-08-08,0.75380880000000006,0.83290829999999993,1.0191950000000001,1.2659237000000001,1.5351834
2011-08-09,0.75990579999999996,0.85888799999999998,1.0439693000000001,1.2662922999999999,1.5174059
2011-08-10,0.80857190000000001,0.88894920000000011,0.99577280000000012,1.1632666999999999,1.3799026999999999
2011-08-11,0.84153519999999993,0.93910609999999994,1.089515,1.2826356000000001,1.5152436999999999
2011-08-12,0.8531515999999999,0.95513149999999991,1.1084849999999999,1.3018616000000001,1.5317182
2011-08-15,0.90936600000000001,1.0257689000000001,1.1887220000000001,1.3854039,1.6095568
2011-08-16,0.90916929999999996,1.0114924000000001,1.1671445,1.3587464,1.5793791000000001
2011-08-17,0.89264500000000002,0.98019579999999995,1.1264791000000001,1.3089199,1.5225104999999999
2011-08-18,0.82274459999999994,0.88501440000000009,1.0251804,1.2037842000000001,1.4171888000000001
2011-08-19,0.83033979999999996,0.90199439999999997,1.0417456999999999,1.2164883,1.4264214000000002
2011-08-22,0.8260345,0.90248320000000004,1.0521389999999999,1.2360960999999999,1.4497179
2011-08-23,0.88281900000000002,0.97835309999999998,1.1312302999999999,1.3196512,1.5372652
2011-08-24,0.92998079999999994,1.029407,1.1902657000000001,1.3905149000000001,1.6171154000000001
2011-08-25,0.92664349999999995,1.0222606000000001,1.1742265999999999,1.3618732,1.576606
2011-08-26,0.92301120000000003,1.0317489,1.1861495999999998,1.3715853999999998,1.5826630000000002
2011-08-29,0.96234360000000008,1.0901273,1.2571439,1.4512426,1.6654621000000001
2011-08-30,0.94651089999999993,1.058622,1.217908,1.4047429,1.6131426
2011-08-31,0.98856240000000006,1.1174809000000001,1.2857035999999999,1.4854782,1.7007633000000002
2011-09-01,0.9390773,1.0348717000000001,1.1905269000000001,1.3861450000000002,1.6000364
2011-09-02,0.90255300000000005,0.98187190000000002,1.1174900999999999,1.2978814000000001,1.5033532999999999
2011-09-06,0.83914469999999997,0.89812929999999991,1.0312066,1.2162545,1.4283397999999998
2011-09-07,0.88458670000000006,0.95424819999999999,1.0899029,1.2724044999999999,1.4789812
2011-09-08,0.86835149999999994,0.92678410000000011,1.0550086999999999,1.2321891999999999,1.4346667
2011-09-09,0.78866920000000007,0.82318240000000009,0.94333069999999997,1.1197231999999999,1.3241377999999999
2011-09-12,0.85457269999999996,0.91112389999999999,1.0333431,1.2034091,1.3985953
2011-09-13,0.9045091999999999,0.9740567,1.1004551,1.2707078999999999,1.4641708
2011-09-14,0.89466020000000002,0.96212529999999996,1.0974396000000002,1.2769150999999999,1.4762287000000001
2011-09-15,0.93991170000000002,1.0372057000000001,1.1900469,1.3787483999999999,1.5814763999999999
2011-09-16,0.95157539999999996,1.049391,1.1968149000000001,1.3784187999999999,1.5749408999999999
2011-09-19,0.87375330000000007,0.94944950000000006,1.0869822,1.2631766,1.4564420999999999
2011-09-20,0.87893489999999996,0.95960839999999992,1.0983438000000001,1.2746660000000001,1.4682084
2011-09-21,0.86326519999999995,0.93304100000000012,1.065726,1.2368234,1.4242818000000002
2011-09-22,0.79574549999999999,0.85562759999999993,0.97145259999999989,1.1294199,1.3107271
2011-09-23,0.81047579999999997,0.8852393999999999,1.0190348,1.1908233000000001,1.3797116999999999
2011-09-26,0.86009150000000001,0.95427169999999994,1.0951630999999999,1.2683329000000001,1.4563993000000002
2011-09-27,0.87235859999999998,0.96670769999999995,1.1148669999999998,1.2965028000000001,1.4918864000000001
2011-09-28,0.73285460000000002,0.95129419999999998,1.1164856000000001,1.2833456000000001,1.4654521999999999
2011-09-29,0.84227099999999999,0.9409381,1.092074,1.2788946000000001,1.4818958
2011-09-30,0.82133559999999994,0.9071838000000001,1.0463161999999999,1.2240653000000001,1.4210136
2011-10-03,0.79371130000000012,0.86736669999999993,0.99078319999999998,1.1547259000000001,1.341769
2011-10-04,0.81720630000000005,0.91010060000000004,1.0359564999999999,1.1980549,1.3837835999999999
2011-10-05,0.83470679999999997,0.93007449999999992,1.0667316,1.2378127999999999,1.4277364000000001
2011-10-06,0.86131009999999997,0.96752439999999995,1.1166149000000001,1.2989962000000002,1.4980757
2011-10-07,0.88245990000000007,0.9917937,1.1429057,1.3262457999999999,1.5253876
2011-10-11,0.8761817999999999,1.0135332000000001,1.1904783999999999,1.3741568,1.5721776000000001
2011-10-12,0.92399169999999997,1.0491431,1.2174199999999999,1.4145239000000001,1.6229601999999999
2011-10-13,0.90039069999999999,1.0102302000000001,1.1652633999999999,1.3529869999999999,1.5561860999999999
2011-10-14,0.94726410000000005,1.0866135000000001,1.2566097000000001,1.4527474,1.6613225999999999
2011-10-17,0.90583880000000006,1.0210659,1.1788883999999999,1.3672470000000001,1.5695309000000002
2011-10-18,0.91945060000000001,1.0434653999999999,1.2037796000000001,1.3918956,1.5930001999999999
2011-10-19,0.9338012,1.0681324000000001,1.2268815,1.4107745,1.6088976000000001
2011-10-20,0.93412100000000009,1.0651393,1.2258470000000001,1.4101602,1.6056159999999999
2011-10-21,0.96337439999999996,1.101963,1.2690801999999999,1.4578713999999999,1.6558488999999998
2011-10-24,0.97323740000000003,1.1189496000000001,1.2885867,1.4756632999999999,1.6691968000000001
2011-10-25,0.9104831000000001,1.0197086,1.1684876,1.3473027,1.5412847999999999
2011-10-26,0.96362529999999991,1.1024449000000001,1.2651608000000001,1.4511991,1.6496542999999999
2011-10-27,0.99501629999999996,1.1570587000000001,1.3410615000000001,1.5434374000000002,1.7530038000000001
2011-10-28,0.9618082,1.1100936000000001,1.2861088000000001,1.4841241000000001,1.6915307000000002
2011-10-31,0.91402589999999995,1.0287815,1.1819058,1.3652976000000001,1.5639405
2011-11-01,0.84097540000000004,0.94917669999999998,1.1075082000000001,1.2690536000000001,1.4480895
2011-11-02,0.89774920000000002,0.99549969999999999,1.1313711,1.2984339,1.4823874000000001
2011-11-03,0.92133600000000004,1.0267440999999999,1.1701034000000001,1.3418284,1.5273395000000001
2011-11-04,0.85441820000000013,0.95608069999999989,1.1113253999999999,1.2744551,1.4545615000000001
2011-11-07,0.86209059999999993,0.97372389999999998,1.1243815000000001,1.2783473000000001,1.451749
2011-11-08,0.89470109999999992,1.0067938000000001,1.1538520999999999,1.3085392,1.4844364000000001
2011-11-09,0.83678320000000006,0.93058819999999998,1.0708337000000001,1.2189561,1.3890687000000002
2011-11-10,0.86006260000000001,0.95097830000000005,1.104093,1.2626504000000001,1.4379874000000001
2011-11-14,0.84627459999999999,0.93056079999999997,1.0803883000000001,1.2395897,1.4159117000000001
2011-11-15,0.84143290000000004,0.92447089999999998,1.0756817999999999,1.2379867,1.4167837999999999
2011-11-16,0.83960319999999999,0.92124110000000003,1.0684989,1.2266648999999998,1.4024985999999999
2011-11-17,0.82968350000000002,0.92236149999999995,1.0704587999999999,1.2264858999999999,1.4010118
2011-11-18,0.84223549999999991,0.93430270000000004,1.0885057999999999,1.2528086,1.4335467
2011-11-21,0.83229220000000004,0.9226875000000001,1.0735829000000001,1.2361556,1.4154040999999999
2011-11-22,0.8351345,0.92048240000000003,1.0664753,1.2254976000000002,1.4030377000000001
2011-11-23,0.84022209999999997,0.91336820000000007,1.0430315000000001,1.1931668,1.3660916999999999
2011-11-24,0.85920930000000006,0.92450759999999998,1.0463119000000001,1.2079360000000001,1.389189
2011-11-25,0.88103379999999987,0.96813539999999998,1.1009087000000002,1.2683835999999999,1.4529011999999999
2011-11-28,0.90727740000000001,0.99101360000000005,1.1231667000000001,1.2891066,1.4705572999999998
2011-11-29,0.92486449999999998,1.0135514999999999,1.1422171000000001,1.3035892,1.4818635
2011-11-30,0.93186380000000002,1.0211503,1.1566208,1.3237540999999999,1.5045826
2011-12-01,0.88282299999999991,0.94914119999999991,1.0842179000000001,1.2609918,1.4545355
2011-12-02,0.86319659999999998,0.91878529999999992,1.0472922,1.2228066,1.4192966
2011-12-05,0.84621409999999997,0.89342239999999995,1.0194091999999999,1.1944739,1.3909835000000002
2011-12-06,0.88156369999999995,0.94063659999999993,1.0688503,1.2431139,1.4382791000000001
2011-12-07,0.8570888000000001,0.90366500000000005,1.0244206,1.1925411000000001,1.3818671
2011-12-08,0.84186120000000009,0.87054290000000001,0.97848540000000006,1.1377440000000001,1.3209725000000001
2011-12-09,0.86516379999999993,0.90523449999999994,1.0274973999999999,1.1984105,1.3890647
2011-12-12,0.84605019999999997,0.87871779999999999,0.99052470000000004,1.1521562000000001,1.3363800000000001
2011-12-13,0.83434739999999996,0.86865979999999998,0.97747660000000003,1.1354396,1.3168363999999999
2011-12-14,0.83158759999999998,0.866317,0.97331150000000011,1.1266345,1.3018234
2011-12-15,0.83455119999999994,0.86284210000000006,0.96108430000000011,1.1075760000000001,1.2787288999999999
2011-12-16,0.82903570000000004,0.85311300000000001,0.93950230000000001,1.073968,1.2357046999999999
2011-12-19,0.83067820000000003,0.85035439999999995,0.93229939999999989,1.0629746,1.2215573
2011-12-20,0.8604522,0.89402590000000004,0.98831239999999998,1.130123,1.2979035999999999
2011-12-21,0.87553119999999995,0.91044239999999999,1.0017841000000001,1.1415885000000001,1.3097635000000001
2011-12-22,0.88014150000000002,0.91293659999999999,1.0044019,1.1446938,1.3128031
2011-12-23,0.8981787,0.94197559999999991,1.0454282000000001,1.1952960000000001,1.3697208999999999
2011-12-28,0.91090270000000007,0.94712760000000007,1.0391166000000001,1.1774794,1.3420999
2011-12-29,0.92129570000000005,0.96185699999999996,1.0476326,1.1780785999999999,1.3364225999999999
2011-12-30,0.92432629999999993,0.96371899999999999,1.0489305,1.1787059,1.3361879999999999
2012-01-03,0.95541069999999995,0.9935948,1.0799243999999999,1.2120907999999999,1.3725107000000001
2012-01-04,0.94927099999999998,0.98362769999999988,1.0705047000000001,1.2043469,1.3664073999999999
2012-01-05,0.93539520000000009,0.97344540000000002,1.0597768999999999,1.192005,1.3526061
2012-01-06,0.91280839999999996,0.94459769999999998,1.0238534000000001,1.1511663000000001,1.3091982
2012-01-09,0.92272450000000006,0.95841799999999999,1.0383925999999999,1.1664037,1.3258603
2012-01-10,0.94119890000000006,0.98200760000000009,1.0637752,1.1921736000000001,1.3515203
2012-01-11,0.93722179999999999,0.96589510000000012,1.0382587999999999,1.1599437000000001,1.3147468
2012-01-12,0.9458167999999999,0.98915319999999995,1.072808,1.2015832,1.3599952
2012-01-13,0.932701,0.96269879999999997,1.0387588999999999,1.1626251999999999,1.3172743
2012-01-16,0.94153229999999999,0.9763554000000001,1.0567373,1.1830523000000002,1.3382328999999999
2012-01-17,0.93722059999999996,0.97260650000000004,1.0477350000000001,1.1678584999999999,1.3182394
2012-01-18,0.95556489999999994,1.0013509,1.0829781999999999,1.2071629000000001,1.3600781
2012-01-19,0.9793054000000001,1.0379144999999999,1.1278769,1.2566412,1.4111567
2012-01-20,0.99139480000000002,1.0557455,1.1557166999999999,1.2943424000000001,1.4568227
2012-01-23,0.99202820000000003,1.0673813000000001,1.1753446000000001,1.3181886,1.4820267999999999
2012-01-24,0.98469240000000002,1.0625587999999999,1.1692332999999999,1.3105084,1.4741146000000001
2012-01-25,0.97142680000000003,1.0334416000000002,1.1272139000000001,1.2605834999999999,1.4210802
2012-01-26,0.96979510000000002,1.0260648000000001,1.1118759,1.2391845000000001,1.3963824
2012-01-27,0.96654930000000006,1.0171648,1.0982831,1.2211035000000001,1.3741631999999999
2012-01-30,0.95468160000000002,1.0015635000000001,1.0784020000000001,1.1954009999999999,1.3416602
2012-01-31,0.94701330000000006,0.98131250000000003,1.0529559000000002,1.1666578000000001,1.3094958000000001
2012-02-01,0.96001579999999997,0.99748340000000002,1.0703646,1.1841324,1.3264812000000001
2012-02-02,0.97462179999999987,1.0128362,1.0891225,1.207741,1.3550641999999999
2012-02-03,0.99434729999999993,1.0596665999999999,1.1467586999999999,1.2698372,1.4199154999999999
2012-02-06,0.98600159999999992,1.0422008,1.1252839000000001,1.2455622,1.3926704999999999
2012-02-07,0.9931890000000001,1.0629364000000001,1.1612613000000001,1.2938961,1.4492554
2012-02-08,1.0168906,1.0947317000000001,1.1958754,1.3280797,1.4812676
2012-02-09,1.0339848,1.1130762999999999,1.216863,1.3528066999999999,1.5098754999999999
2012-02-10,1.0193794,1.0920024000000002,1.1889323999999999,1.3192102000000001,1.4724823
2012-02-13,1.0303958,1.1076671999999999,1.2033415000000001,1.3314528999999999,1.4836525
2012-02-14,1.0205822999999998,1.0870825000000002,1.17605,1.2982615,1.4447032
2012-02-15,1.0214737999999999,1.0855633999999998,1.1717442999999998,1.2918848999999999,1.4372126000000001
2012-02-16,1.0235151,1.0980406999999999,1.1875732999999999,1.3085245999999999,1.4542607000000001
2012-02-17,1.0371653000000001,1.1231143000000001,1.2161329000000001,1.3368648000000001,1.4810464000000001
2012-02-21,1.0392792,1.1345190000000001,1.2370281000000001,1.3648661,1.5133947000000001
2012-02-22,1.0371501000000001,1.125027,1.2220066000000001,1.3451122,1.4894269999999998
2012-02-23,1.0268276000000001,1.1144158,1.2103268,1.3333694,1.4790265
2012-02-24,1.0205217,1.0994589000000001,1.1866314,1.3029868,1.4446501999999999
2012-02-27,1.0094650000000001,1.0876854,1.1757220000000002,1.2917875000000001,1.431743
2012-02-28,1.0200571999999999,1.0982977999999999,1.1826015999999999,1.2923491,1.4248922000000002
2012-02-29,1.0323282,1.1279215,1.2168095000000001,1.3251465,1.4539
2012-03-01,1.0338493,1.1327843,1.2246238,1.3347483,1.4643949000000001
2012-03-02,1.0248959,1.1175611000000001,1.2022151999999999,1.3056233000000002,1.4296126
2012-03-05,1.0285432999999999,1.1275369,1.2165837000000002,1.323108,1.4490752
2012-03-06,1.0116567000000001,1.0944183999999999,1.1770683,1.282273,1.4091423000000001
2012-03-07,1.0397574999999999,1.1365810000000001,1.2231486999999999,1.3272435,1.4507999
2012-03-08,1.0610503,1.1834259999999999,1.2815460000000001,1.38866,1.5105039
2012-03-09,1.0435459,1.1866404000000002,1.2946149,1.3874485999999999,1.4989676000000001
2012-03-12,1.0422369,1.1836776,1.2915852999999999,1.3846776999999999,1.4948475999999999
2012-03-13,1.0528776,1.2125568,1.3373677000000002,1.4421986,1.5597293999999999
2012-03-14,1.0738913999999999,1.2467542999999999,1.3890334,1.5129625,1.6466135
2012-03-15,1.1010348999999999,1.2801695,1.4175527000000001,1.5519962999999999,1.6927852999999999
2012-03-16,1.1092150000000001,1.2891678,1.4336625000000001,1.5758314,1.7226223999999999
2012-03-19,1.1119508,1.2968944,1.4515382999999999,1.6043425,1.7598856
2012-03-20,1.1090780999999998,1.2970885999999999,1.4565896,1.6125572000000001,1.7687402000000001
2012-03-21,1.1056216999999999,1.2902988,1.4414754999999999,1.5886158000000001,1.7374852000000001
2012-03-22,1.0873417999999999,1.2583746999999998,1.4044370000000002,1.5494278000000001,1.6967998000000002
2012-03-23,1.0841814999999999,1.2507431,1.3917508000000001,1.5328276000000001,1.6778878000000002
2012-03-26,1.0929365,1.2620653000000002,1.40212,1.5417158,1.6859328999999998
2012-03-27,1.0737353999999999,1.2260880999999999,1.3529964999999999,1.4841152,1.623847
2012-03-28,1.0687591000000001,1.2132475,1.3372956,1.4684554000000001,1.6097127999999998
2012-03-29,1.0556022999999999,1.1986589000000001,1.3196140000000001,1.4466155000000001,1.5836215
2012-03-30,1.0624773999999999,1.2147867999999999,1.3403735999999999,1.4703998,1.6099380000000001
2012-04-02,1.053825,1.2262679000000001,1.3648825,1.4829521000000001,1.6141373999999999
2012-04-03,1.097164,1.2728377000000002,1.4132963999999999,1.5508018000000001,1.6927140999999999
2012-04-04,1.0614356,1.233463,1.3807141999999999,1.5068183000000002,1.6379299999999999
2012-04-05,1.0861757999999999,1.2696475,1.4178322999999999,1.5392599999999999,1.6626334999999999
2012-04-09,1.0757694,1.2514768000000001,1.3871990000000001,1.4974424,1.6124179999999999
2012-04-10,1.0502554000000002,1.2040789000000001,1.3250569999999999,1.421859,1.5277327000000001
2012-04-11,1.0677479000000001,1.2336948999999999,1.3611772,1.4604158,1.5654899
2012-04-12,1.0769479,1.2479633000000001,1.3865056,1.4932608999999999,1.6016609000000002
2012-04-13,1.0607513000000002,1.2171298000000002,1.3442354000000001,1.4415716000000001,1.5437467
2012-04-16,1.0791808999999999,1.2485459000000001,1.3748966,1.4704002,1.571142
2012-04-17,1.1588621000000001,1.3452155000000001,1.4708627000000001,1.5642616000000003,1.6607569
2012-04-18,1.172596,1.3395980000000001,1.4551634,1.5448496,1.6394366
2012-04-19,1.1765251999999999,1.3464539,1.4625927999999999,1.5507629000000001,1.6428825
2012-04-20,1.2017918000000001,1.3729262,1.4819395000000002,1.5758633000000002,1.6721282
2012-04-23,1.2041728,1.3777025000000001,1.4893619,1.5717336,1.6582917999999998
2012-04-24,1.2700157000000001,1.4337453999999998,1.5336624000000001,1.6177957000000001,1.7043363999999999
2012-04-25,1.2978853000000001,1.4471957,1.5412212999999999,1.6267500000000001,1.7189894999999999
2012-04-26,1.2626566000000001,1.3914581000000001,1.4786570000000001,1.5634052999999999,1.6569578000000003
2012-04-27,1.305976,1.4507478,1.5379431000000001,1.6177060999999999,1.7060570000000002
2012-04-30,1.2390063,1.3633261999999999,1.4601240999999998,1.5425377,1.6350678999999999
2012-05-01,1.2380637999999999,1.3543271000000001,1.4446481,1.5375992000000001,1.6393057
2012-05-02,1.2261321999999999,1.3405747000000001,1.4277461999999999,1.5169815999999998,1.6151296999999998
2012-05-03,1.2206155000000001,1.3336443999999998,1.4189869000000002,1.5062226999999999,1.6023128000000002
2012-05-04,1.1827973999999999,1.2827402999999999,1.3643091000000001,1.4496043000000001,1.5430602
2012-05-07,1.1886570000000001,1.2988585000000001,1.3838265000000001,1.4679586999999998,1.5577379
2012-05-08,1.1565687999999998,1.2535194000000001,1.3362349,1.4215541,1.5126268999999999
2012-05-09,1.1528119999999999,1.2552117999999999,1.336562,1.4217436000000001,1.5155392999999999
2012-05-10,1.1656081,1.2679841000000001,1.3453686,1.4270372999999998,1.5188098000000001
2012-05-11,1.2149059,1.3235663,1.3876199,1.4512311,1.526802
2012-05-14,1.1936919000000001,1.2940205999999999,1.3555606,1.4190829,1.4953475000000001
2012-05-15,1.2130605999999999,1.3112136999999999,1.3687271000000001,1.4274583000000001,1.4989608999999999
2012-05-16,1.2057394000000001,1.2976797,1.3576352999999999,1.4206086999999998,1.4954277999999999
2012-05-17,1.156169,1.2256258,1.2822695,1.3495829000000001,1.4307000999999999
2012-05-18,1.1490529,1.2223138999999998,1.2922697000000001,1.3705648000000001,1.4568021
2012-05-22,1.1392118,1.2160951999999998,1.2947673,1.3811868999999999,1.4732243
2012-05-23,1.0894927999999999,1.1623870000000001,1.2491141000000001,1.3449295000000001,1.4437673
2012-05-24,1.0776348999999998,1.1483121000000001,1.2326096,1.3272652,1.4261104
2012-05-25,1.0248284999999999,1.0858675,1.1650528,1.2576670000000001,1.3568453
2012-05-28,1.0334132,1.0987610999999999,1.1790472000000001,1.2747891,1.3797184
2012-05-29,1.0781136,1.170973,1.2500442,1.3357221000000001,1.4304334000000001
2012-05-30,1.0434747,1.1228589,1.1935727,1.271414,1.3581957
2012-05-31,1.0180194,1.0747078000000001,1.1356280999999999,1.2107216000000001,1.2983058999999999
2012-06-01,0.86241770000000006,0.89006310000000011,0.94386720000000002,1.0253611,1.1270106
2012-06-04,0.94058900000000001,0.98745450000000001,1.0407230999999999,1.1144981999999999,1.2067446000000002
2012-06-05,0.96758160000000004,1.0046182000000001,1.0678487000000001,1.1559595,1.2599018
2012-06-06,1.0026098999999999,1.0636174,1.1336225,1.2212987,1.3227531000000001
2012-06-07,0.99745870000000003,1.0526227000000001,1.1275157,1.2199521,1.3228628
2012-06-08,0.99132360000000008,1.0485256999999999,1.1312211000000001,1.2300507999999999,1.335825
2012-06-11,0.96585219999999994,1.0100085999999999,1.0851805000000001,1.1800085999999999,1.284227
2012-06-12,0.97080959999999994,1.0283366999999999,1.1133724,1.2143367999999999,1.3216835
2012-06-13,0.98454430000000004,1.0500066000000001,1.1215938000000001,1.2054719,1.2996608000000001
2012-06-14,0.9797724000000001,1.0507906,1.1349568999999999,1.2292885999999998,1.3293060000000001
2012-06-15,0.92156539999999998,0.97477940000000007,1.0505566,1.1418439,1.2420825
2012-06-18,0.93016379999999987,0.98958009999999996,1.0607275,1.1439608999999999,1.2367596999999999
2012-06-19,0.98122580000000004,1.0529594999999998,1.1228903000000001,1.2015385999999999,1.2901513999999998
2012-06-20,1.0172600999999999,1.1027599000000001,1.1772994000000001,1.2543317999999999,1.3374349000000001
2012-06-21,0.98166009999999992,1.0604254,1.138862,1.2165503,1.3024602999999999
2012-06-22,0.98851960000000005,1.0749124000000001,1.1657003000000001,1.2561772,1.3516807
2012-06-25,0.94240390000000007,1.0086426000000002,1.0962333,1.1853125,1.2785833
2012-06-26,0.95015499999999997,1.0211965999999999,1.1104485000000002,1.2012851999999998,1.2968009
2012-06-27,0.941469,1.0067159999999999,1.0855843000000001,1.1746311,1.2698129
2012-06-28,0.91593100000000005,0.97258770000000005,1.0477793,1.1354271,1.2301734
2012-06-29,0.97300430000000004,1.0423632,1.1207883999999999,1.2076226999999999,1.2999543
2012-07-03,0.97958970000000001,1.0557824,1.1354602999999999,1.2214427999999999,1.3123450999999999
2012-07-04,0.97285930000000009,1.0473861,1.1208045,1.2006268,1.2871771999999999
2012-07-05,0.9685341999999999,1.0388484,1.1168726,1.2033057,1.2951524999999999
2012-07-06,0.93390250000000008,0.9972337,1.0779749000000001,1.1685538,1.2632546
2012-07-09,0.91336470000000003,0.97026440000000003,1.0525862000000001,1.1375989,1.2278636000000001
2012-07-10,0.92431110000000005,0.98257139999999987,1.0572580999999999,1.1421775000000001,1.2324033000000001
2012-07-11,0.9429826,1.0086749000000002,1.0819563999999999,1.1641833000000001,1.2530158
2012-07-12,0.92755679999999996,0.9827030000000001,1.0526974999999998,1.1327151,1.2185619999999999
2012-07-13,0.9441214,1.0044263,1.0744920999999998,1.1522325,1.2350672999999999
2012-07-16,0.92554969999999992,0.97567369999999998,1.0451317999999998,1.1263851999999999,1.2138727
2012-07-17,0.94051380000000007,0.98731879999999994,1.0577802000000001,1.1408847999999998,1.2296990000000001
2012-07-18,0.94000509999999993,0.97951739999999998,1.0448000000000002,1.1239475999999999,1.2097142999999999
2012-07-19,0.95288700000000004,0.99690449999999997,1.0683134999999999,1.1532861999999999,1.2435512
2012-07-20,0.94008800000000003,0.97119289999999991,1.0364835999999999,1.1182707999999999,1.2065170999999999
2012-07-23,0.92145639999999995,0.94294459999999991,1.0083491,1.0919459,1.180844
2012-07-24,0.93265540000000002,0.94829130000000006,1.0094239,1.0906826999999999,1.1786794999999999
2012-07-25,0.95510400000000006,0.98111919999999997,1.0441901999999998,1.1230363999999999,1.2069464000000001
2012-07-26,0.98722399999999988,1.0285313,1.1001267000000001,1.1821262000000001,1.2655771999999998
2012-07-27,1.0420391,1.1217675,1.2079119,1.2948658,1.3798394
2012-07-30,1.0388283,1.1052553000000001,1.1854483,1.2665202,1.3462948000000001
2012-07-31,1.0332598,1.0905087,1.1632091,1.2396247,1.3185215000000001
2012-08-01,1.0484198999999998,1.1105631,1.1845424,1.2639157999999999,1.3470648999999999
2012-08-02,1.0282782000000001,1.0792908000000001,1.1474956999999999,1.2203013,1.2992928000000001
2012-08-03,1.0660466,1.1381102999999999,1.2190086,1.3026584000000001,1.3914120000000001
2012-08-07,1.1017982000000002,1.1879955,1.2757012000000001,1.3681254999999999,1.4649416
2012-08-08,1.0989377999999999,1.179935,1.2641937999999999,1.3534104999999998,1.4478751000000001
2012-08-09,1.1023655000000001,1.1768744,1.2583755999999999,1.3463429,1.4389696000000001
2012-08-10,1.0800917000000001,1.1455507999999999,1.2253784999999999,1.3142960000000001,1.4088354000000001
2012-08-13,1.0918519999999998,1.1603549,1.2411808,1.3318182000000001,1.4281835000000001
2012-08-14,1.1217825000000001,1.2012282000000001,1.2862955,1.3796276999999999,1.478359
2012-08-15,1.1668810000000001,1.2666135000000001,1.3594797999999999,1.4598708999999999,1.5657938999999998
2012-08-16,1.1621039,1.2537494999999999,1.3501677000000001,1.4537403,1.5598612000000001
2012-08-17,1.1350222000000001,1.2162326999999999,1.3058231,1.4084922999999998,1.5203506
2012-08-20,1.1313566000000002,1.2104275,1.2986579,1.4006651999999999,1.5119406
2012-08-21,1.1286829999999999,1.1982458,1.2887842,1.3930707,1.5021083
2012-08-22,1.0805108999999999,1.1347304,1.2116625999999999,1.3054774,1.4110908
2012-08-23,1.0925727000000001,1.1436930000000001,1.216825,1.3069257000000001,1.4061969999999999
2012-08-24,1.1088455000000002,1.1661575,1.2395071,1.3269261999999999,1.4225361000000001
2012-08-27,1.1148639999999999,1.1738974,1.2417815999999999,1.3210122,1.4084656
2012-08-28,1.1246734,1.1835488000000001,1.2462420999999999,1.3213736999999999,1.4078401
2012-08-29,1.1100818000000001,1.162679,1.2261895999999999,1.3055110999999999,1.3964202999999999
2012-08-30,1.0942320000000001,1.1434804000000001,1.2012978999999999,1.2725511,1.3569814
2012-08-31,1.1097059,1.1645528000000001,1.2202624,1.2898114999999999,1.3725487000000001
2012-09-04,1.0986833999999999,1.1342140999999999,1.1847761000000001,1.2518107999999999,1.3325278
2012-09-05,1.0892644999999999,1.1267596,1.1815316,1.253919,1.3396208999999999
2012-09-06,1.1213124999999999,1.1805113,1.2454837000000001,1.3269014000000001,1.4203794000000001
2012-09-07,1.1346952000000001,1.1938118,1.2579358,1.3399638999999999,1.4344127
2012-09-10,1.1296687999999999,1.1819069999999998,1.2422393999999999,1.3206199000000001,1.4109886999999999
2012-09-11,1.1351744000000001,1.1901672999999999,1.2538172000000001,1.3350801000000001,1.4283657000000001
2012-09-12,1.1447430999999999,1.2079895,1.2818527,1.3681977000000001,1.4638595999999999
2012-09-13,1.1314754,1.1855206,1.2552563999999999,1.3412577999999999,1.4382801000000001
2012-09-14,1.1461860000000001,1.2217962,1.2982172000000001,1.3922394,1.5008980999999999
2012-09-17,1.1380933,1.2145068999999999,1.2888039,1.3788493000000002,1.4836379
2012-09-18,1.1212834,1.2000603999999999,1.2684365,1.3528597,1.4536640000000001
2012-09-19,1.1156410000000001,1.1854206,1.2502778000000001,1.3306358,1.4281792
2012-09-20,1.1010787,1.1633807,1.2293729999999998,1.3105639,1.4074382000000001
2012-09-21,1.0946152,1.1570320999999999,1.2230728,1.3036855000000001,1.3993424999999999
2012-09-24,1.0798429999999999,1.1331165999999999,1.197756,1.2780427999999999,1.3726103000000001
2012-09-25,1.0804822000000001,1.1418583,1.2078439000000001,1.2863743999999999,1.3782204
2012-09-26,1.0610712,1.1022543,1.1627706,1.2395767,1.3279285000000001
2012-09-27,1.0673266000000001,1.1096365000000001,1.1727293999999999,1.2509203,1.3388884000000001
2012-09-28,1.0393034999999999,1.0781004000000001,1.1459579,1.2259617,1.3126697999999999
2012-10-01,1.0365047000000001,1.0720367,1.1360167999999999,1.2130330999999999,1.2977746999999999
2012-10-02,1.0301544,1.0727613,1.1404075,1.2189095999999999,1.3043837
2012-10-03,1.0338282999999999,1.0780791000000001,1.1425211,1.2182896999999999,1.3026568999999999
2012-10-04,1.0553745999999999,1.1057399999999999,1.1741379999999999,1.2540324999999999,1.3420137999999999
2012-10-05,1.092665,1.1542950999999999,1.2237012,1.3039849999999999,1.3925220999999999
2012-10-09,1.0955189000000001,1.1544949,1.2213639000000001,1.2993030999999999,1.3864391
2012-10-10,1.0948139000000001,1.1563824,1.2226254000000001,1.2983928,1.3828733
2012-10-11,1.1051338000000002,1.168968,1.2364594,1.3108262000000002,1.3935346
2012-10-12,1.0973352000000001,1.1583202000000001,1.2274706,1.3041400999999999,1.3884003
2012-10-15,1.0518443,1.1015152000000001,1.1798941000000001,1.2662745,1.358798
2012-10-16,1.0417479999999999,1.1020435,1.1845393,1.2739578,1.370949
2012-10-17,1.0748925,1.1550038,1.2456237999999999,1.3431434,1.4473249000000001
2012-10-18,1.0680588,1.146898,1.2387462,1.3355634999999999,1.4383218
2012-10-19,1.0378672,1.1076295999999999,1.1980908000000001,1.2926740000000001,1.3924761999999999
2012-10-22,1.0403450000000001,1.1141774,1.2069227,1.3042288000000002,1.4077134999999998
2012-10-23,1.0778713,1.1610626000000002,1.2480396,1.3331408,1.4234191999999999
2012-10-24,1.0662757,1.1383528000000001,1.2268284,1.3188038,1.4146509
2012-10-25,1.0823709000000001,1.1633688,1.261552,1.3605610000000001,1.4610178
2012-10-26,1.0655546,1.1371912,1.2278244,1.3199311999999999,1.4146654000000001
2012-10-29,1.0421946,1.1038060000000001,1.1938224000000002,1.2860817,1.3790342
2012-10-30,1.0545317999999999,1.1203494000000001,1.2126527,1.3074939000000001,1.4022743
2012-10-31,1.0358190999999999,1.0961268,1.1851061000000001,1.2761171,1.3682958000000001
2012-11-01,1.0335253,1.0927575999999999,1.1791204,1.2683929999999999,1.3611422
2012-11-02,1.0276537000000001,1.0856345000000001,1.1709156999999999,1.2594518000000001,1.3512819
2012-11-05,1.0309614999999999,1.0890709000000001,1.1724914,1.2594049,1.3496651
2012-11-06,1.0612440000000001,1.1342095999999999,1.2201523999999999,1.3083402,1.3995409999999999
2012-11-07,1.0376349999999999,1.0972743,1.1744389,1.2560266,1.3424906000000001
2012-11-08,1.0364689999999999,1.0922540000000001,1.1643440999999999,1.2386470999999999,1.3191967
2012-11-09,1.0402806,1.0990443999999999,1.1728494,1.2465013,1.3248496999999999
2012-11-13,1.0398875999999999,1.0923263000000001,1.1601866999999999,1.2329901000000001,1.3117300000000001
2012-11-14,1.0383533,1.0899034000000001,1.1620884,1.2390015999999999,1.3199472000000001
2012-11-15,1.0342248000000001,1.0915492,1.1712528999999998,1.2528804,1.3369466999999999
2012-11-16,1.0293015999999999,1.0831388000000002,1.1563127,1.2335518999999999,1.315034
2012-11-19,1.0459843,1.1120618,1.1899697,1.2700355000000001,1.3538672999999999
2012-11-20,1.0564986999999999,1.1299835,1.2103246000000001,1.2913091999999999,1.3756542999999999
2012-11-21,1.0604347999999999,1.1325788999999999,1.2097833,1.2897209999999999,1.3749226999999999
2012-11-22,1.0581281,1.125421,1.2100276000000001,1.2967047,1.3854279
2012-11-23,1.0646803,1.1387685000000001,1.2206056999999999,1.3041875000000001,1.3932647
2012-11-26,1.0548882000000002,1.1215322999999999,1.2017325000000001,1.2853768999999999,1.3738838
2012-11-27,1.0488079000000001,1.1124985000000001,1.1882383999999999,1.266338,1.3499671
2012-11-28,1.0504671000000001,1.108066,1.1792518999999999,1.2557499000000001,1.3389325000000001
2012-11-29,1.0437471999999999,1.0970423,1.167181,1.2441342,1.3280314999999998
2012-11-30,1.0377418,1.0857759999999999,1.1550054999999999,1.2329226,1.31803
2012-12-03,1.0328146,1.080411,1.1510928,1.2301312,1.3162263999999999
2012-12-04,1.0284120999999999,1.0776497,1.1458917000000002,1.2222411,1.3073947000000001
2012-12-05,1.0152112,1.0623040000000001,1.1317892000000001,1.2090293000000001,1.2944275000000001
2012-12-06,1.012982,1.0588425000000001,1.1310209999999998,1.2104207,1.2973281999999999
2012-12-07,1.0308219000000001,1.0821174,1.1581520999999999,1.2389623000000001,1.3247721000000001
2012-12-10,1.021012,1.0751925,1.1496256,1.2283512000000001,1.3132952999999998
2012-12-11,1.0319325000000001,1.0936174999999999,1.1710547999999998,1.2509668999999999,1.3368584999999999
2012-12-12,1.0414017,1.1082329,1.1889535999999998,1.2717849999999999,1.3608841
2012-12-13,1.0592719000000002,1.1396128000000001,1.2245229,1.3098288,1.4012968000000001
2012-12-14,1.0656116,1.1469132,1.2296830999999999,1.3120242,1.4004691
2012-12-17,1.0876199,1.176078,1.2595553000000002,1.3431306000000001,1.4347283
2012-12-18,1.0834375000000001,1.1762826,1.2636619,1.3500729,1.4434841
2012-12-19,1.0790379999999999,1.1654256000000001,1.2525753000000002,1.3457836000000001,1.4437214999999999
2012-12-20,1.0741745,1.1557074000000001,1.2434126000000001,1.3397490000000001,1.4410407999999999
2012-12-21,1.059409,1.1389403,1.2250103999999999,1.3130554999999999,1.4086222000000002
2012-12-24,1.0633096,1.1485442000000001,1.2361837,1.3242878,1.4204234
2012-12-27,1.0800021,1.1620817999999999,1.2365924000000001,1.3179263000000001,1.4072456
2012-12-28,1.0674119,1.1479723000000002,1.2255365,1.3084187,1.3965266000000001
2012-12-31,1.0710358999999998,1.1599697,1.2427736,1.3292063000000001,1.4199628
2013-01-02,1.0929390999999999,1.1884886000000001,1.2788519,1.3736144000000001,1.4726098000000001
2013-01-03,1.1025151,1.2055357,1.3055284,1.4093882,1.5157885
2013-01-04,1.1153176,1.2246592999999999,1.3256537000000002,1.4285211,1.5335163000000001
2013-01-07,1.1152835999999999,1.2226650999999999,1.3233965000000001,1.4262565,1.5309412
2013-01-08,1.0866321000000001,1.184579,1.2831437999999999,1.3872607000000001,1.4945769
2013-01-09,1.0929588000000001,1.1902242000000001,1.2853547000000001,1.3867813,1.4931121999999999
2013-01-10,1.1093820999999999,1.2168030999999999,1.3183129999999998,1.4242338000000001,1.5339841999999999
2013-01-11,1.1088264999999999,1.2135071000000002,1.3146247,1.4195183999999998,1.5271234
2013-01-14,1.1117927999999999,1.2143496999999999,1.3137014,1.4174434,1.5244621
2013-01-15,1.0963617000000001,1.2029862,1.2994759999999999,1.3981030999999999,1.5002595000000001
2013-01-16,1.0887552999999999,1.191773,1.2868676000000001,1.3849334,1.4867591
2013-01-17,1.1096513000000001,1.2200136000000001,1.3225395,1.4280028,1.5361026
2013-01-18,1.0969935,1.1999081999999999,1.3034597999999999,1.4100462,1.5171761000000001
2013-01-21,1.1041881999999998,1.2090194000000001,1.3159225999999999,1.4249893,1.5331518
2013-01-22,1.090489,1.1945447999999999,1.2967842000000001,1.4019478000000001,1.5083884000000001
2013-01-23,1.0559578999999999,1.1456104999999999,1.2433285000000001,1.3487125,1.4575548
2013-01-24,1.0529612000000002,1.1458957000000001,1.2483803999999998,1.3576520999999999,1.4689947000000001
2013-01-25,1.0645325999999999,1.1654469000000001,1.2782544999999998,1.3974487,1.5170638999999999
2013-01-28,1.0748491,1.1801569000000001,1.2962815999999999,1.417324,1.5374463999999999
2013-01-29,1.0796684000000001,1.1952281,1.3163838000000001,1.4413149999999999,1.5653932999999998
2013-01-30,1.0758071,1.1934532,1.3156627000000001,1.4400305,1.5625294000000001
2013-01-31,1.0722741,1.1890364,1.3101127000000001,1.4341032999999999,1.5568349000000001
2013-02-01,1.0954934000000001,1.2155359999999999,1.3416277000000001,1.4704077,1.5970578
2013-02-04,1.0737831999999998,1.1791815999999999,1.2971963,1.4210917000000001,1.5447183999999998
2013-02-05,1.0794564,1.1948207,1.3164857999999999,1.4426892,1.5690269999999999
2013-02-06,1.0722654,1.1831176000000001,1.3018925000000001,1.4255917,1.5495056999999999
2013-02-07,1.0572824999999999,1.1730365,1.2958296,1.4222554000000001,1.5479129
2013-02-08,1.0259100000000001,1.1257045999999999,1.2467982,1.3759998,1.504888
2013-02-11,1.0329325,1.1352419,1.2539242000000002,1.3816732,1.51149
2013-02-12,1.0394099000000001,1.1406153000000001,1.2664628,1.4013563999999998,1.5354520999999999
2013-02-13,1.0560738999999999,1.1706486,1.2997097000000002,1.4354499000000001,1.5707228
2013-02-14,1.0429710999999999,1.1497374,1.2767929,1.4114710000000001,1.5449572
2013-02-15,1.0447382000000001,1.152139,1.2783365,1.4129404000000001,1.5477471
2013-02-19,1.0445701000000001,1.1581295999999999,1.2848151000000001,1.4179897000000001,1.5514026000000001
2013-02-20,1.0419558,1.1465739000000001,1.269407,1.4025292999999999,1.5381313999999999
2013-02-21,1.0331547000000001,1.134393,1.2555962999999999,1.3862101999999998,1.5181342
2013-02-22,1.0100960000000001,1.0960091000000001,1.2120084999999998,1.3415561,1.4738625000000001
2013-02-26,0.97863919999999993,1.0384433,1.1431083,1.2663496000000001,1.3938192999999999
2013-02-27,0.9731263,1.0346295999999999,1.1394878000000002,1.2634822999999999,1.3925733
2013-02-28,0.95172259999999997,0.99536510000000011,1.0967407,1.2230181,1.3558228999999999
2013-03-01,0.94380609999999998,0.97979169999999993,1.0772250000000001,1.1998836000000002,1.3287177999999999
2013-03-04,0.94763929999999996,0.98575780000000002,1.0822646999999999,1.2031890999999999,1.3307374000000001
2013-03-05,0.96290660000000006,1.0022928,1.096579,1.2148641999999998,1.3403483
2013-03-06,0.94653489999999996,0.98136679999999998,1.0798883000000001,1.2066764999999999,1.3421204
2013-03-07,0.95874180000000009,1.0067652,1.1213278,1.2484538999999999,1.3807161999999999
2013-03-08,0.98627769999999992,1.0368709,1.1517044000000001,1.2912849,1.4347729999999999
2013-03-11,0.98283580000000004,1.032213,1.1466455,1.2874846,1.4336705000000001
2013-03-12,0.9709504000000001,1.0128870999999999,1.1227559999999999,1.2599323,1.4029613999999999
2013-03-13,0.98103849999999992,1.0273958999999999,1.1402684999999999,1.2782249000000001,1.4201241999999998
2013-03-14,1.0002741000000002,1.0562922000000001,1.1737773999999999,1.3136394,1.4556784999999999
2013-03-15,0.99438040000000005,1.0400223,1.1478054,1.2787351,1.4132974
2013-03-18,0.98451619999999995,1.0302228,1.1351735999999999,1.2619860000000001,1.3921576999999998
2013-03-19,0.97237130000000005,1.0120083,1.1121776999999999,1.2345447000000001,1.3605706
2013-03-20,0.98159560000000012,1.0246854000000001,1.1312621999999999,1.2606042,1.3928910999999999
2013-03-21,0.98196059999999996,1.0170257,1.1130205,1.2326683000000001,1.3575621
2013-03-22,0.98736199999999996,1.0212214000000002,1.1195345000000001,1.2408979,1.3658831
2013-03-25,0.99684149999999994,1.0246755999999999,1.1223521999999999,1.2438334,1.3681611
2013-03-26,0.99736600000000009,1.0279592,1.1284308999999999,1.2512631999999999,1.3753242999999999
2013-03-27,0.99147490000000005,1.0150941,1.106298,1.2192248999999999,1.3341767
2013-03-28,0.99854469999999995,1.0158536,1.1080097,1.2237164,1.3406635
2013-04-01,0.99393330000000002,1.0094435000000002,1.0971557999999999,1.2064204000000001,1.316837
2013-04-02,1.0010250999999999,1.0220836,1.1107583000000001,1.2225379000000001,1.3373562999999999
2013-04-03,0.99710679999999996,1.0149629,1.0956680000000001,1.1988436,1.3062305000000001
2013-04-04,0.99677129999999992,1.0088751999999999,1.0827812999999999,1.1785546,1.2787971
2013-04-05,0.99053869999999999,0.99612539999999994,1.0714748000000001,1.1680574000000001,1.2663241999999999
2013-04-08,1.0002788,1.0106047,1.0847600000000002,1.1793720999999999,1.2766493000000001
2013-04-09,1.0020512000000001,1.0187824999999999,1.0921145000000001,1.1841434,1.2795502999999999
2013-04-10,1.0012464999999999,1.0198406,1.0977298,1.1958792,1.2976603
2013-04-11,0.99391759999999996,1.0015045,1.0805431999999999,1.1776062999999999,1.2764294
2013-04-12,0.97439710000000002,0.9768519,1.0483549000000001,1.1390418,1.2347302
2013-04-15,0.96519799999999989,0.96055689999999994,1.0316320999999999,1.1225208,1.2180509000000002
2013-04-16,0.97021760000000001,0.96797889999999998,1.0421814999999999,1.1360058,1.2337245999999999
2013-04-17,0.9663392999999999,0.96393829999999991,1.0335812999999998,1.1226764999999999,1.2167957999999999
2013-04-18,0.96863020000000011,0.96875169999999999,1.0396257,1.1272770999999999,1.2187425999999999
2013-04-19,0.96898980000000001,0.96921179999999996,1.0422531000000002,1.1314457,1.2237786000000002
2013-04-22,0.97062169999999992,0.97317670000000001,1.0442111000000001,1.1304091000000001,1.2206789
2013-04-23,0.97669929999999994,0.98029680000000008,1.052001,1.1401832999999999,1.2324061000000002
2013-04-24,0.9812109,0.98404730000000007,1.0536715000000001,1.1409937000000001,1.2331063999999998
2013-04-25,0.98730320000000005,0.98608849999999992,1.0610259,1.1522002,1.2462508000000001
2013-04-26,0.98154629999999998,0.97488179999999991,1.0436617000000001,1.1292456,1.2179783
2013-04-29,0.97530910000000004,0.97380230000000001,1.0439565,1.1278005,1.2145808
2013-04-30,0.97361310000000001,0.9675438999999999,1.0352399999999999,1.118557,1.2063528000000001
2013-05-01,0.969831,0.96004349999999994,1.0271261999999999,1.1093006000000001,1.1957243
2013-05-02,0.96961050000000004,0.96057369999999997,1.0274768000000001,1.1085119999999999,1.1928196
2013-05-03,0.98715279999999994,1.0062168999999999,1.0897578999999999,1.1831296999999998,1.27688
2013-05-06,0.99664720000000007,1.0181880999999999,1.1077098999999999,1.2079088999999998,1.3063248000000001
2013-05-07,0.99699539999999998,1.0212611,1.1150152,1.2204598,1.3238487000000001
2013-05-08,0.99562910000000004,1.0225274,1.1135607000000001,1.2143012,1.3138517999999999
2013-05-09,0.99875710000000006,1.0188581000000001,1.1118215,1.2131637,1.3114195
2013-05-10,1.0126466999999999,1.0492854,1.1572244,1.2734979,1.3843672
2013-05-13,1.0176024000000001,1.0606215999999999,1.169397,1.2853163000000001,1.3974059999999999
2013-05-14,1.0269734000000001,1.0793477,1.1983007999999999,1.3248202,1.4452132
2013-05-15,1.0228930000000001,1.0700124,1.1818336,1.3007535000000001,1.4152240999999999
2013-05-16,1.0127531999999999,1.0505013999999999,1.1542828999999999,1.2695596,1.3835068000000001
2013-05-17,1.0081936,1.0489005,1.1616377,1.2871660999999999,1.4094824000000001
2013-05-21,1.0108986,1.0457829000000001,1.1504521999999999,1.27136,1.3922090999999999
2013-05-22,1.0274000000000001,1.0735519,1.1835648000000001,1.3134432999999999,1.4427016000000001
2013-05-23,1.0315288,1.0703973,1.1823083000000001,1.3146964000000001,1.4441664999999999
2013-05-24,1.0269379999999999,1.0616339000000001,1.1731503999999999,1.3062116000000001,1.4364628000000002
2013-05-27,1.0358165000000001,1.0763505,1.1947136,1.3354002999999999,1.4728416
2013-05-28,1.0481746999999999,1.0956330999999999,1.2341371999999999,1.3940903,1.5450784
2013-05-29,1.0554937,1.1025401000000001,1.2356442999999999,1.3913537,1.5407224000000002
2013-05-30,1.0410740000000001,1.1022126000000001,1.238548,1.3926832999999998,1.5393085000000002
2013-05-31,1.0431457,1.1059654000000001,1.242764,1.3963151999999999,1.5418917000000001
2013-06-03,1.0385297,1.0960485,1.225185,1.3742514000000001,1.5192318
2013-06-04,1.0384289,1.0903977,1.2287278000000001,1.3897411,1.5444523999999999
2013-06-05,1.0285644999999999,1.0735695000000001,1.2073678999999999,1.3650962,1.5171003999999999
2013-06-06,1.0334946,1.0741973999999999,1.2016564999999999,1.3574014000000001,1.5105337000000001
2013-06-07,1.0768556,1.1513799999999998,1.299356,1.4668941,1.6254616999999998
2013-06-10,1.0918841000000001,1.1816613999999999,1.3474412999999998,1.5249741000000001,1.6864923999999999
2013-06-11,1.0871005,1.172477,1.3287368000000002,1.5005454999999999,1.6596353000000001
2013-06-12,1.0863398,1.1731076999999999,1.3356884,1.5168436999999999,1.6845606999999998
2013-06-13,1.0690117000000001,1.1421182999999999,1.288492,1.4566268,1.6170514
2013-06-17,1.0549777,1.1243792000000001,1.2670588,1.4352636000000001,1.6004635
2013-06-18,1.0597591,1.1283137000000001,1.2734011000000001,1.4439086999999999,1.6098748999999999
2013-06-19,1.0893569999999999,1.1842599,1.3588289999999998,1.5483991000000001,1.7232938
2013-06-20,1.1056559000000001,1.2016813,1.3777453,1.5789282000000002,1.7684509000000002
2013-06-21,1.1263426000000001,1.2485803,1.445357,1.6663437999999999,1.8720971999999998
2013-06-24,1.1343177,1.257714,1.4619020999999999,1.6926852999999999,1.9073641999999997
2013-06-25,1.1429114,1.2751086,1.4835327,1.7187774,1.9382216000000001
2013-06-26,1.1248886,1.2405269999999999,1.4427654000000001,1.6776198,1.8975671999999999
2013-06-27,1.1147103999999999,1.2197199999999999,1.4109461000000001,1.6344917000000001,1.8434153000000002
2013-06-28,1.1118703999999999,1.2195285,1.4087818999999999,1.6283992,1.8366789000000001
2013-07-02,1.1017329,1.2113896000000002,1.4073412000000001,1.6215356999999999,1.8212580999999999
2013-07-03,1.1003092999999999,1.2087466999999998,1.4086339999999999,1.6280927000000001,1.8324075
2013-07-04,1.0979200999999998,1.1954445,1.3936329000000001,1.6157661999999999,1.8237831
2013-07-05,1.1228243,1.2357394000000002,1.4565439,1.7009314000000002,1.9274506
2013-07-08,1.0820331999999999,1.1690769000000001,1.3817328,1.6242274999999999,1.8503836
2013-07-09,1.0752866999999999,1.1560971999999998,1.3697957999999999,1.6160369999999999,1.8461185000000002
2013-07-10,1.068802,1.1572491,1.3547346999999998,1.5926752999999998,1.8239153000000001
2013-07-11,1.0674264,1.1462872000000002,1.3407865999999999,1.5817634,1.8149711999999998
2013-07-12,1.0713622,1.1494158000000001,1.3444799000000001,1.5851286,1.8160446000000001
2013-07-15,1.0727252,1.1443854,1.3301581,1.5659597000000001,1.7957158
2013-07-16,1.0674313,1.1338992000000001,1.3122336000000001,1.5436514000000001,1.7725708
2013-07-17,1.0499191999999999,1.1019306,1.2730537,1.5007786000000001,1.7279625000000001
2013-07-18,1.0536946999999999,1.1075444999999999,1.2869851999999999,1.5214607,1.7531475000000001
2013-07-19,1.0479431000000001,1.101945,1.2758809,1.5036073999999999,1.7289968999999998
2013-07-22,1.0499026,1.1067453,1.2773598000000002,1.5015349,1.7251599
2013-07-23,1.0660734000000001,1.1325563000000001,1.3100403,1.5407362,1.7694992
2013-07-24,1.0839972,1.1683782999999999,1.3603623,1.6012067000000001,1.8372716
2013-07-25,1.0865187999999999,1.1703216999999999,1.3545761999999999,1.5894101,1.8217433000000001
2013-07-26,1.0861003,1.1686611,1.3468420000000001,1.5759022,1.8048226999999999
2013-07-29,1.0927305,1.1787652,1.363796,1.6006612999999998,1.8360164000000001
2013-07-30,1.0973421000000001,1.1993548000000001,1.3946943000000001,1.635837,1.8706288000000002
2013-07-31,1.0861262,1.1755989,1.3611685,1.5948635999999998,1.8246159000000002
2013-08-01,1.1041689000000001,1.2112437999999999,1.4160381,1.6625227999999999,1.9010550000000002
2013-08-02,1.0897032,1.1805296000000001,1.3670933999999999,1.6031541,1.8363099000000001
2013-08-06,1.0839805,1.1770674000000001,1.3724969,1.6175762999999999,1.8579853
2013-08-07,1.0730294,1.1668940999999999,1.3683167000000001,1.6123974999999999,1.8491293
2013-08-08,1.0683285,1.1595053,1.377084,1.6246300000000002,1.8555849
2013-08-09,1.0604251,1.1542570999999999,1.3685605000000001,1.6114463999999999,1.8386179999999999
2013-08-12,1.0675609000000001,1.1708513999999999,1.3855138,1.6369114,1.8766184000000001
2013-08-13,1.0934545,1.2251056,1.4644661999999999,1.7242872,1.9631103999999999
2013-08-14,1.0920219,1.2257933000000001,1.4663821000000001,1.7270344,1.9666006999999999
2013-08-15,1.0976144999999999,1.2341415,1.4921469000000001,1.7688048000000001,2.0176032999999998
2013-08-16,1.0990267999999999,1.2433843,1.5084241,1.7918557000000002,2.0470843999999997
2013-08-19,1.0990899000000001,1.2469867000000001,1.5157683,1.8030978,2.0621807999999997
2013-08-20,1.0814713,1.2173086,1.47431,1.7522477000000001,2.0049985000000001
2013-08-21,1.0909755999999999,1.2426522,1.5186503,1.8107504999999999,2.0715693000000002
2013-08-22,1.0816488000000002,1.2310264,1.5089693,1.8037866999999999,2.0669447999999999
2013-08-23,1.0748135999999999,1.2171075,1.4841880999999999,1.7681892000000001,2.0224861999999999
2013-08-26,1.0743625999999999,1.2110244999999999,1.4686649000000001,1.7440667000000001,1.9920389999999999
2013-08-27,1.060667,1.1878342,1.4286943000000001,1.6873896999999998,1.9218795
2013-08-28,1.0806685999999999,1.2237975000000001,1.4747728999999998,1.7406834,1.9803798000000001
2013-08-29,1.0824324000000001,1.2181083000000001,1.4621386999999999,1.7237197,1.9612895000000001
2013-08-30,1.0807831999999999,1.2158741000000002,1.4646942000000001,1.7341875,1.9806553
2013-09-03,1.0980428,1.2444817000000001,1.5018088000000001,1.7747796999999998,2.0207499000000002
2013-09-04,1.1051557000000001,1.2585397999999999,1.5275936000000001,1.8101022000000002,2.0615937
2013-09-05,1.13784,1.3198287,1.6117712,1.9049412000000001,2.1583380999999999
2013-09-06,1.1309846000000001,1.3111309999999998,1.5951242999999999,1.8823344,2.1317393999999998
2013-09-09,1.1218007999999999,1.3035944000000002,1.5830319999999998,1.8655639000000002,2.1123258999999996
2013-09-10,1.1258481,1.3282813,1.6239716000000002,1.9155221999999998,2.1668235
2013-09-11,1.1192377999999998,1.3133473999999998,1.5885269,1.8817460000000001,2.1422067
2013-09-12,1.1094181000000001,1.2974904,1.5936676999999999,1.8915925,2.1483501
2013-09-13,1.0994052000000001,1.2918468999999999,1.5853071999999999,1.8777941999999999,2.1292621
2013-09-16,1.0917357999999999,1.2771443,1.5688622999999999,1.8643740999999998,2.1220506000000001
2013-09-17,1.0875209000000001,1.2730777,1.5681695,1.8654713000000001,2.1224633000000002
2013-09-18,1.0802232000000001,1.2470102999999999,1.5066431999999998,1.7875588000000002,2.0414191000000002
2013-09-19,1.0721701000000001,1.2371371,1.5010841000000001,1.7873897999999999,2.0450078
2013-09-20,1.0536764999999999,1.2113537000000001,1.4842351,1.7675372000000003,2.0185939999999998
2013-09-23,1.0488980999999999,1.1996578,1.4569521999999999,1.7372867999999999,1.9904608000000001
2013-09-24,1.0506865000000001,1.2012134999999999,1.4425763,1.7074879000000001,1.9493282999999999
2013-09-25,1.0510557,1.2038101000000001,1.4356077,1.6893917000000001,1.9236861000000001
2013-09-26,1.0538733,1.2142932,1.4530792000000001,1.7105335999999998,1.9457012999999999
2013-09-27,1.0429930000000001,1.1963499,1.4264934999999999,1.6758480999999998,1.9062623000000001
2013-09-30,1.0365097999999999,1.1856419,1.4191393999999999,1.6636792,1.8872621999999999
2013-10-01,1.0383617000000001,1.1894555,1.4297683000000001,1.6795549000000001,1.9052919000000001
2013-10-02,1.0344895999999999,1.1807517999999999,1.4183041000000001,1.6666750000000001,1.8922090999999999
2013-10-03,1.0305616,1.1784624000000001,1.4165016000000001,1.6637572,1.8874361999999998
2013-10-04,1.0312574999999999,1.187513,1.4347487999999999,1.6901697,1.920253
2013-10-07,1.0283713999999999,1.1829442999999999,1.4249515000000001,1.6754759000000001,1.9023111999999998
2013-10-08,1.0206985,1.1858245999999999,1.4329787,1.6846766999999998,1.9104313000000002
2013-10-09,1.0197525000000001,1.1966760000000001,1.4465383999999999,1.6975997,1.9220416
2013-10-10,1.0208025000000001,1.2065596000000001,1.4628123,1.7160419,1.9396446000000001
2013-10-11,1.0193227,1.2070634,1.4593279000000001,1.710663,1.9357256999999999
2013-10-15,1.0273245,1.226199,1.4854118000000001,1.7429758,1.9740642999999998
2013-10-16,1.0170423,1.2060371000000001,1.4598720000000001,1.7125227999999999,1.9388053999999999
2013-10-17,1.0014517000000001,1.1735182,1.4150351999999999,1.6605794999999999,1.8842080000000001
2013-10-18,1.0057068,1.1738836000000001,1.4105741000000001,1.6483568,1.86303
2013-10-21,1.0154498000000001,1.1956689,1.4360866999999999,1.6748122000000001,1.8896815
2013-10-22,0.99659629999999999,1.1642655,1.3933542999999999,1.6216389000000002,1.8275657999999999
2013-10-23,0.96552099999999996,1.1066243999999998,1.3280175999999999,1.5569292000000001,1.7664899000000001
2013-10-24,0.97773509999999997,1.0899707999999999,1.3031173,1.5346762,1.7501637999999999
2013-10-25,0.97739019999999988,1.0707427999999999,1.2799067000000002,1.5155968,1.7377823000000001
2013-10-28,0.97854099999999999,1.0746253000000001,1.2844171,1.5207406999999999,1.7440917
2013-10-29,0.98237380000000007,1.075178,1.2780237999999999,1.5085611999999999,1.7283423999999998
2013-10-30,0.98620870000000005,1.0847522999999999,1.2874272,1.5185640999999999,1.7405848000000002
2013-10-31,0.98676170000000007,1.0816169,1.2825978999999998,1.5140119999999999,1.7374560999999999
2013-11-01,0.99313630000000008,1.1045125,1.3230626000000001,1.5682305999999999,1.8012286999999998
2013-11-04,0.99367169999999994,1.0980095000000001,1.3161483,1.5625966000000002,1.7965176999999999
2013-11-05,0.99266349999999992,1.1119519,1.3387556,1.5910978999999998,1.8295639999999997
2013-11-06,0.98978539999999993,1.1020688999999999,1.3250127,1.5772017999999999,1.8183708000000001
2013-11-07,0.98248840000000004,1.0799368,1.2984598999999999,1.5511752000000001,1.7941303
2013-11-08,1.0010561,1.1144395,1.3482396000000001,1.6149666,1.8701038999999999
2013-11-12,1.0058966,1.1228218000000001,1.3633415,1.6360616000000001,1.8953078000000001
2013-11-13,0.99580899999999994,1.1010183,1.3345887000000001,1.6022668,1.8573609000000002
2013-11-14,0.9916642,1.0897357999999999,1.3136007999999999,1.5732980000000001,1.8235230000000002
2013-11-15,0.99988569999999999,1.1034552,1.3099978000000001,1.5650898,1.8200343000000001
2013-11-18,0.99490650000000003,1.0908061,1.2885917,1.5361719,1.7861444
2013-11-19,1.0015153999999999,1.1117999999999999,1.3179428,1.5698999000000002,1.8223467
2013-11-20,0.99787429999999999,1.1087952000000001,1.3240244000000001,1.5867974,1.8500055000000002
2013-11-21,0.98405960000000003,1.0715125999999999,1.2955759,1.5633135,1.8262273999999998
2013-11-22,0.98462570000000005,1.0713402000000001,1.2876906000000001,1.5462119999999999,1.8008835000000001
2013-11-25,0.98505780000000009,1.0725832,1.2811645999999999,1.5313408000000002,1.7801715999999999
2013-11-26,0.98435980000000001,1.0656620999999999,1.2650338999999999,1.5076476999999999,1.751795
2013-11-27,0.98174530000000004,1.0670768000000002,1.2732245,1.5216530000000001,1.7697811000000001
2013-11-28,0.97800790000000004,1.0613570999999999,1.266618,1.5141875,1.7613554999999999
2013-11-29,0.97976839999999987,1.0692033000000001,1.2757981,1.5237248999999999,1.7717058999999999
2013-12-02,0.98068610000000001,1.0780932999999999,1.2969385,1.5566704,1.8141191999999999
2013-12-03,0.96424560000000004,1.0469172,1.259817,1.5191158,1.7791798000000001
2013-12-04,0.95669749999999998,1.0404559,1.2697221000000001,1.5457639999999999,1.8181639999999999
2013-12-05,0.96303950000000005,1.0555994000000002,1.2927344999999999,1.5733893999999999,1.8469967999999999
2013-12-06,0.96833330000000006,1.0631732,1.3042402,1.5883746999999999,1.8646287000000001
2013-12-09,0.96389200000000008,1.0548200000000001,1.293417,1.575942,1.8509681
2013-12-10,0.95941169999999998,1.0450177999999999,1.2736485,1.5453066,1.8104783
2013-12-11,0.96900010000000003,1.0642597999999999,1.2986288000000001,1.5745513999999998,1.8433029000000001
2013-12-12,0.96737039999999996,1.0642400999999999,1.3044943,1.5848899999999999,1.8556531000000001
2013-12-13,0.97018250000000006,1.0705420000000001,1.3097322999999998,1.5888981,1.8595496
2013-12-16,0.97560469999999999,1.0800813,1.3171421000000001,1.5944825999999999,1.8651515999999999
2013-12-17,0.96927660000000004,1.0713333,1.3019479,1.5729886,1.8388960999999999
2013-12-18,0.96888040000000009,1.0739117,1.3085214000000001,1.5850743999999999,1.8573929999999998
2013-12-19,0.99006289999999997,1.0994975,1.3442518999999999,1.6279809999999999,1.9019851999999999
2013-12-20,0.96648240000000007,1.0717791999999999,1.3207856,1.6067837000000003,1.8797564
2013-12-23,0.97711110000000012,1.0932104,1.3448560999999999,1.6300314,1.9007394
2013-12-24,0.97694819999999993,1.1005822999999999,1.3646589,1.6608383,1.9395011
2013-12-27,0.9819833,1.1143727999999999,1.395518,1.7076175999999998,1.9978114000000002
2013-12-30,0.97524789999999995,1.0952347,1.3679380999999999,1.6738157,1.9592320999999999
2013-12-31,0.97367370000000009,1.1002369000000001,1.3857836000000001,1.7022717999999999,1.9940960999999999
2014-01-02,0.97796020000000006,1.0909624999999998,1.3684422000000001,1.6794666999999999,1.9670183000000001
2014-01-03,0.98131760000000001,1.1012974,1.3766782,1.6860048999999999,1.9742139999999999
2014-01-06,0.98134750000000004,1.0974242999999999,1.3640281999999999,1.6646063,1.9458426000000002
2014-01-07,0.96849139999999989,1.0785044000000001,1.3361662999999999,1.6299992999999999,1.9077532000000001
2014-01-08,0.96096010000000009,1.0836347,1.3527750000000001,1.6541836999999999,1.9364059999999998
2014-01-09,0.95432620000000001,1.0748643,1.3402307,1.6366744999999998,1.913824
2014-01-10,0.91326620000000003,0.99466759999999999,1.2281697,1.5020845999999999,1.7663641999999999
2014-01-13,0.92860149999999997,1.0168713,1.2427328,1.507334,1.7644749000000002
2014-01-14,0.93647630000000004,1.0367337999999999,1.2756620999999999,1.5488298,1.8094898000000001
2014-01-15,0.9442315,1.0526791,1.2884472,1.5554352,1.8106773999999999
2014-01-16,0.93938419999999989,1.0292755,1.2546378,1.5133169,1.7615513999999999
2014-01-17,0.92913210000000002,1.0124377,1.2329702,1.4896247,1.7380370999999999
2014-01-20,0.92859250000000004,1.0090568,1.2258475,1.4800878,1.7278747999999999
2014-01-21,0.93435640000000009,1.022003,1.2482285,1.5052658999999999,1.7500795
2014-01-22,0.9251317,1.0048402000000001,1.2209502000000001,1.4722618000000001,1.716459
2014-01-23,0.91473730000000009,0.97563449999999996,1.1706928000000001,1.4061017,1.6407406
2014-01-24,0.92175350000000011,0.97823389999999988,1.1690852,1.4032912,1.6382721
2014-01-27,0.92958859999999999,0.99803350000000002,1.1966192,1.4347873,1.6712230000000001
2014-01-28,0.92224579999999989,0.98367499999999997,1.1808696000000001,1.4212456,1.6612743999999999
2014-01-29,0.92516130000000008,0.98021819999999993,1.1629415000000001,1.3901897999999999,1.6204963999999999
2014-01-30,0.93346439999999997,0.98578580000000005,1.1726747,1.4021323000000001,1.6317432999999999
2014-01-31,0.92033529999999997,0.96436179999999994,1.1463588,1.3728594000000001,1.6006709000000001
2014-02-03,0.91385800000000006,0.94985160000000002,1.1196246999999999,1.3363005999999999,1.5581430000000001
2014-02-04,0.92624820000000008,0.97516389999999997,1.1527612,1.3744040000000002,1.5997250000000001
2014-02-05,0.93809849999999995,0.99579479999999998,1.1816717999999999,1.4094176,1.6385973000000003
2014-02-06,0.93324930000000006,0.99682380000000004,1.1952722,1.4327661999999999,1.6686540000000001
2014-02-07,0.93220130000000001,0.99323280000000003,1.1851064,1.4164367,1.6472507000000001
2014-02-10,0.93365730000000013,0.99598670000000011,1.1867331999999999,1.4179591,1.6500132999999999
2014-02-11,0.9437565,1.0208045000000001,1.219228,1.4551582999999999,1.6905489999999999
2014-02-12,0.9534218000000001,1.0404294999999999,1.2466161999999998,1.4858404999999999,1.7211094999999998
2014-02-13,0.95049120000000009,1.0255634,1.2294591000000001,1.4663359,1.6981789
2014-02-14,0.94965359999999999,1.0241093999999999,1.2282113000000001,1.4662454999999999,1.7000438
2014-02-18,0.94153779999999998,1.0063025999999999,1.2056604,1.4420519999999999,1.6755903999999999
2014-02-19,0.94145559999999995,1.0085195,1.2056647,1.4391960000000001,1.6702812
2014-02-20,0.93740609999999991,1.0114622,1.2116714000000002,1.4459832000000001,1.6766091999999999
2014-02-21,0.94276129999999991,1.0191971,1.2095741,1.4347615,1.6596994999999999
2014-02-24,0.95625590000000005,1.0358993999999999,1.2237335999999999,1.4455874,1.6676982999999999
2014-02-25,0.95161670000000009,1.0337050000000001,1.213829,1.4269642,1.6420448000000001
2014-02-26,0.94816540000000005,1.0176035999999999,1.1854737,1.3904715999999999,1.6014169000000003
2014-02-27,0.9413338,1.0006805000000001,1.1695043999999999,1.3750211000000001,1.5836528999999999
2014-02-28,0.94394130000000009,1.0093721,1.1804642000000001,1.3877215999999999,1.5978848999999999
2014-03-03,0.94553189999999998,1.0060643,1.1667083,1.3688359000000001,1.5782925999999999
2014-03-04,0.95142319999999991,1.0346599000000001,1.2103117000000001,1.4220504,1.6375725000000001
2014-03-05,0.95614510000000008,1.0433786999999999,1.2256775,1.4397959999999999,1.6535190000000002
2014-03-06,0.95689810000000008,1.0553570999999999,1.2461504999999999,1.4686181,1.6899522999999999
2014-03-07,0.9589861999999999,1.0551511,1.2465810000000002,1.4713475,1.6957274000000002
2014-03-10,0.95141880000000001,1.0446533,1.2316130000000001,1.4515043000000001,1.6717003000000001
2014-03-11,0.94514900000000002,1.0390109999999999,1.2209425,1.4365859000000001,1.6552431999999999
2014-03-12,0.9401733000000001,1.0274722000000001,1.2045494999999999,1.4163667,1.6318371000000003
2014-03-13,0.94050709999999993,1.0136095000000001,1.1751218999999999,1.3743332000000001,1.5805326000000002
2014-03-14,0.93950360000000011,1.0134703999999999,1.1791836999999998,1.3819064999999999,1.5899657
2014-03-17,0.94764210000000004,1.0331901999999999,1.2065998,1.4146709,1.6264615999999998
2014-03-18,0.93541030000000003,1.0113191000000001,1.1821557999999999,1.3892578,1.6000141999999999
2014-03-19,0.9569048,1.0628905,1.2542545999999999,1.472712,1.6878275000000003
2014-03-20,0.9595494,1.0713007000000001,1.2726335,1.4997526999999999,1.7204154999999999
2014-03-21,0.96209869999999997,1.0714246000000001,1.2699936999999999,1.4947218,1.7136482000000002
2014-03-24,0.96348869999999998,1.07125,1.2673988,1.4879921,1.7017826999999999
2014-03-25,0.96232499999999999,1.0674657999999999,1.2652745000000001,1.489398,1.7072426000000003
2014-03-26,0.96151359999999997,1.061445,1.2499631,1.4654998000000001,1.6773297999999999
2014-03-27,0.96440710000000007,1.0622360000000002,1.2507851000000001,1.4663212000000001,1.6769723000000001
2014-03-28,0.96763860000000002,1.071836,1.2642696,1.4816630000000002,1.6927861999999998
2014-03-31,0.96989569999999992,1.0679159,1.2609659,1.4823644,1.6987397000000002
2014-04-01,0.97121829999999987,1.0730506000000002,1.2731198000000001,1.5021480999999999,1.7254344000000001
2014-04-02,0.9812652999999999,1.0923288,1.3039722999999999,1.5419398000000002,1.7704791000000002
2014-04-03,0.97849370000000002,1.0928479,1.3089092,1.5494142,1.7782798999999998
2014-04-04,0.97424480000000013,1.0802961999999998,1.2856852999999999,1.5156582999999999,1.7355986000000001
2014-04-07,0.97291970000000005,1.0716171999999999,1.2733061000000001,1.5006112,1.7178194
2014-04-08,0.97282250000000003,1.0698105,1.2706624999999998,1.4976102,1.7148679
2014-04-09,0.97119649999999991,1.0620723000000001,1.2568784,1.4816041,1.7006108
2014-04-10,0.96894249999999993,1.0456069000000001,1.2334649,1.4546067,1.6709703999999999
2014-04-11,0.968781,1.0385905000000002,1.2174670000000001,1.4301110000000001,1.6396906
2014-04-14,0.97286269999999997,1.0399293999999999,1.2273890000000001,1.4484636,1.662477
2014-04-15,0.97261759999999997,1.0351705,1.2124080000000002,1.4254719,1.6354781999999999
2014-04-16,0.97110949999999996,1.0356634,1.2223998,1.4417008,1.6532906999999999
2014-04-17,0.9803999000000001,1.0589329999999999,1.2611376999999999,1.49196,1.7100922000000001
2014-04-21,0.9784621,1.056187,1.2603804999999999,1.4930794000000001,1.7123890999999998
2014-04-22,0.97509129999999999,1.0535591,1.2555428,1.48681,1.7062794999999999
2014-04-23,0.97682700000000011,1.0497159,1.2456848,1.4736064,1.6919095
2014-04-24,0.98365740000000002,1.0534955000000001,1.2432789,1.4675267000000001,1.6849197
2014-04-25,0.9820255,1.0471996000000001,1.2326125999999999,1.4522031,1.6657950000000001
2014-04-28,0.98846440000000002,1.0617654000000001,1.2544915999999999,1.4804641999999999,1.6990807999999999
2014-04-29,0.99170089999999989,1.0665182,1.2607157,1.4866817999999999,1.7036947
2014-04-30,0.98875639999999998,1.0491724,1.2369424,1.4595286000000001,1.6743062999999998
2014-05-01,0.9822730999999999,1.0380844,1.2158144,1.4304992999999999,1.6408655000000001
2014-05-02,0.98117050000000006,1.0388586,1.2145187,1.4249658000000001,1.6308564000000001
2014-05-05,0.98353439999999992,1.0428216000000001,1.2224754,1.4373164,1.6467800000000001
2014-05-06,0.98049850000000005,1.0432842,1.2261991999999999,1.4429623,1.6531179
2014-05-07,0.98246919999999993,1.0479106999999999,1.2294582999999999,1.4454338,1.6563674000000002
2014-05-08,0.98083509999999996,1.0463530999999999,1.2296316999999999,1.4467414000000001,1.6570512999999998
2014-05-09,0.97334640000000006,1.0339347999999999,1.2128902000000001,1.4281088000000002,1.6389608999999998
2014-05-12,0.9788538,1.0476825000000001,1.2341971,1.4555319,1.6709809
2014-05-13,0.97479230000000006,1.0408706000000001,1.2180426,1.4296243,1.6374465
2014-05-14,0.97385670000000002,1.0261581,1.1844098000000001,1.3796918,1.5762800000000001
2014-05-15,0.97140060000000006,1.0213392999999999,1.1692180999999999,1.3545725,1.5446795
2014-05-16,0.97236739999999999,1.0224241000000001,1.1785906000000002,1.3717287999999999,1.5664959999999999
2014-05-20,0.96872859999999994,1.0267474999999999,1.1815254000000002,1.3710781000000001,1.5632752000000001
2014-05-21,0.97507640000000007,1.0347435999999999,1.1976785999999999,1.3944647999999999,1.5908173000000001
2014-05-22,0.98264240000000003,1.0414536000000001,1.2113908,1.4159089,1.6173105999999999
2014-05-23,0.98077670000000006,1.0387123,1.2014898000000001,1.3992001000000001,1.5966136
2014-05-26,0.98202619999999996,1.0431136000000001,1.2066600000000001,1.4055595000000001,1.6052883
2014-05-27,0.98349300000000006,1.0410132999999999,1.2019712,1.3978325999999999,1.5939108
2014-05-28,0.97943740000000001,1.0237098,1.1701621,1.3514176,1.5343462000000001
2014-05-29,0.97502500000000003,1.0345371000000001,1.1913114,1.3791774999999999,1.5664471999999998
2014-05-30,0.97395189999999998,1.0351645,1.1870908,1.369794,1.5536808
2014-06-02,0.97686770000000001,1.0499824,1.2115829,1.4005627,1.588525
2014-06-03,0.97412200000000004,1.0579893999999999,1.2289641,1.4289341,1.6282453999999997
2014-06-04,0.97126259999999998,1.0509694000000001,1.2276323,1.4337035999999999,1.6365745
2014-06-05,0.97408389999999989,1.0492726000000001,1.2199925,1.4215815000000001,1.6215411
2014-06-06,0.97511090000000011,1.0504088,1.2184359,1.4167584,1.6141463000000003
2014-06-09,0.97873549999999998,1.0600687,1.2285630999999999,1.424739,1.6194076000000002
2014-06-10,0.98129849999999996,1.0689573000000001,1.2441603999999999,1.4446505000000001,1.6416242000000001
2014-06-11,0.97996240000000001,1.0674723000000002,1.2430060000000001,1.4441123999999999,1.6414966999999998
2014-06-12,0.9798325,1.0657521999999999,1.2309275,1.4222872,1.6132542000000001
2014-06-13,0.98949780000000009,1.0828379000000001,1.2437276000000002,1.4296856,1.6173811999999999
2014-06-16,0.99734950000000011,1.0909472999999998,1.2474791000000001,1.4274047999999999,1.6091533000000002
2014-06-17,1.0020196000000001,1.1037261,1.2661574,1.4491798999999999,1.6319963
2014-06-18,0.99381049999999993,1.0865406,1.239852,1.4145545000000002,1.5905605
2014-06-19,0.98582119999999995,1.0645507000000001,1.2168358000000001,1.3946825,1.5745670999999999
2014-06-20,1.0101370000000001,1.1170575999999999,1.2823008,1.4617764,1.6368349
2014-06-23,1.0134539,1.1260142000000002,1.3065418,1.4967532000000001,1.6761511999999998
2014-06-24,1.0014405,1.1060288,1.2731421000000001,1.4523968,1.6254666000000002
2014-06-25,0.99804720000000002,1.1019144999999999,1.2703040000000001,1.4468051,1.6145791999999999
2014-06-26,0.9937005000000001,1.0952467000000001,1.2557195000000001,1.4253908,1.5891562000000001
2014-06-27,0.99714899999999995,1.1036663,1.2638484999999999,1.4332573,1.5978659
2014-06-30,0.99355569999999993,1.0935296999999999,1.2504193000000001,1.4179191,1.5835446999999998
2014-07-02,1.0034535,1.1209382000000001,1.2924443999999999,1.4711531999999998,1.6446551
2014-07-03,1.0016887999999999,1.1217499,1.2977182999999999,1.4788732,1.6528894999999999
2014-07-04,1.0039762000000001,1.1208741,1.3020102,1.4869148999999999,1.6620271
2014-07-07,1.0047455999999999,1.1174103,1.2909941,1.4701895,1.6415869999999999
2014-07-08,0.99826419999999993,1.1014710000000001,1.2615103999999999,1.43072,1.5963775999999998
2014-07-09,1.0034068,1.1096144999999999,1.2711300999999999,1.4400115,1.6036193000000001
2014-07-10,1.0057738000000001,1.1090951999999998,1.2662332999999999,1.4322408,1.5945898000000001
2014-07-11,1.0029410000000001,1.0926142999999999,1.2435581,1.4081382999999998,1.5711732999999999
2014-07-14,0.99608300000000005,1.0848355999999999,1.2349604999999999,1.4002878000000001,1.5651248
2014-07-15,0.99912920000000005,1.0843304,1.2355665,1.4027400999999999,1.5685164
2014-07-16,0.99609669999999995,1.0780012999999999,1.2225751,1.3855968999999999,1.550073
2014-07-17,0.99029180000000006,1.0526815,1.1857019,1.3397452000000001,1.4972467999999999
2014-07-18,0.99666689999999991,1.0681381999999999,1.2089453999999999,1.3683623,1.5287052000000001
2014-07-21,1.0005169,1.0715743,1.2074423000000001,1.3606014,1.5150962000000001
2014-07-22,1.0020814,1.0671567,1.1958925,1.3454113000000001,1.4993064
2014-07-23,1.0067648,1.0703384,1.2026363,1.3563461000000001,1.5125751000000001
2014-07-24,1.0107800999999998,1.0858527,1.2277821,1.3874512000000001,1.5459926000000002
2014-07-25,1.0067117999999999,1.0702563,1.2033829,1.3579791999999999,1.5136083999999999
2014-07-28,1.0073487999999999,1.0741455,1.2114085999999999,1.3676265999999999,1.5225949000000001
2014-07-29,1.0013755,1.0658698,1.2018488000000001,1.3557691999999999,1.5074809999999998
2014-07-30,1.0112789,1.0930990999999999,1.2427002,1.4071503000000001,1.5665330000000002
2014-07-31,1.0125508000000001,1.0812927999999999,1.2311555000000001,1.3994652999999999,1.5629857
2014-08-01,1.0015217999999999,1.0575741000000001,1.1915969,1.3498038999999999,1.5095687
2014-08-05,1.0012430999999999,1.0606928999999998,1.1966272999999998,1.3530412999999999,1.5093046999999999
2014-08-06,1.0049683999999999,1.0667871,1.2009000000000001,1.3551883,1.5098495000000001
2014-08-07,0.99727589999999999,1.0536927,1.1776574,1.3249673,1.4764737999999999
2014-08-08,0.99032149999999997,1.0436159,1.1650456999999999,1.3110252,1.462566
2014-08-11,0.99457139999999999,1.0500484999999999,1.1767102,1.3261356,1.4785334000000001
2014-08-12,1.0027812,1.0714652,1.2079877999999999,1.3646290999999999,1.5215703
2014-08-13,0.99565990000000004,1.0589170999999999,1.1845878999999999,1.3320675,1.4832250999999999
2014-08-14,0.99385199999999996,1.052994,1.1749719000000001,1.319043,1.4678152999999998
2014-08-15,0.98874549999999994,1.0424351000000001,1.1568977,1.2938295,1.4370370000000001
2014-08-18,0.99636789999999997,1.0619198999999999,1.1866532000000001,1.3307953000000001,1.4787199
2014-08-19,0.99605310000000002,1.0620498,1.1918034,1.3395929,1.4889853
2014-08-20,0.9991488999999999,1.0794713,1.2199916,1.3734011000000002,1.5241948000000001
2014-08-21,0.99911889999999992,1.077542,1.2144758,1.3648700999999999,1.513622
2014-08-22,1.0017973,1.0822025000000002,1.2180085999999999,1.3663045,1.5127001
2014-08-25,0.99788889999999997,1.0779307999999999,1.2147174000000001,1.3612983000000001,1.5031368000000001
2014-08-26,1.0046706000000001,1.0946218999999999,1.2247980999999999,1.3645441,1.5027244
2014-08-27,1.0040884000000001,1.0928576999999999,1.2173163,1.3499353999999999,1.4819021999999999
2014-08-28,1.0073265,1.0927495,1.2153799000000001,1.3452370999999999,1.4743537
2014-08-29,1.0073109,1.0973197000000001,1.2216696,1.3515154999999999,1.4798043000000001
2014-09-02,1.0141817,1.1164604,1.2599227,1.4060344,1.5461377999999999
2014-09-03,1.0119312999999999,1.1124076999999999,1.2563420999999999,1.4034793999999999,1.5441417000000002
2014-09-04,1.0121947,1.1184201,1.2664906999999999,1.41784,1.5636743000000002
2014-09-05,1.0052403999999999,1.1083811000000001,1.2522346,1.4023943999999999,1.5494555000000001
2014-09-08,1.0066462,1.1139501000000001,1.2659475999999998,1.4224664,1.5733153
2014-09-09,1.0099646,1.1307019,1.2910829000000001,1.4519476,1.6046881
2014-09-10,1.0099403999999998,1.1410989999999999,1.3076525999999999,1.4711704999999999,1.6253799999999998
2014-09-11,1.0083313,1.1334178000000001,1.3075663,1.4761519999999999,1.6306727000000001
2014-09-12,1.0126123,1.1474286,1.3294243000000001,1.5064955999999998,1.6682570999999999
2014-09-15,1.0080363999999999,1.1397581000000001,1.3223224,1.4997289,1.6612439999999999
2014-09-16,1.0044964999999999,1.1382453000000001,1.3224932999999999,1.5022578,1.6665018
2014-09-17,1.0157292,1.1569081999999999,1.3428529999999999,1.5229041999999999,1.6874529999999999
2014-09-18,1.0149075000000001,1.1630066999999999,1.3578223999999999,1.5442146000000001,1.7125958999999999
2014-09-19,1.0114231,1.1618972000000001,1.3486775,1.5243537999999999,1.6834419
2014-09-22,1.0071923999999999,1.1474293,1.3250085999999999,1.4975126999999999,1.6570967999999999
2014-09-23,0.98889159999999998,1.1154476,1.2860467,1.4544209000000001,1.6111558000000001
2014-09-24,0.99862860000000009,1.1374157,1.3137382,1.4842898,1.6415603999999999
2014-09-25,0.98803910000000006,1.1129567999999999,1.2819940999999999,1.4452349999999998,1.5957305000000002
2014-09-26,0.99438310000000008,1.1284894000000001,1.3039809,1.4698582,1.6201009
2014-09-29,0.9875063999999999,1.1158256,1.2837153000000001,1.4436720999999999,1.5901475000000003
2014-09-30,0.98863590000000012,1.1228673,1.2930854000000001,1.4548341,1.6039248999999998
2014-10-01,0.9851723,1.1017861,1.2540865000000001,1.4023717,1.5428063999999999
2014-10-02,0.98243849999999999,1.1043281999999999,1.2659101000000001,1.4218470000000001,1.5661288999999998
2014-10-03,0.98625410000000002,1.1114769,1.2765321000000001,1.4331668,1.5759582000000001
2014-10-06,0.97661889999999996,1.0934805999999999,1.2592511000000002,1.4178811,1.5629778999999999
2014-10-07,0.9653309000000001,1.0698345,1.2222621,1.3722008999999999,1.5124698000000001
2014-10-08,0.95252110000000001,1.0422829,1.1846869,1.3319832,1.4753973999999999
2014-10-09,0.95285470000000005,1.0428516000000001,1.2018766999999999,1.3601478,1.505331
2014-10-10,0.94827439999999996,1.0254303,1.1756845999999999,1.3327825999999998,1.4798152
2014-10-14,0.92608199999999996,0.97231000000000001,1.1204285,1.2839335999999999,1.4366544000000001
2014-10-15,0.89994440000000009,0.91462179999999993,1.0535896,1.2200316,1.3804078
2014-10-16,0.90486790000000006,0.92724530000000005,1.0658368,1.2325868,1.3947136
2014-10-17,0.93676959999999998,0.97609849999999998,1.1102922,1.2697669999999999,1.4261727
2014-10-20,0.93478599999999989,0.96602140000000003,1.0961867999999999,1.2536141999999999,1.408657
2014-10-21,0.93797959999999991,0.9779968,1.1139912999999999,1.2745507999999999,1.4317682
2014-10-22,0.93804399999999999,0.98698980000000003,1.1230560000000001,1.2805352000000001,1.4345582000000001
2014-10-23,0.95047710000000007,1.0025203,1.1532732000000001,1.3204722,1.4778997999999999
2014-10-24,0.94920100000000007,1.0043062,1.1642797999999999,1.3369369,1.4955902000000001
2014-10-27,0.95129399999999997,1.0043389,1.1652720000000001,1.3396414999999999,1.4992277000000001
2014-10-28,0.95344249999999997,1.0150531,1.1779377,1.3526233999999999,1.5122382000000001
2014-10-29,0.97360499999999994,1.0486962,1.2237496000000001,1.4028356,1.5604678000000001
2014-10-30,0.96532050000000003,1.0450360000000001,1.2110626,1.3836101000000001,1.5394174
2014-10-31,0.95987889999999998,1.0347919999999999,1.2032111000000001,1.3794143000000001,1.5385899999999999
2014-11-03,0.94464260000000011,1.0088677000000001,1.1803901999999999,1.3621825000000001,1.5259601
2014-11-04,0.94109039999999999,1.0024721999999999,1.16953,1.3484248999999999,1.5111197000000001
2014-11-05,0.94946000000000008,1.0225454999999999,1.1885294,1.3651434,1.5271520000000001
2014-11-06,0.96344350000000001,1.0428338000000001,1.2209400000000001,1.4046661,1.5682893
2014-11-07,0.95903540000000009,1.0351036,1.2000527000000001,1.3714503,1.5259371000000002
2014-11-10,0.9630531,1.0524167,1.2288148999999999,1.4065981999999999,1.5639890000000001
2014-11-12,0.95473999999999992,1.0356399999999999,1.21048,1.38998,1.5499799999999999
2014-11-13,0.94868999999999992,1.02518,1.19719,1.37354,1.5310999999999999
2014-11-14,0.94879999999999998,1.0256400000000001,1.1949700000000001,1.3693500000000001,1.5256399999999999
2014-11-17,0.94731999999999994,1.0231399999999999,1.1905600000000001,1.3634600000000001,1.51868
2014-11-18,0.94681000000000004,1.01874,1.1795599999999999,1.34842,1.5015099999999999
2014-11-19,0.95913999999999999,1.0433700000000001,1.2081,1.3809200000000001,1.53782
2014-11-20,0.95680999999999994,1.0243599999999999,1.1897,1.3625699999999998,1.5179500000000001
2014-11-21,0.99053000000000002,1.03637,1.19828,1.37304,1.52661
2014-11-24,0.99152000000000007,1.02983,1.1875800000000001,1.35656,1.5045200000000001
2014-11-25,0.99185000000000001,1.0183800000000001,1.17367,1.3391500000000001,1.4820899999999999
2014-11-26,0.99217999999999995,1.0138499999999999,1.1664600000000001,1.33019,1.4719500000000001
2014-11-27,0.99252000000000007,1.0025600000000001,1.14489,1.3004099999999998,1.4378500000000001
2014-11-28,0.98755000000000004,0.9704600000000001,1.09623,1.2422800000000001,1.3773499999999999
2014-12-01,0.98846000000000001,0.96994999999999998,1.0988199999999999,1.252,1.39561
2014-12-02,0.98841000000000001,0.98925999999999992,1.13622,1.3045800000000001,1.45733
2014-12-03,0.98905999999999994,1.0028300000000001,1.1547499999999999,1.32063,1.4674400000000001
2014-12-04,0.98936999999999997,0.99336000000000002,1.1390100000000001,1.2989199999999999,1.44085
2014-12-05,0.98966999999999994,1.0204899999999999,1.1821900000000001,1.3523200000000002,1.49716
2014-12-08,0.99059000000000008,1.0017,1.1545300000000001,1.3166100000000001,1.4541299999999999
2014-12-09,0.99089000000000005,0.99910999999999994,1.14486,1.3022499999999999,1.43872
2014-12-10,0.9911899999999999,0.98043999999999998,1.1038399999999999,1.24719,1.3784100000000001
2014-12-11,0.99150000000000005,1.0017500000000001,1.1295299999999999,1.2715000000000001,1.3991
2014-12-12,0.98610999999999993,0.95788999999999991,1.06803,1.1987299999999999,1.32074
2014-12-15,0.98694000000000004,0.96278000000000008,1.08341,1.22237,1.3485499999999999
2014-12-18,0.97736000000000001,0.99965000000000004,1.1283300000000001,1.2775000000000001,1.41404
2014-12-19,0.98037999999999992,0.99678999999999995,1.11636,1.25546,1.3835900000000001
2014-12-22,0.98114000000000001,1.0078500000000001,1.1200399999999999,1.2502800000000001,1.3726
2014-12-23,0.98142000000000007,1.03511,1.1704600000000001,1.32026,1.45591
2014-12-24,0.98694000000000004,1.0385899999999999,1.1699999999999999,1.31843,1.4554
2014-12-29,0.98746000000000012,1.01789,1.1333299999999999,1.2697399999999999,1.3991800000000001
2014-12-30,1.0039100000000001,1.00203,1.1136699999999999,1.2482599999999999,1.3763100000000001
2014-12-31,1.0042199999999999,0.99640000000000006,1.1006500000000001,1.2283999999999999,1.3523000000000001
2015-01-02,1.0048299999999999,0.98902999999999996,1.08806,1.20967,1.3273900000000001
2015-01-05,1.0001599999999999,0.96664000000000005,1.0578700000000001,1.17174,1.2821799999999999
2015-01-06,0.98417999999999994,0.94409999999999994,1.02322,1.12799,1.2335400000000001
2015-01-07,0.98441000000000001,0.95531999999999995,1.03338,1.1366799999999999,1.2417799999999999
2015-01-08,0.98461999999999994,0.96576000000000006,1.05907,1.1729399999999999,1.2837499999999999
2015-01-09,0.98989000000000005,0.93744999999999989,1.02095,1.1305400000000001,1.2398899999999999
2015-01-12,0.97902000000000011,0.91195999999999999,0.98514000000000002,1.08914,1.19513
2015-01-13,0.96948999999999996,0.91055000000000008,0.97345999999999999,1.07273,1.1785300000000001
2015-01-14,0.95931,0.88350000000000006,0.93983000000000005,1.0350599999999999,1.13974
2015-01-15,0.93682999999999994,0.81762000000000001,0.85524999999999995,0.94284000000000001,1.0468500000000001
2015-01-16,0.93440000000000001,0.87069999999999992,0.91999999999999993,1.00966,1.11022
2015-01-19,0.95002999999999993,0.8536999999999999,0.90234999999999999,0.99402000000000001,1.0951600000000001
2015-01-20,0.94493000000000005,0.84659000000000006,0.88854,0.97616999999999998,1.0754900000000001
2015-01-21,0.59987000000000001,0.55617000000000005,0.63246000000000002,0.75700999999999996,0.89342999999999995
2015-01-22,0.60181000000000007,0.54495000000000005,0.61917999999999995,0.74434999999999996,0.88286000000000009
2015-01-23,0.6018,0.53717000000000004,0.58892,0.69499,0.8208399999999999
2015-01-26,0.60181000000000007,0.51308999999999994,0.57467000000000001,0.69316999999999995,0.82828000000000002
2015-01-27,0.54398000000000002,0.47787999999999997,0.53505000000000003,0.65053000000000005,0.78250999999999993
2015-01-28,0.54377999999999993,0.42716999999999999,0.48088999999999998,0.59728000000000003,0.72904999999999998
2015-01-29,0.53437000000000001,0.44323000000000001,0.50039999999999996,0.61495,0.74374999999999991
2015-01-30,0.49641000000000002,0.38250000000000001,0.42630999999999997,0.52925,0.64821999999999991
2015-02-02,0.47486999999999996,0.38100999999999996,0.41685999999999995,0.51257000000000008,0.62770999999999999
2015-02-03,0.47454999999999997,0.41137999999999997,0.46033000000000002,0.56352999999999998,0.68307000000000007
2015-02-04,0.48541000000000001,0.38719999999999999,0.43917,0.54412000000000005,0.66222999999999999
2015-02-05,0.48072999999999994,0.40936999999999996,0.47570000000000001,0.59366999999999992,0.72259000000000007
2015-02-06,0.51316000000000006,0.46268000000000004,0.54872999999999994,0.67815000000000003,0.81040999999999996
2015-02-09,0.50700999999999996,0.45299,0.53564999999999996,0.66183999999999998,0.79176999999999997
2015-02-10,0.47866000000000003,0.40191999999999994,0.49402999999999997,0.63388999999999995,0.77442
2015-02-11,0.45852999999999994,0.40792,0.50943000000000005,0.65225,0.79254000000000013
2015-02-12,0.47460999999999998,0.39357000000000003,0.47917999999999999,0.61043999999999998,0.74519000000000002
2015-02-13,0.47089000000000003,0.40124999999999994,0.49786999999999998,0.63761000000000001,0.77730999999999995
2015-02-17,0.46525000000000005,0.42653999999999997,0.54412000000000005,0.69772000000000001,0.84543000000000001
2015-02-18,0.45989999999999998,0.39465999999999996,0.51163999999999998,0.66858000000000006,0.81802999999999992
2015-02-19,0.44968999999999998,0.38479999999999998,0.49106,0.64438000000000006,0.79514000000000007
2015-02-20,0.39882000000000001,0.36468,0.46369000000000005,0.61225000000000007,0.76341999999999999
2015-02-23,0.40284999999999999,0.34493000000000001,0.42635000000000001,0.56141000000000008,0.70382999999999996
2015-02-24,0.50124999999999997,0.42684000000000005,0.47682000000000002,0.57954000000000006,0.69769000000000003
2015-02-25,0.52986999999999995,0.43415999999999999,0.47713,0.58110000000000006,0.70496999999999999
2015-02-26,0.58250999999999997,0.47108999999999995,0.51685000000000003,0.62209999999999999,0.74570000000000003
2015-02-27,0.58256999999999992,0.43807000000000001,0.47015000000000001,0.56953000000000009,0.69179000000000002
2015-03-02,0.56052999999999997,0.45770999999999995,0.50555000000000005,0.61999000000000004,0.75483
2015-03-03,0.56047000000000002,0.45227000000000001,0.50353000000000003,0.62968999999999997,0.77790999999999999
2015-03-04,0.63198999999999994,0.56167999999999996,0.61513000000000007,0.73658000000000001,0.87851999999999997
2015-03-05,0.63197999999999999,0.57733000000000001,0.63613999999999993,0.76027999999999996,0.90310000000000012
2015-03-06,0.67794999999999994,0.57840000000000003,0.64981999999999995,0.79330000000000012,0.95344999999999991
2015-03-09,0.63702000000000003,0.55730000000000002,0.62365000000000004,0.76051000000000002,0.91690999999999989
2015-03-10,0.63198999999999994,0.55147000000000002,0.61091000000000006,0.74043000000000003,0.89072000000000007
2015-03-11,0.62695999999999996,0.54667999999999994,0.59945000000000004,0.71799999999999997,0.85807
2015-03-12,0.61528000000000005,0.53776999999999997,0.59031,0.70781000000000005,0.84832999999999992
2015-03-13,0.60191000000000006,0.51618999999999993,0.56701000000000001,0.68711,0.83199999999999996
2015-03-16,0.58196000000000003,0.50042000000000009,0.54944999999999999,0.66575999999999991,0.80725999999999987
2015-03-17,0.58201999999999998,0.50841000000000003,0.55291000000000001,0.65971000000000002,0.79222999999999999
2015-03-18,0.55712000000000006,0.46329999999999999,0.49513999999999997,0.58904000000000001,0.71152000000000004
2015-03-19,0.54190000000000005,0.45224000000000003,0.48903000000000002,0.58589999999999998,0.70904
2015-03-20,0.52662999999999993,0.43058000000000002,0.47017999999999999,0.56960999999999995,0.69403000000000004
2015-03-23,0.52135999999999993,0.42830999999999997,0.46873000000000004,0.56960999999999995,0.69550000000000001
2015-03-24,0.55151000000000006,0.43997000000000003,0.47706999999999999,0.57374000000000003,0.69535999999999998
2015-03-25,0.54067999999999994,0.46737999999999996,0.50824999999999998,0.60633999999999999,0.72792999999999997
2015-03-26,0.61269000000000007,0.55275000000000007,0.60625000000000007,0.71396000000000004,0.84045000000000003
2015-03-27,0.59350000000000003,0.49532999999999999,0.54168000000000005,0.64612999999999998,0.77151999999999998
2015-03-30,0.57267000000000001,0.47698000000000002,0.52373000000000003,0.63163000000000002,0.76236000000000004
2015-03-31,0.57162999999999997,0.47248999999999997,0.51437999999999995,0.62107000000000001,0.75243000000000004
2015-04-01,0.58284000000000002,0.46123999999999998,0.49379999999999996,0.58947000000000005,0.71133999999999997
2015-04-02,0.58289999999999997,0.45972000000000002,0.49325999999999998,0.59089999999999998,0.71354000000000006
2015-04-06,0.58169000000000004,0.46696000000000004,0.50817999999999997,0.61424000000000001,0.74368000000000001
2015-04-09,0.60014999999999996,0.46944999999999998,0.51680000000000004,0.63344,0.76900000000000002
2015-04-10,0.6018,0.48142000000000001,0.52738000000000007,0.64171999999999996,0.77533000000000007
2015-04-13,0.61214000000000002,0.48101999999999995,0.52024999999999999,0.62887000000000004,0.76005999999999996
2015-04-14,0.60213000000000005,0.47067000000000003,0.50219000000000003,0.60111000000000003,0.72430000000000005
2015-04-15,0.62192000000000003,0.52124000000000004,0.55047999999999997,0.64605000000000001,0.76692000000000005
2015-04-16,0.64293999999999996,0.53956999999999999,0.57530999999999999,0.67613999999999996,0.79974999999999996
2015-04-17,0.66317999999999999,0.58827999999999991,0.62517999999999996,0.72228999999999999,0.84311999999999998
2015-04-20,0.68430000000000002,0.60604999999999998,0.64629999999999999,0.74555000000000005,0.86712999999999996
2015-04-21,0.69525999999999999,0.60850000000000004,0.65465000000000007,0.76195999999999997,0.88982000000000006
2015-04-22,0.69392999999999994,0.63036000000000003,0.68510000000000004,0.80123999999999995,0.93611000000000011
2015-04-23,0.69404999999999994,0.61865999999999999,0.66930000000000001,0.78182000000000007,0.91469
2015-04-24,0.70555000000000001,0.59482999999999997,0.63500999999999996,0.73951,0.86730999999999991
2015-04-27,0.68944000000000005,0.60895999999999995,0.65061999999999998,0.75456999999999996,0.88280999999999998
2015-04-28,0.68955999999999995,0.63784999999999992,0.69947000000000004,0.82133999999999996,0.96256999999999993
2015-04-29,0.70477000000000001,0.64068999999999998,0.70508999999999999,0.83382000000000001,0.98317999999999994
2015-04-30,0.72119999999999995,0.64679999999999993,0.70979999999999999,0.83646999999999994,0.98438000000000003
2015-05-01,0.71568999999999994,0.67574000000000001,0.75525999999999993,0.89637,1.0543899999999999
2015-05-04,0.72760999999999998,0.67026000000000008,0.76008999999999993,0.91856000000000004,1.0926200000000001
2015-05-06,0.71862000000000004,0.65505000000000002,0.76502999999999999,0.95253999999999994,1.15079
2015-05-07,0.72576000000000007,0.65154000000000001,0.73624999999999996,0.89803999999999995,1.0812900000000001
2015-05-08,0.70267000000000002,0.63080999999999998,0.71204999999999996,0.86897999999999997,1.04667
2015-05-11,0.71838999999999997,0.6704199999999999,0.76626000000000005,0.93924000000000007,1.13289
2015-05-12,0.73382999999999998,0.66559000000000001,0.75443000000000005,0.92353999999999992,1.11639
2015-05-13,0.70787999999999995,0.66430999999999996,0.76102000000000003,0.93655999999999995,1.13296
2015-05-14,0.71865999999999997,0.64336000000000004,0.73502999999999996,0.90798000000000012,1.10422
2015-05-15,0.71377000000000002,0.61866999999999994,0.69669000000000003,0.85435000000000005,1.0366299999999999
2015-05-19,0.73518000000000006,0.66632999999999998,0.76283000000000001,0.93703999999999987,1.13293
2015-05-20,0.71368999999999994,0.64981999999999995,0.74114999999999998,0.91267999999999994,1.1073500000000001
2015-05-21,0.71418000000000004,0.63930999999999993,0.71983999999999992,0.8813899999999999,1.0683
2015-05-22,0.70968999999999993,0.64758000000000004,0.73353000000000002,0.90016000000000007,1.09124
2015-05-25,0.71011999999999997,0.64132,0.72853999999999997,0.89973999999999987,1.09535
2015-05-26,0.71135000000000004,0.61634999999999995,0.68839000000000006,0.84422000000000008,1.02719
2015-05-27,0.70708000000000004,0.59737999999999991,0.66417999999999999,0.81708999999999998,0.99843999999999988
2015-05-28,0.69601999999999997,0.58573999999999993,0.65046000000000004,0.80172999999999994,0.98271999999999993
2015-05-29,0.67540999999999995,0.53864999999999996,0.59402999999999995,0.74211000000000005,0.92462
2015-06-01,0.65928999999999993,0.53255999999999992,0.59701000000000004,0.75378000000000001,0.94106000000000001
2015-06-02,0.66515999999999997,0.55560999999999994,0.63249,0.80248999999999993,1.0016700000000001
2015-06-03,0.67107000000000006,0.58158999999999994,0.66903999999999997,0.84875,1.0565500000000001
2015-06-04,0.66617000000000004,0.54447999999999996,0.62361,0.79869999999999997,1.0042499999999999
2015-06-05,0.69734000000000007,0.60813000000000006,0.69591999999999998,0.87726000000000004,1.0880300000000001
2015-06-08,0.68789999999999996,0.59963999999999995,0.68351000000000006,0.86326000000000003,1.0735299999999999
2015-06-09,0.70343999999999995,0.62747999999999993,0.71828999999999998,0.90559999999999996,1.1233200000000001
2015-06-10,0.70884000000000003,0.64843000000000006,0.74451000000000001,0.93489,1.1534800000000001
2015-06-11,0.70904,0.61004000000000003,0.69474000000000002,0.87522999999999995,1.0847900000000001
2015-06-12,0.69865999999999995,0.59660000000000002,0.68015000000000003,0.86064999999999992,1.0710500000000001
2015-06-15,0.70444000000000007,0.57604999999999995,0.64849000000000001,0.82226999999999995,1.02976
2015-06-16,0.69381999999999999,0.56017000000000006,0.62719000000000003,0.79964000000000013,1.0068900000000001
2015-06-17,0.69392999999999994,0.55784,0.62487000000000004,0.79979999999999996,1.01041
2015-06-18,0.68941000000000008,0.56794999999999995,0.63781999999999994,0.81674000000000002,1.03234
2015-06-19,0.66393999999999997,0.54267999999999994,0.60860999999999998,0.78018999999999994,0.98598999999999992
2015-06-22,0.6865,0.57070999999999994,0.65322000000000002,0.84121000000000001,1.0616000000000001
2015-06-23,0.68672,0.57408000000000003,0.65881000000000001,0.84963999999999995,1.0730599999999999
2015-06-24,0.66448999999999991,0.54723999999999995,0.62484000000000006,0.80937999999999999,1.02729
2015-06-25,0.66461000000000003,0.56223999999999996,0.64773000000000003,0.83805000000000007,1.06108
2015-06-26,0.66471999999999998,0.57739999999999991,0.67181999999999997,0.87104000000000004,1.10145
2015-06-29,0.64349000000000001,0.50871,0.58077999999999996,0.76299000000000006,0.98165000000000002
2015-06-30,0.60330000000000006,0.43528000000000006,0.49661999999999995,0.67669000000000001,0.89849999999999997
2015-07-02,0.57666000000000006,0.42764999999999997,0.49462999999999996,0.68081999999999998,0.91049000000000013
2015-07-03,0.57162999999999997,0.42453999999999997,0.48919999999999997,0.66937000000000002,0.89114999999999989
2015-07-06,0.54649000000000003,0.40864999999999996,0.46046000000000004,0.62743000000000004,0.83970999999999996
2015-07-07,0.51063999999999998,0.41155999999999998,0.44920000000000004,0.59759000000000007,0.79422000000000004
2015-07-08,0.51092000000000004,0.37748999999999999,0.40860000000000002,0.55262,0.74577000000000004
2015-07-09,0.52113999999999994,0.40337999999999996,0.45080999999999999,0.60987999999999998,0.81394999999999995
2015-07-10,0.55152000000000001,0.44051999999999997,0.49990000000000001,0.67212000000000005,0.88771000000000011
2015-07-13,0.52471999999999996,0.41065000000000002,0.47355000000000003,0.65066999999999997,0.87104000000000004
2015-07-14,0.51849000000000001,0.39662999999999998,0.45056999999999997,0.62325999999999993,0.84182999999999997
2015-07-15,0.45641999999999999,0.33679000000000003,0.39511000000000002,0.56883000000000006,0.78661999999999999
2015-07-16,0.45183999999999996,0.34978999999999999,0.41006999999999999,0.58205000000000007,0.79346000000000005
2015-07-17,0.45189000000000001,0.36048999999999998,0.42069000000000006,0.59038999999999997,0.7996700000000001
2015-07-20,0.45205999999999996,0.36213999999999996,0.42820000000000003,0.60254000000000008,0.81431999999999993
2015-07-21,0.45211000000000001,0.35874,0.42014000000000001,0.59106999999999998,0.80111999999999994
2015-07-22,0.45217000000000002,0.36461000000000005,0.41986000000000001,0.58269000000000004,0.78556000000000004
2015-07-23,0.45223000000000002,0.35879,0.40413000000000004,0.55465999999999993,0.748
2015-07-24,0.45228000000000002,0.36430999999999997,0.41403000000000006,0.56356000000000006,0.75265000000000004
2015-07-27,0.45244999999999996,0.35580999999999996,0.40115999999999996,0.54479,0.7288
2015-07-28,0.45250000000000001,0.38283,0.43696000000000002,0.58511999999999997,0.77198
2015-07-29,0.45256000000000002,0.40860999999999997,0.46902000000000005,0.61577000000000004,0.79795000000000005
2015-07-30,0.44991999999999999,0.39735999999999999,0.46007000000000003,0.60711000000000004,0.78714000000000006
2015-07-31,0.41073000000000004,0.35060999999999998,0.40766999999999998,0.55079,0.72833999999999999
2015-08-04,0.39528000000000002,0.34664,0.40004000000000001,0.53993000000000002,0.71577000000000002
2015-08-05,0.43150000000000005,0.38589000000000001,0.44229999999999997,0.58155000000000001,0.75579000000000007
2015-08-06,0.43157999999999996,0.39487999999999995,0.45066000000000006,0.58531,0.75441999999999998
2015-08-07,0.43167,0.40362999999999993,0.45787,0.58630000000000004,0.74786999999999992
2015-08-10,0.43159000000000003,0.42209999999999998,0.48478999999999994,0.62056,0.78832000000000002
2015-08-11,0.44168999999999997,0.38268999999999997,0.42775000000000002,0.55097999999999991,0.71052000000000004
2015-08-12,0.43672,0.38239000000000001,0.42218000000000006,0.54332999999999998,0.70315000000000005
2015-08-13,0.44220999999999999,0.37891000000000002,0.42078999999999994,0.54457,0.70645999999999998
2015-08-14,0.43225000000000002,0.37862000000000001,0.42351000000000005,0.54657,0.70604999999999996
2015-08-17,0.43406,0.37665999999999999,0.41688000000000003,0.53444999999999998,0.68967999999999996
2015-08-18,0.42865000000000003,0.38666,0.43017999999999995,0.55046000000000006,0.70813999999999999
2015-08-19,0.43497999999999998,0.33972999999999998,0.36941999999999997,0.48012999999999995,0.63090000000000002
2015-08-20,0.40764,0.33034999999999998,0.36491000000000001,0.47533999999999998,0.62357000000000007
2015-08-21,0.40270999999999996,0.31353000000000003,0.34947,0.45839000000000002,0.60377000000000003
2015-08-24,0.36638999999999999,0.30425000000000002,0.34039000000000003,0.44514000000000004,0.58729000000000009
2015-08-25,0.37851999999999997,0.34472999999999998,0.38922000000000001,0.50126000000000004,0.64932999999999996
2015-08-26,0.39860000000000001,0.38045000000000001,0.44101000000000001,0.56920000000000004,0.73156999999999994
2015-08-27,0.38974000000000003,0.39023000000000002,0.45449000000000001,0.58367000000000002,0.74558000000000002
2015-08-28,0.40090999999999999,0.40688000000000002,0.46940000000000004,0.59385999999999994,0.74989000000000006
2015-08-31,0.41628000000000004,0.42700000000000005,0.49233000000000005,0.62224999999999997,0.78391999999999995
2015-09-01,0.41652,0.41044999999999998,0.46300999999999998,0.58362000000000003,0.73854999999999993
2015-09-02,0.41644000000000003,0.40670000000000001,0.46489000000000003,0.59455999999999998,0.75734000000000001
2015-09-03,0.41652,0.41875999999999997,0.47802,0.60794999999999999,0.77034000000000002
2015-09-04,0.42713999999999996,0.43071000000000004,0.48821999999999999,0.61326999999999998,0.76885999999999999
2015-09-08,0.44779000000000002,0.42630999999999997,0.48735999999999996,0.62317999999999996,0.79032999999999998
2015-09-09,0.46414000000000005,0.45308999999999999,0.51596999999999993,0.64705000000000001,0.80836999999999992
2015-09-10,0.46436000000000005,0.45826,0.51919000000000004,0.64733000000000007,0.80668000000000006
2015-09-11,0.46458000000000005,0.45555999999999996,0.51257000000000008,0.63680000000000003,0.79346000000000005
2015-09-14,0.46523999999999999,0.44775999999999999,0.49983,0.62110999999999994,0.77580000000000005
2015-09-15,0.48776000000000003,0.48891999999999997,0.5595,0.69869999999999999,0.86847999999999992
2015-09-16,0.48809999999999998,0.51783000000000001,0.59316000000000002,0.73207,0.90004000000000006
2015-09-17,0.47153000000000006,0.47736999999999996,0.54610999999999998,0.68113999999999997,0.84659999999999991
2015-09-18,0.47178000000000003,0.45594000000000001,0.51488,0.63832999999999995,0.79273999999999989
2015-09-21,0.51271,0.51519999999999999,0.58196000000000003,0.70996000000000004,0.86792000000000002
2015-09-22,0.48431000000000002,0.49075000000000002,0.55465999999999993,0.67723,0.82871000000000006
2015-09-23,0.49040000000000006,0.50646999999999998,0.57218999999999998,0.69382999999999995,0.84282000000000001
2015-09-24,0.48491999999999996,0.49590000000000001,0.56274999999999997,0.68494999999999995,0.83326000000000011
2015-09-25,0.49690999999999996,0.52913999999999994,0.60448999999999997,0.73435000000000006,0.88927999999999996
2015-09-28,0.50209999999999999,0.49156,0.55491999999999997,0.67422000000000004,0.81908000000000003
2015-09-29,0.50242999999999993,0.49067,0.55415999999999999,0.67283000000000004,0.81636999999999993
2015-09-30,0.50180000000000002,0.50405,0.57121999999999995,0.69548999999999994,0.84305000000000008
2015-10-01,0.49864999999999998,0.50414999999999999,0.57054000000000005,0.69134000000000007,0.83461000000000007
2015-10-02,0.48840000000000006,0.47959999999999997,0.53810999999999998,0.65332000000000001,0.79348000000000007
2015-10-05,0.48914999999999997,0.48827999999999994,0.55246999999999991,0.67393000000000003,0.82071000000000005
2015-10-06,0.49479000000000001,0.48771999999999999,0.54886000000000001,0.66807000000000005,0.81331000000000009
2015-10-07,0.48964000000000002,0.50890000000000002,0.57597000000000009,0.6986,0.84542000000000006
2015-10-08,0.49534,0.52899000000000007,0.60279000000000005,0.73080000000000001,0.88273999999999986
2015-10-09,0.49560999999999999,0.53328999999999993,0.60825000000000007,0.73791000000000007,0.89161000000000001
2015-10-13,0.49781000000000003,0.51678999999999997,0.58323000000000003,0.70167999999999997,0.84355000000000002
2015-10-14,0.49813000000000002,0.49795999999999996,0.55932999999999999,0.67302000000000006,0.80987000000000009
2015-10-15,0.49284000000000006,0.51315,0.58352999999999999,0.70618000000000003,0.85047000000000006
2015-10-16,0.49880999999999998,0.51022000000000001,0.58722999999999992,0.71723999999999999,0.86709999999999998
2015-10-19,0.49978,0.50444,0.58135999999999999,0.71379999999999999,0.86616000000000004
2015-10-20,0.50012000000000001,0.53405000000000002,0.62158999999999998,0.76366000000000001,0.92501000000000011
2015-10-21,0.50624999999999998,0.51251999999999998,0.58811999999999998,0.71739000000000008,0.86657999999999991
2015-10-22,0.50156999999999996,0.50400999999999996,0.57430000000000003,0.70240999999999998,0.85232999999999992
2015-10-23,0.50185999999999997,0.51334000000000002,0.58973999999999993,0.72608000000000006,0.88509000000000004
2015-10-26,0.50277000000000005,0.50119000000000002,0.56651000000000007,0.69040000000000001,0.83865000000000001
2015-10-27,0.49268999999999996,0.47384000000000004,0.53452,0.65703999999999996,0.80552999999999997
2015-10-28,0.49312999999999996,0.52044999999999997,0.58919999999999995,0.71452000000000004,0.86431000000000013
2015-10-29,0.50870000000000004,0.55224000000000006,0.63217000000000001,0.76851999999999998,0.92738999999999994
2015-10-30,0.51427,0.55418999999999996,0.63270999999999999,0.76712999999999998,0.92437000000000002
2015-11-02,0.51461000000000001,0.56259999999999999,0.64371999999999996,0.78203999999999996,0.94438999999999995
2015-11-03,0.52564999999999995,0.57911999999999997,0.66686000000000001,0.81156000000000006,0.97853999999999997
2015-11-04,0.52598,0.60702,0.69618000000000002,0.83762000000000003,1.00075
2015-11-05,0.52630999999999994,0.61040000000000005,0.70196999999999998,0.84550999999999998,1.01088
2015-11-06,0.53756999999999999,0.65691999999999995,0.75907999999999998,0.90944000000000003,1.079
2015-11-09,0.55538999999999994,0.65332000000000001,0.75400999999999996,0.90527999999999997,1.07704
2015-11-10,0.54971999999999999,0.63981999999999994,0.73616999999999999,0.88483000000000001,1.05535
2015-11-12,0.55054999999999998,0.62794000000000005,0.72265999999999997,0.87282000000000004,1.04589
2015-11-13,0.55094999999999994,0.59271999999999991,0.68325000000000002,0.83096999999999999,1.00146
2015-11-16,0.50697999999999999,0.59214999999999995,0.68380000000000007,0.82891999999999999,0.99653999999999998
2015-11-17,0.53317999999999999,0.60131999999999997,0.69101999999999997,0.83655000000000002,1.0052099999999999
2015-11-18,0.53495999999999999,0.61815999999999993,0.71235999999999999,0.85760000000000003,1.02233
2015-11-19,0.54180000000000006,0.59756999999999993,0.68701000000000001,0.83084000000000002,0.99536000000000002
2015-11-20,0.52687000000000006,0.59453,0.68491999999999997,0.82927999999999991,0.99434
2015-11-23,0.53794999999999993,0.60330000000000006,0.69319000000000008,0.83473999999999993,0.99603999999999993
2015-11-24,0.54344999999999999,0.60031000000000001,0.68890000000000007,0.82874999999999999,0.98965000000000003
2015-11-25,0.54337999999999997,0.61233000000000004,0.69850999999999996,0.83079000000000003,0.98305000000000009
2015-11-26,0.55415999999999999,0.60721000000000003,0.68948000000000009,0.81867000000000001,0.96813000000000005
2015-11-27,0.55399999999999994,0.61411000000000004,0.69655,0.82390999999999992,0.97111000000000003
2015-11-30,0.55481999999999998,0.61382000000000003,0.69683000000000006,0.82497999999999994,0.97348000000000001
2015-12-01,0.55366000000000004,0.58374000000000004,0.65947,0.7813199999999999,0.92286999999999997
2015-12-02,0.56426999999999994,0.60646,0.68493999999999999,0.80680000000000007,0.94765999999999995
2015-12-03,0.57533999999999996,0.64225999999999994,0.73580000000000001,0.87455999999999989,1.0306
2015-12-04,0.56420999999999999,0.61243000000000003,0.69867999999999997,0.8313600000000001,0.98270000000000002
2015-12-07,0.55465999999999993,0.58532000000000006,0.66544999999999999,0.79308000000000001,0.93933999999999995
2015-12-08,0.52354999999999996,0.55657999999999996,0.63773000000000002,0.76812000000000002,0.91841000000000006
2015-12-09,0.52481999999999995,0.52590999999999999,0.60607,0.73946000000000001,0.89329999999999998
2015-12-10,0.50246999999999997,0.52877000000000007,0.60777000000000003,0.73668999999999996,0.88641999999999987
2015-12-11,0.49120999999999998,0.47096000000000005,0.54025999999999996,0.66439999999999999,0.81214000000000008
2015-12-14,0.50412000000000001,0.49229000000000001,0.56886000000000003,0.70062000000000002,0.85613000000000006
2015-12-15,0.50838000000000005,0.50573999999999997,0.58008000000000004,0.71248,0.86996999999999991
2015-12-16,0.51992000000000005,0.53754999999999997,0.61494000000000004,0.74614000000000003,0.90100999999999998
2015-12-17,0.53159000000000001,0.51174999999999993,0.57881000000000005,0.70174000000000003,0.84855000000000003
2015-12-18,0.50644,0.48662999999999995,0.54991000000000001,0.66942999999999997,0.81378000000000006
2015-12-21,0.50668999999999997,0.47804999999999997,0.53936000000000006,0.65744999999999998,0.80073000000000005
2015-12-22,0.50676999999999994,0.50201000000000007,0.56487000000000009,0.68362999999999996,0.82726999999999995
2015-12-23,0.50183,0.48531000000000002,0.55044999999999999,0.67327000000000004,0.82007999999999992
2015-12-24,0.50191000000000008,0.47004999999999997,0.53103999999999996,0.65010000000000001,0.79299999999999993
2015-12-29,0.50053999999999998,0.48039999999999999,0.55162,0.67844000000000004,0.82568999999999992
2015-12-30,0.51130000000000009,0.46877000000000002,0.53852999999999995,0.66746000000000005,0.81837000000000004
2015-12-31,0.51130000000000009,0.46125999999999995,0.52846000000000004,0.65640000000000009,0.80697000000000008
2016-01-04,0.49569999999999997,0.44740999999999997,0.51656999999999997,0.64751000000000003,0.80170999999999992
2016-01-05,0.48114999999999997,0.43680000000000002,0.50700000000000001,0.63813000000000009,0.79142000000000001
2016-01-06,0.45719000000000004,0.39812999999999998,0.46531999999999996,0.59319999999999995,0.74341000000000002
2016-01-07,0.44096999999999997,0.39996999999999999,0.46567999999999998,0.59118999999999999,0.74012
2016-01-08,0.43531000000000003,0.40296000000000004,0.46296999999999994,0.58088000000000006,0.72281000000000006
2016-01-11,0.40870000000000006,0.37644,0.44295999999999996,0.57077999999999995,0.72271999999999992
2016-01-12,0.37775000000000003,0.33196999999999999,0.39170000000000005,0.51683999999999997,0.66794999999999993
2016-01-13,0.35465999999999998,0.29914999999999997,0.34409000000000001,0.45760999999999996,0.60290999999999995
2016-01-14,0.33038000000000001,0.30680999999999997,0.35481000000000001,0.46726000000000001,0.61026000000000002
2016-01-15,0.28998000000000002,0.27951999999999999,0.31819999999999998,0.41622999999999999,0.54579
2016-01-18,0.29976999999999998,0.30569000000000002,0.34627999999999998,0.44344,0.57189000000000001
2016-01-19,0.315,0.28356999999999999,0.32847000000000004,0.43423999999999996,0.57108999999999999
2016-01-20,0.39559,0.37607000000000002,0.41370000000000001,0.50271999999999994,0.61914999999999998
2016-01-21,0.43615999999999999,0.43369999999999997,0.47907999999999995,0.57568999999999992,0.69949000000000006
2016-01-22,0.46106000000000003,0.43858999999999998,0.4955,0.60719999999999996,0.74378
2016-01-25,0.45034999999999997,0.40553000000000006,0.45362999999999998,0.55894999999999995,0.69101000000000001
2016-01-26,0.45497000000000004,0.41752999999999996,0.46403,0.56833999999999996,0.7006
2016-01-27,0.45951999999999998,0.40384000000000003,0.44529000000000002,0.54696,0.67742999999999998
2016-01-28,0.46483999999999998,0.41298999999999997,0.45221,0.55071000000000003,0.67802000000000007
2016-01-29,0.45012999999999997,0.40109000000000006,0.43970999999999999,0.53667999999999993,0.66200999999999999
2016-02-01,0.44996000000000003,0.40188000000000001,0.43880999999999998,0.53717999999999999,0.66554000000000002
2016-02-02,0.44096999999999997,0.36077000000000004,0.38206999999999997,0.46309,0.57569999999999999
2016-02-03,0.44096999999999997,0.39032,0.41396999999999995,0.49554000000000004,0.60916999999999999
2016-02-04,0.44096999999999997,0.38030999999999998,0.4047,0.48929999999999996,0.60660999999999998
2016-02-05,0.44096999999999997,0.35793999999999998,0.37892999999999999,0.46253,0.57895000000000008
2016-02-08,0.40870000000000006,0.32630999999999999,0.33735000000000004,0.40850000000000003,0.51446000000000003
2016-02-09,0.40936,0.33968000000000004,0.35019,0.41901000000000005,0.52295000000000003
2016-02-10,0.4259,0.34033999999999998,0.33966999999999997,0.39845999999999998,0.49375000000000002
2016-02-11,0.39962000000000003,0.34414,0.34677000000000002,0.40477000000000002,0.49653999999999998
2016-02-12,0.44096999999999997,0.41871000000000003,0.43325000000000002,0.50175000000000003,0.60382999999999998
2016-02-16,0.45101000000000002,0.44181999999999999,0.46143000000000001,0.53454000000000002,0.63927999999999996
2016-02-17,0.46607999999999994,0.45970000000000005,0.48443999999999998,0.55986999999999998,0.66444000000000003
2016-02-18,0.46607999999999994,0.41727999999999998,0.43296000000000001,0.50305,0.60489999999999999
2016-02-19,0.45604,0.43185000000000001,0.45071,0.52040999999999993,0.62059999999999993
2016-02-22,0.46106000000000003,0.43632999999999994,0.45462000000000002,0.52389999999999992,0.62392000000000003
2016-02-23,0.49192000000000002,0.45641999999999999,0.47495000000000004,0.54376999999999998,0.64349999999999996
2016-02-24,0.48193000000000003,0.47395999999999999,0.49630999999999997,0.56537999999999999,0.66305999999999998
2016-02-25,0.49202999999999997,0.47095000000000004,0.48949999999999999,0.55606999999999995,0.65192000000000005
2016-02-26,0.49208999999999997,0.49659999999999999,0.52346000000000004,0.59801000000000004,0.70026999999999995
2016-02-29,0.50283,0.49614000000000003,0.52097000000000004,0.59379999999999999,0.69457000000000002
2016-03-01,0.51349999999999996,0.50879000000000008,0.5403,0.62281000000000009,0.73251999999999995
2016-03-02,0.51361999999999997,0.51846000000000003,0.54791000000000001,0.63070999999999999,0.74248999999999998
2016-03-03,0.52498999999999996,0.49508000000000002,0.52003999999999995,0.59962000000000004,0.70879999999999999
2016-03-04,0.52515000000000001,0.50670000000000004,0.53223999999999994,0.61324000000000001,0.72540000000000004
2016-03-07,0.52564999999999995,0.51815999999999995,0.54876999999999998,0.6341,0.74989000000000006
2016-03-08,0.51837,0.48421999999999998,0.50075000000000003,0.57262999999999997,0.67612000000000005
2016-03-09,0.51992000000000005,0.51178999999999997,0.53880000000000006,0.62234,0.73726999999999998
2016-03-10,0.52505999999999997,0.54479999999999995,0.57781000000000005,0.66410999999999998,0.77987000000000006
2016-03-11,0.52665000000000006,0.56284000000000001,0.60814999999999997,0.70768999999999993,0.83359000000000005
2016-03-14,0.54228999999999994,0.56093999999999999,0.60197000000000001,0.69803999999999999,0.82225999999999999
2016-03-15,0.54244999999999999,0.55876000000000003,0.59871000000000008,0.69170999999999994,0.81174000000000002
2016-03-16,0.53739999999999999,0.52950999999999993,0.56145999999999996,0.65066999999999997,0.77089999999999992
2016-03-17,0.51698999999999995,0.51479999999999992,0.54720000000000002,0.63595999999999997,0.75519999999999998
2016-03-18,0.51707000000000003,0.52200000000000002,0.55152999999999996,0.63531000000000004,0.75039
2016-03-21,0.52803,0.54176000000000002,0.57273999999999992,0.65545000000000009,0.76863999999999999
2016-03-22,0.55437999999999998,0.55003999999999997,0.57910000000000006,0.66283000000000003,0.77793000000000001
2016-03-23,0.55459999999999998,0.54959000000000002,0.57781000000000005,0.64963000000000004,0.74863000000000002
2016-03-24,0.54476000000000002,0.55227000000000004,0.58487,0.66137000000000001,0.76534000000000002
2016-03-28,0.54615999999999998,0.55169999999999997,0.58031999999999995,0.65200999999999998,0.75236000000000003
2016-03-29,0.53635999999999995,0.50492000000000004,0.52376999999999996,0.58681000000000005,0.68002999999999991
2016-03-30,0.53661000000000003,0.52018000000000009,0.54344000000000003,0.61180000000000001,0.71118999999999999
2016-03-31,0.54812000000000005,0.52890000000000004,0.55188999999999999,0.62143000000000004,0.72202999999999995
2016-04-01,0.55912000000000006,0.53288000000000002,0.56115999999999999,0.63766,0.74316000000000004
2016-04-04,0.56011,0.53524000000000005,0.56535999999999997,0.64034000000000002,0.74253000000000002
2016-04-05,0.54740999999999995,0.50949999999999995,0.53244000000000002,0.59915999999999991,0.69334000000000007
2016-04-06,0.53998000000000002,0.53036000000000005,0.56159999999999999,0.6361,0.73588000000000009
2016-04-07,0.53664999999999996,0.51646999999999998,0.53816999999999993,0.60289999999999999,0.69572000000000001
2016-04-08,0.55201,0.55330000000000001,0.58485999999999994,0.65834999999999999,0.75834999999999997
2016-04-11,0.55262,0.54710000000000003,0.57916000000000001,0.65611999999999993,0.76071999999999995
2016-04-12,0.55803000000000003,0.57066000000000006,0.61434999999999995,0.70043999999999995,0.81054999999999999
2016-04-13,0.56311,0.55998000000000003,0.59606000000000003,0.67430000000000001,0.77726999999999991
2016-04-14,0.57339000000000007,0.58616999999999997,0.63122999999999996,0.71548999999999996,0.82252999999999998
2016-04-15,0.57360999999999995,0.57899999999999996,0.61640000000000006,0.69374000000000002,0.79617000000000004
2016-04-18,0.57394000000000001,0.58738000000000001,0.62830999999999992,0.70997999999999994,0.81767999999999996
2016-04-19,0.60394999999999999,0.60260000000000002,0.64415999999999995,0.72799000000000003,0.83791000000000004
2016-04-20,0.60411999999999999,0.61038000000000003,0.65212999999999999,0.73540000000000005,0.84413000000000005
2016-04-21,0.59421999999999997,0.62335000000000007,0.66849999999999998,0.75393999999999994,0.86516000000000004
2016-04-22,0.59438999999999997,0.66503999999999996,0.7218,0.81411,0.92859000000000003
2016-04-25,0.61604999999999999,0.68552999999999997,0.74697000000000002,0.84413000000000005,0.96228000000000002
2016-04-26,0.61516999999999999,0.68752000000000002,0.75294000000000005,0.85492000000000001,0.97693999999999992
2016-04-27,0.59406000000000003,0.66490000000000005,0.72194000000000003,0.81451000000000007,0.92891000000000001
2016-04-28,0.59416999999999998,0.65773999999999999,0.70450000000000002,0.78808999999999996,0.89674000000000009
2016-04-29,0.61063000000000001,0.66600000000000004,0.71421999999999997,0.80110999999999999,0.91381000000000001
2016-05-02,0.63412000000000002,0.66597000000000006,0.71233999999999997,0.80367000000000011,0.92233999999999994
2016-05-03,0.61336000000000002,0.62290000000000001,0.66087000000000007,0.74626999999999999,0.85977999999999988
2016-05-04,0.58510000000000006,0.56296999999999997,0.60104999999999997,0.68845000000000001,0.80277999999999994
2016-05-05,0.58186000000000004,0.55442999999999998,0.58816000000000002,0.66753000000000007,0.77307000000000003
2016-05-06,0.57184999999999997,0.54270000000000007,0.58081000000000005,0.66255999999999993,0.76851000000000003
2016-05-09,0.54228999999999994,0.51590999999999998,0.54888000000000003,0.62590999999999997,0.72987999999999997
2016-05-10,0.53222999999999998,0.51400000000000001,0.54598000000000002,0.62080000000000002,0.72333000000000003
2016-05-11,0.53739999999999999,0.52509000000000006,0.55563000000000007,0.62553000000000003,0.72227000000000008
2016-05-12,0.56245000000000001,0.55491000000000001,0.58649000000000007,0.65529999999999999,0.74980000000000002
2016-05-13,0.56257000000000001,0.54270000000000007,0.56889000000000001,0.63090000000000002,0.71826999999999996
2016-05-16,0.56289,0.55417000000000005,0.58221000000000001,0.64799000000000007,0.74072000000000005
2016-05-17,0.58275999999999994,0.56640000000000001,0.59458999999999995,0.65938000000000008,0.74967000000000006
2016-05-18,0.59908000000000006,0.62634000000000001,0.66083000000000003,0.72597,0.81512000000000007
2016-05-19,0.60511000000000004,0.61458000000000002,0.64453000000000005,0.70520000000000005,0.7912300000000001
2016-05-20,0.60533000000000003,0.61760999999999999,0.64730999999999994,0.70679000000000003,0.79216000000000009
2016-05-24,0.60619999999999996,0.62281999999999993,0.65760999999999992,0.72194000000000003,0.81084999999999996
2016-05-25,0.60140000000000005,0.62814999999999999,0.6704199999999999,0.74047999999999992,0.83228000000000002
2016-05-26,0.60162000000000004,0.61146,0.65000000000000002,0.71245999999999998,0.79343999999999992
2016-05-27,0.60185,0.64561999999999997,0.68218000000000001,0.73951,0.81829999999999992
2016-05-30,0.61399000000000004,0.64989999999999992,0.68664999999999998,0.74390000000000001,0.82175000000000009
2016-05-31,0.61330000000000007,0.61136999999999997,0.63768999999999998,0.69163999999999992,0.77007000000000003
2016-06-01,0.59512999999999994,0.58596999999999999,0.61412999999999995,0.67308999999999997,0.75579999999999992
2016-06-02,0.55446000000000006,0.56420999999999999,0.59126000000000001,0.64447999999999994,0.72045999999999999
2016-06-03,0.52687000000000006,0.50664000000000009,0.52636000000000005,0.57495999999999992,0.6482
2016-06-06,0.53627999999999998,0.54708999999999997,0.56804999999999994,0.61658000000000002,0.69276000000000004
2016-06-07,0.54781999999999997,0.52462999999999993,0.54849999999999999,0.60194999999999999,0.67977999999999994
2016-06-08,0.53415999999999997,0.51978999999999997,0.54252,0.59238000000000002,0.66604000000000008
2016-06-09,0.52564999999999995,0.51532,0.54339000000000004,0.59370999999999996,0.66280000000000006
2016-06-10,0.52717000000000003,0.49519999999999997,0.51490999999999998,0.55674000000000001,0.61774000000000007
2016-06-13,0.53720000000000001,0.49110999999999999,0.50543000000000005,0.54444000000000004,0.60587000000000002
2016-06-14,0.51781999999999995,0.49952000000000002,0.51668000000000003,0.55530999999999997,0.61534
2016-06-15,0.52053000000000005,0.48371000000000003,0.49198999999999998,0.52332000000000001,0.57895000000000008
2016-06-16,0.50627,0.51205000000000001,0.52703999999999995,0.55989,0.61460999999999999
2016-06-17,0.52268000000000003,0.51904000000000006,0.53648000000000007,0.57206000000000001,0.62878000000000001
2016-06-20,0.54406999999999994,0.57550000000000001,0.59930000000000005,0.63956999999999997,0.70108000000000004
2016-06-21,0.55425999999999997,0.59933999999999998,0.63179000000000007,0.67889999999999995,0.74432999999999994
2016-06-22,0.55886000000000002,0.59408000000000005,0.62988999999999995,0.67801,0.73975000000000002
2016-06-23,0.56962999999999997,0.62097000000000002,0.66556000000000004,0.72192000000000001,0.79182999999999992
2016-06-24,0.51130000000000009,0.54234000000000004,0.57822000000000007,0.62421000000000004,0.68345
2016-06-27,0.50124999999999997,0.48494000000000004,0.50915999999999995,0.54844000000000004,0.60243000000000002
2016-06-28,0.51344999999999996,0.48910000000000003,0.51451999999999998,0.55576000000000003,0.60999000000000003
2016-06-29,0.51992000000000005,0.53678000000000003,0.56491000000000002,0.60541999999999996,0.65897000000000006
2016-06-30,0.52134999999999998,0.51123000000000007,0.52947999999999995,0.56174999999999997,0.60833000000000004
2016-07-04,0.52102999999999999,0.50746000000000002,0.52734999999999999,0.55801999999999996,0.60099999999999998
2016-07-05,0.51047999999999993,0.48169000000000001,0.50318000000000007,0.53400000000000003,0.57386000000000004
2016-07-06,0.49979999999999997,0.47191000000000005,0.49490999999999996,0.52891999999999995,0.56965999999999994
2016-07-07,0.49945000000000001,0.46028999999999998,0.48087000000000002,0.51583000000000001,0.56011
2016-07-08,0.49906999999999996,0.45523999999999998,0.47539000000000003,0.50860000000000005,0.55005999999999999
2016-07-11,0.50124999999999997,0.46151999999999999,0.48376000000000002,0.51898,0.56305000000000005
2016-07-12,0.51704000000000006,0.49059999999999998,0.52436000000000005,0.57286999999999999,0.62831999999999999
2016-07-13,0.51207000000000003,0.48274,0.50609999999999999,0.54384999999999994,0.59055000000000002
2016-07-14,0.51212999999999997,0.52178000000000002,0.55366000000000004,0.59667999999999999,0.64527000000000001
2016-07-15,0.55415999999999999,0.56762999999999997,0.60448999999999997,0.65312000000000003,0.70804999999999996
2016-07-18,0.56020999999999999,0.56057999999999997,0.58674000000000004,0.62792999999999999,0.68034000000000006
2016-07-19,0.55481000000000003,0.55308999999999997,0.57545000000000002,0.61409000000000002,0.66397000000000006
2016-07-20,0.57567000000000002,0.58365,0.61320000000000008,0.65753000000000006,0.71087
2016-07-21,0.57586999999999999,0.54735,0.57438999999999996,0.62379999999999991,0.68253999999999992
2016-07-22,0.55405000000000004,0.53908,0.56552000000000002,0.61466999999999994,0.67375000000000007
2016-07-25,0.56515000000000004,0.55047999999999997,0.57844000000000007,0.62678,0.68420999999999998
2016-07-26,0.57837000000000005,0.56796000000000002,0.59723999999999999,0.64636000000000005,0.70362999999999998
2016-07-27,0.58008999999999999,0.55312000000000006,0.58205000000000007,0.62805,0.67844000000000004
2016-07-28,0.58682000000000001,0.55992999999999993,0.59147000000000005,0.63646000000000003,0.68364000000000003
2016-07-29,0.57184999999999997,0.51915,0.54159999999999997,0.58389000000000002,0.63270000000000004
2016-08-02,0.58267999999999998,0.53036000000000005,0.55842000000000003,0.60929,0.66681999999999997
2016-08-03,0.58284000000000002,0.53527000000000002,0.56713999999999998,0.62474000000000007,0.69001000000000001
2016-08-04,0.57317000000000007,0.51722000000000001,0.54171999999999998,0.59148999999999996,0.64973999999999998
2016-08-05,0.54220999999999997,0.49404000000000003,0.52160000000000006,0.57904999999999995,0.64656000000000002
2016-08-08,0.53207000000000004,0.48185,0.50999000000000005,0.56766000000000005,0.63544999999999996
2016-08-09,0.52637999999999996,0.47683999999999999,0.50058999999999998,0.54951000000000005,0.60640000000000005
2016-08-10,0.52135999999999993,0.48285999999999996,0.50422,0.54905999999999999,0.60194000000000003
2016-08-11,0.53222999999999998,0.51405000000000001,0.54158000000000006,0.59028999999999998,0.64632999999999996
2016-08-12,0.52681999999999995,0.50165000000000004,0.52729999999999999,0.57494000000000001,0.62918999999999992
2016-08-15,0.53244999999999998,0.52227999999999997,0.55037999999999998,0.60003000000000006,0.65713999999999995
2016-08-16,0.56487999999999994,0.53943000000000008,0.56632000000000005,0.61648000000000003,0.67521999999999993
2016-08-17,0.57064000000000004,0.55327999999999999,0.57727000000000006,0.62265000000000004,0.67703999999999998
2016-08-18,0.55393999999999999,0.55432999999999999,0.57262999999999997,0.61066999999999994,0.66004999999999991
2016-08-19,0.55405000000000004,0.55064000000000002,0.57372999999999996,0.62053999999999998,0.67952000000000001
2016-08-22,0.55439000000000005,0.53403,0.55024999999999991,0.58887,0.64057000000000008
2016-08-23,0.55335999999999996,0.53649999999999998,0.55421999999999993,0.59304000000000001,0.64366999999999996
2016-08-24,0.56001999999999996,0.55103000000000002,0.56977,0.60745000000000005,0.65632000000000001
2016-08-25,0.56169999999999998,0.56604999999999994,0.58918000000000004,0.63085000000000002,0.68271000000000004
2016-08-26,0.56185000000000007,0.57926,0.61202000000000001,0.66090000000000004,0.71630000000000005
2016-08-29,0.56728999999999996,0.57040999999999997,0.59148000000000001,0.62706000000000006,0.67132000000000003
2016-08-30,0.56223000000000001,0.57067999999999997,0.59379999999999999,0.62918000000000007,0.67133999999999994
2016-08-31,0.57277999999999996,0.56301999999999996,0.58030999999999999,0.61443999999999999,0.65949000000000002
2016-09-01,0.57295000000000007,0.54715999999999998,0.56208999999999998,0.59636999999999996,0.64270000000000005
2016-09-02,0.56784000000000001,0.57590000000000008,0.59382000000000001,0.63131000000000004,0.68335999999999997
2016-09-06,0.57916000000000001,0.56182999999999994,0.57440999999999998,0.6079,0.65664
2016-09-07,0.55847000000000002,0.53277000000000008,0.54227000000000003,0.57390999999999992,0.62230999999999992
2016-09-08,0.55859999999999999,0.56162000000000001,0.58157000000000003,0.62539,0.68598999999999999
2016-09-09,0.56465999999999994,0.57167000000000001,0.59616000000000002,0.64815999999999996,0.71892
2016-09-12,0.56523999999999996,0.57382999999999995,0.60082999999999998,0.65407999999999999,0.72417999999999993
2016-09-13,0.58216000000000001,0.58943000000000001,0.62699000000000005,0.69308000000000003,0.77479999999999993
2016-09-14,0.57567000000000002,0.57121999999999995,0.60374000000000005,0.66559000000000001,0.74309000000000003
2016-09-15,0.57586999999999999,0.56535999999999997,0.59461999999999993,0.65776000000000001,0.73949999999999994
2016-09-16,0.57606000000000002,0.57069000000000003,0.60377000000000003,0.66837000000000002,0.74917999999999996
2016-09-19,0.57016999999999995,0.57196999999999998,0.60519000000000001,0.66873000000000005,0.74790999999999996
2016-09-20,0.57328000000000001,0.56328,0.59319,0.65281,0.72838000000000003
2016-09-21,0.58008999999999999,0.56528999999999996,0.59655999999999998,0.65569,0.72841
2016-09-22,0.57179000000000002,0.56128,0.58704999999999996,0.63661999999999996,0.69962999999999997
2016-09-23,0.54664999999999997,0.51329000000000002,0.53321999999999992,0.57830000000000004,0.63722000000000001
2016-09-26,0.53141000000000005,0.48753000000000002,0.50102999999999998,0.54086999999999996,0.59506999999999999
2016-09-27,0.52637999999999996,0.48171000000000003,0.49735999999999997,0.53692999999999991,0.58802999999999994
2016-09-28,0.53179999999999994,0.49995999999999996,0.51400999999999997,0.54984999999999995,0.59872999999999998
2016-09-29,0.53163000000000005,0.47692000000000001,0.49175000000000002,0.53034000000000003,0.57923000000000002
2016-09-30,0.53190000000000004,0.50209000000000004,0.52610000000000001,0.57218999999999998,0.62714999999999999
2016-10-03,0.54278000000000004,0.51710999999999996,0.53895000000000004,0.58191999999999999,0.63490999999999997
2016-10-04,0.55402000000000007,0.53470000000000006,0.56111,0.61108000000000007,0.67137000000000002
2016-10-05,0.56503999999999999,0.56141000000000008,0.59129999999999994,0.64344000000000001,0.70542000000000005
2016-10-06,0.57616999999999996,0.56345000000000001,0.59965000000000002,0.66226999999999991,0.73482000000000003
2016-10-07,0.58742000000000005,0.57477999999999996,0.61031000000000002,0.67184999999999995,0.74504999999999999
2016-10-11,0.58718999999999999,0.58362000000000003,0.62668000000000001,0.69545000000000001,0.77395999999999998
2016-10-12,0.58747000000000005,0.58979999999999999,0.63163999999999998,0.69928999999999997,0.77777000000000007
2016-10-13,0.58774999999999999,0.58474000000000004,0.62026000000000003,0.68091000000000002,0.75485000000000002
2016-10-14,0.58801000000000003,0.60784000000000005,0.64727000000000001,0.71367999999999998,0.79698000000000013
2016-10-17,0.58238000000000001,0.59173999999999993,0.62499000000000005,0.68581999999999999,0.76528000000000007
2016-10-18,0.58260999999999996,0.58660000000000001,0.61719000000000002,0.67501999999999995,0.75171999999999994
2016-10-19,0.55849000000000004,0.55915000000000004,0.58911999999999998,0.64973999999999998,0.73118000000000005
2016-10-20,0.54157,0.54431000000000007,0.56830999999999998,0.62392000000000003,0.70272000000000001
2016-10-21,0.52146000000000003,0.51009000000000004,0.53508,0.59045000000000003,0.66645999999999994
2016-10-24,0.52666000000000002,0.52068000000000003,0.54618,0.60275000000000001,0.68069999999999997
2016-10-25,0.53190000000000004,0.53521999999999992,0.55668000000000006,0.60660999999999998,0.67896000000000001
2016-10-26,0.53720000000000001,0.55061000000000004,0.57521999999999995,0.62722999999999995,0.70007000000000008
2016-10-27,0.56376999999999999,0.57454000000000005,0.60536000000000001,0.66718999999999995,0.75175999999999998
2016-10-28,0.55325000000000002,0.56149000000000004,0.59126999999999996,0.65447999999999995,0.74145000000000005
2016-10-31,0.54344000000000003,0.54513,0.57306999999999997,0.63420999999999994,0.71923999999999999
2016-11-01,0.54898999999999998,0.54842000000000002,0.57870999999999995,0.64280999999999999,0.72972000000000004
2016-11-02,0.53991,0.53832999999999998,0.56690000000000007,0.62761999999999996,0.71146999999999994
2016-11-03,0.53470999999999991,0.54352,0.57369999999999999,0.63680000000000003,0.72345999999999999
2016-11-04,0.52444000000000002,0.51700000000000002,0.54723999999999995,0.61019999999999996,0.69357999999999997
2016-11-07,0.53664000000000001,0.54864000000000002,0.58545000000000003,0.65429000000000004,0.74453999999999998
2016-11-08,0.54752000000000001,0.57796000000000003,0.62048999999999999,0.69427000000000005,0.78966999999999998
2016-11-09,0.56967000000000001,0.58889999999999998,0.65101999999999993,0.74717,0.86119000000000001
2016-11-10,0.58011000000000001,0.62302000000000002,0.69445000000000001,0.79676000000000002,0.91417000000000004
2016-11-14,0.59601999999999999,0.66131000000000006,0.74802000000000002,0.86744999999999994,1.00017
2016-11-15,0.58823000000000003,0.66332999999999998,0.75197999999999998,0.87126999999999999,1.0031600000000001
2016-11-16,0.58510000000000006,0.66049999999999998,0.74980000000000002,0.86505999999999994,0.98857000000000006
2016-11-17,0.57706000000000002,0.67273000000000005,0.77139000000000002,0.89367000000000008,1.0241800000000001
2016-11-18,0.57714999999999994,0.66842999999999997,0.76978999999999997,0.89702999999999999,1.03138
2016-11-21,0.57789000000000001,0.67376999999999998,0.77829999999999999,0.90656999999999999,1.0401899999999999
2016-11-22,0.56759000000000004,0.65585000000000004,0.75728000000000006,0.88249,1.0135999999999998
2016-11-23,0.57298000000000004,0.67597000000000007,0.7817599999999999,0.90630999999999995,1.03477
2016-11-24,0.57317000000000007,0.68691000000000002,0.79749999999999999,0.92566999999999999,1.0576999999999999
2016-11-25,0.57335999999999998,0.67579,0.78788000000000002,0.91725999999999996,1.0488600000000001
2016-11-28,0.57394000000000001,0.66296999999999995,0.76583000000000001,0.88693,1.0122300000000002
2016-11-29,0.58922000000000008,0.68057999999999996,0.77817999999999998,0.89251999999999998,1.01301
2016-11-30,0.59482999999999997,0.70352999999999999,0.81057000000000001,0.93659999999999988,1.06887
2016-12-01,0.61138000000000003,0.75644999999999996,0.86665999999999999,0.99547000000000008,1.13273
2016-12-02,0.61716000000000004,0.74358999999999997,0.84522999999999993,0.96579000000000004,1.09735
2016-12-05,0.61312,0.74643999999999999,0.85114999999999996,0.97214,1.10229
2016-12-06,0.60228000000000004,0.72842000000000007,0.83370000000000011,0.95928000000000002,1.09551
2016-12-07,0.59308000000000005,0.70809,0.81264000000000003,0.93576999999999999,1.0682199999999999
2016-12-08,0.59901000000000004,0.72575000000000001,0.83461000000000007,0.96345999999999998,1.1029199999999999
2016-12-09,0.60501000000000005,0.74583999999999995,0.8702700000000001,1.01403,1.1651399999999998
2016-12-12,0.60968,0.76332,0.89269999999999994,1.0394399999999999,1.19163
2016-12-13,0.61648999999999998,0.77777000000000007,0.90747999999999995,1.0499100000000001,1.19818
2016-12-14,0.61105999999999994,0.81242999999999987,0.95268999999999993,1.0976700000000001,1.24404
2016-12-15,0.63550000000000006,0.83113999999999999,0.98816000000000004,1.1451199999999999,1.2976100000000002
2016-12-16,0.64183000000000001,0.83674000000000004,0.99419000000000002,1.14836,1.29657
2016-12-19,0.63736999999999999,0.81273000000000006,0.96421999999999997,1.1145,1.2588699999999999
2016-12-20,0.63784000000000007,0.84138999999999997,0.99282999999999988,1.1400999999999999,1.2828999999999999
2016-12-21,0.64334000000000002,0.84674999999999989,1.00092,1.1488399999999999,1.2904499999999999
2016-12-22,0.64983999999999997,0.84496999999999989,1.00804,1.1638300000000001,1.3085199999999999
2016-12-23,0.65032999999999996,0.80967999999999996,0.97523000000000004,1.1370899999999999,1.28586
2016-12-28,0.65326000000000006,0.79164000000000001,0.94514000000000009,1.0960700000000001,1.2347999999999999
2016-12-29,0.64824000000000004,0.77712999999999999,0.92333999999999994,1.0703400000000001,1.20974
2016-12-30,0.64319000000000004,0.76153000000000004,0.90597000000000005,1.05335,1.1946399999999999
2017-01-03,0.64976,0.78107000000000004,0.93002999999999991,1.0794299999999999,1.2216199999999999
2017-01-04,0.63117000000000001,0.77159999999999995,0.91535999999999995,1.0583899999999999,1.1960500000000001
2017-01-05,0.61653000000000002,0.73834,0.87711000000000006,1.0181100000000001,1.1549
2017-01-06,0.64466000000000001,0.77654999999999996,0.92130999999999996,1.0670600000000001,1.2077800000000001
2017-01-09,0.64488000000000001,0.76429999999999998,0.90586,1.0483900000000002,1.1844699999999999
2017-01-10,0.6381,0.76674000000000009,0.90202000000000004,1.0391699999999999,1.17319
2017-01-11,0.63024999999999998,0.76700000000000002,0.90343000000000007,1.0396399999999999,1.1714199999999999
2017-01-12,0.61229999999999996,0.76522999999999997,0.89896999999999994,1.02979,1.1567100000000001
2017-01-13,0.61777000000000004,0.78688999999999998,0.93282999999999994,1.0733899999999998,1.20679
2017-01-16,0.63446999999999998,0.7841499999999999,0.92362,1.0582499999999999,1.18685
2017-01-17,0.62456999999999996,0.76785999999999999,0.90532000000000012,1.03918,1.1672099999999999
2017-01-18,0.61513999999999991,0.75705,0.90500000000000003,1.04939,1.1856500000000001
2017-01-19,0.62612000000000001,0.78362999999999994,0.93916999999999995,1.08775,1.2277199999999999
2017-01-20,0.61607999999999996,0.76674999999999993,0.91971000000000003,1.0677700000000001,1.2087000000000001
2017-01-23,0.61212999999999995,0.74720000000000009,0.88590999999999998,1.0208200000000001,1.15198
2017-01-24,0.61795,0.78551000000000004,0.92913000000000001,1.0662799999999999,1.2017599999999999
2017-01-25,0.61919000000000002,0.81442000000000003,0.97102999999999995,1.1189100000000001,1.2627899999999999
2017-01-26,0.61970999999999998,0.81074000000000002,0.96518999999999999,1.1108,1.2530599999999998
2017-01-27,0.62024000000000001,0.79976000000000003,0.94835000000000003,1.0884,1.2255400000000001
2017-01-30,0.62180999999999997,0.78540999999999994,0.94147000000000003,1.08908,1.23047
2017-01-31,0.61170999999999998,0.76059999999999994,0.91050999999999993,1.0557000000000001,1.1973799999999999
2017-02-01,0.61336999999999997,0.76674000000000009,0.91352,1.05786,1.20184
2017-02-02,0.60949999999999993,0.76905000000000001,0.91727000000000003,1.0608,1.2032700000000001
2017-02-03,0.60945000000000005,0.77371999999999996,0.91783000000000003,1.0589500000000001,1.20214
2017-02-06,0.60534999999999994,0.73748000000000002,0.87822,1.01698,1.1553100000000001
2017-02-07,0.60304000000000002,0.73953999999999998,0.87792999999999999,1.01203,1.1454900000000001
2017-02-08,0.60014999999999996,0.72689000000000004,0.85310000000000008,0.97294999999999998,1.0948100000000001
2017-02-09,0.59728000000000003,0.75341000000000002,0.89119000000000004,1.0201200000000001,1.1475000000000002
2017-02-10,0.59777000000000002,0.77339000000000002,0.91420000000000012,1.04318,1.1695
2017-02-13,0.60455999999999999,0.78983999999999999,0.93393000000000004,1.0665100000000001,1.19682
2017-02-14,0.60494000000000003,0.8023499999999999,0.95663999999999993,1.09781,1.2333800000000001
2017-02-15,0.60508000000000006,0.81959000000000004,0.97535000000000005,1.1156299999999999,1.2503599999999999
2017-02-16,0.59504999999999997,0.80110999999999999,0.95081000000000004,1.0857399999999999,1.21516
2017-02-17,0.59545999999999999,0.78142999999999996,0.93320999999999998,1.0678399999999999,1.1933199999999999
2017-02-21,0.61291999999999991,0.79298000000000002,0.93976000000000004,1.0709899999999999,1.19689
2017-02-22,0.60333000000000003,0.79080000000000006,0.93676000000000004,1.0661099999999999,1.1896500000000001
2017-02-23,0.59835000000000005,0.77202000000000004,0.91535,1.0423899999999999,1.1625099999999999
2017-02-24,0.59879000000000004,0.75056999999999996,0.88514999999999999,1.0038,1.1156299999999999
2017-02-27,0.59959999999999991,0.76217999999999997,0.89946999999999999,1.0246299999999999,1.1445099999999999
2017-02-28,0.60613000000000006,0.74190999999999996,0.87328000000000006,0.99783000000000011,1.1192600000000001
2017-03-01,0.61724999999999997,0.75582000000000005,0.89995000000000003,1.0380500000000001,1.1700699999999999
2017-03-02,0.62338000000000005,0.77770000000000006,0.92352999999999996,1.0592300000000001,1.1878599999999999
2017-03-03,0.62389000000000006,0.76553000000000004,0.91278999999999999,1.0533999999999999,1.18692
2017-03-06,0.63122,0.76500000000000001,0.90981000000000001,1.0470600000000001,1.17866
2017-03-07,0.63299000000000005,0.8014,0.94716,1.07968,1.20814
2017-03-08,0.64029000000000003,0.82296000000000002,0.97523000000000004,1.11581,1.2508900000000001
2017-03-09,0.63755000000000006,0.83072999999999997,0.98803999999999992,1.1340899999999998,1.27434
2017-03-10,0.64824000000000004,0.8452400000000001,1.0037100000000001,1.15029,1.2904599999999999
2017-03-13,0.65515000000000001,0.87443999999999988,1.03712,1.18875,1.33568
2017-03-14,0.65039000000000002,0.85729,1.0164899999999999,1.1656500000000001,1.3097400000000001
2017-03-15,0.64029999999999998,0.81291000000000002,0.96094000000000002,1.1039399999999999,1.24458
2017-03-16,0.64624000000000004,0.82457000000000003,0.97731999999999997,1.1267199999999999,1.27356
2017-03-17,0.64701999999999993,0.81376999999999999,0.95960999999999996,1.1012200000000001,1.24221
2017-03-20,0.63761000000000001,0.8067899999999999,0.94798999999999989,1.08379,1.21905
2017-03-21,0.64275000000000004,0.80277000000000009,0.94467999999999996,1.07877,1.2095399999999998
2017-03-22,0.63778000000000001,0.78341000000000005,0.92531000000000008,1.0598700000000001,1.18954
2017-03-23,0.63356000000000001,0.77732000000000001,0.92361000000000004,1.06179,1.1926099999999999
2017-03-24,0.63401000000000007,0.75829000000000002,0.89639999999999997,1.0276800000000001,1.15255
2017-03-27,0.62976999999999994,0.73992999999999998,0.87156,0.99979000000000007,1.1238900000000001
2017-03-28,0.63522000000000001,0.74885999999999997,0.88105999999999995,1.0110299999999999,1.1371
2017-03-29,0.64124000000000003,0.73394000000000004,0.85942999999999992,0.98492999999999997,1.1078700000000001
2017-03-30,0.64168000000000003,0.75215999999999994,0.88278999999999996,1.01258,1.1392899999999999
2017-03-31,0.66352,0.76219999999999999,0.89557000000000009,1.0257399999999999,1.15072
2017-04-03,0.66500999999999999,0.74365000000000003,0.86904999999999999,0.99158000000000002,1.10999
2017-04-04,0.64818999999999993,0.74457000000000007,0.8692399999999999,0.99179000000000006,1.1097299999999999
2017-04-05,0.65032000000000001,0.72721000000000002,0.84931000000000001,0.9726999999999999,1.0914999999999999
2017-04-06,0.64561999999999997,0.73108000000000006,0.85498999999999992,0.97748000000000002,1.09345
2017-04-07,0.64774999999999994,0.76746000000000003,0.89983000000000013,1.0241500000000001,1.1396299999999999
2017-04-10,0.65390999999999999,0.76854,0.9043199999999999,1.0303599999999999,1.1460299999999999
2017-04-11,0.6593,0.73675999999999997,0.86970000000000003,0.99509999999999998,1.1080400000000001
2017-04-12,0.66508,0.74029999999999996,0.86241000000000012,0.97914000000000001,1.0870299999999999
2017-04-13,0.66571000000000002,0.73814999999999997,0.85462000000000005,0.96477000000000002,1.06752
2017-04-17,0.65673999999999999,0.74131000000000002,0.8587300000000001,0.96962999999999999,1.0746100000000001
2017-04-18,0.64024999999999999,0.70501000000000003,0.81022000000000005,0.91138999999999992,1.00871
2017-04-19,0.65210000000000001,0.71421999999999997,0.82339000000000007,0.93069999999999997,1.0327500000000001
2017-04-20,0.64700000000000002,0.72630000000000006,0.84230999999999989,0.95406000000000002,1.0585100000000001
2017-04-21,0.64778000000000002,0.70406000000000002,0.81758000000000008,0.93025999999999998,1.0360400000000001
2017-04-24,0.65996999999999995,0.72582999999999998,0.84337000000000006,0.95767999999999998,1.06351
2017-04-25,0.65478999999999998,0.74796000000000007,0.87115999999999993,0.98992999999999998,1.0996699999999999
2017-04-26,0.66137000000000001,0.72611000000000003,0.84614000000000011,0.96176000000000006,1.0664899999999999
2017-04-27,0.65617000000000003,0.72260000000000002,0.84279000000000004,0.9569700000000001,1.0596700000000001
2017-04-28,0.65093000000000001,0.70174999999999998,0.81860000000000011,0.93095000000000006,1.0319099999999999
2017-05-01,0.65351000000000004,0.70516000000000001,0.82468000000000008,0.94272,1.05145
2017-05-02,0.63383,0.65981000000000001,0.77638000000000007,0.89184999999999992,0.99580000000000002
2017-05-03,0.61520000000000008,0.68493999999999999,0.80686000000000002,0.92184999999999995,1.0231399999999999
2017-05-04,0.62736999999999998,0.6724,0.80052999999999996,0.92025999999999997,1.0225
2017-05-05,0.61253000000000002,0.67095000000000005,0.79644999999999988,0.91581000000000001,1.0206700000000002
2017-05-08,0.60861999999999994,0.68791000000000002,0.81540000000000001,0.9380400000000001,1.0476700000000001
2017-05-09,0.62960000000000005,0.71168999999999993,0.84267000000000003,0.96632000000000007,1.0765099999999999
2017-05-10,0.62443000000000004,0.71009999999999995,0.84506999999999999,0.97485999999999995,1.0910299999999999
2017-05-11,0.62480000000000002,0.70196999999999998,0.82847000000000004,0.95000999999999991,1.0606499999999999
2017-05-12,0.60428000000000004,0.67442000000000002,0.80108000000000001,0.92371999999999987,1.03308
2017-05-15,0.61047000000000007,0.68682999999999994,0.81703000000000003,0.94227000000000005,1.05433
2017-05-16,0.62119000000000002,0.69447999999999999,0.81721999999999995,0.93624999999999992,1.0439099999999999
2017-05-17,0.60527999999999993,0.65513999999999994,0.75626000000000004,0.85264999999999991,0.94298000000000004
2017-05-18,0.61138000000000003,0.66839000000000004,0.77181999999999995,0.86561999999999995,0.95075999999999994
2017-05-19,0.61804000000000003,0.67420999999999998,0.78283999999999998,0.88375999999999988,0.97540000000000004
2017-05-23,0.61399999999999999,0.68972,0.80403000000000002,0.90937000000000001,1.0044000000000002
2017-05-24,0.64685000000000004,0.71331,0.82435000000000014,0.92162000000000011,1.00722
2017-05-25,0.65295999999999998,0.71453,0.81954000000000005,0.91009000000000007,0.99026999999999998
2017-05-26,0.65345999999999993,0.70665,0.81118000000000001,0.90230999999999995,0.98169999999999991
2017-05-29,0.65494000000000008,0.70093000000000005,0.80584999999999996,0.89347999999999994,0.96632999999999991
2017-05-30,0.66047,0.69490999999999992,0.79723999999999995,0.88541999999999998,0.96106999999999998
2017-05-31,0.66095999999999999,0.68832000000000004,0.79205999999999999,0.8807600000000001,0.95680999999999994
2017-06-01,0.66226000000000007,0.69447999999999999,0.79674,0.88597000000000004,0.96515000000000006
2017-06-02,0.65693000000000001,0.68625999999999998,0.78166999999999998,0.86526000000000003,0.94157999999999997
2017-06-05,0.65989999999999993,0.71081000000000005,0.80401,0.88383999999999996,0.95709999999999995
2017-06-06,0.66046000000000005,0.71048,0.79752000000000001,0.87197999999999998,0.94257999999999997
2017-06-07,0.66081999999999996,0.71299000000000001,0.80252000000000001,0.88118999999999992,0.95517999999999992
2017-06-08,0.66134000000000004,0.71336999999999995,0.80546000000000006,0.88684000000000007,0.96290999999999993
2017-06-09,0.67771000000000003,0.73716999999999999,0.82835999999999999,0.90632999999999997,0.97855000000000003
2017-06-12,0.73119000000000001,0.82926999999999995,0.92388999999999999,0.99608000000000008,1.06067
2017-06-13,0.76753000000000005,0.91176999999999997,1.02153,1.1019099999999999,1.1681900000000001
2017-06-14,0.77912000000000003,0.88261000000000001,0.99038999999999999,1.0654399999999999,1.1226399999999999
2017-06-15,0.82272999999999996,0.91042000000000001,1.01969,1.09622,1.15523
2017-06-16,0.83333000000000002,0.89567999999999992,1.0094399999999999,1.0932500000000001,1.1563699999999999
2017-06-19,0.85787999999999998,0.94102000000000008,1.05097,1.1295999999999999,1.1894800000000001
2017-06-20,0.86787999999999998,0.9158400000000001,1.0167300000000001,1.0937699999999999,1.15446
2017-06-21,0.88453999999999999,0.90953000000000006,1.0122100000000001,1.0904,1.1492799999999999
2017-06-22,0.91337999999999997,0.93550999999999995,1.0366900000000001,1.1141000000000001,1.17265
2017-06-23,0.86129,0.90609000000000006,1.00522,1.0824,1.14269
2017-06-26,0.87369000000000008,0.90711000000000008,1.0055499999999999,1.08172,1.14009
2017-06-27,0.88829000000000014,0.97633000000000003,1.08318,1.16656,1.2336199999999999
2017-06-28,0.94686000000000003,1.0521499999999999,1.1560000000000001,1.23655,1.30226
2017-06-29,0.97549000000000008,1.0971200000000001,1.20862,1.2976400000000001,1.37246
2017-06-30,0.97637999999999991,1.1090300000000002,1.2260599999999999,1.32297,1.4068799999999999
2017-07-04,1.0205900000000001,1.15263,1.2708900000000001,1.37297,1.4662899999999999
2017-07-05,1.0003299999999999,1.1497200000000001,1.26675,1.3631600000000001,1.4484900000000001
2017-07-06,1.0327299999999999,1.15846,1.27972,1.3808199999999999,1.4687399999999999
2017-07-07,1.05437,1.1868300000000001,1.3108899999999999,1.4131,1.5031700000000001
2017-07-10,1.06107,1.1741899999999998,1.30331,1.4100299999999999,1.5017499999999999
2017-07-11,1.0561900000000002,1.14977,1.28186,1.3931799999999999,1.48621
2017-07-12,1.08927,1.2219600000000002,1.3487799999999999,1.44875,1.5313600000000001
2017-07-13,1.1007499999999999,1.2477500000000001,1.37852,1.48532,1.57355
2017-07-14,1.09297,1.22078,1.34863,1.4559499999999999,1.5466499999999999
2017-07-17,1.0962000000000001,1.2204700000000002,1.34287,1.4476899999999999,1.5376000000000001
2017-07-18,1.0967100000000001,1.2239,1.3335299999999999,1.4286300000000001,1.51447
2017-07-19,1.1090300000000002,1.25142,1.3677299999999999,1.46635,1.55345
2017-07-20,1.1101400000000001,1.2464200000000001,1.3576299999999999,1.45248,1.5379800000000001
2017-07-21,1.11124,1.2521100000000001,1.3652600000000001,1.45974,1.54305
2017-07-24,1.12609,1.2736000000000001,1.3978200000000001,1.50068,1.5868299999999997
2017-07-25,1.1671100000000001,1.3224800000000001,1.4577,1.57057,1.6665599999999998
2017-07-26,1.1626099999999999,1.2844500000000001,1.4086700000000001,1.5143800000000001,1.6055699999999999
2017-07-27,1.1646999999999998,1.2980800000000001,1.42415,1.53531,1.6323299999999998
2017-07-28,1.18956,1.32762,1.4545999999999999,1.5670199999999999,1.6651200000000002
2017-07-31,1.1929500000000002,1.3136300000000001,1.44651,1.5691600000000001,1.6779700000000002
2017-08-01,1.1823699999999999,1.2583,1.38028,1.4933000000000001,1.5927299999999998
2017-08-02,1.17167,1.2497100000000001,1.3685100000000001,1.4782899999999999,1.57572
2017-08-03,1.17296,1.2379100000000001,1.3488,1.4517899999999999,1.5444
2017-08-04,1.16211,1.23688,1.35273,1.46261,1.56155
2017-08-08,1.1782999999999999,1.25258,1.36826,1.4771299999999998,1.5762399999999999
2017-08-09,1.1671499999999999,1.2364200000000001,1.34921,1.4537500000000001,1.54888
2017-08-10,1.1617999999999999,1.2194399999999999,1.3191700000000002,1.4122300000000001,1.49966
2017-08-11,1.1503400000000001,1.20621,1.30721,1.40557,1.4963199999999999
2017-08-14,1.1594899999999999,1.2204899999999999,1.3232200000000001,1.42493,1.5198800000000001
2017-08-15,1.1662999999999999,1.23566,1.3395900000000001,1.4442299999999999,1.54271
2017-08-16,1.1506400000000001,1.2282599999999999,1.33073,1.4297,1.52159
2017-08-17,1.1517899999999999,1.22462,1.31945,1.4120900000000001,1.5004999999999999
2017-08-18,1.15296,1.23502,1.33416,1.42991,1.5206999999999999
2017-08-21,1.15208,1.2424599999999999,1.3426400000000001,1.4387099999999999,1.5306900000000001
2017-08-22,1.18228,1.2629400000000002,1.3691200000000001,1.47139,1.5680400000000001
2017-08-23,1.18163,1.2545499999999998,1.3547,1.4512499999999999,1.5424500000000001
2017-08-24,1.1761600000000001,1.2632099999999999,1.35873,1.45258,1.54325
2017-08-25,1.1896,1.2581200000000001,1.3487900000000002,1.4390399999999999,1.5273300000000001
2017-08-28,1.1928299999999998,1.2607299999999999,1.34873,1.4365899999999998,1.52349
2017-08-29,1.1757200000000001,1.2374700000000001,1.3250899999999999,1.4117899999999999,1.4961899999999999
2017-08-30,1.17703,1.2330399999999999,1.3246100000000001,1.41509,1.5013300000000001
2017-08-31,1.23326,1.2725,1.3544799999999999,1.4335900000000001,1.51332
2017-09-01,1.2919399999999999,1.3371200000000001,1.4174600000000002,1.49536,1.57619
2017-09-05,1.3003900000000002,1.3446199999999999,1.4146700000000001,1.48194,1.5506799999999998
2017-09-06,1.39177,1.4394,1.50752,1.5742099999999999,1.6434899999999999
2017-09-07,1.4208399999999999,1.4713800000000001,1.5334699999999999,1.5954099999999998,1.6606200000000002
2017-09-08,1.42137,1.5224,1.5807100000000001,1.63819,1.7048500000000002
2017-09-11,1.4579500000000001,1.54027,1.60233,1.6660999999999999,1.7377799999999999
2017-09-12,1.48247,1.5401500000000001,1.6106599999999998,1.6818500000000001,1.7569000000000001
2017-09-13,1.50552,1.5570999999999999,1.62765,1.69842,1.7741400000000001
2017-09-14,1.49013,1.5770300000000002,1.6426199999999997,1.7058899999999999,1.7765599999999999
2017-09-15,1.5075699999999999,1.5926,1.6626700000000001,1.72784,1.7987500000000001
2017-09-18,1.48848,1.56271,1.6349800000000001,1.7045899999999998,1.7796400000000001
2017-09-19,1.4800799999999998,1.54617,1.6220499999999998,1.69896,1.7809499999999998
2017-09-20,1.4765300000000001,1.5706100000000001,1.6424700000000001,1.7137699999999998,1.7938099999999999
2017-09-21,1.47807,1.5823899999999997,1.6562000000000001,1.7276799999999999,1.80768
2017-09-22,1.4777200000000001,1.5926800000000001,1.6610900000000002,1.7270899999999998,1.8035599999999998
2017-09-25,1.44773,1.58843,1.6551199999999999,1.7185999999999999,1.7923899999999999
2017-09-26,1.47542,1.5996799999999998,1.6694199999999999,1.7358899999999999,1.8110899999999999
2017-09-27,1.45072,1.5753199999999998,1.6495699999999998,1.7237900000000002,1.8072499999999998
2017-09-28,1.4204600000000001,1.53589,1.6141300000000001,1.6954199999999999,1.7853500000000002
2017-09-29,1.41214,1.51807,1.5914999999999999,1.66822,1.7560499999999999
2017-10-02,1.41629,1.5254399999999999,1.61215,1.6990499999999999,1.7884199999999999
2017-10-03,1.4495400000000001,1.5188699999999999,1.6003300000000003,1.6855499999999999,1.77423
2017-10-04,1.44049,1.53203,1.6068900000000002,1.6867000000000001,1.7767600000000001
2017-10-05,1.4423699999999999,1.5245200000000001,1.59823,1.6754600000000002,1.7620299999999998
2017-10-06,1.4544400000000002,1.5520700000000001,1.6249,1.6999799999999998,1.78525
2017-10-10,1.4594199999999999,1.5524199999999999,1.6244999999999998,1.6985600000000001,1.7827699999999997
2017-10-11,1.46088,1.5517400000000001,1.62348,1.69557,1.7760399999999998
2017-10-12,1.45038,1.5464800000000001,1.6153600000000001,1.68418,1.7619699999999998
2017-10-13,1.45302,1.5185,1.58761,1.6560600000000001,1.7305600000000001
2017-10-16,1.44069,1.5057900000000002,1.5774900000000001,1.6468900000000002,1.7214400000000001
2017-10-17,1.4617500000000001,1.4901899999999999,1.56372,1.6354500000000001,1.7109599999999998
2017-10-18,1.4418,1.49495,1.5723999999999998,1.6457999999999999,1.7228299999999999
2017-10-19,1.4200000000000002,1.47014,1.5530300000000001,1.63073,1.7089699999999999
2017-10-20,1.4283000000000001,1.45764,1.5433699999999999,1.6262599999999998,1.7097800000000001
2017-10-23,1.4212100000000001,1.45828,1.5414399999999999,1.6208400000000001,1.7020500000000001
2017-10-24,1.39971,1.47489,1.5618699999999999,1.6439300000000001,1.7283199999999999
2017-10-25,1.3573299999999999,1.4495499999999999,1.5378499999999999,1.6232799999999998,1.7078200000000001
2017-10-26,1.3640299999999999,1.4403900000000001,1.5320500000000001,1.6193099999999998,1.7036499999999999
2017-10-27,1.3283199999999999,1.4123699999999999,1.50244,1.5868299999999997,1.6673299999999998
2017-10-30,1.3420100000000001,1.3915,1.4779900000000001,1.55989,1.6382899999999998
2017-10-31,1.3112900000000001,1.3785000000000001,1.4677499999999999,1.5519499999999999,1.6324600000000002
2017-11-01,1.3130500000000001,1.39944,1.4904499999999998,1.5753799999999998,1.6569700000000001
2017-11-02,1.31193,1.40249,1.49153,1.5709299999999999,1.64872
2017-11-03,1.3517400000000002,1.4339500000000001,1.5204199999999999,1.5938600000000001,1.6650700000000001
2017-11-06,1.3448599999999999,1.4145799999999999,1.4988299999999999,1.5704699999999998,1.6397200000000001
2017-11-07,1.3281799999999999,1.3938999999999999,1.47654,1.5444800000000001,1.6105799999999999
2017-11-08,1.3195399999999999,1.41523,1.4996100000000001,1.56559,1.63002
2017-11-09,1.34372,1.4472799999999999,1.52973,1.5937699999999999,1.65727
2017-11-10,1.34405,1.45777,1.5442,1.6140700000000001,1.6831499999999999
2017-11-14,1.3648400000000001,1.4596,1.54436,1.6122799999999999,1.6795199999999999
2017-11-15,1.3497999999999999,1.4446300000000001,1.52278,1.5827999999999998,1.6429900000000002
2017-11-16,1.3565199999999999,1.4763999999999999,1.5600700000000001,1.6249300000000002,1.6911200000000002
2017-11-17,1.34639,1.4554199999999999,1.53939,1.60398,1.6674000000000002
2017-11-20,1.3525199999999999,1.47465,1.55833,1.6217100000000002,1.6853900000000002
2017-11-21,1.3662099999999999,1.46407,1.5449299999999999,1.6040100000000002,1.6624900000000002
2017-11-22,1.3687199999999999,1.4527000000000001,1.5329000000000002,1.59118,1.64785
2017-11-23,1.35748,1.43468,1.51413,1.5735399999999999,1.6314299999999999
2017-11-24,1.35992,1.4402699999999999,1.5181899999999999,1.5759700000000001,1.6329500000000001
2017-11-27,1.3682100000000001,1.4286399999999999,1.5050600000000001,1.5615000000000001,1.61636
2017-11-28,1.3565199999999999,1.42038,1.49594,1.5505800000000001,1.60317
2017-11-29,1.32782,1.4287400000000001,1.51179,1.57559,1.63341
2017-11-30,1.32921,1.4290499999999999,1.5122200000000001,1.5765600000000002,1.6360400000000002
2017-12-01,1.39581,1.5175100000000001,1.5943800000000001,1.6450400000000001,1.6912199999999999
2017-12-04,1.4333,1.54969,1.6289800000000001,1.6820299999999999,1.72834
2017-12-05,1.4350699999999998,1.5381499999999999,1.6143799999999999,1.6651200000000002,1.7088800000000002
2017-12-06,1.3871500000000001,1.48716,1.5622799999999999,1.6128500000000001,1.6563600000000001
2017-12-07,1.38365,1.49316,1.5680699999999999,1.6175499999999998,1.6603300000000001
2017-12-08,1.3915600000000001,1.5013399999999999,1.5760000000000001,1.6244799999999999,1.6668599999999998
2017-12-11,1.39645,1.5124500000000001,1.5863599999999998,1.6330100000000001,1.67445
2017-12-12,1.40896,1.5227299999999999,1.5958199999999998,1.6423400000000001,1.6838700000000002
2017-12-13,1.40554,1.5071099999999999,1.57558,1.6196200000000001,1.66035
2017-12-14,1.4290700000000001,1.57605,1.6398800000000002,1.67438,1.70645
2017-12-15,1.26539,1.55342,1.6121799999999999,1.6392199999999999,1.6677999999999997
2017-12-18,1.27837,1.5752499999999998,1.63639,1.6660600000000001,1.6973599999999998
2017-12-19,1.2824800000000001,1.59815,1.6748800000000001,1.7186600000000001,1.75658
2017-12-20,1.2865500000000001,1.6318900000000001,1.71241,1.7600600000000002,1.8044899999999999
2017-12-21,1.5364800000000001,1.68584,1.7597399999999999,1.81118,1.86039
2017-12-22,1.52782,1.6681499999999998,1.7404599999999999,1.7928300000000001,1.84473
2017-12-27,1.5637999999999999,1.6722600000000001,1.73719,1.78017,1.8226900000000001
2017-12-28,1.5578000000000001,1.6984399999999999,1.7676099999999999,1.8155500000000002,1.86256
2017-12-29,1.57026,1.69235,1.76427,1.81785,1.8694900000000001
2018-01-02,1.5654399999999999,1.7082300000000001,1.78484,1.84188,1.89625
2018-01-03,1.57338,1.6876200000000001,1.76135,1.81664,1.8694
2018-01-04,1.5683699999999998,1.7070399999999999,1.7835699999999999,1.8407799999999999,1.8959400000000002
2018-01-05,1.6259399999999999,1.78373,1.8596299999999999,1.91459,1.9696100000000001
2018-01-08,1.6368100000000001,1.7940399999999999,1.8717699999999999,1.9286500000000002,1.9840300000000002
2018-01-09,1.6497000000000002,1.8008,1.88948,1.9546700000000001,2.01464
2018-01-10,1.56789,1.7409999999999999,1.8297099999999999,1.8977399999999998,1.9604300000000001
2018-01-11,1.58412,1.7427499999999998,1.8338000000000001,1.9057399999999998,1.97177
2018-01-12,1.6056699999999999,1.7456800000000001,1.8383799999999999,1.9137999999999999,1.9827899999999998
2018-01-15,1.6297999999999999,1.75909,1.8552099999999998,1.9330799999999999,2.0025900000000001
2018-01-16,1.64107,1.7659399999999998,1.8620399999999999,1.93729,2.0030200000000002
2018-01-17,1.6167500000000001,1.77064,1.8716199999999998,1.9500799999999998,2.0185399999999998
2018-01-18,1.6180900000000003,1.8063400000000001,1.9054200000000001,1.9793600000000002,2.0453000000000001
2018-01-19,1.63547,1.79617,1.8961999999999999,1.97366,2.04278
2018-01-22,1.6386999999999998,1.79477,1.8982700000000001,1.9798900000000001,2.0518200000000002
2018-01-23,1.6411700000000002,1.7949599999999999,1.8962400000000001,1.97523,2.0455999999999999
2018-01-24,1.65299,1.8093600000000001,1.9144999999999999,1.99685,2.06928
2018-01-25,1.6437199999999998,1.8006600000000001,1.9069400000000001,1.9895800000000001,2.06033
2018-01-26,1.6455199999999999,1.8089000000000002,1.91927,2.0061200000000001,2.0799600000000003
2018-01-29,1.6495599999999999,1.8185199999999999,1.9297499999999999,2.0180199999999999,2.0943199999999997
2018-01-30,1.6518899999999999,1.8271500000000001,1.93936,2.0267400000000002,2.10223
2018-01-31,1.65351,1.8327300000000002,1.9447599999999998,2.0309299999999997,2.1050499999999999
2018-02-01,1.6552500000000001,1.85677,1.9827999999999999,2.0835300000000001,2.1697199999999999
2018-02-02,1.6679300000000001,1.8431099999999998,1.9716500000000001,2.0753400000000002,2.1598899999999999
2018-02-05,1.6506000000000001,1.7987099999999998,1.92469,2.0270699999999997,2.1112599999999997
2018-02-06,1.6532399999999998,1.8266600000000002,1.95506,2.0566800000000001,2.14167
2018-02-07,1.62869,1.8457299999999999,1.97366,2.0732900000000001,2.15774
2018-02-08,1.6449600000000002,1.8329499999999999,1.9586699999999999,2.05714,2.14046
2018-02-09,1.5953700000000002,1.7828199999999998,1.91195,2.01539,2.1040799999999997
2018-02-12,1.60992,1.7814400000000001,1.9076200000000001,2.0091600000000001,2.0962399999999999
2018-02-13,1.60606,1.7737099999999999,1.89863,1.9997799999999999,2.0850500000000003
2018-02-14,1.6077399999999999,1.8244500000000001,1.95187,2.0511900000000001,2.13591
2018-02-15,1.6247999999999998,1.8428599999999999,1.9680599999999999,2.0644099999999996,2.1460900000000001
2018-02-16,1.6268,1.82006,1.94055,2.0308099999999998,2.1052399999999998
2018-02-20,1.63273,1.8218000000000001,1.94306,2.0334600000000003,2.1083699999999999
2018-02-21,1.62957,1.8364499999999999,1.9589599999999998,2.0498799999999999,2.1263100000000001
2018-02-22,1.59358,1.7996100000000002,1.9202699999999999,2.0098600000000002,2.0849299999999999
2018-02-23,1.6289800000000001,1.78135,1.8925299999999998,1.9748000000000001,2.0442399999999998
2018-02-26,1.6271999999999998,1.7920399999999999,1.89954,1.9765700000000002,2.0426600000000001
2018-02-27,1.6463399999999999,1.80338,1.9182600000000001,2.0014099999999999,2.0706800000000003
2018-02-28,1.6505599999999998,1.7843800000000001,1.88995,1.9664000000000001,2.0324300000000002
2018-03-01,1.6403299999999998,1.76441,1.8623099999999999,1.9306000000000001,1.9893700000000001
2018-03-02,1.61958,1.7732100000000002,1.8744400000000001,1.9463999999999999,2.0091600000000001
2018-03-05,1.5970800000000001,1.7502400000000002,1.8545699999999998,1.93113,1.9975900000000002
2018-03-06,1.60589,1.7759,1.8859399999999997,1.9653400000000001,2.03321
2018-03-07,1.56789,1.77776,1.88862,1.9691299999999998,2.03843
2018-03-08,1.6759599999999999,1.79155,1.89778,1.9730399999999999,2.0375800000000002
2018-03-09,1.58521,1.8386300000000002,1.9441599999999999,2.0142699999999998,2.0759400000000001
2018-03-12,1.61076,1.8375999999999999,1.94303,2.01105,2.0667900000000001
2018-03-13,1.6123800000000001,1.8004099999999998,1.9012500000000001,1.9693200000000002,2.02658
2018-03-14,1.6083699999999999,1.7865700000000002,1.8807399999999999,1.9414199999999999,1.9929100000000002
2018-03-15,1.5930099999999998,1.7718500000000001,1.8650500000000001,1.9249800000000001,1.97546
2018-03-16,1.5942000000000001,1.78115,1.8743400000000001,1.93404,1.9842700000000002
2018-03-19,1.5972599999999999,1.7948599999999999,1.8911100000000001,1.95431,2.0074399999999999
2018-03-20,1.6410399999999998,1.8290899999999999,1.9295500000000001,1.9947199999999998,2.0478900000000002
2018-03-21,1.6855499999999999,1.8822399999999999,1.9856400000000001,2.0529700000000002,2.10744
2018-03-22,1.66445,1.8363799999999999,1.9347099999999999,1.99464,2.0391900000000001
2018-03-23,1.68723,1.86852,1.9650999999999998,2.0231699999999999,2.0670299999999999
2018-03-26,1.7001900000000001,1.8976500000000001,1.9952799999999999,2.0531600000000001,2.09762
2018-03-27,1.6780799999999998,1.8454499999999998,1.9380999999999999,1.9919699999999998,2.0312299999999999
2018-03-28,1.6556299999999999,1.8237099999999999,1.91465,1.9669699999999999,2.0048500000000002
2018-03-29,1.6271799999999998,1.7923100000000001,1.88035,1.9335200000000001,1.97437
2018-04-02,1.63124,1.7954999999999999,1.8877200000000001,1.94634,1.9914700000000001
2018-04-03,1.64219,1.8186100000000001,1.9124100000000002,1.9709899999999998,2.01613
2018-04-04,1.6858200000000001,1.8438300000000001,1.9411500000000002,1.99579,2.0374599999999998
2018-04-05,1.6834200000000001,1.8435300000000001,1.9415800000000001,1.9980500000000001,2.0422099999999999
2018-04-06,1.6692499999999999,1.82141,1.9145800000000002,1.9664999999999999,2.0074299999999998
2018-04-09,1.6748800000000001,1.8247300000000002,1.9191300000000002,1.9705699999999999,2.00983
2018-04-10,1.6827700000000001,1.8574299999999999,1.95431,2.0058699999999998,2.0459499999999999
2018-04-11,1.65587,1.8834199999999999,1.9818899999999999,2.0351399999999997,2.0753900000000001
2018-04-12,1.6823500000000002,1.9140600000000001,2.02115,2.0855200000000003,2.1352800000000003
2018-04-13,1.6792899999999999,1.8927200000000002,1.99498,2.0553900000000001,2.1017600000000001
2018-04-16,1.6846099999999999,1.9044599999999998,2.0095800000000001,2.07463,2.1267
2018-04-17,1.70452,1.91198,2.0123500000000001,2.0710299999999999,2.1152799999999998
2018-04-18,1.6967599999999998,1.9141999999999999,2.0232999999999999,2.0906400000000001,2.1426500000000002
2018-04-19,1.6930400000000001,1.9378099999999998,2.0514700000000001,2.1225199999999997,2.1773000000000002
2018-04-20,1.6910000000000001,1.92205,2.04149,2.1212999999999997,2.1831300000000002
2018-04-23,1.68631,1.9123299999999999,2.03674,2.1216400000000002,2.18832
2018-04-24,1.6873400000000001,1.9075600000000001,2.0319400000000001,2.11625,2.1820499999999998
2018-04-25,1.6893399999999998,1.92353,2.0479600000000002,2.1315299999999997,2.1978900000000001
2018-04-26,1.6803700000000001,1.9062699999999999,2.0274199999999998,2.10751,2.17049
2018-04-27,1.6923400000000002,1.8907400000000001,2.0077000000000003,2.0836100000000002,2.1430899999999999
2018-04-30,1.6867000000000001,1.88462,2.0003199999999999,2.0744199999999999,2.1318099999999998
2018-05-01,1.7116,1.9295099999999998,2.0485500000000001,2.12425,2.1833299999999998
2018-05-02,1.72543,1.9288900000000002,2.04942,2.1281000000000003,2.1893800000000003
2018-05-03,1.7029099999999999,1.9041700000000001,2.0236400000000003,2.1007600000000002,2.15909
2018-05-04,1.6974300000000002,1.90395,2.0227300000000001,2.1004499999999999,2.1598200000000003
2018-05-07,1.7022900000000001,1.9092499999999999,2.0277500000000002,2.1042200000000002,2.1619200000000003
2018-05-08,1.7197100000000001,1.9285199999999998,2.0477300000000001,2.12365,2.1815099999999998
2018-05-09,1.7373099999999999,1.94801,2.0740099999999999,2.15571,2.2177800000000003
2018-05-10,1.7391099999999999,1.96749,2.09598,2.17652,2.2362900000000003
2018-05-11,1.7301899999999999,1.9618199999999999,2.0890900000000001,2.1677399999999998,2.2252700000000001
2018-05-14,1.75719,1.98475,2.1169600000000002,2.1998699999999998,2.2609599999999999
2018-05-15,1.7888000000000002,2.0313500000000002,2.1690700000000001,2.2571099999999999,2.32246
2018-05-16,1.8016299999999998,2.0505499999999999,2.1874099999999999,2.27284,2.3363499999999999
2018-05-17,1.80348,2.0594600000000001,2.1966399999999999,2.2831899999999998,2.3491999999999997
2018-05-18,1.78498,2.02915,2.1621700000000001,2.2458800000000001,2.31073
2018-05-22,1.79122,2.0392100000000002,2.1728499999999999,2.2556400000000001,2.31853
2018-05-23,1.7701399999999998,2.02136,2.1491799999999999,2.2259899999999999,2.2844699999999998
2018-05-24,1.77182,1.9931999999999999,2.1147499999999999,2.1884700000000001,2.24553
2018-05-25,1.75177,1.9604900000000001,2.0787100000000001,2.1486000000000001,2.2005699999999999
2018-05-28,1.7448900000000001,1.9349000000000001,2.0465299999999997,2.11117,2.1589199999999997
2018-05-29,1.7009199999999998,1.8464100000000001,1.94336,1.99912,2.04236
2018-05-30,1.7463200000000001,1.9266599999999998,2.0279700000000003,2.0841499999999997,2.1250299999999998
2018-05-31,1.72401,1.9056,2.00773,2.06725,2.1104799999999999
2018-06-01,1.7253799999999999,1.9196800000000001,2.0167799999999998,2.07239,2.1140699999999999
2018-06-04,1.7314800000000001,1.9344600000000001,2.03939,2.1008300000000002,2.1459600000000001
2018-06-05,1.73292,1.9143400000000002,2.0150199999999998,2.07464,2.1188199999999999
2018-06-06,1.73986,1.9428700000000001,2.0459399999999999,2.1107999999999998,2.16092
2018-06-07,1.7253799999999999,1.9104800000000002,2.0138099999999999,2.0813199999999998,2.13313
2018-06-08,1.7267399999999999,1.9238899999999999,2.0327999999999999,2.10548,2.16208
2018-06-11,1.7202999999999999,1.91191,2.01959,2.0922799999999997,2.14994
2018-06-12,1.72163,1.90977,2.0169300000000003,2.0881600000000002,2.1436500000000001
2018-06-13,1.7557900000000002,1.9492099999999999,2.05681,2.1274000000000002,2.1806200000000002
2018-06-14,1.7572899999999998,1.9330400000000001,2.0341999999999998,2.09979,2.1472199999999999
2018-06-15,1.7384400000000002,1.8967999999999998,1.9870700000000001,2.0453099999999997,2.0901099999999997
2018-06-18,1.7429199999999998,1.8727100000000001,1.9615799999999999,2.02332,2.0704799999999999
2018-06-19,1.7105700000000001,1.8430200000000001,1.9285199999999998,1.9871300000000001,2.0315099999999999
2018-06-20,1.7130699999999999,1.8508,1.9380899999999999,1.9972400000000001,2.0436200000000002
2018-06-21,1.70305,1.8280399999999999,1.9113899999999999,1.9690300000000001,2.0130300000000001
2018-06-22,1.6599099999999998,1.7976300000000001,1.88402,1.9451800000000001,1.9922200000000001
2018-06-25,1.6416199999999999,1.7812399999999999,1.86382,1.9192500000000001,1.9626000000000001
2018-06-26,1.6735599999999999,1.80768,1.88673,1.94076,1.98156
2018-06-27,1.6844399999999999,1.7803499999999999,1.85172,1.9015500000000001,1.9416800000000001
2018-06-28,1.7259199999999999,1.8541300000000001,1.9325300000000001,1.98569,2.0251200000000003
2018-06-29,1.7374299999999998,1.9197299999999999,1.9961900000000001,2.0404800000000001,2.0726399999999998
2018-07-03,1.7425099999999998,1.9036399999999998,1.9786999999999999,2.0228099999999998,2.0541499999999999
2018-07-04,1.7543500000000001,1.9167799999999999,1.9948199999999998,2.04114,2.07341
2018-07-05,1.77603,1.9223600000000001,1.9941199999999999,2.03498,2.0634600000000001
2018-07-06,1.7773699999999999,1.9149099999999999,1.9842299999999999,2.02359,2.0505900000000001
2018-07-09,1.8016999999999999,1.9459199999999999,2.0175999999999998,2.0563499999999997,2.0826600000000002
2018-07-10,1.7899800000000001,1.94316,2.0142899999999999,2.0527500000000001,2.0785100000000001
2018-07-11,1.83491,1.9517500000000001,2.0191599999999998,2.05464,2.0771999999999999
2018-07-12,1.82521,1.94855,2.0167600000000001,2.0542700000000003,2.0798400000000004
2018-07-13,1.8163100000000001,1.93171,1.9979100000000001,2.0337899999999998,2.0584199999999999
2018-07-16,1.8425799999999999,1.94018,2.0031099999999999,2.0364400000000002,2.05986
2018-07-17,1.8214000000000001,1.92821,1.9888800000000002,2.0205199999999999,2.0431600000000003
2018-07-18,1.8238299999999998,1.93808,2.0008999999999997,2.0340000000000003,2.05796
2018-07-19,1.8251500000000001,1.9158600000000001,1.97336,2.0042800000000001,2.0270699999999997
2018-07-20,1.8353899999999999,1.9558,2.0223200000000001,2.06006,2.0872199999999999
2018-07-23,1.85226,1.9838100000000001,2.05572,2.0978400000000001,2.1287500000000001
2018-07-24,1.8653200000000001,1.9895199999999997,2.0638799999999997,2.1065,2.1359599999999999
2018-07-25,1.86206,2.0382899999999999,2.1180699999999999,2.1637599999999999,2.1943600000000001
2018-07-26,1.8789500000000001,2.04257,2.1201000000000003,2.1662300000000001,2.1979700000000002
2018-07-27,1.8908100000000001,2.0478399999999999,2.1265900000000002,2.1741699999999997,2.20703
2018-07-30,1.8904000000000001,2.03661,2.1171700000000002,2.1667300000000003,2.2016999999999998
2018-07-31,1.9077500000000001,2.0547400000000002,2.13672,2.1869199999999998,2.2220200000000001
2018-08-01,1.9305800000000002,2.0719799999999999,2.1594700000000002,2.2180999999999997,2.2610600000000001
2018-08-02,1.94299,2.07023,2.1566700000000001,2.2141199999999999,2.2561999999999998
2018-08-03,1.9552499999999999,2.0823,2.16533,2.21835,2.2565200000000001
2018-08-07,1.9907500000000002,2.1135600000000001,2.1925300000000001,2.2426300000000001,2.2785799999999998
2018-08-08,1.99318,2.1143200000000002,2.1899500000000001,2.2370299999999999,2.2711399999999999
2018-08-09,1.98387,2.0998900000000003,2.1734100000000001,2.2184300000000001,2.2503200000000003
2018-08-10,1.9633600000000002,2.0841099999999999,2.15069,2.1900400000000002,2.21759
2018-08-13,1.9905099999999998,2.0930299999999997,2.15855,2.1971699999999998,2.2239200000000001
2018-08-14,1.99217,2.10236,2.1695500000000001,2.2101999999999999,2.2385100000000002
2018-08-15,1.9711099999999999,2.0705800000000001,2.1327700000000003,2.16852,2.1932700000000001
2018-08-16,1.9714499999999999,2.0641599999999998,2.1233399999999998,2.1567699999999999,2.1802100000000002
2018-08-17,1.9933200000000002,2.0950799999999998,2.1478199999999998,2.17414,2.1930999999999998
2018-08-20,1.9978099999999999,2.0882700000000001,2.1383099999999997,2.1622499999999998,2.1799900000000001
2018-08-21,2.0109900000000001,2.0872299999999999,2.13781,2.1640300000000003,2.1838799999999998
2018-08-22,1.9890499999999998,2.0914299999999999,2.14005,2.1629800000000001,2.1802299999999999
2018-08-23,2.0022899999999999,2.1038700000000001,2.1520700000000001,2.1733800000000003,2.1879
2018-08-24,2.0027200000000001,2.1119599999999998,2.15951,2.1810399999999999,2.19584
2018-08-27,2.00197,2.12053,2.1717899999999997,2.1968700000000001,2.2157799999999996
2018-08-28,1.9978499999999999,2.1268100000000003,2.1818299999999997,2.2102400000000002,2.2314799999999999
2018-08-29,1.99884,2.12201,2.1781299999999999,2.2096500000000003,2.2336299999999998
2018-08-30,2.0008399999999997,2.0901900000000002,2.1435200000000001,2.17441,2.1969700000000003
2018-08-31,1.9699200000000001,2.0470999999999999,2.0982399999999997,2.1285599999999998,2.1503399999999999
2018-09-04,1.97478,2.0350600000000001,2.0878700000000001,2.1220599999999998,2.1479499999999998
2018-09-05,1.9767799999999998,2.0319500000000001,2.0864099999999999,2.1226100000000003,2.1507900000000002
2018-09-06,1.97888,2.0467499999999998,2.0979299999999999,2.1284199999999998,2.1511200000000001
2018-09-07,2.00238,2.09219,2.1468099999999999,2.1775099999999998,2.20079
2018-09-10,2.0123199999999999,2.0914899999999998,2.1460900000000001,2.1774100000000001,2.2004999999999999
2018-09-11,2.01945,2.1129100000000003,2.1715999999999998,2.2061299999999999,2.2318700000000002
2018-09-12,2.0266200000000003,2.1269799999999996,2.1870500000000002,2.2203400000000002,2.2444999999999999
2018-09-13,2.0224299999999999,2.12446,2.1855699999999998,2.2198599999999997,2.24369
2018-09-14,2.0296600000000002,2.1233399999999998,2.1873,2.22506,2.2520600000000002
2018-09-17,2.02841,2.11931,2.1780299999999997,2.2158600000000002,2.2452799999999997
2018-09-18,2.02406,2.13788,2.2015600000000002,2.2438599999999997,2.2772199999999998
2018-09-19,2.0431399999999997,2.1599599999999999,2.2235200000000002,2.2645499999999998,2.2993999999999999
2018-09-20,2.0564999999999998,2.1712500000000001,2.2366600000000001,2.2789199999999998,2.3137099999999999
2018-09-21,2.06996,2.1753800000000001,2.24248,2.2870200000000001,2.3220899999999998
2018-09-24,2.06291,2.1830599999999998,2.2521200000000001,2.3002199999999999,2.3378199999999998
2018-09-25,2.0747100000000001,2.1926800000000002,2.2624999999999997,2.31189,2.3506800000000001
2018-09-26,2.0763099999999999,2.1772199999999997,2.2431000000000001,2.2879900000000002,2.3222499999999999
2018-09-27,2.0657299999999998,2.1813099999999999,2.2468599999999999,2.2901199999999999,2.3224900000000002
2018-09-28,2.07952,2.19489,2.2589999999999999,2.3002100000000003,2.3306400000000003
2018-10-01,2.1224099999999999,2.27617,2.34354,2.3816099999999998,2.4100300000000003
2018-10-02,2.1445499999999997,2.2523,2.31487,2.3542799999999997,2.3827699999999998
2018-10-03,2.15571,2.2810100000000002,2.3518399999999997,2.3982999999999999,2.4327700000000001
2018-10-04,2.1463200000000002,2.28938,2.36612,2.4172800000000003,2.4552100000000001
2018-10-05,2.1470400000000001,2.3038699999999999,2.3852199999999999,2.4411300000000002,2.4836400000000003
2018-10-09,2.1532399999999998,2.3055300000000001,2.3780999999999999,2.4193099999999998,2.4523099999999998
2018-10-10,2.1434100000000003,2.28043,2.35304,2.3965000000000001,2.43188
2018-10-11,2.1232700000000002,2.23936,2.3093900000000001,2.3503799999999999,2.3829899999999999
2018-10-12,2.1304500000000002,2.23793,2.30613,2.3456600000000001,2.3778600000000001
2018-10-15,2.13923,2.2656999999999998,2.3330500000000001,2.3689800000000001,2.3969800000000001
2018-10-16,2.1406700000000001,2.2731399999999997,2.3388300000000002,2.3717599999999996,2.3968099999999999
2018-10-17,2.1428800000000003,2.27772,2.3484099999999999,2.3847100000000001,2.4113500000000001
2018-10-18,2.1561699999999999,2.2849600000000003,2.3489499999999999,2.3780600000000001,2.3995200000000003
2018-10-19,2.15347,2.2659100000000003,2.33108,2.3682000000000003,2.3965799999999997
2018-10-22,2.1427399999999999,2.26037,2.3290199999999999,2.3680099999999999,2.39568
2018-10-23,2.1337299999999999,2.2412399999999999,2.3081800000000001,2.3454699999999997,2.3706200000000002
2018-10-24,2.1667999999999998,2.2660400000000003,2.3285899999999997,2.3614600000000001,2.3803700000000001
2018-10-25,2.18181,2.28539,2.34816,2.3792,2.3974500000000001
2018-10-26,2.1609699999999998,2.2351900000000002,2.29392,2.32267,2.33893
2018-10-29,2.1625399999999999,2.2300599999999999,2.2859399999999996,2.3120799999999999,2.3273599999999997
2018-10-30,2.20105,2.2754599999999998,2.3343800000000003,2.3626100000000001,2.3793500000000001
2018-10-31,2.21739,2.3056900000000002,2.36965,2.4048599999999998,2.4262100000000002
2018-11-01,2.2341500000000001,2.3012899999999998,2.35778,2.3865799999999999,2.40612
2018-11-02,2.2355199999999997,2.3250799999999998,2.3856299999999999,2.4195100000000003,2.44407
2018-11-05,2.22533,2.3217699999999999,2.3805000000000001,2.4108899999999998,2.4328099999999999
2018-11-06,2.2267299999999999,2.3330600000000001,2.3936200000000003,2.42483,2.4474499999999999
2018-11-07,2.2281300000000002,2.3277099999999997,2.38924,2.4216499999999996,2.4443299999999999
2018-11-08,2.2507299999999999,2.3366100000000003,2.3976999999999999,2.4325200000000002,2.45763
2018-11-09,2.2520499999999997,2.3160799999999999,2.3742900000000002,2.4083299999999999,2.4320600000000003
2018-11-13,2.2159800000000001,2.2858199999999997,2.3420100000000001,2.37425,2.3952299999999997
2018-11-14,2.1774499999999999,2.2496900000000002,2.3054700000000001,2.3381699999999999,2.3599999999999999
2018-11-15,2.1540599999999999,2.2240699999999998,2.2729200000000001,2.2974100000000002,2.3144
2018-11-16,2.1449599999999998,2.2067600000000001,2.2541899999999999,2.2784900000000001,2.2955799999999997
2018-11-19,2.1379700000000001,2.1953800000000001,2.24004,2.2624399999999998,2.2788300000000001
2018-11-20,2.1394099999999998,2.1977099999999998,2.2408799999999998,2.2609699999999999,2.2755800000000002
2018-11-21,2.1299700000000001,2.2133500000000002,2.2582900000000001,2.27766,2.2907999999999999
2018-11-22,2.1310699999999998,2.2251300000000001,2.2708900000000001,2.2898399999999999,2.30227
2018-11-23,2.1273400000000002,2.2183100000000002,2.2622599999999999,2.2783500000000001,2.2871099999999998
2018-11-26,2.13584,2.2287300000000001,2.2733400000000001,2.2895700000000003,2.29901
2018-11-27,2.1468400000000001,2.2071400000000003,2.2481900000000001,2.26369,2.27257
2018-11-28,2.1377299999999999,2.1970400000000003,2.23841,2.25549,2.2667699999999997
2018-11-29,2.1388399999999996,2.17781,2.2095400000000001,2.2204600000000001,2.2302599999999999
2018-11-30,2.1297300000000003,2.1520000000000001,2.18398,2.1962700000000002,2.2053599999999998
2018-12-03,2.13306,2.1467000000000001,2.1735500000000001,2.18018,2.18377
2018-12-04,2.1126399999999999,2.11056,2.1325500000000002,2.1353299999999997,2.13537
2018-12-05,2.0375899999999998,2.0374099999999999,2.0602800000000001,2.0666600000000002,2.0707599999999999
2018-12-06,1.9466299999999999,1.9750099999999999,1.9946599999999999,2.0001799999999998,2.0072799999999997
2018-12-07,1.99207,1.97997,1.9973700000000001,2.0062600000000002,2.0130300000000001
2018-12-10,1.9936099999999999,1.98763,2.0025500000000003,2.0068800000000002,2.0089099999999998
2018-12-11,2.0077400000000001,2.0122200000000001,2.0273599999999998,2.0293299999999999,2.0283800000000003
2018-12-12,2.0189900000000001,2.04074,2.0604200000000001,2.06541,2.0670899999999999
2018-12-13,2.0216499999999997,2.0469900000000001,2.0729700000000002,2.0829500000000003,2.08847
2018-12-14,2.0015000000000001,2.0091100000000002,2.0311499999999998,2.0399000000000003,2.0448999999999997
2018-12-17,1.9730099999999999,1.9576099999999999,1.9765000000000001,1.9848999999999999,1.9907899999999998
2018-12-18,1.96393,1.9189000000000001,1.9326800000000002,1.93953,1.9461900000000001
2018-12-19,1.9224299999999999,1.8868900000000002,1.89975,1.9056300000000002,1.91116
2018-12-20,1.9128499999999999,1.9029399999999999,1.91875,1.9262999999999999,1.93248
2018-12-21,1.9552300000000002,1.9370600000000002,1.9533700000000001,1.9610699999999999,1.96716
2018-12-24,1.9363299999999999,1.9033499999999999,1.9181400000000002,1.9256100000000003,1.9311399999999999
2018-12-27,1.9264799999999997,1.8955300000000002,1.9119000000000002,1.92201,1.9301100000000002
2018-12-28,1.91595,1.8509000000000002,1.8650900000000001,1.87704,1.8884700000000001
2018-12-31,1.9093599999999999,1.85145,1.8658000000000001,1.8779299999999999,1.88994
2019-01-02,1.90039,1.8484099999999999,1.85385,1.8558999999999999,1.8592000000000002
2019-01-03,1.8679999999999999,1.7589000000000001,1.7565999999999997,1.7564199999999999,1.7600999999999998
2019-01-04,1.8786799999999999,1.8352799999999998,1.8385100000000001,1.8412999999999999,1.84745
2019-01-07,1.8932399999999998,1.8673599999999999,1.87114,1.87293,1.87761
2019-01-08,1.8851599999999999,1.8807,1.8873000000000002,1.88967,1.8936999999999999
2019-01-09,1.9092899999999999,1.8963700000000001,1.9055099999999998,1.909,1.9133899999999999
2019-01-10,1.89344,1.8986499999999999,1.90828,1.9113499999999999,1.9146400000000001
2019-01-11,1.88388,1.8771500000000001,1.8869899999999999,1.8904700000000001,1.89402
2019-01-14,1.8859699999999999,1.8728100000000001,1.88364,1.8891600000000002,1.8950499999999999
2019-01-15,1.8919100000000002,1.8857599999999999,1.8972200000000001,1.9028,1.9079700000000002
2019-01-16,1.9137899999999999,1.9067799999999999,1.91672,1.9209400000000001,1.9257
2019-01-17,1.9146199999999998,1.8952100000000001,1.9071,1.91292,1.9191500000000001
2019-01-18,1.92564,1.93283,1.9465799999999998,1.95235,1.9584000000000001
2019-01-21,1.92814,1.9227000000000001,1.9357599999999999,1.9418399999999998,1.9470100000000001
2019-01-22,1.9289700000000001,1.8806499999999999,1.8862000000000001,1.8886400000000001,1.8935400000000002
2019-01-23,1.9082600000000001,1.88645,1.8935799999999998,1.8963700000000001,1.9009800000000001
2019-01-24,1.9094199999999999,1.8523999999999998,1.8556199999999998,1.8580099999999999,1.86331
2019-01-25,1.9102000000000001,1.8672399999999998,1.87425,1.88188,1.89259
2019-01-28,1.9125099999999999,1.8604599999999998,1.8653599999999999,1.8724399999999999,1.88297
2019-01-29,1.9019899999999998,1.8369,1.8405500000000001,1.8479099999999997,1.8588500000000001
2019-01-30,1.8800000000000001,1.8041600000000002,1.8072899999999998,1.8173299999999999,1.8319599999999998
2019-01-31,1.8476200000000003,1.7608700000000002,1.76101,1.7695200000000002,1.7835400000000001
2019-02-01,1.85958,1.8237400000000001,1.83189,1.8450899999999999,1.8623399999999999
2019-02-04,1.8735900000000001,1.8281700000000001,1.8383400000000001,1.8528499999999999,1.87015
2019-02-05,1.87347,1.8204399999999998,1.82795,1.8398600000000001,1.8546900000000002
2019-02-06,1.8506000000000002,1.8024499999999999,1.8094599999999998,1.8214500000000002,1.8364200000000002
2019-02-07,1.8071699999999999,1.75203,1.7584599999999999,1.7713099999999999,1.7871999999999999
2019-02-08,1.8171300000000001,1.7658,1.7715600000000002,1.7833399999999999,1.7981400000000001
2019-02-11,1.8284100000000001,1.7850899999999998,1.7924499999999999,1.80548,1.8215599999999998
2019-02-12,1.8393199999999998,1.7913399999999999,1.79864,1.8122400000000001,1.8291200000000001
2019-02-13,1.8393799999999998,1.8078099999999999,1.8152299999999999,1.8279799999999999,1.8441699999999999
2019-02-14,1.8189600000000001,1.7606299999999999,1.7640499999999999,1.7751800000000002,1.79034
2019-02-15,1.8088599999999999,1.77034,1.77613,1.7882100000000001,1.8039400000000001
2019-02-19,1.8308000000000002,1.76946,1.7719200000000002,1.7825899999999999,1.7981199999999999
2019-02-20,1.8311299999999999,1.7664900000000001,1.77037,1.7835400000000001,1.80142
2019-02-21,1.8314699999999999,1.7850899999999998,1.7904199999999999,1.80376,1.82142
2019-02-22,1.82161,1.7749299999999999,1.77715,1.78684,1.80121
2019-02-25,1.8226,1.77708,1.7794999999999999,1.7897799999999999,1.80494
2019-02-26,1.8014800000000002,1.7495000000000001,1.7499,1.7595699999999999,1.7744699999999998
2019-02-27,1.81193,1.7720199999999999,1.77573,1.7904900000000001,1.81125
2019-02-28,1.80202,1.7754200000000002,1.78338,1.8034000000000001,1.82925
2019-03-01,1.8022900000000002,1.7647800000000002,1.7739799999999999,1.7954000000000001,1.8226300000000002
2019-03-04,1.8031299999999999,1.7448399999999999,1.7461100000000001,1.75919,1.7804500000000001
2019-03-05,1.8048999999999999,1.7347600000000001,1.7347600000000001,1.74857,1.7697399999999999
2019-03-06,1.7379700000000002,1.6738200000000001,1.67161,1.6830700000000001,1.7026699999999999
2019-03-07,1.7044199999999998,1.6207499999999999,1.6155599999999999,1.62636,1.64585
2019-03-08,1.6840299999999999,1.6476999999999999,1.6435000000000002,1.6494800000000001,1.6629499999999999
2019-03-11,1.6944699999999999,1.6554800000000001,1.6477300000000001,1.6493799999999998,1.6591000000000002
2019-03-12,1.69452,1.6479699999999999,1.6379000000000001,1.6366499999999999,1.6436200000000001
2019-03-13,1.7051299999999998,1.66662,1.65978,1.6604299999999999,1.6684500000000002
2019-03-14,1.7048000000000001,1.6574200000000001,1.64995,1.6524000000000001,1.6627200000000002
2019-03-15,1.6840299999999999,1.6249500000000001,1.61409,1.6116299999999999,1.6183900000000002
2019-03-18,1.6840299999999999,1.6303300000000001,1.6179599999999998,1.6132299999999999,1.6184799999999999
2019-03-19,1.7166899999999998,1.6488800000000001,1.6380300000000001,1.63388,1.63811
2019-03-20,1.6840199999999999,1.6084700000000001,1.58687,1.57477,1.5755399999999999
2019-03-21,1.6840199999999999,1.6033900000000001,1.5850199999999999,1.5791599999999999,1.5833699999999999
2019-03-22,1.6517500000000001,1.5377399999999999,1.51275,1.50403,1.5075799999999999
2019-03-25,1.63968,1.48434,1.45983,1.45519,1.46285
2019-03-26,1.65076,1.5024900000000001,1.47559,1.4690099999999999,1.4757100000000001
2019-03-27,1.6285399999999999,1.4631000000000001,1.4351100000000001,1.4326399999999999,1.4438
2019-03-28,1.6510799999999999,1.4884299999999999,1.4605299999999999,1.4559800000000001,1.4643700000000002
2019-03-29,1.69546,1.5524,1.5264500000000001,1.52329,1.5330999999999999
2019-04-01,1.7188399999999999,1.6009499999999999,1.5808599999999999,1.5833199999999998,1.5981399999999999
2019-04-02,1.70848,1.5610600000000001,1.5401800000000001,1.54603,1.5644399999999998
2019-04-03,1.7120599999999999,1.58996,1.5669,1.57179,1.59094
2019-04-04,1.70435,1.5803500000000001,1.55532,1.55949,1.57891
2019-04-05,1.70252,1.5980500000000002,1.56924,1.5699700000000001,1.5871300000000002
2019-04-08,1.7387799999999998,1.6208899999999997,1.5931000000000002,1.59674,1.61711
2019-04-09,1.7434799999999999,1.6098399999999999,1.5812599999999999,1.5867800000000001,1.6088200000000001
2019-04-10,1.74814,1.5859700000000001,1.5528,1.5579799999999999,1.5794900000000001
2019-04-11,1.75278,1.61104,1.57863,1.5837600000000001,1.6060700000000001
2019-04-12,1.7573799999999999,1.6500399999999997,1.6256599999999999,1.63601,1.66188
2019-04-15,1.7709800000000002,1.6191799999999998,1.5920099999999999,1.6030099999999998,1.6299899999999998
2019-04-16,1.7754300000000001,1.6475199999999999,1.62114,1.6311200000000001,1.65743
2019-04-17,1.7798499999999999,1.6726399999999999,1.6465799999999999,1.65544,1.68038
2019-04-18,1.7842199999999999,1.63629,1.6042500000000002,1.61134,1.6351800000000001
2019-04-22,1.8012699999999999,1.6314599999999999,1.59673,1.6075999999999999,1.6376999999999999
2019-04-23,1.80541,1.58541,1.54887,1.5620800000000001,1.5950900000000001
2019-04-24,1.69302,1.52257,1.4847600000000001,1.4910700000000001,1.51746
2019-04-25,1.71574,1.5635400000000002,1.5272700000000001,1.53227,1.55674
2019-04-26,1.7158,1.55924,1.5209300000000001,1.5244499999999999,1.54704
2019-04-29,1.7152500000000002,1.5725800000000001,1.53965,1.54837,1.5754299999999999
2019-04-30,1.7218599999999999,1.5721099999999999,1.5343,1.538,1.56185
2019-05-01,1.72702,1.58388,1.5467500000000001,1.5484500000000001,1.5687799999999998
2019-05-02,1.7253399999999999,1.6304800000000002,1.6027499999999999,1.6086900000000002,1.6310600000000002
2019-05-03,1.7353500000000002,1.64933,1.6221099999999999,1.62565,1.64459
2019-05-06,1.71713,1.6267500000000001,1.5956999999999999,1.5965699999999998,1.6130499999999999
2019-05-07,1.6965999999999999,1.5843800000000001,1.54938,1.54972,1.5659099999999999
2019-05-08,1.7120799999999998,1.5946499999999999,1.5630999999999999,1.56704,1.5857699999999999
2019-05-09,1.6910700000000001,1.5883999999999998,1.5555099999999999,1.55762,1.5746500000000001
2019-05-10,1.7185999999999999,1.6415599999999999,1.6111400000000002,1.6115200000000001,1.6260199999999998
2019-05-13,1.7250399999999999,1.5916199999999998,1.55288,1.5487499999999998,1.56074
2019-05-14,1.7504999999999999,1.6141200000000002,1.5777099999999999,1.57552,1.5891700000000002
2019-05-15,1.7348700000000001,1.58891,1.5476999999999999,1.54339,1.5562
2019-05-16,1.7348700000000001,1.5932900000000001,1.5582800000000001,1.5590299999999999,1.5745400000000001
2019-05-17,1.7463800000000003,1.6118699999999999,1.5773999999999999,1.5764500000000001,1.58962
2019-05-21,1.76816,1.68093,1.6519999999999999,1.6494499999999999,1.6600400000000002
2019-05-22,1.76888,1.66676,1.6322400000000001,1.6243099999999999,1.6303700000000001
2019-05-23,1.7246999999999999,1.5899900000000002,1.5475300000000001,1.5378499999999999,1.5452000000000001
2019-05-24,1.7240700000000002,1.5658999999999998,1.5180400000000001,1.50658,1.5144
2019-05-27,1.7239800000000001,1.55315,1.5021100000000001,1.4883499999999998,1.49438
2019-05-28,1.7239500000000001,1.53979,1.48614,1.47228,1.4780899999999999
2019-05-29,1.7145299999999999,1.53653,1.4824999999999999,1.4694799999999999,1.47655
2019-05-30,1.7129300000000001,1.52739,1.4690699999999999,1.45299,1.4582899999999999
2019-05-31,1.6603600000000001,1.43842,1.3774700000000002,1.3663799999999999,1.3785800000000001
2019-06-03,1.6631400000000001,1.38096,1.3106,1.29593,1.3077800000000002
2019-06-04,1.6530199999999999,1.39083,1.3333200000000001,1.32995,1.34897
2019-06-05,1.62676,1.3492300000000002,1.2910700000000002,1.29158,1.3147499999999999
2019-06-06,1.6632500000000001,1.39646,1.3343700000000001,1.3285800000000001,1.34616
2019-06-07,1.66269,1.4135800000000001,1.3511799999999998,1.3412999999999999,1.3520000000000001
2019-06-10,1.68336,1.46837,1.41022,1.4020599999999999,1.4157899999999999
2019-06-11,1.7047199999999998,1.4913400000000001,1.43129,1.4204100000000002,1.43177
2019-06-12,1.69381,1.45797,1.3964799999999999,1.3872499999999999,1.3997000000000002
2019-06-13,1.6726100000000002,1.40927,1.34798,1.3421799999999999,1.35704
2019-06-14,1.6559399999999997,1.4024399999999999,1.33517,1.3249199999999999,1.3390300000000002
2019-06-17,1.6728000000000001,1.4113199999999999,1.3425499999999999,1.32961,1.3414600000000001
2019-06-18,1.66147,1.4148700000000001,1.3403999999999998,1.32128,1.32857
2019-06-19,1.70669,1.41811,1.34375,1.3284,1.3397299999999999
2019-06-20,1.6612499999999999,1.41442,1.3428900000000001,1.3287899999999999,1.34233
2019-06-21,1.69546,1.4442900000000001,1.37571,1.36311,1.3769
2019-06-24,1.67241,1.4159700000000002,1.3496700000000001,1.33972,1.3549100000000001
2019-06-25,1.6723499999999998,1.41418,1.3439100000000002,1.33006,1.3417600000000001
2019-06-26,1.6949599999999998,1.4716099999999999,1.4073499999999999,1.3957000000000002,1.4078299999999999
2019-06-27,1.6958000000000002,1.4544599999999999,1.38697,1.37405,1.3848900000000002
2019-06-28,1.70767,1.48106,1.4120600000000001,1.3952799999999999,1.40137
2019-07-02,1.7081200000000001,1.48793,1.4212799999999999,1.4056999999999999,1.4117200000000001
2019-07-03,1.7151099999999999,1.5030600000000001,1.43052,1.4084099999999999,1.4086400000000001
2019-07-04,1.7149700000000001,1.5303599999999999,1.4637799999999999,1.4431400000000001,1.4416
2019-07-05,1.7460500000000001,1.62327,1.5703800000000001,1.54853,1.5434399999999999
2019-07-08,1.74705,1.66899,1.6218300000000001,1.5950599999999999,1.5817600000000001
2019-07-09,1.7519500000000001,1.63144,1.5877100000000002,1.5687500000000001,1.5630899999999999
2019-07-10,1.7262599999999999,1.5756699999999999,1.5376000000000001,1.52986,1.5361100000000001
2019-07-11,1.72637,1.5963399999999999,1.56236,1.55776,1.5662499999999999
2019-07-12,1.72051,1.5734499999999998,1.5384599999999999,1.5353999999999999,1.5461400000000001
2019-07-15,1.7257600000000002,1.5595400000000001,1.5170599999999999,1.5101599999999999,1.51973
2019-07-16,1.73146,1.5624799999999999,1.5186299999999999,1.51119,1.5214699999999999
2019-07-17,1.7258800000000001,1.5223599999999999,1.4658600000000002,1.4529000000000001,1.4606399999999999
2019-07-18,1.6815799999999999,1.48776,1.4249499999999999,1.40967,1.4170700000000001
2019-07-19,1.68146,1.49516,1.4336099999999998,1.41811,1.4248699999999999
2019-07-22,1.6578999999999999,1.472,1.40967,1.395,1.4029099999999999
2019-07-23,1.6642600000000001,1.4823599999999999,1.41865,1.40157,1.4075499999999999
2019-07-24,1.659,1.4571000000000001,1.3919300000000001,1.37425,1.3780399999999999
2019-07-25,1.6588499999999999,1.4708000000000001,1.4050099999999999,1.38496,1.3867700000000001
2019-07-26,1.6646000000000001,1.4944999999999999,1.4298599999999999,1.4083699999999999,1.4069699999999998
2019-07-29,1.6788000000000001,1.5064500000000001,1.4435200000000001,1.42411,1.4233799999999999
2019-07-30,1.6735199999999999,1.5441699999999998,1.48186,1.4562600000000001,1.4489399999999999
2019-07-31,1.67875,1.5751600000000001,1.5111599999999998,1.4790599999999998,1.4651400000000001
2019-08-01,1.6579400000000002,1.4890099999999999,1.4197500000000001,1.3878599999999999,1.3743099999999999
2019-08-02,1.66269,1.47729,1.40785,1.3768799999999999,1.3629
2019-08-06,1.59294,1.3662000000000001,1.28142,1.2416199999999999,1.2230100000000002
2019-08-07,1.5496400000000001,1.35297,1.27288,1.2357899999999999,1.2176899999999999
2019-08-08,1.57616,1.3788200000000002,1.30084,1.2645,1.2448000000000001
2019-08-09,1.5881200000000002,1.4016499999999998,1.32823,1.29379,1.2747700000000002
2019-08-12,1.5470699999999999,1.3451,1.27078,1.2368300000000001,1.2162500000000001
2019-08-13,1.5743199999999999,1.39446,1.31887,1.2803100000000001,1.25526
2019-08-14,1.54251,1.3685900000000002,1.2871000000000001,1.2399899999999999,1.20564
2019-08-15,1.50776,1.3103500000000001,1.2291000000000001,1.1842699999999999,1.1509500000000001
2019-08-16,1.5400499999999999,1.3418299999999999,1.2671600000000001,1.22895,1.2
2019-08-19,1.55928,1.3686399999999999,1.2910700000000002,1.25177,1.22546
2019-08-20,1.5544499999999999,1.3543400000000001,1.2756000000000001,1.2356499999999999,1.20794
2019-08-21,1.56789,1.40831,1.3431299999999999,1.31019,1.28251
2019-08-22,1.5972900000000001,1.4658,1.3981399999999999,1.3587400000000001,1.32853
2019-08-23,1.54071,1.38029,1.3011900000000001,1.25397,1.2190400000000001
2019-08-26,1.5497099999999999,1.3995600000000001,1.3288,1.2883800000000001,1.25762
2019-08-27,1.53877,1.34324,1.2637,1.2194399999999999,1.18527
2019-08-28,1.52793,1.3328,1.2551400000000001,1.21305,1.18102
2019-08-29,1.5377800000000001,1.34535,1.26664,1.2241599999999999,1.1927399999999999
2019-08-30,1.53728,1.3546799999999999,1.2738,1.2298200000000001,1.1989300000000001
2019-09-03,1.5244199999999999,1.32769,1.2428299999999999,1.1945399999999999,1.1616
2019-09-04,1.54572,1.3363999999999998,1.2464899999999999,1.19459,1.1597299999999999
2019-09-05,1.6103699999999999,1.4517800000000001,1.3732899999999999,1.32681,1.2945
2019-09-06,1.6479899999999998,1.4871000000000001,1.4110499999999999,1.3637900000000001,1.3278000000000001
2019-09-09,1.6973400000000001,1.5489200000000001,1.4680900000000001,1.4143700000000001,1.37653
2019-09-10,1.7178499999999999,1.59639,1.5275800000000002,1.48193,1.4505399999999999
2019-09-11,1.7078500000000001,1.57917,1.51281,1.4706000000000001,1.4415199999999999
2019-09-12,1.7409699999999999,1.6033900000000001,1.53487,1.4910400000000001,1.4629700000000001
2019-09-13,1.75142,1.6350799999999999,1.5723399999999998,1.53288,1.5092299999999998
2019-09-16,1.7311699999999999,1.61982,1.5585800000000001,1.51756,1.4914099999999999
2019-09-17,1.7532699999999999,1.6088399999999998,1.54525,1.50308,1.47359
2019-09-18,1.7097999999999998,1.59849,1.5338700000000001,1.4889400000000002,1.4576
2019-09-19,1.7148400000000001,1.60165,1.5349200000000001,1.48709,1.45523
2019-09-20,1.7152000000000001,1.5772299999999999,1.5065,1.45516,1.4200000000000002
2019-09-23,1.6953,1.5600400000000001,1.4871099999999999,1.4347699999999999,1.3992499999999999
2019-09-24,1.68485,1.5182599999999999,1.43557,1.3780300000000001,1.3392999999999999
2019-09-25,1.6953499999999999,1.5834899999999998,1.51122,1.4599900000000001,1.42526
2019-09-26,1.7163000000000002,1.5684799999999999,1.4894799999999999,1.4355899999999999,1.39882
2019-09-27,1.7368700000000001,1.56958,1.4882599999999999,1.4331699999999998,1.39574
2019-09-30,1.73753,1.57745,1.49424,1.43645,1.39822
2019-10-01,1.71088,1.53302,1.4535400000000001,1.40323,1.3723700000000001
2019-10-02,1.6949700000000001,1.4879,1.40785,1.3639999999999999,1.3384200000000002
2019-10-03,1.6640999999999999,1.41205,1.3246100000000001,1.2785500000000001,1.25319
2019-10-04,1.6420299999999999,1.40435,1.31924,1.27478,1.2490700000000001
2019-10-07,1.66473,1.44519,1.36791,1.3285500000000001,1.3057400000000001
2019-10-08,1.6760600000000001,1.43544,1.35538,1.31473,1.29138
2019-10-09,1.68184,1.46566,1.3878599999999999,1.3464800000000001,1.3223400000000001
2019-10-10,1.7029300000000001,1.5292300000000001,1.45845,1.4198999999999999,1.3990499999999999
2019-10-11,1.75078,1.64276,1.5857300000000001,1.54711,1.5235099999999999
2019-10-15,1.7751200000000003,1.6767700000000001,1.6323899999999998,1.6025700000000001,1.5824100000000001
2019-10-16,1.7652899999999998,1.65896,1.6122000000000001,1.5803399999999999,1.56073
2019-10-17,1.75387,1.6670700000000001,1.62582,1.5962500000000002,1.57606
2019-10-18,1.73532,1.6522700000000001,1.6055199999999998,1.5729799999999998,1.55247
2019-10-21,1.7464299999999999,1.6681600000000001,1.6234100000000002,1.5923,1.5726599999999999
2019-10-22,1.73654,1.6397299999999999,1.5896600000000001,1.5547899999999999,1.5330599999999999
2019-10-23,1.7315299999999998,1.63361,1.5863100000000001,1.5544100000000001,1.53328
2019-10-24,1.7370900000000002,1.6482299999999999,1.6016099999999998,1.5688500000000001,1.5461199999999999
2019-10-25,1.74804,1.6714699999999998,1.6270699999999998,1.5945,1.5706199999999999
2019-10-28,1.75854,1.7173999999999998,1.68336,1.6569799999999999,1.6375600000000001
2019-10-29,1.76756,1.7080899999999999,1.66838,1.63923,1.61822
2019-10-30,1.6934199999999999,1.5702500000000001,1.5166300000000001,1.4846299999999999,1.4646399999999999
2019-10-31,1.6895299999999998,1.5283,1.4712100000000001,1.44119,1.42424
2019-11-01,1.6950699999999999,1.56169,1.51061,1.4832799999999999,1.4658199999999999
2019-11-04,1.7166399999999999,1.6082599999999998,1.5671999999999999,1.5458700000000001,1.5334000000000001
2019-11-05,1.7607600000000001,1.6449200000000002,1.6143500000000002,1.6029600000000002,1.5985699999999998
2019-11-06,1.7156999999999998,1.6012900000000001,1.5644899999999999,1.5474300000000001,1.53864
2019-11-07,1.7271399999999999,1.6395599999999999,1.6133499999999998,1.6023499999999999,1.5984100000000001
2019-11-08,1.71008,1.5938299999999999,1.56836,1.5623800000000001,1.5629199999999999
2019-11-12,1.7284299999999999,1.6100099999999999,1.5867300000000002,1.5809599999999999,1.58114
2019-11-13,1.7090000000000001,1.5854300000000001,1.5590899999999999,1.5486800000000001,1.5442100000000001
2019-11-14,1.6856300000000002,1.5477700000000001,1.51119,1.49319,1.48207
2019-11-15,1.6856800000000001,1.5607500000000001,1.52291,1.5024900000000001,1.4904600000000001
2019-11-18,1.68584,1.55575,1.51688,1.4974700000000001,1.4874800000000001
2019-11-19,1.6858899999999999,1.5331900000000001,1.4918900000000002,1.47078,1.45763
2019-11-20,1.6748200000000002,1.5237799999999999,1.48055,1.4562999999999999,1.4395800000000001
2019-11-21,1.7083399999999997,1.5720799999999999,1.5348499999999998,1.51336,1.4975099999999999
2019-11-22,1.70235,1.5911899999999999,1.54928,1.5219,1.50193
2019-11-25,1.7050200000000002,1.5989300000000002,1.55403,1.5241899999999999,1.5029300000000001
2019-11-26,1.7047199999999998,1.5785500000000001,1.5272399999999999,1.49346,1.46987
2019-11-27,1.72116,1.6087799999999999,1.56291,1.5327,1.5106700000000002
2019-11-28,1.7157800000000001,1.5987,1.55288,1.52363,1.50251
2019-11-29,1.7163000000000002,1.59246,1.5417699999999999,1.50912,1.48763
2019-12-03,1.6896499999999999,1.55999,1.5168999999999999,1.4942600000000001,1.4793799999999999
2019-12-04,1.7371999999999999,1.6410799999999999,1.60267,1.5807200000000001,1.5666900000000001
2019-12-05,1.7373099999999999,1.6811,1.6498599999999999,1.6307200000000002,1.61911
2019-12-06,1.72725,1.65446,1.6214200000000001,1.6027699999999998,1.59188
2019-12-09,1.7391899999999998,1.6711400000000001,1.6391800000000001,1.6204199999999997,1.6091199999999999
2019-12-10,1.7510299999999999,1.6703399999999999,1.6391499999999999,1.62164,1.6115299999999999
2019-12-11,1.7453799999999999,1.6588599999999998,1.6258499999999998,1.6068700000000002,1.5956399999999999
2019-12-12,1.7616400000000001,1.7003999999999999,1.67584,1.6643499999999998,1.6607500000000002
2019-12-13,1.7618600000000002,1.65829,1.6216699999999999,1.60124,1.59019
2019-12-16,1.7726999999999999,1.69289,1.6632600000000002,1.6472400000000003,1.6396899999999999
2019-12-17,1.7951700000000002,1.7040500000000001,1.6740499999999998,1.65669,1.6471900000000002
2019-12-18,1.81168,1.7290000000000001,1.7100199999999999,1.7017500000000001,1.69889
2019-12-19,1.7998099999999999,1.6964600000000001,1.6791,1.6736500000000001,1.6713100000000001
2019-12-20,1.7817099999999999,1.6592099999999999,1.63805,1.6320899999999998,1.6304200000000002
2019-12-23,1.7775699999999999,1.6802699999999999,1.6613800000000001,1.6551699999999998,1.6518299999999999
2019-12-24,1.7614000000000001,1.6722000000000001,1.6506699999999999,1.64253,1.6374099999999998
2019-12-27,1.7569999999999999,1.6674199999999999,1.6416199999999999,1.6290800000000001,1.6213000000000002
2019-12-30,1.7685500000000001,1.68079,1.66292,1.65964,1.6599099999999998
2019-12-31,1.7692699999999999,1.6965399999999999,1.67987,1.6791500000000001,1.68536
2020-01-02,1.75949,1.6667999999999998,1.6400600000000001,1.62981,1.6276200000000001
2020-01-03,1.7386999999999999,1.6146,1.5779499999999997,1.5599699999999999,1.5515099999999999
2020-01-06,1.7282900000000001,1.63449,1.6045400000000001,1.5926099999999999,1.58839
2020-01-07,1.7284299999999999,1.6404999999999998,1.60823,1.5933999999999999,1.5874699999999999
2020-01-08,1.73444,1.66455,1.637,1.6264399999999999,1.62344
2020-01-09,1.7303200000000001,1.6498300000000001,1.62015,1.60771,1.6035200000000001
2020-01-10,1.73051,1.6698299999999999,1.6361500000000002,1.6161700000000001,1.6046899999999999
2020-01-13,1.73062,1.6762800000000002,1.6424100000000001,1.62355,1.61402
2020-01-14,1.7152000000000001,1.6680299999999999,1.6295899999999999,1.6070500000000001,1.5948599999999999
2020-01-15,1.7102300000000001,1.63764,1.58982,1.5613600000000001,1.54525
2020-01-16,1.71055,1.6491499999999999,1.6086199999999999,1.58464,1.57056
2020-01-17,1.71044,1.6512200000000001,1.6126600000000002,1.5915100000000002,1.58022
2020-01-20,1.7161999999999999,1.6528,1.6144399999999999,1.5929700000000002,1.58108
2020-01-21,1.7054400000000001,1.62429,1.5755999999999999,1.5456599999999998,1.5279799999999999
2020-01-22,1.6636899999999999,1.5497500000000002,1.49916,1.47143,1.4572499999999999
2020-01-23,1.6531,1.5251399999999999,1.4704299999999999,1.4409000000000001,1.4258599999999999
2020-01-24,1.6420299999999999,1.4976,1.4373199999999999,1.4041700000000001,1.3859599999999999
2020-01-27,1.60971,1.44651,1.37706,1.33744,1.3165100000000001
2020-01-28,1.6309799999999999,1.49458,1.4323999999999999,1.39768,1.37981
2020-01-29,1.6082099999999999,1.47702,1.40581,1.36103,1.33483
2020-01-30,1.6092200000000001,1.4808399999999999,1.40754,1.3614599999999999,1.33592
2020-01-31,1.60334,1.4422900000000001,1.36416,1.3161499999999999,1.28932
2020-02-03,1.6071200000000001,1.4293500000000001,1.3510800000000001,1.3053000000000001,1.27867
2020-02-04,1.6287,1.48394,1.41276,1.3706700000000001,1.3474699999999999
2020-02-05,1.6402600000000001,1.5142600000000002,1.4530700000000001,1.4181300000000001,1.39964
2020-02-06,1.64175,1.5027300000000001,1.4399999999999999,1.40378,1.3842000000000001
2020-02-07,1.6298799999999998,1.4826000000000001,1.41421,1.37273,1.34914
2020-02-10,1.6175499999999998,1.45279,1.38547,1.3465799999999999,1.32484
2020-02-11,1.6252800000000001,1.4849899999999998,1.4205000000000001,1.38344,1.36344
2020-02-12,1.6535299999999999,1.5198400000000001,1.4575800000000001,1.42119,1.4021600000000001
2020-02-13,1.6429200000000002,1.5233399999999999,1.4609099999999999,1.4232899999999999,1.4029
2020-02-14,1.6428600000000002,1.4981599999999999,1.43605,1.4008100000000001,1.3811599999999999
2020-02-18,1.62087,1.47167,1.4092500000000001,1.37331,1.3525400000000001
2020-02-19,1.6425800000000002,1.4896,1.4307300000000001,1.3966799999999999,1.3762399999999999
2020-02-20,1.6264399999999999,1.45485,1.3936499999999998,1.3584000000000001,1.3366899999999999
2020-02-21,1.60049,1.42333,1.3615900000000001,1.3267199999999999,1.30555
2020-02-24,1.51864,1.3510599999999999,1.2834999999999999,1.2453099999999999,1.2227399999999999
2020-02-25,1.5013500000000002,1.3298700000000001,1.2607200000000001,1.22499,1.20669
2020-02-26,1.50708,1.3305600000000002,1.2660899999999999,1.2356499999999999,1.2217100000000001
2020-02-27,1.43703,1.26248,1.19831,1.17127,1.16113
2020-02-28,1.35025,1.15215,1.0998600000000001,1.0881800000000001,1.091
2020-03-02,1.2579099999999999,1.1819899999999999,1.1230800000000001,1.0936400000000002,1.0829299999999999
2020-03-03,1.1593,0.98557000000000006,0.92178000000000004,0.90037999999999996,0.90194000000000007
2020-03-04,1.0214099999999999,0.93496000000000001,0.89551000000000003,0.89015,0.9003199999999999
2020-03-05,0.85780000000000001,0.80437000000000003,0.75753999999999999,0.74729999999999996,0.75798999999999994
2020-03-06,0.70935999999999999,0.71726000000000001,0.68186000000000002,0.67096999999999996,0.67608000000000001
2020-03-09,0.53612000000000004,0.53888999999999998,0.52585000000000004,0.53568000000000005,0.53683000000000003
2020-03-10,0.59245000000000003,0.56152999999999997,0.57008999999999999,0.58969000000000005,0.60108000000000006
2020-03-11,0.49630000000000002,0.51487000000000005,0.51824000000000003,0.54391999999999996,0.56786000000000003
2020-03-12,0.55576999999999999,0.49081000000000002,0.49401,0.52126000000000006,0.54557
2020-03-13,0.39061000000000001,0.52971999999999997,0.57211000000000001,0.62095,0.67032999999999998
2020-03-16,0.25641999999999998,0.49385999999999997,0.54183000000000003,0.59075999999999995,0.63466
2020-03-17,0.37723000000000001,0.66222999999999999,0.72684000000000004,0.77387000000000006,0.80991000000000002
2020-03-18,0.37690000000000001,0.73511000000000004,0.82821000000000011,0.89397000000000004,0.94138999999999995
2020-03-19,0.40137,0.67968000000000006,0.75780999999999998,0.81863000000000008,0.86738000000000004
2020-03-20,0.40115000000000001,0.61080999999999996,0.68606999999999996,0.73889000000000005,0.77310000000000001
2020-03-23,0.36262,0.55567,0.61978,0.65851000000000004,0.68060999999999994
2020-03-24,0.43436000000000002,0.63963999999999999,0.69818000000000002,0.72709000000000001,0.74185999999999996
2020-03-25,0.42283999999999999,0.66258000000000006,0.72928999999999999,0.76452000000000009,0.7823
2020-03-26,0.39474000000000004,0.64054,0.70495999999999992,0.73759000000000008,0.752
2020-03-27,0.25030999999999998,0.47304000000000002,0.55681999999999998,0.60370999999999997,0.62331999999999999
2020-03-30,0.30760999999999999,0.47070000000000001,0.55139000000000005,0.60331000000000001,0.63261000000000001
2020-03-31,0.36956,0.45186999999999994,0.53186,0.58758999999999995,0.61214000000000002
2020-04-01,0.35831999999999997,0.43270000000000003,0.49994999999999995,0.54488999999999999,0.55974999999999997
2020-04-02,0.34856000000000004,0.44240000000000002,0.51710999999999996,0.56962000000000002,0.59027999999999992
2020-04-03,0.36142000000000002,0.43206,0.50657999999999992,0.56381000000000003,0.58925000000000005
2020-04-06,0.40355000000000002,0.46290000000000003,0.55044999999999999,0.61599999999999999,0.64329000000000003
2020-04-07,0.46403,0.46811999999999998,0.56013000000000002,0.63848000000000005,0.67884
2020-04-08,0.46453,0.43601999999999996,0.52906999999999993,0.60952000000000006,0.65189999999999992
2020-04-09,0.45586000000000004,0.39854000000000001,0.48658000000000001,0.56144000000000005,0.59816000000000003
2020-04-13,0.45827999999999997,0.38952999999999999,0.47004000000000001,0.54013,0.57571000000000006
2020-04-14,0.4345,0.36976999999999999,0.44340999999999997,0.51188999999999996,0.54932000000000003
2020-04-15,0.38457000000000002,0.33283000000000001,0.38513000000000003,0.43099000000000004,0.45235999999999998
2020-04-16,0.37563999999999997,0.33498,0.38114999999999999,0.42129000000000005,0.44
2020-04-17,0.38777,0.35100000000000003,0.39735999999999999,0.44063000000000002,0.46449999999999997
2020-04-20,0.38908999999999999,0.34329999999999999,0.38758999999999999,0.42971999999999999,0.45377999999999996
2020-04-21,0.35720999999999997,0.32239999999999996,0.36625000000000002,0.40419999999999995,0.42287999999999998
2020-04-22,0.35755000000000003,0.32985999999999999,0.38628000000000001,0.43243999999999999,0.45583000000000001
2020-04-23,0.35089000000000004,0.32035999999999998,0.38257000000000002,0.43245999999999996,0.45450000000000002
2020-04-27,0.34223000000000003,0.32745000000000002,0.38675999999999999,0.43781000000000003,0.46537000000000001
2020-04-28,0.33121,0.29970999999999998,0.35482000000000002,0.40306999999999998,0.42748999999999998
2020-04-29,0.32090000000000002,0.29621000000000003,0.34788000000000002,0.39198,0.41436000000000001
2020-04-30,0.32314999999999999,0.28544999999999998,0.31855999999999995,0.35760999999999998,0.38690999999999998
2020-05-01,0.32349,0.28495999999999999,0.31329999999999997,0.34808,0.37491999999999998
2020-05-04,0.32447999999999999,0.28860999999999998,0.3362,0.38007000000000002,0.40756999999999999
2020-05-05,0.33340999999999998,0.28719,0.33495999999999998,0.37829999999999997,0.40417999999999998
2020-05-06,0.32358999999999999,0.28919,0.34317999999999999,0.39604,0.43235000000000001
2020-05-07,0.31839000000000001,0.25658000000000003,0.28982999999999998,0.33411999999999997,0.37041999999999997
2020-05-08,0.30220999999999998,0.25627,0.29943000000000003,0.34872999999999998,0.38756000000000002
2020-05-11,0.30807999999999996,0.26056000000000001,0.30118,0.34828999999999999,0.38675999999999999
2020-05-12,0.30265000000000003,0.25344,0.29035,0.33373000000000003,0.36814999999999998
2020-05-13,0.29272999999999999,0.25989000000000001,0.29586000000000001,0.33873000000000003,0.37467999999999996
2020-05-14,0.29283999999999999,0.24967,0.28855000000000003,0.33267999999999998,0.36759999999999998
2020-05-15,0.29294999999999999,0.25561,0.29553000000000001,0.34093000000000001,0.37767000000000001
2020-05-19,0.28763,0.27878999999999998,0.33230999999999999,0.38442999999999999,0.42373000000000005
2020-05-20,0.28192999999999996,0.28134999999999999,0.32993,0.37793000000000004,0.41320000000000001
2020-05-21,0.29047000000000001,0.27896000000000004,0.33123999999999998,0.38311000000000001,0.41843999999999998
2020-05-22,0.29581999999999997,0.26549,0.30520999999999998,0.34550999999999998,0.37391999999999997
2020-05-25,0.29639000000000004,0.25741999999999998,0.29377000000000003,0.33080000000000004,0.35699999999999998
2020-05-26,0.28105000000000002,0.27892,0.32212999999999997,0.36510999999999999,0.39753999999999995
2020-05-27,0.28116000000000002,0.27461000000000002,0.32372999999999996,0.36965000000000003,0.40075
2020-05-28,0.27604000000000001,0.27573999999999999,0.32696000000000003,0.37425000000000003,0.40670999999999996
2020-05-29,0.27085999999999999,0.25575999999999999,0.30043000000000003,0.34264,0.37192000000000003
2020-06-01,0.27101999999999998,0.26344000000000001,0.30571999999999999,0.34642000000000001,0.37628
2020-06-02,0.27322999999999997,0.26349,0.30325999999999997,0.34212999999999999,0.37189
2020-06-03,0.28425,0.29260000000000003,0.34636,0.39687000000000006,0.43581999999999999
2020-06-04,0.29537000000000002,0.29947000000000001,0.35815999999999998,0.41572999999999999,0.46309999999999996
2020-06-05,0.29570000000000002,0.32389000000000001,0.39232,0.45750000000000002,0.50985999999999998
2020-06-08,0.29669000000000001,0.29666999999999999,0.35947000000000001,0.42057,0.46878999999999998
2020-06-09,0.28589000000000003,0.27910999999999997,0.33586000000000005,0.39023999999999998,0.43370999999999998
2020-06-10,0.27055000000000001,0.25767000000000001,0.29485,0.33502999999999999,0.37220999999999999
2020-06-11,0.26517000000000002,0.25140000000000001,0.28842000000000001,0.32463000000000003,0.35431000000000001
2020-06-12,0.26538999999999996,0.25330000000000003,0.28833000000000003,0.32356000000000001,0.35464000000000001
2020-06-15,0.26606000000000002,0.25668000000000002,0.28600999999999999,0.31586999999999998,0.34423000000000004
2020-06-17,0.26649999999999996,0.26258999999999999,0.29786999999999997,0.33189999999999997,0.36175999999999997
2020-06-18,0.27093,0.26538,0.30034,0.33295000000000002,0.36063000000000001
2020-06-19,0.26948,0.2681,0.30379,0.33882000000000001,0.36947000000000002
2020-06-22,0.27581,0.26768000000000003,0.30517,0.34225,0.37444
2020-06-23,0.27596999999999999,0.26966000000000001,0.30885000000000001,0.34703000000000001,0.37966
2020-06-24,0.27151999999999998,0.26511000000000001,0.29932000000000003,0.33417000000000002,0.36581999999999998
2020-06-25,0.27168999999999999,0.26333000000000001,0.29520000000000002,0.32724999999999999,0.35580000000000001
2020-06-26,0.27233999999999997,0.25507000000000002,0.28760999999999998,0.31955,0.34709000000000001
2020-06-29,0.27299999999999996,0.25563000000000002,0.28795999999999999,0.31995999999999997,0.34792000000000001
2020-06-30,0.27859,0.25474999999999998,0.28631000000000001,0.31874999999999998,0.34897
2020-07-02,0.27827000000000002,0.26196999999999998,0.29652000000000001,0.33385999999999999,0.37017
2020-07-03,0.27845999999999999,0.26585999999999999,0.29675000000000001,0.33022000000000001,0.36456
2020-07-06,0.27904000000000001,0.25834000000000001,0.29160999999999998,0.32727000000000001,0.36126999999999998
2020-07-07,0.27366999999999997,0.24417000000000003,0.27231,0.30251,0.33138000000000001
2020-07-08,0.27498,0.25747000000000003,0.28804999999999997,0.32049,0.35303000000000001
2020-07-09,0.27640999999999999,0.24534,0.27263999999999999,0.30014999999999997,0.32666000000000001
2020-07-10,0.27668999999999999,0.25187999999999999,0.27979999999999999,0.30885000000000001,0.33865000000000001
2020-07-13,0.27751999999999999,0.25006,0.27710999999999997,0.30732999999999999,0.33846999999999999
2020-07-14,0.27927000000000002,0.24529999999999999,0.27277000000000001,0.30352999999999997,0.33531
2020-07-15,0.27463000000000004,0.24137,0.27133000000000002,0.30465000000000003,0.33706000000000003
2020-07-16,0.2707,0.23322000000000001,0.26025000000000004,0.29026000000000002,0.31890000000000002
2020-07-17,0.27101999999999998,0.23959,0.26786000000000004,0.29919000000000001,0.33022000000000001
2020-07-20,0.26199,0.23712999999999998,0.26457999999999998,0.29519000000000001,0.32578000000000001
2020-07-21,0.24678,0.23776999999999998,0.26706999999999997,0.29879,0.32932
2020-07-22,0.24704000000000001,0.23663999999999999,0.26544000000000001,0.29648000000000002,0.32588
2020-07-23,0.23725000000000002,0.23898,0.26935000000000003,0.30043000000000003,0.32865
2020-07-24,0.23749999999999999,0.23903000000000002,0.26664000000000004,0.29529,0.32279000000000002
2020-07-27,0.23825000000000002,0.24407000000000001,0.27361000000000002,0.30347999999999997,0.33251999999999998
2020-07-28,0.23313,0.23224,0.25718000000000002,0.28159000000000001,0.30401999999999996
2020-07-29,0.23411999999999999,0.23172000000000001,0.25623000000000001,0.28021999999999997,0.30268
2020-07-30,0.22395999999999999,0.22696,0.24765000000000001,0.26791999999999999,0.28758999999999996
2020-07-31,0.22376000000000001,0.22691,0.24762000000000001,0.26991999999999999,0.29377999999999999
2020-08-04,0.22353999999999999,0.22155999999999998,0.23960999999999999,0.25890999999999997,0.27862999999999999
2020-08-05,0.21811999999999998,0.23638000000000001,0.25938,0.28573000000000004,0.31559999999999999
2020-08-06,0.21385000000000001,0.22975000000000001,0.24943000000000001,0.27017999999999998,0.29281000000000001
2020-08-07,0.21400999999999998,0.23368999999999998,0.25061,0.27062000000000003,0.29577000000000003
2020-08-10,0.21451000000000001,0.23586000000000001,0.25554000000000004,0.27810000000000001,0.30502000000000001
2020-08-11,0.21894000000000002,0.24704999999999999,0.27915000000000001,0.31522,0.35167000000000004
2020-08-12,0.21908000000000002,0.25730000000000003,0.29561999999999999,0.33737,0.37897999999999998
2020-08-13,0.21340999999999999,0.28084999999999999,0.31997000000000003,0.36018,0.40248999999999996
2020-08-14,0.21351999999999999,0.27206000000000002,0.30682999999999999,0.34392,0.38424000000000003
2020-08-17,0.20046999999999998,0.26185999999999998,0.29411999999999999,0.32727000000000001,0.36362
2020-08-18,0.20052999999999999,0.2586,0.28686,0.31630999999999998,0.35016000000000003
2020-08-19,0.21637999999999999,0.26223000000000002,0.29172999999999999,0.32334000000000002,0.35960999999999999
2020-08-20,0.21656000000000003,0.25669999999999998,0.28275,0.30972,0.3417
2020-08-21,0.21695999999999999,0.2586,0.28456999999999999,0.30865999999999999,0.33639000000000002
2020-08-24,0.21754000000000001,0.25778000000000001,0.28809999999999997,0.31712000000000001,0.34865999999999997
2020-08-25,0.22309999999999999,0.26655000000000001,0.30330000000000001,0.33939999999999998,0.37691999999999998
2020-08-26,0.22948000000000002,0.26718999999999998,0.30491000000000001,0.34329999999999999,0.38357999999999998
2020-08-27,0.23019999999999999,0.27204999999999996,0.31318999999999997,0.35613,0.40306999999999998
2020-08-28,0.22507999999999997,0.25706000000000001,0.29149000000000003,0.32885999999999999,0.37181999999999998
2020-08-31,0.22598000000000001,0.25213000000000002,0.28694999999999998,0.32327,0.36506
2020-09-01,0.23130000000000001,0.24181,0.26766000000000001,0.29808000000000001,0.33551999999999998
2020-09-02,0.22601000000000002,0.2382,0.26121,0.28878999999999999,0.32299
2020-09-03,0.22066999999999998,0.23869999999999997,0.26140999999999998,0.28836000000000001,0.32141000000000003
2020-09-04,0.22656000000000001,0.25061,0.28311999999999998,0.31883,0.35907
2020-09-08,0.22518999999999997,0.24126,0.26898,0.30125000000000002,0.33829999999999999
2020-09-09,0.22043000000000001,0.24503,0.27501000000000003,0.30858999999999998,0.34759000000000001
2020-09-10,0.22066999999999998,0.23919000000000001,0.26727000000000001,0.29788999999999999,0.33309
2020-09-11,0.22092999999999999,0.23774000000000001,0.26474999999999999,0.29321999999999998,0.32579000000000002
2020-09-14,0.22166999999999998,0.23487999999999998,0.26572000000000001,0.29611999999999999,0.32873999999999998
2020-09-15,0.22191,0.23701999999999998,0.26740999999999998,0.29710000000000003,0.32900999999999997
2020-09-16,0.22215999999999997,0.23746,0.26706999999999997,0.29658000000000001,0.32978999999999997
2020-09-17,0.22241000000000002,0.23557,0.26618999999999998,0.29759000000000002,0.33311999999999997
2020-09-18,0.22265000000000001,0.23533999999999999,0.26867000000000002,0.30237999999999998,0.33939999999999998
2020-09-21,0.22339999999999999,0.23181000000000002,0.26191999999999999,0.29231999999999997,0.32569000000000004
2020-09-22,0.22364000000000001,0.23139999999999999,0.26353000000000004,0.29553999999999997,0.32948
2020-09-23,0.22390000000000002,0.23100999999999999,0.26032,0.29059000000000001,0.32461000000000001
2020-09-24,0.21722,0.22953000000000001,0.25974000000000003,0.29100999999999999,0.32586999999999999
2020-09-25,0.21269000000000002,0.22969000000000001,0.2581,0.28641,0.31849
2020-09-28,0.21351999999999999,0.22572,0.25561,0.28578000000000003,0.31946999999999998
2020-09-29,0.20879000000000003,0.21846000000000002,0.25004999999999999,0.28015000000000001,0.312
2020-09-30,0.20366000000000001,0.22409000000000001,0.25858999999999999,0.29171000000000002,0.32780000000000004
2020-10-01,0.19891,0.22044,0.25378000000000001,0.28351999999999999,0.31625999999999999
2020-10-02,0.19369999999999998,0.21538999999999997,0.25183,0.28393000000000002,0.31790000000000002
2020-10-05,0.19437000000000001,0.22123999999999999,0.26418000000000003,0.30236000000000002,0.34272000000000002
2020-10-06,0.19012000000000001,0.21267999999999998,0.25162000000000001,0.28500000000000003,0.32017999999999996
2020-10-07,0.19094,0.21811,0.27235999999999999,0.31795999999999996,0.35994999999999999
2020-10-08,0.18559999999999999,0.21248,0.26107999999999998,0.30576999999999999,0.34919
2020-10-09,0.18584999999999999,0.20412999999999998,0.26094999999999996,0.31059999999999999,0.35582999999999998
2020-10-13,0.18906999999999999,0.19838999999999998,0.24403,0.27832999999999997,0.31279000000000001
2020-10-14,0.18940000000000001,0.19147,0.24840999999999999,0.29413999999999996,0.33291999999999999
2020-10-15,0.17038999999999999,0.18318000000000001,0.24302999999999997,0.28969999999999996,0.32711000000000001
2020-10-16,0.17064000000000001,0.18370999999999998,0.24543999999999999,0.29063,0.32602999999999999
2020-10-19,0.17138,0.19132000000000002,0.25523999999999997,0.30015999999999998,0.33542
2020-10-20,0.17163,0.192,0.26136000000000004,0.31031999999999998,0.34820000000000001
2020-10-21,0.17708000000000002,0.19053,0.26152999999999998,0.31161,0.34982000000000002
2020-10-22,0.17213000000000001,0.20581000000000002,0.27864,0.33149000000000001,0.37529000000000001
2020-10-23,0.17237000000000002,0.20679999999999998,0.27468000000000004,0.32407000000000002,0.36579
2020-10-26,0.17779,0.20646000000000003,0.27541000000000004,0.32325000000000004,0.36183999999999999
2020-10-27,0.17837,0.20951,0.27143,0.31697999999999998,0.35535
2020-10-28,0.17321999999999999,0.21737000000000001,0.27139000000000002,0.31184000000000001,0.34843000000000002
2020-10-29,0.18428,0.22891999999999998,0.28955999999999998,0.33246999999999999,0.3695
2020-10-30,0.19458,0.23845,0.29874000000000001,0.34387000000000001,0.38519999999999999
2020-11-02,0.18986999999999998,0.23736000000000002,0.29672999999999999,0.34107999999999999,0.37966
2020-11-03,0.20124,0.24929999999999999,0.31355,0.36385000000000001,0.40828000000000003
2020-11-04,0.18478,0.23881000000000002,0.29117999999999999,0.33331,0.37201000000000001
2020-11-05,0.18499000000000002,0.23489000000000002,0.28737000000000001,0.33051000000000003,0.37047000000000002
2020-11-06,0.19086,0.23808000000000001,0.29994999999999999,0.34664,0.38666999999999996
2020-11-09,0.20734999999999998,0.26433000000000001,0.34039000000000003,0.40432000000000001,0.46122999999999997
2020-11-10,0.20733000000000001,0.24537,0.33367999999999998,0.41281000000000001,0.47421000000000002
2020-11-12,0.20086000000000001,0.24516999999999997,0.32432,0.38786999999999999,0.44060999999999995
2020-11-13,0.20119000000000001,0.25447999999999998,0.33324999999999999,0.39556000000000002,0.44850000000000001
2020-11-16,0.20219000000000001,0.26091999999999999,0.33413000000000004,0.39296000000000003,0.44618000000000002
2020-11-17,0.20233000000000001,0.2545,0.32322000000000001,0.37526999999999999,0.4214
2020-11-18,0.20263,0.25891999999999998,0.32929000000000003,0.38240999999999997,0.42919999999999997
2020-11-19,0.20294000000000001,0.25750999999999996,0.32849,0.37944,0.42266999999999999
2020-11-20,0.20324000000000003,0.25481999999999999,0.32252000000000003,0.36984,0.40917000000000003
2020-11-23,0.20415,0.26066,0.33206000000000002,0.38352999999999998,0.42770999999999998
2020-11-24,0.20368,0.25966,0.33300999999999997,0.38944000000000001,0.43969999999999998
2020-11-25,0.20393,0.25658999999999998,0.33126,0.39033000000000001,0.44111
2020-11-26,0.20417999999999997,0.25106000000000001,0.32499,0.38395000000000001,0.43292000000000003
2020-11-27,0.2049,0.23909999999999998,0.31283,0.37071999999999999,0.41837999999999997
2020-11-30,0.21129000000000001,0.23805999999999999,0.31379000000000001,0.37293999999999999,0.42132000000000003
2020-12-01,0.22837000000000002,0.25368000000000002,0.33481,0.40185999999999999,0.45871000000000001
2020-12-02,0.22875000000000001,0.26021,0.33993999999999996,0.40755000000000002,0.46721000000000001
2020-12-03,0.22913999999999998,0.25645000000000001,0.33703,0.40407999999999999,0.46039999999999998
2020-12-04,0.22953000000000001,0.27238000000000001,0.35768,0.43256,0.49829999999999997
2020-12-07,0.23069000000000001,0.27137,0.35344999999999999,0.42322999999999994,0.48318
2020-12-08,0.22875999999999999,0.26968999999999999,0.34814000000000001,0.41184999999999999,0.46579000000000004
2020-12-09,0.22986000000000001,0.26982,0.35021999999999998,0.41487000000000002,0.46940000000000004
2020-12-10,0.22518999999999997,0.25883999999999996,0.33928999999999998,0.40350000000000003,0.45727000000000001
2020-12-11,0.21464000000000003,0.24915999999999999,0.32669000000000004,0.38825999999999999,0.43953999999999999
2020-12-14,0.21159,0.25094,0.32818999999999998,0.39112000000000002,0.44385999999999998
2020-12-15,0.21186999999999998,0.25168999999999997,0.32912000000000002,0.39236999999999994,0.44622000000000006
2020-12-16,0.20211999999999999,0.24453,0.32339999999999997,0.38838,0.44433
2020-12-17,0.20763000000000001,0.24405999999999997,0.32705999999999996,0.39477000000000001,0.45189000000000001
2020-12-18,0.20268,0.23916999999999999,0.32219000000000003,0.38863000000000003,0.44523000000000001
2020-12-21,0.19816,0.23137000000000002,0.31383,0.37942000000000004,0.4345
2020-12-22,0.18301999999999999,0.22266999999999998,0.30127999999999999,0.36275999999999997,0.41475000000000001
2020-12-23,0.17399000000000001,0.22647999999999999,0.30758999999999997,0.37303000000000003,0.43019000000000002
2020-12-24,0.17427000000000001,0.21630999999999997,0.30187999999999998,0.36984,0.42608000000000001
2020-12-29,0.17565,0.20752000000000001,0.29166000000000003,0.35826000000000002,0.41352000000000005
2020-12-30,0.17033000000000001,0.20224,0.28709000000000001,0.35322000000000003,0.40772999999999998
2020-12-31,0.16178000000000001,0.20201,0.28054000000000001,0.33839000000000002,0.38683000000000001
2021-01-04,0.16298000000000001,0.19994999999999999,0.27629999999999999,0.3342,0.38375000000000004
2021-01-05,0.17478000000000002,0.19161,0.26839000000000002,0.33200000000000002,0.38908999999999999
2021-01-06,0.14970999999999998,0.1799,0.27050000000000002,0.34756000000000004,0.41345000000000004
2021-01-07,0.15039,0.18404000000000001,0.28555999999999998,0.36843999999999999,0.43699000000000005
2021-01-08,0.15067,0.18742999999999999,0.28993999999999998,0.37391999999999997,0.44405
2021-01-11,0.15149000000000001,0.18528,0.29870999999999998,0.39008999999999999,0.46314
2021-01-12,0.14659,0.17738000000000001,0.29293999999999998,0.38979000000000003,0.46994999999999998
2021-01-13,0.14163999999999999,0.15747,0.27699999999999997,0.37051000000000001,0.44260000000000005
2021-01-14,0.14185,0.16031000000000001,0.27910000000000001,0.37878999999999996,0.46239999999999998
2021-01-15,0.13156000000000001,0.15009999999999998,0.26456999999999997,0.3548,0.42695
2021-01-18,0.13272,0.14474999999999999,0.25790999999999997,0.34894000000000003,0.42269999999999996
2021-01-19,0.12758,0.14607000000000001,0.25259999999999999,0.34141000000000005,0.41609999999999997
2021-01-20,0.12739,0.15564999999999998,0.26400999999999997,0.35505999999999999,0.43271000000000004
2021-01-21,0.12296,0.16896,0.27772999999999998,0.37381999999999999,0.46074999999999994
2021-01-22,0.12271000000000001,0.17566999999999999,0.27816000000000002,0.36537000000000003,0.44331999999999999
2021-01-25,0.14427999999999999,0.16888,0.26824000000000003,0.35131000000000001,0.42338999999999999
2021-01-26,0.14449000000000001,0.16267000000000001,0.26371,0.35000000000000003,0.42519999999999997
2021-01-27,0.13470000000000001,0.15365999999999999,0.25405,0.34001999999999999,0.41478000000000004
2021-01-28,0.13492999999999999,0.1515,0.25259000000000004,0.34332999999999997,0.42392000000000002
2021-01-29,0.13450999999999999,0.14384999999999998,0.25490000000000002,0.35158,0.43550999999999995
2021-02-01,0.13508000000000001,0.14170000000000002,0.25181999999999999,0.34437999999999996,0.42360999999999993
2021-02-02,0.13027,0.1545,0.26307000000000003,0.35626000000000002,0.44056000000000001
2021-02-03,0.12469,0.17283999999999999,0.28427999999999998,0.38122999999999996,0.47032999999999997
2021-02-04,0.12485,0.17861000000000002,0.29282999999999998,0.39243000000000006,0.48394999999999999
2021-02-05,0.13083999999999998,0.18377000000000002,0.29803000000000002,0.40077000000000002,0.49788000000000004
2021-02-08,0.13644000000000001,0.18436,0.30138999999999999,0.40926000000000001,0.5101
2021-02-09,0.13661999999999999,0.18073,0.29475999999999997,0.40223000000000003,0.50305999999999995
2021-02-10,0.13682,0.17872000000000002,0.29255999999999999,0.40086999999999995,0.50258000000000003
2021-02-11,0.13700999999999999,0.1764,0.28762000000000004,0.39569000000000004,0.4985
2021-02-12,0.13721,0.18255000000000002,0.29224,0.40399000000000002,0.51400000000000001
2021-02-16,0.15296999999999999,0.20398999999999998,0.33893999999999996,0.47242999999999996,0.59516999999999998
2021-02-17,0.15319000000000002,0.20660999999999999,0.34193000000000001,0.47502000000000005,0.59595000000000009
2021-02-18,0.16966999999999999,0.21540000000000001,0.35000999999999999,0.48631999999999997,0.61257000000000006
2021-02-19,0.17954999999999999,0.23061999999999999,0.38072,0.53259000000000001,0.67018
2021-02-22,0.18539,0.23364000000000001,0.39722000000000002,0.55603000000000002,0.69512000000000007
2021-02-23,0.18565999999999999,0.23644000000000001,0.40188000000000001,0.56347999999999998,0.70665
2021-02-24,0.19036,0.24524999999999997,0.43430999999999997,0.61116999999999999,0.76063000000000003
2021-02-25,0.20944000000000002,0.32800000000000001,0.56956000000000007,0.78822999999999999,0.95633999999999997
2021-02-26,0.23468999999999998,0.30876999999999999,0.53386999999999996,0.74278,0.90405000000000002
2021-03-01,0.21737000000000001,0.25747999999999999,0.46081000000000005,0.66866999999999999,0.84539000000000009
2021-03-02,0.18894,0.24691000000000002,0.43765999999999994,0.63990999999999998,0.81740000000000013
2021-03-03,0.18966,0.26234000000000002,0.46711000000000003,0.68364000000000003,0.87173000000000012
2021-03-04,0.18536,0.28014,0.50868000000000002,0.74203999999999992,0.93886000000000003
2021-03-05,0.19055999999999998,0.28908,0.51596999999999993,0.74447000000000008,0.93833999999999995
2021-03-08,0.20658000000000001,0.28719,0.52324999999999999,0.76390000000000002,0.96644999999999992
2021-03-09,0.20685999999999999,0.27701999999999999,0.49861999999999995,0.72195999999999994,0.91014000000000006
2021-03-10,0.18631999999999999,0.24398000000000003,0.45346999999999998,0.67230000000000001,0.86085999999999996
2021-03-11,0.18670999999999999,0.25620999999999999,0.46096000000000004,0.67801,0.86948999999999999
2021-03-12,0.20243000000000003,0.31977,0.54405000000000003,0.77717000000000003,0.98288000000000009
2021-03-15,0.20818,0.31729000000000002,0.54398999999999997,0.77369999999999994,0.97043000000000013
2021-03-16,0.21378999999999998,0.31698999999999999,0.54620000000000002,0.78069999999999995,0.98296000000000006
2021-03-17,0.19865999999999998,0.28660000000000002,0.50583,0.74073,0.95318999999999998
2021-03-18,0.18887999999999999,0.28777999999999998,0.52334999999999998,0.76744999999999997,0.98255999999999999
2021-03-19,0.17321999999999999,0.27541000000000004,0.51580000000000004,0.75946000000000002,0.96997
2021-03-22,0.16932,0.27450000000000002,0.51428000000000007,0.74983999999999995,0.94972000000000012
2021-03-23,0.16397,0.26231000000000004,0.49487000000000003,0.72096000000000005,0.91213999999999995
2021-03-24,0.15916,0.2487,0.47606000000000004,0.69633,0.88418000000000008
2021-03-25,0.15373999999999999,0.24279000000000001,0.46455000000000002,0.68198999999999999,0.87014999999999987
2021-03-26,0.15390000000000001,0.24383999999999997,0.47639999999999999,0.70262000000000002,0.89624999999999999
2021-03-29,0.15941,0.24004,0.48873,0.72995999999999994,0.93230000000000002
2021-03-30,0.16459000000000001,0.24003000000000002,0.49611000000000005,0.73778999999999995,0.93691000000000002
2021-03-31,0.16469,0.23768,0.49785000000000001,0.74906000000000006,0.95648999999999995
2021-04-01,0.15861,0.23678000000000002,0.49067,0.73253999999999997,0.93015999999999999
2021-04-05,0.17652000000000001,0.25658000000000003,0.52047999999999994,0.76937999999999995,0.97213000000000005
2021-04-06,0.17179999999999998,0.25245000000000001,0.49868999999999997,0.72906000000000004,0.91886000000000001
2021-04-07,0.17207,0.24729999999999999,0.48780000000000001,0.71843000000000001,0.91293999999999997
2021-04-08,0.17235,0.24038999999999999,0.47555000000000003,0.70006000000000002,0.88873000000000002
2021-04-09,0.18789,0.26001999999999997,0.50136000000000003,0.73102999999999996,0.92280000000000006
2021-04-12,0.1888,0.26666000000000001,0.50836999999999999,0.73850000000000005,0.93164999999999998
2021-04-13,0.18910000000000002,0.26113999999999998,0.49804999999999999,0.72516000000000003,0.9165899999999999
2021-04-14,0.18941,0.26218000000000002,0.50254999999999994,0.74097000000000002,0.94303000000000003
2021-04-15,0.18428,0.25692000000000004,0.48145000000000004,0.70130999999999999,0.88760000000000006
2021-04-16,0.18956999999999999,0.27412999999999998,0.51268999999999998,0.74672000000000005,0.94347000000000003
2021-04-19,0.20094000000000001,0.28805999999999998,0.52497000000000005,0.75207000000000002,0.94103999999999988
2021-04-20,0.19122,0.2717,0.49715000000000004,0.71462000000000003,0.89951999999999999
2021-04-21,0.19596000000000002,0.27876000000000001,0.50736000000000003,0.73180000000000001,0.92225000000000001
2021-04-22,0.20244999999999999,0.29111999999999999,0.51989999999999992,0.73668,0.91861000000000004
2021-04-23,0.20278000000000002,0.29646999999999996,0.52288000000000001,0.73843999999999999,0.91988999999999999
2021-04-26,0.21521000000000001,0.30145,0.52839999999999998,0.74533000000000005,0.92882999999999993
2021-04-27,0.21375,0.29880000000000001,0.53092000000000006,0.75593999999999995,0.94681999999999999
2021-04-28,0.20964999999999998,0.28525,0.51355000000000006,0.73407,0.92160999999999993
2021-04-29,0.20550999999999997,0.28776999999999997,0.52261000000000002,0.75004000000000004,0.94401999999999997
2021-04-30,0.19574000000000003,0.27888000000000002,0.50683,0.72880999999999996,0.92061999999999999
2021-05-03,0.19656999999999999,0.27279999999999999,0.50534000000000001,0.72769000000000006,0.91531000000000007
2021-05-04,0.20202000000000003,0.27966000000000002,0.51558000000000004,0.73726000000000003,0.92184999999999995
2021-05-05,0.20752999999999999,0.28132000000000001,0.50985000000000003,0.72123999999999999,0.89891999999999994
2021-05-06,0.20785000000000001,0.28863,0.51385000000000003,0.72176999999999991,0.89765000000000006
2021-05-07,0.19765999999999997,0.27770999999999996,0.49481999999999998,0.69548999999999994,0.86899999999999999
2021-05-10,0.20851,0.27910000000000001,0.49571999999999999,0.7016,0.88131999999999999
2021-05-11,0.19841,0.28671000000000002,0.51222999999999996,0.72449000000000008,0.90782999999999991
2021-05-12,0.20405000000000001,0.32230999999999999,0.55779999999999996,0.77727999999999997,0.96521000000000001
2021-05-13,0.19972999999999999,0.32019000000000003,0.54859000000000002,0.75992000000000004,0.94084000000000012
2021-05-14,0.19545999999999999,0.32149,0.55381999999999998,0.76459999999999995,0.94214999999999993
2021-05-17,0.19645000000000001,0.32756999999999997,0.56115000000000004,0.77064999999999995,0.9481099999999999
2021-05-18,0.19122,0.32067000000000001,0.55985999999999991,0.77349999999999997,0.95105999999999991
2021-05-19,0.19152,0.32965,0.57199,0.78470999999999991,0.96065999999999996
2021-05-20,0.1862,0.32569000000000004,0.55874000000000001,0.76634999999999998,0.93992999999999993
2021-05-21,0.18648000000000001,0.32543,0.55371999999999999,0.75773999999999997,0.93091999999999997
2021-05-25,0.18759000000000001,0.30376999999999998,0.51934999999999998,0.70730999999999999,0.86639999999999995
2021-05-26,0.18786,0.30978,0.52120999999999995,0.71253999999999995,0.87791999999999992
2021-05-27,0.18812999999999999,0.32330999999999999,0.5403,0.73894000000000004,0.91178000000000003
2021-05-28,0.18889,0.32317000000000001,0.54758000000000007,0.75180000000000002,0.9270799999999999
2021-05-31,0.18923000000000001,0.32208999999999999,0.54269000000000001,0.74170000000000003,0.9148099999999999
2021-06-01,0.20185,0.32017000000000001,0.54486000000000001,0.74626999999999999,0.91979
2021-06-02,0.20733000000000001,0.32149,0.54322000000000004,0.74241999999999997,0.91430999999999996
2021-06-03,0.20238999999999999,0.32885000000000003,0.55570000000000008,0.75994000000000006,0.93586000000000003
2021-06-04,0.20268,0.31962000000000002,0.52836000000000005,0.71465000000000001,0.87889000000000006
2021-06-07,0.20883999999999997,0.32649,0.54022000000000003,0.72940000000000005,0.89427000000000001
2021-06-08,0.20377000000000001,0.32361999999999996,0.53693999999999997,0.72259000000000007,0.88173000000000001
2021-06-09,0.19865999999999998,0.32490000000000002,0.53159000000000001,0.70877999999999997,0.86003999999999992
2021-06-10,0.19891,0.31924999999999998,0.51588000000000001,0.68561000000000005,0.83213999999999999
2021-06-11,0.19913999999999998,0.32012999999999997,0.51666999999999996,0.68633,0.83263999999999994
2021-06-14,0.19989000000000001,0.33193,0.53703999999999996,0.71177999999999997,0.85794999999999999
2021-06-15,0.20013999999999998,0.33048,0.53261999999999998,0.70552000000000004,0.85182999999999998
2021-06-16,0.22717000000000001,0.36787000000000003,0.59187000000000001,0.77926000000000006,0.92875000000000008
2021-06-17,0.22187999999999999,0.39268000000000003,0.61577999999999999,0.79977999999999994,0.94286000000000003
2021-06-18,0.23722000000000001,0.45770000000000005,0.67664999999999997,0.84157000000000004,0.96238000000000001
2021-06-21,0.24315000000000001,0.45367999999999997,0.66848999999999992,0.83779999999999999,0.97070999999999996
2021-06-22,0.22767000000000001,0.42904999999999999,0.64742,0.81977,0.95486000000000004
2021-06-23,0.23449,0.43270000000000003,0.66242999999999996,0.84131,0.97820000000000007
2021-06-24,0.22901000000000002,0.43672,0.66342000000000001,0.8387,0.97321000000000002
2021-06-25,0.22931000000000001,0.44773000000000002,0.68506,0.87008999999999992,1.01064
2021-06-28,0.23021999999999998,0.44863000000000003,0.68169000000000002,0.85825999999999991,0.98940000000000006
2021-06-29,0.23647999999999997,0.45732999999999996,0.68891000000000002,0.86307,0.99320999999999993
2021-06-30,0.23238,0.46480000000000005,0.69277,0.86073,0.98408999999999991
2021-07-02,0.23800000000000002,0.46766000000000002,0.69319999999999993,0.85716999999999999,0.97660999999999998
2021-07-05,0.24424999999999997,0.48188999999999999,0.71551999999999993,0.88456000000000001,1.0056400000000001
2021-07-06,0.25496000000000002,0.48545000000000005,0.69813000000000003,0.85231999999999997,0.96404000000000001
2021-07-07,0.24992,0.49566000000000004,0.69479999999999997,0.83611999999999997,0.94041000000000008
2021-07-08,0.25024999999999997,0.49914000000000003,0.68718999999999997,0.81489000000000011,0.90834999999999999
2021-07-09,0.25057999999999997,0.50283999999999995,0.71041999999999994,0.85433000000000003,0.95821000000000001
2021-07-12,0.24604000000000001,0.49730000000000002,0.70257999999999998,0.84565000000000001,0.95043999999999995
2021-07-13,0.24634,0.50613000000000008,0.71961000000000008,0.86809999999999998,0.97555999999999998
2021-07-14,0.25223000000000001,0.47617999999999999,0.68570999999999993,0.82994999999999997,0.93230000000000002
2021-07-15,0.25696999999999998,0.46705000000000002,0.66937999999999998,0.80736999999999992,0.90487999999999991
2021-07-16,0.26354,0.46207000000000004,0.66195999999999999,0.79781999999999997,0.89390999999999998
2021-07-19,0.24171999999999999,0.43367,0.60850000000000004,0.72157000000000004,0.80234000000000005
2021-07-20,0.24845,0.42592000000000002,0.59419,0.70724000000000009,0.79451000000000005
2021-07-21,0.24876000000000001,0.43012,0.61406000000000005,0.73810999999999993,0.83155000000000001
2021-07-22,0.23744000000000001,0.42284999999999995,0.60346,0.72101999999999999,0.80698999999999999
2021-07-23,0.24596999999999999,0.42269999999999996,0.60962000000000005,0.73210999999999993,0.82039999999999991
2021-07-26,0.24180000000000001,0.42490999999999995,0.61424000000000001,0.73782999999999999,0.82646000000000008
2021-07-27,0.24313999999999997,0.40861999999999998,0.59104000000000001,0.70728999999999997,0.78844999999999987
2021-07-28,0.25281999999999999,0.41703000000000001,0.60497000000000001,0.72284000000000004,0.80237999999999998
2021-07-29,0.24992,0.42437999999999998,0.61463000000000001,0.74050000000000005,0.82790999999999992
2021-07-30,0.25328000000000001,0.41872000000000004,0.61073999999999995,0.74177000000000004,0.83335999999999999
2021-08-03,0.25496000000000002,0.38784000000000002,0.57138999999999995,0.69264000000000003,0.77384000000000008
2021-08-04,0.25530999999999998,0.41169,0.60063,0.72148999999999996,0.79866999999999999
2021-08-05,0.26651999999999998,0.44352000000000003,0.64005000000000001,0.76339000000000001,0.84150000000000003
2021-08-06,0.26649999999999996,0.46023000000000003,0.66993999999999998,0.80750000000000011,0.89849999999999997
2021-08-09,0.26433000000000001,0.45838000000000001,0.66913,0.81028,0.90439000000000003
2021-08-10,0.26804,0.46866000000000002,0.68820999999999999,0.83243999999999996,0.92554000000000003
2021-08-11,0.26283000000000001,0.45418000000000003,0.67514000000000007,0.82047000000000003,0.91382000000000008
2021-08-12,0.25982,0.44613999999999998,0.66971000000000003,0.81721999999999995,0.91178000000000003
2021-08-13,0.26918999999999998,0.43715999999999999,0.64817000000000002,0.78197000000000005,0.86534999999999995
2021-08-16,0.25889000000000001,0.42527999999999999,0.62448000000000004,0.75248999999999999,0.83484000000000003
2021-08-17,0.26924999999999999,0.42744000000000004,0.62595000000000001,0.75266999999999995,0.83235999999999999
2021-08-18,0.26957999999999999,0.43829999999999997,0.63902000000000003,0.76449999999999996,0.8424600000000001
2021-08-19,0.2707,0.43672,0.63222,0.75051999999999996,0.82147999999999999
2021-08-20,0.27106000000000002,0.43480000000000002,0.63417000000000001,0.75585000000000002,0.82923000000000002
2021-08-23,0.27542,0.43925999999999998,0.63737999999999995,0.76234999999999997,0.84138999999999997
2021-08-24,0.27473999999999998,0.44156999999999996,0.64410000000000001,0.77617000000000003,0.86011000000000004
2021-08-25,0.27514,0.44825999999999999,0.65656999999999999,0.79983000000000004,0.89712999999999998
2021-08-26,0.28414,0.44450000000000001,0.65567000000000009,0.79620999999999997,0.88844000000000012
2021-08-27,0.27934000000000003,0.43708000000000002,0.63336999999999999,0.76492000000000004,0.8545799999999999
2021-08-30,0.28065999999999997,0.42268,0.61253000000000002,0.74207000000000001,0.83207000000000009
2021-08-31,0.27609,0.42209999999999998,0.62597999999999998,0.76861000000000002,0.86646000000000001
2021-09-01,0.27366999999999997,0.40381999999999996,0.59529999999999994,0.72758,0.82042000000000004
2021-09-02,0.27412000000000003,0.39328999999999997,0.57735000000000003,0.70774000000000004,0.80081000000000002
2021-09-03,0.26955999999999997,0.39323999999999998,0.57923000000000002,0.71267999999999998,0.81083000000000005
2021-09-07,0.27437,0.4032,0.59890999999999994,0.74171999999999993,0.84693000000000007
2021-09-08,0.27146999999999999,0.39047999999999999,0.58504999999999996,0.72838999999999998,0.83152999999999999
2021-09-09,0.27564,0.39759,0.58624999999999994,0.72338999999999998,0.82109999999999994
2021-09-10,0.27674000000000004,0.41625000000000006,0.61085,0.75525999999999993,0.86169000000000007
2021-09-13,0.27821999999999997,0.41634000000000004,0.61007999999999996,0.75262000000000007,0.85628000000000004
2021-09-14,0.27526,0.40719,0.59588999999999992,0.73028000000000004,0.82436999999999994
2021-09-15,0.27573999999999999,0.42494999999999999,0.61778,0.75815999999999995,0.85935000000000006
2021-09-16,0.27621999999999997,0.44387000000000004,0.64707999999999999,0.78968000000000005,0.88754999999999995
2021-09-17,0.27435999999999999,0.45830000000000004,0.67208000000000001,0.82705000000000006,0.93544000000000005
2021-09-20,0.27339000000000002,0.44603000000000004,0.64668999999999999,0.78730999999999995,0.88334000000000001
2021-09-21,0.26899000000000001,0.44916,0.64634999999999998,0.78475000000000006,0.8809300000000001
2021-09-22,0.26438999999999996,0.45645000000000002,0.65687000000000006,0.79378000000000004,0.88565999999999989
2021-09-23,0.27019000000000004,0.49831999999999999,0.71348999999999996,0.86875999999999998,0.97947999999999991
2021-09-24,0.27606000000000003,0.52095000000000002,0.73885000000000001,0.89599999999999991,1.0111999999999999
2021-09-27,0.29513999999999996,0.52715000000000001,0.76001000000000007,0.92612000000000005,1.04349
2021-09-28,0.29899999999999999,0.52734000000000003,0.76910000000000001,0.94415000000000004,1.0686100000000001
2021-09-29,0.31046000000000001,0.55959999999999999,0.80059000000000002,0.97137000000000007,1.09172
2021-10-01,0.29685,0.53803999999999996,0.76483000000000001,0.92966000000000004,1.0498800000000001
2021-10-04,0.29899000000000003,0.54171000000000002,0.77190999999999999,0.93881000000000003,1.0603899999999999
2021-10-05,0.29970999999999998,0.55621000000000009,0.78858000000000006,0.95939000000000008,1.08707
2021-10-06,0.30543999999999999,0.55613999999999997,0.78473999999999988,0.94880999999999993,1.0693299999999999
2021-10-07,0.32301000000000002,0.58599000000000001,0.82535999999999998,0.99539999999999995,1.1193599999999999
2021-10-08,0.36899999999999999,0.64134999999999998,0.88949000000000011,1.0624099999999999,1.1868300000000001
2021-10-12,0.41618999999999995,0.70289000000000001,0.94549000000000005,1.1087800000000001,1.2225299999999999
2021-10-13,0.42888999999999999,0.73231000000000002,0.97982999999999998,1.1446499999999999,1.25484
2021-10-14,0.39174999999999999,0.67771999999999999,0.90782999999999991,1.0628,1.1705300000000001
2021-10-15,0.41620000000000001,0.71834000000000009,0.95308999999999999,1.1104100000000001,1.21949
2021-10-18,0.47875000000000001,0.77907999999999999,1.0115000000000001,1.1650700000000001,1.2665600000000001
2021-10-19,0.50595999999999997,0.79408000000000001,1.02799,1.1859299999999999,1.2940500000000001
2021-10-20,0.49193999999999999,0.76388,0.99881999999999993,1.1623700000000001,1.27793
2021-10-21,0.53544999999999998,0.82952999999999999,1.06823,1.23858,1.35419
2021-10-22,0.54701,0.84674000000000005,1.07216,1.2229800000000002,1.3280800000000001
2021-10-25,0.55220999999999998,0.83487,1.0666899999999999,1.2221199999999999,1.3287100000000001
2021-10-26,0.54856000000000005,0.83817000000000008,1.0705900000000002,1.22109,1.3203100000000001
2021-10-27,0.73330000000000006,1.0382199999999999,1.2260899999999999,1.3332200000000001,1.3978999999999999
2021-10-28,0.71701000000000004,0.97201000000000004,1.17855,1.31748,1.41116
2021-10-29,0.77144000000000001,1.0577300000000001,1.26126,1.39235,1.4786199999999998
2021-11-01,0.78983000000000003,1.0485100000000001,1.25492,1.38981,1.4802299999999999
2021-11-02,0.751,1.0258499999999999,1.23251,1.3666,1.4559300000000002
2021-11-03,0.78009000000000006,1.0174700000000001,1.2201,1.35592,1.4476
2021-11-04,0.69330000000000003,0.96662999999999988,1.1685299999999998,1.2953399999999999,1.3762999999999999
2021-11-05,0.67378000000000005,0.9164500000000001,1.1334,1.2679,1.3453899999999999
2021-11-08,0.70938999999999997,0.94982999999999995,1.16947,1.3062100000000001,1.38686
2021-11-09,0.65859999999999996,0.91657999999999995,1.13792,1.2749999999999999,1.35259
2021-11-10,0.69238,1.0018400000000001,1.2312399999999999,1.3734,1.45509
2021-11-12,0.70641999999999994,0.98663000000000001,1.2152400000000001,1.3591199999999999,1.4418299999999999
2021-11-15,0.71754000000000007,1.01061,1.2385200000000001,1.3842999999999999,1.47306
2021-11-16,0.77141999999999999,1.05874,1.2989999999999999,1.45418,1.5449900000000001
2021-11-17,0.74790000000000001,1.0273600000000001,1.2574399999999999,1.3969100000000001,1.47499
2021-11-18,0.74985999999999997,1.0274399999999999,1.2524199999999999,1.38805,1.4636800000000001
2021-11-19,0.73714000000000002,1.0061799999999999,1.23407,1.36788,1.43851
2021-11-22,0.78954000000000002,1.0935300000000001,1.3409199999999999,1.48322,1.5541700000000001
2021-11-23,0.80341000000000007,1.0794599999999999,1.33927,1.49339,1.57091
2021-11-24,0.80689999999999995,1.0774900000000001,1.3325200000000001,1.4799800000000001,1.55206
2021-11-25,0.80047999999999997,1.0729199999999999,1.32843,1.4782999999999999,1.5518799999999999
2021-11-26,0.70465,0.93559000000000003,1.17222,1.3091200000000001,1.3731800000000001
2021-11-29,0.72624999999999995,0.96150000000000002,1.1966700000000001,1.3301500000000002,1.3935599999999999
2021-11-30,0.75760000000000005,0.99959999999999993,1.21523,1.32955,1.3790800000000001
2021-12-01,0.74887000000000004,0.96168999999999993,1.17045,1.28027,1.3246499999999999
2021-12-02,0.74809999999999999,0.97757000000000005,1.18665,1.2919099999999999,1.3314599999999999
2021-12-03,0.8130099999999999,1.03179,1.2184499999999998,1.2981499999999999,1.3173000000000001
2021-12-06,0.87834999999999996,1.0858299999999999,1.27546,1.3589800000000001,1.38228
2021-12-07,0.92815000000000003,1.16642,1.3527499999999999,1.43283,1.45486
2021-12-08,0.83844000000000007,1.09781,1.2951699999999999,1.3852800000000001,1.4151499999999999
2021-12-09,0.76902000000000004,1.0204200000000001,1.2094400000000001,1.2978699999999999,1.33067
2021-12-10,0.73980000000000001,0.99364999999999992,1.1719200000000001,1.2515999999999998,1.2832100000000002
2021-12-13,0.70143999999999995,0.94707999999999992,1.1147400000000001,1.1878599999999999,1.2164899999999998
2021-12-14,0.72382999999999997,0.97021999999999997,1.14835,1.22862,1.2589700000000001
2021-12-15,0.75717000000000001,0.97109999999999996,1.1343799999999999,1.20631,1.23316
2021-12-16,0.72119,0.92493000000000003,1.07813,1.14422,1.1695
2021-12-17,0.73207999999999995,0.92914999999999992,1.08185,1.1436899999999999,1.1601900000000001
2021-12-20,0.75316000000000005,0.95168000000000008,1.11026,1.17506,1.19536
2021-12-21,0.84959000000000007,1.00027,1.1705699999999999,1.24379,1.26573
2021-12-22,0.80031000000000008,0.98726000000000003,1.1463099999999999,1.2096100000000001,1.2289299999999999
2021-12-23,0.82086999999999999,1.00166,1.1578899999999999,1.2213000000000001,1.2430600000000001
2021-12-24,0.82497000000000009,1.0079899999999999,1.1695,1.23719,1.2618
2021-12-29,0.80874000000000001,1.01213,1.1810400000000001,1.2561900000000001,1.2820099999999999
2021-12-30,0.81551000000000007,1.0013700000000001,1.1665300000000001,1.2396100000000001,1.2635099999999999
2021-12-31,0.81401999999999997,0.97344000000000008,1.1344799999999999,1.2081599999999999,1.2351799999999999
2022-01-04,0.90256999999999998,1.04253,1.2306699999999999,1.3309599999999999,1.37845
2022-01-05,0.90890999999999988,1.0713600000000001,1.2675000000000001,1.3703099999999999,1.4166799999999999
2022-01-06,0.91287999999999991,1.1097399999999999,1.3214399999999999,1.43641,1.48966
2022-01-07,0.91278999999999999,1.1088100000000001,1.32199,1.4394,1.49546
2022-01-10,0.92922000000000005,1.1221300000000001,1.3328500000000001,1.44641,1.4991099999999999
2022-01-11,0.92765999999999993,1.1208,1.3266,1.4377300000000002,1.49065
2022-01-12,0.96226,1.15472,1.3565700000000001,1.4638200000000001,1.5135100000000001
2022-01-13,0.95616999999999996,1.16116,1.35311,1.45225,1.49576
2022-01-14,0.98846000000000001,1.20851,1.40106,1.50099,1.5482900000000002
2022-01-17,1.0609999999999999,1.2745299999999999,1.4617800000000001,1.55518,1.5980399999999999
2022-01-18,1.1087,1.3219799999999999,1.5254999999999999,1.63435,1.6840999999999999
2022-01-19,1.10748,1.31334,1.51677,1.62886,1.67893
2022-01-20,1.09446,1.32192,1.5209699999999999,1.62758,1.6722000000000001
2022-01-21,1.0586,1.27494,1.4691700000000001,1.56969,1.6094000000000002
2022-01-24,1.0410999999999999,1.2723500000000001,1.46821,1.5746500000000001,1.6202799999999999
2022-01-25,1.0756999999999999,1.27813,1.4748399999999999,1.5829,1.62771
2022-01-26,1.0143499999999999,1.2992300000000001,1.5064500000000001,1.6171899999999999,1.66282
2022-01-27,1.0249200000000001,1.30684,1.5004,1.59575,1.6299299999999999
2022-01-28,1.01034,1.2837100000000001,1.4817,1.57917,1.6133600000000001
2022-01-31,1.04596,1.3143400000000001,1.4983599999999999,1.5878199999999998,1.6200300000000001
2022-02-01,1.0797099999999999,1.31884,1.5043600000000001,1.5974499999999998,1.6337200000000001
2022-02-02,1.00434,1.27536,1.4613799999999999,1.55555,1.5904499999999999
2022-02-03,1.03695,1.2782899999999999,1.47441,1.5782799999999999,1.62012
2022-02-04,1.1160300000000001,1.34436,1.5432400000000002,1.6490999999999998,1.6909700000000001
2022-02-07,1.0984400000000001,1.32508,1.51631,1.61799,1.65988
2022-02-08,1.1147400000000001,1.3318699999999999,1.5282,1.6344999999999998,1.6787099999999999
2022-02-09,1.14073,1.34196,1.52807,1.62676,1.6674199999999999
2022-02-10,1.2108300000000001,1.4863599999999999,1.6724800000000002,1.76217,1.7936899999999998
2022-02-11,1.2179600000000002,1.44448,1.6076900000000001,1.6789700000000001,1.6992400000000001
2022-02-14,1.2377100000000001,1.49502,1.66374,1.7377400000000001,1.7602300000000002
2022-02-15,1.31945,1.5333700000000001,1.7020400000000002,1.77841,1.8046199999999999
2022-02-16,1.31555,1.5173099999999999,1.6807699999999999,1.75505,1.7820499999999999
2022-02-17,1.27738,1.50241,1.6544699999999999,1.7178,1.74003
2022-02-18,1.26892,1.4839500000000001,1.6254600000000001,1.68245,1.7018800000000001
2022-02-22,1.3293299999999999,1.5219800000000001,1.6571400000000001,1.7113799999999999,1.73143
2022-02-23,1.36311,1.5610300000000001,1.69875,1.7573700000000001,1.7818400000000001
2022-02-24,1.31016,1.5129699999999999,1.65171,1.71024,1.73281
2022-02-25,1.3355999999999999,1.5281199999999999,1.6581300000000001,1.7062000000000002,1.72142
2022-02-28,1.2836800000000002,1.4427300000000001,1.56599,1.6158999999999999,1.63819
2022-03-01,1.16811,1.3183,1.41814,1.45472,1.4716899999999999
2022-03-02,1.2769600000000001,1.4553,1.55514,1.5890899999999999,1.6028100000000001
2022-03-03,1.3149500000000001,1.46652,1.5499000000000001,1.5715400000000002,1.5771400000000002
2022-03-04,1.23912,1.36653,1.4353499999999999,1.4505699999999999,1.4519
2022-03-07,1.2408999999999999,1.3965000000000001,1.47434,1.4972400000000001,1.5034099999999999
2022-03-08,1.27169,1.43953,1.5426,1.5875899999999998,1.6073600000000001
2022-03-09,1.3183200000000002,1.48935,1.5861299999999998,1.6286399999999999,1.65181
2022-03-10,1.3637900000000001,1.53311,1.6315,1.67456,1.6967800000000002
2022-03-11,1.4611799999999999,1.6411100000000001,1.7360199999999999,1.7720300000000002,1.7869699999999999
2022-03-14,1.54983,1.75102,1.8545499999999999,1.89924,1.9257900000000001
2022-03-15,1.6003799999999999,1.7776699999999999,1.8836100000000002,1.9331500000000001,1.9585900000000001
2022-03-16,1.6697300000000002,1.8673299999999999,1.9585600000000001,1.9876999999999998,1.99885
2022-03-17,1.617,1.87188,1.9615799999999999,1.99166,2.0074299999999998
2022-03-18,1.6341999999999999,1.8700000000000001,1.96041,1.9896400000000001,2.004
2022-03-21,1.7335099999999999,2.0095399999999999,2.10724,2.1428199999999999,2.16256
2022-03-22,1.7689400000000002,2.06935,2.1788700000000003,2.2245699999999999,2.2503599999999997
2022-03-23,1.75603,2.04128,2.1435300000000002,2.1716299999999999,2.1787299999999998
2022-03-24,1.7803800000000001,2.11992,2.2142499999999998,2.2387600000000001,2.2493300000000001
2022-03-25,1.9227100000000001,2.3181400000000001,2.4230100000000001,2.4508200000000002,2.4577900000000001
2022-03-28,1.93743,2.32226,2.4192200000000001,2.43858,2.4376899999999999
2022-03-29,1.9643999999999999,2.29982,2.4038599999999999,2.4257999999999997,2.4233099999999999
2022-03-30,1.93065,2.27277,2.3757600000000001,2.3958200000000001,2.3910899999999997
2022-03-31,1.88476,2.2411099999999999,2.34226,2.3604799999999999,2.3551699999999998
2022-04-01,1.9997199999999999,2.30714,2.4091800000000001,2.4295299999999997,2.4236400000000002
2022-04-04,1.99949,2.28287,2.3857599999999999,2.4090400000000001,2.4073099999999998
2022-04-05,2.0299299999999998,2.3487,2.4616599999999997,2.4893800000000001,2.4890700000000003
2022-04-06,2.0388900000000003,2.3520300000000001,2.4554300000000002,2.4767600000000001,2.4788100000000002
2022-04-07,2.0588700000000002,2.3441199999999998,2.4509800000000004,2.47803,2.48522
2022-04-08,2.12365,2.4168499999999997,2.5249899999999998,2.55002,2.5536799999999999
2022-04-11,2.1468000000000003,2.4177299999999997,2.5407999999999999,2.5814400000000002,2.5973099999999998
2022-04-12,2.1198600000000001,2.3357399999999999,2.4434399999999998,2.4798400000000003,2.49926
2022-04-13,2.1154200000000003,2.33934,2.4410799999999999,2.4708899999999998,2.4864100000000002
2022-04-14,2.1571899999999999,2.4211,2.5245699999999998,2.5613799999999998,2.5879699999999999
2022-04-18,2.1690500000000004,2.4325200000000002,2.5402399999999998,2.5799799999999999,2.6079600000000003
2022-04-19,2.2202099999999998,2.52346,2.6292200000000001,2.6563300000000001,2.6695699999999998
2022-04-20,2.3408700000000002,2.5823900000000002,2.68465,2.7014400000000003,2.7000099999999998
2022-04-21,2.39947,2.6339800000000002,2.7418200000000001,2.76416,2.7640199999999999
2022-04-22,2.46496,2.65158,2.7406099999999998,2.7551399999999999,2.7527599999999999
2022-04-25,2.4474099999999996,2.5495799999999997,2.6381700000000001,2.66255,2.6688000000000001
2022-04-26,2.3986100000000001,2.47262,2.5476200000000002,2.5690200000000001,2.5765899999999999
2022-04-27,2.42279,2.5089000000000001,2.5823300000000002,2.6065,2.6206199999999997
2022-04-28,2.4355199999999999,2.5373199999999998,2.6095999999999999,2.6263999999999998,2.6337999999999999
2022-04-29,2.17536,2.62751,2.66099,2.6950499999999997,2.72925
2022-05-02,2.1556899999999999,2.6579599999999997,2.69265,2.7381500000000001,2.7856200000000002
2022-05-03,2.1487800000000004,2.70695,2.7384399999999998,2.77718,2.81711
2022-05-04,2.14168,2.60894,2.6331600000000002,2.6768700000000001,2.7266699999999999
2022-05-05,2.1343899999999998,2.6880199999999999,2.7267300000000003,2.7807399999999998,2.8379600000000003
2022-05-06,2.1269,2.6932299999999998,2.7453600000000002,2.8149099999999998,2.88673
2022-05-09,2.10324,2.60765,2.6415199999999999,2.7046799999999998,2.7761999999999998
2022-05-10,2.0949399999999998,2.6332599999999999,2.6601499999999998,2.7164899999999998,2.7818300000000002
2022-05-11,2.5694300000000001,2.69408,2.7497699999999998,2.77312,2.8007200000000001
2022-05-12,2.4721799999999998,2.6035900000000001,2.66683,2.6974800000000001,2.72803
2022-05-13,2.5163000000000002,2.6319699999999999,2.6911399999999999,2.71929,2.7510500000000002
2022-05-16,2.5175099999999997,2.6138000000000003,2.6684200000000002,2.6892099999999997,2.7120100000000003
2022-05-17,2.5851999999999999,2.71997,2.7868400000000002,2.8118600000000002,2.8332199999999998
2022-05-18,2.63639,2.7261299999999999,2.7847,2.8027900000000003,2.8146800000000001
2022-05-19,2.5977600000000001,2.66594,2.7134299999999998,2.72783,2.74071
2022-05-20,2.6029199999999997,2.6128,2.6622699999999999,2.6810899999999998,2.6958699999999998
2022-05-24,2.5394300000000003,2.5406300000000002,2.5876999999999999,2.6116099999999998,2.6361499999999998
2022-05-25,2.5087899999999999,2.5014799999999999,2.5507900000000001,2.5777600000000001,2.60073
2022-05-26,2.44767,2.51851,2.5648500000000003,2.59212,2.6191499999999999
2022-05-27,2.4639000000000002,2.5202999999999998,2.5571799999999998,2.58134,2.6095600000000001
2022-05-30,2.5026900000000003,2.5724899999999997,2.6072000000000002,2.6296300000000001,2.6577199999999999
2022-05-31,2.5689699999999998,2.6398999999999999,2.6683400000000002,2.6908600000000003,2.72593
2022-06-01,2.7000000000000002,2.7595399999999999,2.7970199999999998,2.8238500000000002,2.8560300000000001
2022-06-02,2.7477,2.8137599999999998,2.8442799999999999,2.8631699999999998,2.89053
2022-06-03,2.8202099999999999,2.8838599999999999,2.9140900000000003,2.9286799999999999,2.9512400000000003
2022-06-06,2.9240699999999999,2.9872999999999998,3.0363799999999999,3.0618699999999999,3.0842700000000001
2022-06-07,2.9829000000000003,3.00495,3.0509399999999998,3.0763499999999997,3.09857
2022-06-08,3.03057,3.0692699999999999,3.11842,3.1488700000000001,3.1754200000000004
2022-06-09,3.01573,3.0394899999999998,3.0891800000000003,3.11835,3.1425000000000001
2022-06-10,3.1517599999999999,3.2104200000000001,3.2595699999999996,3.2855000000000003,3.3052100000000002
2022-06-13,3.27406,3.3529599999999999,3.4068500000000004,3.4373200000000002,3.4631500000000002
2022-06-14,3.3711499999999996,3.4217699999999995,3.4737299999999998,3.5078199999999997,3.54203
2022-06-15,3.3011400000000002,3.2469699999999997,3.29935,3.3387000000000002,3.3737200000000001
2022-06-16,3.2570599999999996,3.2088100000000002,3.2481100000000001,3.27277,3.29697
2022-06-17,3.2369000000000003,3.2089399999999997,3.25156,3.2778700000000001,3.3025699999999998
2022-06-20,3.3048000000000002,3.26641,3.3048800000000003,3.3268,3.3505399999999996
2022-06-21,3.3498600000000005,3.3134399999999999,3.3475199999999998,3.3662100000000001,3.3885400000000003
2022-06-22,3.28457,3.2222500000000003,3.2466399999999997,3.2651500000000002,3.2878099999999999
2022-06-23,3.1463999999999999,3.0783999999999998,3.10405,3.1237900000000001,3.1447599999999998
2022-06-24,3.1626000000000003,3.0904400000000001,3.1220300000000001,3.1483600000000003,3.1743899999999998
2022-06-27,3.2014800000000001,3.1507399999999999,3.1825000000000001,3.2035099999999996,3.2249300000000001
2022-06-28,3.2228300000000001,3.1407099999999999,3.1592700000000002,3.1774499999999999,3.2037700000000005
2022-06-29,3.2063899999999999,3.1243500000000002,3.1292499999999999,3.1337900000000003,3.1509399999999999
2022-06-30,3.1841800000000005,3.0853999999999999,3.0782400000000001,3.0745200000000001,3.0872199999999999
2022-07-04,3.1975999999999996,3.0457800000000002,3.0263200000000001,3.01417,3.0224099999999998
2022-07-05,3.1764899999999998,2.9808500000000002,2.9388299999999998,2.9172500000000001,2.9218899999999999
2022-07-06,3.2731599999999998,3.1014400000000002,3.0541200000000002,3.0282,3.0308700000000002
2022-07-07,3.3149600000000001,3.1679400000000002,3.11985,3.0908700000000002,3.0890399999999998
2022-07-08,3.3549000000000002,3.2417099999999999,3.2023000000000001,3.1757399999999998,3.1739000000000002
2022-07-11,3.35907,3.2186100000000004,3.1762999999999999,3.1433500000000003,3.1311
2022-07-12,3.3088500000000001,3.1533899999999995,3.1107900000000002,3.0801700000000003,3.06976
2022-07-13,3.43527,3.2478600000000002,3.1725299999999996,3.1139399999999999,3.0838299999999998
2022-07-14,3.4840900000000001,3.2182399999999998,3.1597399999999998,3.11972,3.0958000000000001
2022-07-15,3.4359199999999999,3.1599500000000003,3.0952600000000001,3.0552999999999999,3.0326499999999998
2022-07-18,3.44937,3.17123,3.0985100000000001,3.0546699999999998,3.03159
2022-07-19,3.52407,3.25082,3.1638500000000001,3.1074000000000002,3.07498
2022-07-20,3.52834,3.2587999999999999,3.17855,3.1277300000000001,3.10134
2022-07-21,3.4345399999999997,3.13733,3.05261,2.9957600000000002,2.95635
2022-07-22,3.3176100000000002,3.0261799999999996,2.9194999999999998,2.8473299999999999,2.80647
2022-07-25,3.3358400000000001,3.0676399999999999,2.9735899999999997,2.90143,2.8495499999999998
2022-07-26,3.35398,3.0772999999999997,2.9576499999999997,2.86788,2.81101
2022-07-27,3.3489100000000001,3.0344600000000002,2.91778,2.8296899999999998,2.7663099999999998
2022-07-28,3.2120799999999998,2.8789700000000003,2.75597,2.6634499999999997,2.5962099999999997
2022-07-29,3.23414,2.91188,2.77597,2.6700999999999997,2.5942799999999999
2022-08-02,3.34029,3.04291,2.9102300000000003,2.8027299999999999,2.7224300000000001
2022-08-03,3.4675400000000001,3.1261200000000002,2.9888499999999998,2.8618299999999999,2.7579599999999997
2022-08-04,3.4358600000000004,3.0860700000000003,2.9346299999999998,2.8011200000000001,2.6979099999999998
2022-08-05,3.4942199999999999,3.1916199999999999,3.0382899999999999,2.8989500000000001,2.79142
2022-08-08,3.51329,3.17442,3.0107200000000001,2.8688799999999999,2.7595700000000001
2022-08-09,3.5458099999999999,3.21556,3.0509300000000001,2.9071599999999997,2.79596
2022-08-10,3.4434,3.12642,2.9792099999999997,2.8493900000000001,2.7450600000000001
2022-08-11,3.4874000000000001,3.20024,3.0628500000000001,2.9379400000000002,2.8369599999999999
2022-08-12,3.5088399999999997,3.19042,3.0426100000000003,2.90909,2.8016300000000003
2022-08-15,3.5046900000000001,3.1608200000000002,3.01342,2.88001,2.7697500000000002
2022-08-16,3.6326400000000003,3.2700499999999999,3.1063899999999998,2.9576000000000002,2.83839
2022-08-17,3.6718700000000002,3.3429800000000003,3.18424,3.04291,2.9322999999999997
2022-08-18,3.6769700000000003,3.3281999999999998,3.18127,3.0490400000000002,2.9380099999999998
2022-08-19,3.6970099999999997,3.3695700000000004,3.2282900000000003,3.1050599999999999,3.0080200000000001
2022-08-22,3.7275099999999997,3.42631,3.2925200000000001,3.1702800000000004,3.0715699999999999
2022-08-23,3.74776,3.4287199999999998,3.3087900000000001,3.19495,3.09992
2022-08-24,3.7666900000000005,3.4586400000000004,3.35703,3.2509299999999999,3.1558500000000005
2022-08-25,3.7657299999999996,3.4525899999999998,3.3329400000000002,3.2119099999999996,3.1051299999999999
2022-08-26,3.79148,3.4957199999999999,3.3635299999999999,3.2303199999999999,3.1182499999999997
2022-08-29,3.8377599999999998,3.5551600000000003,3.4094199999999999,3.2749899999999998,3.1740699999999995
2022-08-30,3.9036800000000005,3.59735,3.4381200000000001,3.2867000000000002,3.1713100000000001
2022-08-31,3.8748499999999999,3.6065600000000004,3.4527500000000004,3.30836,3.2016999999999998
2022-09-01,3.8918500000000003,3.6261000000000001,3.4717699999999998,3.3280200000000004,3.2257300000000004
2022-09-02,3.8552599999999999,3.54528,3.38693,3.2395800000000001,3.1367799999999999
2022-09-06,3.8801899999999998,3.56948,3.4219199999999996,3.2863799999999999,3.1937500000000001
2022-09-07,3.8699499999999998,3.5610000000000004,3.4083299999999999,3.26573,3.16439
2022-09-08,3.9040900000000005,3.61815,3.4677399999999996,3.3245700000000005,3.2231099999999997
2022-09-09,3.8894900000000003,3.5727000000000002,3.4141999999999997,3.2662999999999998,3.1620400000000002
2022-09-12,3.8977999999999997,3.56596,3.40313,3.2532100000000002,3.1494800000000005
2022-09-13,3.9974299999999996,3.6792499999999997,3.49851,3.3354699999999999,3.2264900000000001
2022-09-14,4.0383199999999997,3.7096800000000001,3.5158500000000004,3.3433699999999997,3.22681
2022-09-15,4.0807599999999997,3.7711399999999999,3.5652000000000004,3.38002,3.2529400000000002
2022-09-16,4.0898300000000001,3.7359599999999999,3.5342199999999999,3.35405,3.2277499999999999
2022-09-19,4.1162200000000002,3.7502399999999998,3.5465999999999998,3.3659599999999998,3.2387899999999998
2022-09-20,4.0634199999999998,3.7171599999999998,3.5156700000000001,3.3335900000000001,3.2035899999999997
2022-09-21,4.0650699999999995,3.7212299999999998,3.49979,3.2979599999999998,3.1539100000000002
2022-09-22,4.08073,3.7273700000000001,3.5237200000000004,3.3419400000000001,3.2122299999999999
2022-09-23,4.0713699999999999,3.7145699999999997,3.5166400000000002,3.3382900000000002,3.2045400000000002
2022-09-26,4.1409200000000004,3.7858900000000002,3.5936900000000001,3.4238900000000001,3.3029999999999995
2022-09-27,4.1997,3.8348300000000002,3.6654300000000002,3.51681,3.4076599999999999
2022-09-28,4.1081399999999997,3.6888800000000002,3.4948300000000003,3.3271099999999998,3.1993499999999999
2022-09-29,4.1079999999999997,3.7362500000000001,3.5537800000000002,3.38991,3.26681
2022-10-03,4.07104,3.7064300000000001,3.5244900000000001,3.3601199999999998,3.2346899999999996
2022-10-04,4.0168799999999996,3.68879,3.5099299999999998,3.3419499999999998,3.2134799999999997
2022-10-05,4.1004699999999996,3.8036100000000004,3.6361499999999998,3.4750299999999998,3.3518300000000001
2022-10-06,4.2226999999999997,3.9353899999999999,3.7416400000000003,3.5556900000000002,3.4186700000000001
2022-10-07,4.2888599999999997,3.9939299999999998,3.7971400000000002,3.6119199999999996,3.4790099999999997
2022-10-11,4.3274499999999998,4.04427,3.8488899999999999,3.6667199999999998,3.5415200000000002
2022-10-12,4.3659699999999999,3.9796199999999997,3.79155,3.6205000000000003,3.4967800000000002
2022-10-13,4.38591,4.0402199999999997,3.8373999999999997,3.6489800000000003,3.5110099999999997
2022-10-14,4.43527,4.0928300000000002,3.8899299999999997,3.7010200000000002,3.5646599999999999
2022-10-17,4.4448500000000006,4.0618599999999994,3.8588800000000001,3.6681499999999998,3.5255200000000002
2022-10-18,4.40909,3.9801000000000002,3.7679900000000002,3.5726,3.42943
2022-10-19,4.4860499999999996,4.1400800000000002,3.94746,3.76511,3.6300699999999999
2022-10-20,4.5930499999999999,4.22431,4.0507799999999996,3.8877599999999997,3.7622599999999999
2022-10-21,4.5570899999999996,4.1122199999999998,3.9348599999999996,3.7732799999999997,3.6535500000000001
2022-10-24,4.5430900000000003,4.0972900000000001,3.9201800000000002,3.7593399999999999,3.6382499999999998
2022-10-25,4.5897199999999998,4.0946999999999996,3.8939099999999995,3.7124699999999997,3.5752699999999997
2022-10-26,4.3277999999999999,3.8306,3.6375100000000002,3.4631599999999998,3.3337499999999998
2022-10-27,4.2930099999999998,3.77705,3.5700599999999998,3.3878199999999996,3.2539100000000003
2022-10-28,4.3342200000000002,3.78789,3.6097100000000002,3.4452000000000003,3.3096399999999999
2022-10-31,4.3706100000000001,3.8789799999999999,3.6694400000000003,3.4845099999999998,3.3494000000000002
2022-11-01,4.3603100000000001,3.8768799999999999,3.6676599999999997,3.48204,3.3452700000000002
2022-11-02,4.3733599999999999,3.9016599999999997,3.7038799999999998,3.5247800000000002,3.3925999999999998
2022-11-03,4.4511399999999997,4.0104099999999994,3.8186699999999996,3.63958,3.5041799999999999
2022-11-04,4.5485199999999999,4.0790899999999999,3.8856799999999998,3.7117800000000001,3.5845599999999997
2022-11-07,4.5881800000000004,4.1332699999999996,3.9577500000000003,3.7971300000000001,3.6770999999999998
2022-11-08,4.6061699999999997,4.0986500000000001,3.8982500000000004,3.7157999999999998,3.5779699999999997
2022-11-09,4.6166899999999993,4.0506200000000003,3.8406599999999997,3.6497899999999999,3.5049999999999999
2022-11-10,4.3838099999999995,3.7741799999999999,3.5645999999999995,3.3747600000000002,3.2245900000000001
2022-11-14,4.4364499999999998,3.81806,3.60223,3.40564,3.2495499999999997
2022-11-15,4.4411100000000001,3.8015800000000004,3.5887299999999995,3.3933299999999997,3.23359
2022-11-16,4.4710800000000006,3.7804900000000004,3.55267,3.3435300000000003,3.1701899999999998
2022-11-17,4.5016599999999993,3.8751699999999998,3.6151000000000004,3.3887100000000006,3.2208000000000001
2022-11-18,4.5101500000000003,3.9140899999999998,3.6504400000000001,3.4140099999999998,3.2366199999999998
2022-11-21,4.5308399999999995,3.8765200000000002,3.6069599999999999,3.3715000000000002,3.1971399999999996
2022-11-22,4.5541199999999993,3.8737200000000001,3.5800899999999998,3.3278799999999995,3.1461700000000001
2022-11-23,4.5580400000000001,3.8581400000000001,3.54914,3.2845899999999997,3.0960000000000001
2022-11-24,4.5203699999999998,3.8132600000000001,3.4937900000000002,3.2236000000000002,3.03261
2022-11-25,4.5336400000000001,3.8141000000000003,3.4889900000000003,3.2172600000000005,3.02589
2022-11-28,4.5289999999999999,3.8501800000000004,3.5188799999999998,3.2414800000000001,3.0485499999999996
2022-11-29,4.5489199999999999,3.8853600000000004,3.5672700000000002,3.2968600000000001,3.1062799999999999
2022-11-30,4.5304599999999997,3.8253799999999996,3.5054299999999996,3.2368700000000001,3.0486499999999999
2022-12-01,4.44374,3.7116600000000002,3.3847099999999997,3.11287,2.9230200000000002
2022-12-02,4.4452600000000002,3.6789900000000002,3.35277,3.0849499999999996,2.8949800000000003
2022-12-05,4.4473199999999995,3.7328899999999998,3.4034399999999998,3.1309200000000001,2.9406000000000003
2022-12-06,4.4644499999999994,3.7038000000000002,3.3642199999999995,3.0847599999999997,2.8890400000000001
2022-12-07,4.5167000000000002,3.6951499999999999,3.3388500000000003,3.0529199999999999,2.8569599999999999
2022-12-08,4.5043100000000003,3.7296999999999998,3.3736500000000005,3.0888900000000001,2.8961799999999998
2022-12-09,4.49512,3.7607200000000001,3.4097500000000003,3.1317999999999997,2.9478599999999999
2022-12-12,4.5147199999999996,3.78973,3.44015,3.1656900000000001,2.9846399999999997
2022-12-13,4.48644,3.6789000000000001,3.3305700000000003,3.0664899999999999,2.89412
2022-12-14,4.4864500000000005,3.6354499999999996,3.2767200000000005,3.01119,2.8418200000000002
2022-12-15,4.5105300000000002,3.6006400000000003,3.2306500000000002,2.9634299999999998,2.79643
2022-12-16,4.5071300000000001,3.58182,3.2220400000000002,2.9692799999999999,2.8135699999999999
2022-12-19,4.52745,3.57721,3.2604300000000004,3.0305300000000002,2.8758400000000002
2022-12-20,4.51898,3.64615,3.3137800000000004,3.0914899999999998,2.9646599999999999
2022-12-21,4.5508800000000003,3.6522399999999995,3.3132700000000002,3.0904799999999999,2.9656100000000003
2022-12-22,4.5863100000000001,3.7350599999999998,3.3961199999999998,3.1718799999999998,3.0451899999999998
2022-12-23,4.6477400000000006,3.8450299999999999,3.5008699999999995,3.2700300000000002,3.1392899999999999
2022-12-28,4.6865299999999994,3.9306700000000001,3.6048999999999998,3.3873000000000002,3.2651399999999997
2022-12-29,4.7033400000000007,3.9190000000000005,3.5952299999999999,3.3801699999999997,3.2595199999999998
2022-12-30,4.7219299999999995,3.9616799999999999,3.64357,3.4305000000000003,3.3079699999999996
2023-01-03,4.7370099999999997,3.9203700000000001,3.5864699999999998,3.3606200000000004,3.2284800000000002
2023-01-04,4.7413100000000004,3.8855500000000003,3.5426699999999998,3.3102600000000004,3.1727199999999995
2023-01-05,4.7877799999999997,3.92462,3.5784499999999997,3.3465099999999999,3.2105599999999996
2023-01-06,4.7421600000000002,3.8529099999999996,3.50014,3.2625899999999999,3.12114
2023-01-09,4.7115099999999996,3.8249400000000002,3.4765600000000001,3.2444099999999998,3.1066799999999999
2023-01-10,4.7367900000000001,3.8264100000000001,3.4763599999999997,3.2469100000000002,3.11416
2023-01-11,4.7247400000000006,3.7637499999999999,3.3952299999999997,3.1561899999999996,3.01823
2023-01-12,4.7174500000000004,3.6907099999999997,3.3033899999999998,3.05809,2.9167700000000001
2023-01-13,4.7019199999999994,3.6765899999999996,3.28016,3.0352799999999998,2.89838
2023-01-16,4.6725700000000003,3.5771499999999996,3.2095199999999999,2.9910600000000001,2.8573500000000003
2023-01-17,4.6459299999999999,3.5577299999999998,3.1832899999999995,2.9635499999999997,2.8329900000000001
2023-01-18,4.54901,3.4655,3.06637,2.8351999999999999,2.69998
2023-01-19,4.5512100000000002,3.4981,3.0910900000000003,2.8587700000000003,2.72627
2023-01-20,4.5563399999999996,3.57023,3.1741999999999999,2.9476499999999999,2.8201799999999997
2023-01-23,4.58819,3.6279499999999998,3.22932,2.9945900000000001,2.8597600000000001
2023-01-24,4.5917600000000007,3.5940399999999997,3.1927400000000001,2.9594499999999999,2.8264299999999998
2023-01-25,4.5444800000000001,3.5217000000000001,3.12649,2.9028299999999998,2.77549
2023-01-26,4.5656699999999999,3.57328,3.1873999999999998,2.97038,2.8473800000000002
2023-01-27,4.5691500000000005,3.6450499999999995,3.24126,3.01701,2.8988199999999997
2023-01-30,4.5985900000000006,3.6981100000000002,3.2797700000000001,3.03884,2.91492
2023-01-31,4.6226200000000004,3.7083600000000003,3.2867500000000001,3.0408900000000001,2.9129999999999998
2023-02-01,4.6085500000000001,3.6237300000000001,3.19238,2.9447000000000001,2.81874
2023-02-02,4.6094600000000003,3.6172900000000001,3.1878900000000003,2.9389599999999998,2.8100199999999997
2023-02-03,4.6774300000000002,3.7528800000000002,3.3195600000000001,3.0630100000000002,2.92686
2023-02-06,4.7301599999999997,3.8584700000000001,3.4334200000000004,3.1804899999999998,3.0456099999999999
2023-02-07,4.7571500000000002,3.87642,3.45506,3.2075899999999997,3.0781900000000002
2023-02-08,4.7608800000000002,3.8406599999999997,3.4132799999999999,3.1599699999999999,3.02508
2023-02-09,4.7519499999999999,3.8936800000000003,3.4673500000000002,3.2111199999999998,3.07287
2023-02-10,4.8499100000000004,4.0018599999999998,3.5749900000000001,3.3110800000000005,3.1701999999999999
2023-02-13,4.8752900000000006,3.9892999999999996,3.5537199999999998,3.28112,3.1337600000000001
2023-02-14,4.9029499999999997,4.0994299999999999,3.6722100000000002,3.3959799999999998,3.2418500000000003
2023-02-15,4.9000700000000004,4.0747200000000001,3.6772899999999997,3.4229999999999996,3.2822299999999998
2023-02-16,4.8708400000000003,4.04345,3.6740699999999999,3.4386899999999998,3.3066400000000002
2023-02-17,4.8412899999999999,4.0376500000000002,3.67272,3.4379499999999998,3.3069099999999998
2023-02-21,4.8672399999999998,4.1210599999999999,3.7784900000000001,3.56067,3.4420299999999999
2023-02-22,4.8425399999999996,4.0927899999999999,3.7457900000000004,3.52407,3.4018600000000001
2023-02-23,4.8346600000000004,4.0940900000000005,3.7289099999999999,3.4906600000000001,3.3591799999999998
2023-02-24,4.8482200000000004,4.1575500000000005,3.80362,3.5721999999999996,3.4432400000000003
2023-02-27,4.8610300000000004,4.1432200000000003,3.7872500000000002,3.5548499999999996,3.42726
2023-02-28,4.8398300000000001,4.0998700000000001,3.7427299999999999,3.5087100000000002,3.3808799999999999
2023-03-01,4.8124799999999999,4.1572199999999997,3.8088200000000003,3.5779400000000003,3.4532699999999998
2023-03-02,4.8218399999999999,4.1776099999999996,3.84687,3.6322700000000001,3.5162300000000002
2023-03-03,4.8083200000000001,4.1035899999999996,3.7564000000000002,3.5294600000000003,3.4024199999999998
2023-03-06,4.8014999999999999,4.1326499999999999,3.7883499999999999,3.5602300000000002,3.43025
2023-03-07,4.82301,4.1982499999999998,3.8248200000000003,3.5628899999999999,3.4114100000000001
2023-03-08,4.8362799999999995,4.1682899999999998,3.7740900000000002,3.4979000000000005,3.3404400000000001
2023-03-09,4.8429399999999996,4.0397400000000001,3.6344799999999995,3.3606900000000004,3.2110800000000004
2023-03-10,4.7359200000000001,3.8565,3.4512099999999997,3.18798,3.0423800000000001
2023-03-13,4.2439999999999998,3.4469100000000004,3.1038699999999997,2.89194,2.77251
2023-03-14,4.4339599999999999,3.62195,3.2512799999999999,3.0122300000000002,2.8777200000000001
2023-03-15,4.1582099999999995,3.40604,3.0620499999999997,2.8487200000000001,2.7312400000000001
2023-03-16,4.3276399999999997,3.6208499999999999,3.2698299999999998,3.0476300000000003,2.92001
2023-03-17,4.2701700000000002,3.4464899999999998,3.1013099999999998,2.8858000000000001,2.7642199999999999
2023-03-20,4.3201799999999997,3.5194000000000001,3.1766399999999999,2.9584099999999998,2.8311800000000003
2023-03-21,4.4133300000000002,3.5945499999999999,3.2446700000000002,3.02406,2.8970500000000001
2023-03-22,4.2868000000000004,3.3983600000000003,3.0477799999999999,2.8273800000000002,2.7006999999999999
2023-03-23,4.2552600000000007,3.35229,3.00779,2.7979099999999999,2.6837400000000002
2023-03-24,4.1480499999999996,3.3462699999999996,3.0114700000000001,2.8110900000000001,2.7025799999999998
2023-03-27,4.3609400000000003,3.5314199999999998,3.1954799999999999,2.9942099999999998,2.8841299999999999
2023-03-28,4.4177499999999998,3.5983099999999997,3.2489999999999997,3.0394399999999999,2.9252199999999999
2023-03-29,4.1970599999999996,3.6490799999999997,3.30118,3.0893899999999999,2.9679500000000001
2023-03-30,4.5006699999999995,3.6584600000000003,3.3053100000000004,3.0894499999999998,2.9657499999999999
2023-03-31,4.4984500000000001,3.6424400000000001,3.2801299999999998,3.0546000000000002,2.9247900000000002
2023-04-03,4.4890600000000003,3.5579100000000001,3.1971600000000002,2.9756,2.84999
2023-04-04,4.3820800000000002,3.4583200000000001,3.10364,2.8867799999999999,2.7644899999999999
2023-04-05,4.3429799999999998,3.4539100000000005,3.11029,2.8999000000000001,2.7807200000000001
2023-04-06,4.3995100000000003,3.5170500000000002,3.1604399999999999,2.93668,2.8066
2023-04-10,4.5314699999999997,3.6520900000000003,3.2914899999999996,3.0664799999999999,2.9347300000000001
2023-04-11,4.5527699999999998,3.6785299999999999,3.3145899999999999,3.0872199999999999,2.9543499999999998
2023-04-12,4.5734599999999999,3.6728999999999998,3.3052100000000002,3.0734399999999997,2.9365399999999999
2023-04-13,4.5797799999999995,3.70512,3.3511800000000003,3.1310099999999998,3.00298
2023-04-14,4.6412500000000003,3.8067299999999999,3.45566,3.2304300000000001,3.0947100000000001
2023-04-17,4.6949499999999995,3.8668099999999996,3.5136500000000002,3.2855700000000003,3.1473899999999997
2023-04-18,4.6939599999999997,3.8414999999999999,3.4853099999999997,3.2559400000000003,3.11741
2023-04-19,4.72058,3.8564099999999999,3.5032899999999998,3.2754099999999999,3.1362700000000001
2023-04-20,4.6874500000000001,3.7733299999999996,3.41235,3.1811699999999998,3.0415899999999998
2023-04-21,4.6202699999999997,3.7095799999999999,3.3530900000000003,3.1266400000000001,2.9912000000000001
2023-04-24,4.6197900000000001,3.7079500000000003,3.3439100000000002,3.1122400000000003,2.97417
2023-04-25,4.5158499999999995,3.5553500000000002,3.1903599999999996,2.96001,2.8245
2023-04-26,4.5075099999999999,3.6018699999999999,3.2402800000000003,3.0131000000000001,2.88062
2023-04-27,4.5579400000000003,3.7102999999999997,3.3492800000000003,3.1211099999999998,2.9877699999999998
2023-04-28,4.5567099999999998,3.6231600000000004,3.2457800000000003,3.0096799999999999,2.8732500000000001
2023-05-01,4.6148699999999998,3.7440800000000003,3.3703400000000001,3.1366999999999998,3.0024100000000002
2023-05-02,4.5629500000000007,3.6058899999999996,3.2278000000000002,2.9895100000000001,2.8502799999999997
2023-05-03,4.5542300000000004,3.5341699999999996,3.1531099999999999,2.9130699999999998,2.7737699999999998
2023-05-04,4.4330300000000005,3.5158900000000002,3.1496700000000004,2.9197600000000001,2.78755
2023-05-05,4.5224700000000002,3.6575299999999999,3.2842499999999997,3.0487299999999999,2.9130799999999999
2023-05-08,4.5608999999999993,3.7173200000000004,3.3449899999999997,3.10859,2.9719599999999997
2023-05-09,4.5848399999999998,3.7206799999999998,3.34592,3.1092,2.9721199999999999
2023-05-10,4.5529200000000003,3.6411899999999999,3.2606299999999999,3.02529,2.8928799999999999
2023-05-11,4.5229100000000004,3.60372,3.2206699999999997,2.9811000000000001,2.84355
2023-05-12,4.5335900000000002,3.6726099999999997,3.2819599999999998,3.0410599999999999,2.9050599999999998
2023-05-15,4.5887400000000005,3.73726,3.35059,3.1130499999999999,2.9795700000000003
2023-05-16,4.7325600000000003,3.8919799999999998,3.4928099999999995,3.2403099999999996,3.09918
2023-05-17,4.7920999999999996,3.9730599999999998,3.5694900000000001,3.3143100000000003,3.1711000000000005
2023-05-18,4.8289299999999997,4.0074499999999995,3.6240099999999997,3.3845499999999999,3.24966
2023-05-19,4.7839900000000002,3.9195700000000002,3.5427100000000005,3.3091799999999996,3.1749800000000001
2023-05-24,4.8719299999999999,4.0751099999999996,3.7060500000000003,3.4752299999999998,3.3401599999999996
2023-05-25,4.8841400000000004,4.1389500000000004,3.7683900000000001,3.5352099999999997,3.3976600000000001
2023-05-26,4.9333200000000001,4.2061599999999997,3.8290499999999996,3.5857399999999999,3.4414100000000003
2023-05-29,4.9402900000000001,4.2289099999999999,3.8525299999999998,3.6070799999999998,3.4592400000000003
2023-05-30,4.9399999999999995,4.1387599999999996,3.7605600000000003,3.5198199999999997,3.3749500000000001
2023-05-31,4.9355400000000005,4.1168800000000001,3.7193800000000001,3.4595000000000002,3.3055599999999998
2023-06-01,4.9411300000000002,4.0930099999999996,3.6903400000000004,3.4302800000000002,3.2782100000000001
2023-06-02,4.9846399999999997,4.1743000000000006,3.7722699999999998,3.51492,3.3600099999999999
2023-06-05,5.0575700000000001,4.20268,3.7936699999999997,3.5363600000000002,3.3843100000000002
2023-06-06,5.1056999999999997,4.2631199999999998,3.8375499999999998,3.5621700000000001,3.4029799999999999
2023-06-07,5.2732700000000001,4.4753300000000005,4.0328299999999997,3.7437800000000001,3.5804099999999996
2023-06-08,5.2423699999999993,4.4054599999999997,3.9847000000000001,3.7121300000000002,3.5529299999999999
2023-06-09,5.2450999999999999,4.35717,3.9515000000000002,3.6950200000000004,3.5396400000000003
2023-06-12,5.2233099999999997,4.3174400000000004,3.9083300000000003,3.6504400000000001,3.4954800000000001
2023-06-13,5.2615799999999995,4.4399899999999999,4.0282799999999996,3.7632300000000001,3.6091499999999996
2023-06-14,5.2557800000000006,4.4217500000000003,3.99831,3.7234099999999999,3.5629900000000001
2023-06-15,5.2565499999999998,4.3587599999999993,3.92597,3.6467300000000002,3.4843999999999999
2023-06-16,5.2846799999999998,4.4255399999999998,3.9796800000000001,3.6870800000000004,3.5171099999999997
2023-06-19,5.3254999999999999,4.4827899999999996,4.0414300000000001,3.7494100000000001,3.5786199999999999
2023-06-20,5.3197299999999998,4.4394400000000003,3.9914999999999998,3.6957800000000001,3.5203400000000005
2023-06-21,5.3356300000000001,4.4931899999999994,4.0472399999999995,3.7492999999999999,3.5715499999999998
2023-06-22,5.3572799999999994,4.6004899999999997,4.1541899999999998,3.8514699999999999,3.6693700000000002
2023-06-23,5.3536200000000003,4.51675,4.0725199999999999,3.7710699999999999,3.5851800000000003
2023-06-26,5.3270499999999998,4.4638299999999997,4.0202799999999996,3.7166200000000003,3.5269599999999999
2023-06-27,5.29223,4.4458000000000002,4.0068899999999994,3.7056499999999999,3.5180500000000006
2023-06-28,5.2411600000000007,4.38192,3.9388699999999996,3.6314699999999998,3.4379300000000002
2023-06-29,5.2958100000000004,4.5186400000000004,4.0947900000000006,3.7953800000000002,3.60493
2023-06-30,5.2874100000000004,4.43933,4.00387,3.69936,3.5066699999999997
2023-07-04,5.3108000000000004,4.4921799999999994,4.0609399999999996,3.7584399999999998,3.5678700000000001
2023-07-05,5.30776,4.5389999999999997,4.1222300000000001,3.8272399999999998,3.6409600000000002
2023-07-06,5.34748,4.6046700000000005,4.2069599999999996,3.9202500000000002,3.7344000000000004
2023-07-07,5.3517999999999999,4.6440200000000003,4.2604199999999999,3.9820700000000002,3.8002099999999999
2023-07-10,5.3360400000000006,4.59626,4.2018399999999998,3.9165299999999998,3.7331999999999996
2023-07-11,5.3463499999999993,4.6571799999999994,4.2530400000000004,3.9567199999999998,3.7661500000000001
2023-07-12,5.3294600000000001,4.51729,4.1095899999999999,3.8207800000000001,3.6360799999999998
2023-07-13,5.3146300000000002,4.4210099999999999,4.0097300000000002,3.7231599999999996,3.5408900000000001
2023-07-14,5.3252699999999997,4.4840999999999998,4.0708800000000007,3.7789900000000003,3.5906100000000003
2023-07-17,5.3540000000000001,4.5160899999999993,4.1042000000000005,3.8127,3.6237900000000005
2023-07-18,5.35168,4.4781500000000003,4.0630300000000004,3.7726099999999998,3.58717
2023-07-19,5.3553199999999999,4.4640500000000003,4.0431799999999996,3.7490799999999997,3.5615000000000001
2023-07-20,5.3683000000000005,4.5793599999999994,4.1635,3.8699300000000001,3.6835800000000001
2023-07-21,5.3707400000000005,4.5318200000000006,4.1130899999999997,3.8180100000000001,3.6279300000000001
2023-07-24,5.3770499999999997,4.6215799999999998,4.2102500000000003,3.9124499999999998,3.7183000000000002
2023-07-25,5.4056300000000004,4.6581600000000005,4.24214,3.9409700000000001,3.7457699999999998
2023-07-26,5.3985099999999999,4.5862100000000003,4.1647000000000007,3.86294,3.6690899999999997
2023-07-27,5.4344299999999999,4.7092700000000001,4.3032000000000004,4.0085600000000001,3.8188899999999997
2023-07-28,5.4178999999999995,4.6174499999999998,4.2171500000000002,3.9284699999999999,3.7387200000000003
2023-07-31,5.4032400000000003,4.6082999999999998,4.19604,3.9005900000000002,3.7120300000000004
2023-08-01,5.4236800000000001,4.6555,4.2615300000000005,3.9801099999999998,3.80186
2023-08-02,5.4213499999999994,4.6202800000000002,4.2348600000000003,3.9623199999999996,3.7906799999999996
2023-08-03,5.4227299999999996,4.6530199999999997,4.2829199999999998,4.0253700000000006,3.8660899999999998
2023-08-04,5.3738800000000007,4.5058099999999994,4.12216,3.8591000000000002,3.6981699999999997
2023-08-08,5.3306899999999997,4.46183,4.0793699999999999,3.8164700000000003,3.6540599999999999
2023-08-09,5.3452999999999999,4.5218500000000006,4.1293000000000006,3.8531200000000001,3.6810200000000002
2023-08-10,5.3542100000000001,4.55159,4.1764099999999997,3.9140199999999998,3.7500499999999999
2023-08-14,5.4105499999999997,4.6427399999999999,4.2746899999999997,4.0123899999999999,3.8467800000000003
2023-08-15,5.4603000000000002,4.7017700000000007,4.3386000000000005,4.07965,3.9152399999999998
2023-08-16,5.4289999999999994,4.7208800000000002,4.3632099999999996,4.1045199999999999,3.93926
2023-08-17,5.4485799999999998,4.6975100000000003,4.3499999999999996,4.1032600000000006,3.9453799999999997
2023-08-18,5.4488700000000003,4.6694100000000001,4.3145600000000002,4.0632999999999999,3.9006799999999999
2023-08-21,5.4589699999999999,4.6996799999999999,4.3562399999999997,4.1140699999999999,3.9571399999999999
2023-08-22,5.4586999999999994,4.7417400000000001,4.4008000000000003,4.1562300000000008,3.9966699999999999
2023-08-23,5.4026800000000001,4.5972499999999998,4.2472399999999997,4.0026299999999999,3.8388800000000001
2023-08-24,5.4092099999999999,4.6526499999999995,4.30837,4.0646300000000002,3.8994900000000001
2023-08-25,5.4161099999999998,4.6802099999999998,4.3336500000000004,4.0869299999999997,3.9189500000000002
2023-08-28,5.4257,4.6863599999999996,4.3229999999999995,4.0617900000000002,3.8903800000000004
2023-08-29,5.4081799999999998,4.5768399999999998,4.2171500000000002,3.9677600000000002,3.8010299999999999
2023-08-30,5.3826400000000003,4.5460700000000003,4.18825,3.9427300000000001,3.7799800000000001
2023-08-31,5.3645300000000002,4.5458400000000001,4.1806900000000002,3.9265000000000003,3.7618800000000001
2023-09-01,5.2837500000000004,4.4568900000000005,4.1023700000000005,3.8627300000000004,3.7124499999999996
2023-09-05,5.3127000000000004,4.5621799999999997,4.2079900000000006,3.9646500000000002,3.8149700000000002
2023-09-06,5.3344299999999993,4.58453,4.23543,3.9931599999999996,3.8403600000000004
2023-09-07,5.3139799999999999,4.5070699999999997,4.1704299999999996,3.9461000000000004,3.8026200000000001
2023-09-08,5.3268599999999999,4.5519400000000001,4.2145799999999998,3.9865400000000002,3.83887
2023-09-11,5.3424800000000001,4.5590799999999998,4.2173099999999994,3.98861,3.8430400000000002
2023-09-12,5.3255600000000003,4.5811400000000004,4.23285,3.9977600000000004,3.8470499999999999
2023-09-13,5.33188,4.5697099999999997,4.2237499999999999,3.9904299999999995,3.8407700000000005
2023-09-14,5.3524500000000002,4.5661399999999999,4.2197900000000006,3.9881399999999996,3.84076
2023-09-15,5.3604000000000003,4.60527,4.2672599999999994,4.0392400000000004,3.8928900000000004
2023-09-18,5.3693200000000001,4.64635,4.3054100000000002,4.0715599999999998,3.9195300000000004
2023-09-19,5.4545399999999997,4.7776300000000003,4.4452100000000003,4.2108300000000005,4.0543800000000001
2023-09-20,5.4666399999999999,4.8078099999999999,4.4723600000000001,4.2337300000000004,4.0734500000000002
2023-09-21,5.4940500000000005,4.82559,4.4985099999999996,4.2659500000000001,4.1170900000000001
2023-09-22,5.4751599999999998,4.7892099999999997,4.4597199999999999,4.2245200000000001,4.0734199999999996
2023-09-25,5.4842199999999997,4.8136999999999999,4.5077300000000005,4.2931999999999997,4.1578600000000003
2023-09-26,5.4888300000000001,4.7984999999999998,4.4992200000000002,4.2923599999999995,4.1618300000000001
2023-09-27,5.4932699999999999,4.8366899999999999,4.5420400000000001,4.3372200000000003,4.2094500000000004
2023-09-28,5.47898,4.7833899999999998,4.4985600000000003,4.3035700000000006,4.1807100000000004
2023-09-29,5.4545599999999999,4.7417300000000004,4.4543399999999993,4.2584600000000004,4.13598
2023-10-03,5.4765199999999998,4.8496499999999996,4.5879200000000004,4.4155199999999999,4.3146900000000006
2023-10-04,5.4562200000000001,4.7744499999999999,4.5032000000000005,4.3257399999999997,4.2200300000000004
2023-10-05,5.4388499999999995,4.7346000000000004,4.4568499999999993,4.2786,4.1771799999999999
2023-10-06,5.4823300000000001,4.7890199999999998,4.4949599999999998,4.3030800000000005,4.19672
2023-10-10,5.4327300000000003,4.6642099999999997,4.3600399999999997,4.1659199999999998,4.0567700000000002
2023-10-11,5.4194899999999997,4.6768900000000002,4.3683199999999998,4.1703599999999996,4.0497699999999996
2023-10-12,5.4379400000000002,4.7613700000000003,4.4553900000000004,4.2527799999999996,4.13401
2023-10-13,5.4447799999999997,4.7863199999999999,4.4512700000000001,4.2236599999999997,4.0902799999999999
2023-10-16,5.4671200000000004,4.8286199999999999,4.5075700000000003,4.2881,4.1566700000000001
2023-10-17,5.4302099999999998,4.8169200000000005,4.51675,4.3167499999999999,4.1918600000000001
2023-10-18,5.4389500000000002,4.8262299999999998,4.5315000000000003,4.3351699999999997,4.2131600000000002
2023-10-19,5.4338200000000008,4.8182900000000002,4.5351699999999999,4.3468800000000005,4.2391100000000002
2023-10-20,5.3771399999999998,4.7283999999999997,4.44224,4.2564599999999997,4.1529799999999994
2023-10-23,5.3786100000000001,4.65442,4.3683800000000002,4.1881399999999998,4.0867300000000002
2023-10-24,5.3857499999999998,4.6350699999999998,4.3513799999999998,4.1778500000000003,4.0807500000000001
2023-10-25,5.3589400000000005,4.6696300000000006,4.3991699999999998,4.2322499999999996,4.1429499999999999
2023-10-26,5.2774099999999997,4.5777799999999997,4.2937599999999998,4.1228499999999997,4.0324600000000004
2023-10-27,5.2634300000000005,4.5191799999999995,4.2294400000000003,4.0581899999999997,3.9717899999999999
2023-10-30,5.2447400000000002,4.5826500000000001,4.29162,4.1194799999999994,4.03078
2023-10-31,5.2392700000000003,4.5770800000000005,4.2894100000000002,4.1156900000000007,4.0304799999999998
2023-11-01,5.2139199999999999,4.4667599999999998,4.1618300000000001,3.9842599999999999,3.8992300000000002
2023-11-02,5.1901099999999998,4.48116,4.1571899999999999,3.9591500000000002,3.8580000000000005
2023-11-03,5.09795,4.3108500000000003,3.98475,3.7952899999999996,3.7046399999999999
2023-11-06,5.12235,4.3793100000000003,4.0663999999999998,3.8828799999999997,3.7941400000000001
2023-11-07,5.1265600000000004,4.3662000000000001,4.0399799999999999,3.8468500000000003,3.7516599999999998
2023-11-08,5.1118199999999998,4.38422,4.0415799999999997,3.83487,3.72906
2023-11-09,5.1386599999999998,4.4878400000000003,4.1551299999999998,3.95065,3.8487
2023-11-10,5.1472600000000002,4.4736599999999997,4.1507100000000001,3.9561399999999995,3.8557800000000002
2023-11-14,5.06595,4.2991200000000003,3.9697799999999996,3.7816399999999999,3.6871599999999995
2023-11-15,5.0993599999999999,4.4137899999999997,4.0932200000000005,3.9049100000000001,3.8047800000000001
2023-11-16,5.0750599999999997,4.3489300000000002,4.0193300000000001,3.8265500000000001,3.7253300000000005
2023-11-17,5.0720300000000007,4.3659999999999997,4.0374300000000005,3.8414200000000003,3.7350000000000003
2023-11-20,5.0801400000000001,4.3155000000000001,3.9871499999999997,3.7944400000000003,3.6924800000000002
2023-11-21,5.0745899999999997,4.29366,3.9615100000000001,3.7649500000000002,3.6647600000000002
2023-11-22,5.0668999999999995,4.3057999999999996,3.97505,3.7782100000000001,3.6769999999999996
2023-11-23,5.0578199999999995,4.3348300000000002,4.0159500000000001,3.8261499999999997,3.72879
2023-11-24,5.0903200000000002,4.3577300000000001,4.0294799999999995,3.8339099999999999,3.7358199999999999
2023-11-27,5.0755400000000002,4.2997199999999998,3.96679,3.7710399999999997,3.6717
2023-11-28,5.0104899999999999,4.19529,3.8658600000000001,3.67807,3.5875700000000004
2023-11-29,4.8973899999999997,4.0784700000000003,3.7694800000000002,3.5997599999999998,3.5179
2023-11-30,4.9166400000000001,4.1064499999999997,3.80524,3.6393300000000002,3.5577800000000002
2023-12-01,4.84734,3.9727400000000004,3.6639400000000002,3.5033500000000002,3.4284400000000002
2023-12-04,4.86829,4.02121,3.7057699999999998,3.5368400000000002,3.4572400000000005
2023-12-05,4.8354599999999994,3.9597500000000001,3.6273399999999998,3.4476,3.3617500000000002
2023-12-06,4.8354900000000001,3.9568399999999997,3.6073800000000005,3.4144800000000002,3.3203999999999998
2023-12-07,4.8314599999999999,3.9363200000000003,3.5875900000000001,3.3980600000000001,3.3082000000000003
2023-12-08,4.8647099999999996,4.02841,3.6825099999999997,3.4917499999999997,3.3983499999999998
2023-12-11,4.9021699999999999,4.0748699999999998,3.7266399999999997,3.5348600000000001,3.4408399999999997
2023-12-12,4.9008900000000004,4.0918700000000001,3.73664,3.5379899999999997,3.4381200000000001
2023-12-13,4.8003900000000002,3.8606199999999999,3.5097799999999997,3.3253300000000001,3.2406600000000001
2023-12-14,4.7065599999999996,3.7864799999999996,3.4305000000000003,3.2440099999999998,3.1543200000000002
2023-12-15,4.72004,3.81094,3.4435899999999999,3.24804,3.15184
2023-12-18,4.7747900000000003,3.8563899999999998,3.4870800000000002,3.2925799999999996,3.1988299999999996
2023-12-19,4.7983099999999999,3.8496500000000005,3.4687399999999999,3.2698699999999996,3.17374
2023-12-20,4.7564200000000003,3.7737699999999998,3.3846599999999998,3.18757,3.0945899999999997
2023-12-21,4.7471699999999997,3.79583,3.4166299999999996,3.2272400000000001,3.1396899999999999
2023-12-22,4.7753899999999998,3.8498699999999997,3.48177,3.2990600000000003,3.2167000000000003
2023-12-27,4.7454200000000002,3.7623799999999998,3.3801900000000002,3.1881100000000004,3.09707
2023-12-28,4.7507099999999998,3.7726799999999998,3.3903099999999999,3.1998600000000001,3.1145
2023-12-29,4.7375499999999997,3.7320500000000001,3.35026,3.1643600000000003,3.0855199999999998
2024-01-02,4.7681000000000004,3.8047999999999997,3.4276900000000001,3.2423199999999999,3.1635400000000002
2024-01-03,4.7699499999999997,3.8084100000000003,3.4267100000000004,3.2361599999999999,3.1506399999999997
2024-01-04,4.8039699999999996,3.8818199999999998,3.5105299999999997,3.32524,3.2404799999999998
2024-01-05,4.8260800000000001,3.8996599999999999,3.5340799999999999,3.3516700000000004,3.26885
2024-01-08,4.7994500000000002,3.8676900000000001,3.5043900000000003,3.3229799999999998,3.2376299999999998
2024-01-09,4.7998099999999999,3.8494999999999999,3.4897499999999999,3.3125500000000003,3.23007
2024-01-10,4.7796599999999998,3.87649,3.5248099999999996,3.3497699999999999,3.26966
2024-01-11,4.7709999999999999,3.83012,3.4707599999999998,3.2946499999999999,3.2208399999999999
2024-01-12,4.6979499999999996,3.7883,3.43703,3.2678100000000003,3.1969799999999999
2024-01-15,4.7054400000000003,3.7867499999999996,3.4308400000000003,3.2583599999999997,3.1875800000000001
2024-01-16,4.7818399999999999,3.9086700000000003,3.5562999999999998,3.383,3.3119700000000001
2024-01-17,4.8863900000000005,4.0263999999999998,3.67252,3.4940500000000001,3.4160299999999997
2024-01-18,4.8970000000000002,4.0380000000000003,3.6909699999999996,3.5194700000000001,3.44815
2024-01-19,4.9144600000000001,4.0742199999999995,3.72689,3.5512500000000005,3.4743999999999997
2024-01-22,4.9114900000000006,4.04617,3.6878000000000002,3.5052300000000001,3.42456
2024-01-23,4.9212999999999996,4.0358400000000003,3.6834199999999999,3.5068700000000002,3.4318599999999999
2024-01-24,4.8807700000000001,4.0027600000000003,3.6770299999999998,3.5199099999999999,3.4542299999999999
2024-01-25,4.8282999999999996,3.9851100000000002,3.6549999999999998,3.4950799999999997,3.4289899999999998
2024-01-26,4.8523800000000001,4.0333899999999998,3.7093300000000005,3.54922,3.4806400000000002
2024-01-29,4.8544799999999997,3.9891000000000001,3.65455,3.4893399999999999,3.4175700000000004
2024-01-30,4.8760199999999996,4.0073699999999999,3.6551199999999997,3.4721700000000002,3.3894899999999999
2024-01-31,4.8451399999999998,3.9582699999999997,3.5941800000000002,3.4077600000000001,3.3258999999999999
2024-02-01,4.8622399999999999,3.8882100000000004,3.5158799999999997,3.3253900000000005,3.2384900000000001
2024-02-02,4.9274199999999997,4.0199499999999997,3.65821,3.4658199999999999,3.3748899999999997
2024-02-05,4.9623100000000004,4.1007600000000002,3.7610799999999998,3.57843,3.4912899999999998
2024-02-06,4.9285800000000002,4.0255700000000001,3.6819200000000003,3.5005799999999998,3.4141999999999997
2024-02-07,4.9222000000000001,4.0741800000000001,3.7316500000000001,3.54928,3.4622999999999999
2024-02-08,4.9498599999999993,4.13626,3.8065799999999999,3.6306499999999997,3.5471000000000004
2024-02-09,4.9595899999999995,4.1490800000000005,3.8123499999999999,3.63036,3.5434399999999999
2024-02-12,4.9747000000000003,4.1766499999999995,3.8422699999999996,3.6625299999999998,3.5771100000000002
2024-02-13,5.0559000000000003,4.2907299999999999,3.9564599999999999,3.7713299999999998,3.67998
2024-02-14,5.0123600000000001,4.1852299999999998,3.84402,3.6590200000000004,3.5713900000000001
2024-02-15,4.9789700000000003,4.1693300000000004,3.8292699999999997,3.6467199999999997,3.5594199999999998
2024-02-16,5.0028000000000006,4.2136699999999996,3.87582,3.6925499999999998,3.6042400000000003
2024-02-20,4.8876099999999996,4.0832800000000002,3.7631199999999998,3.5952600000000001,3.5163899999999999
2024-02-21,4.8953100000000003,4.1055399999999995,3.7876300000000001,3.6213599999999997,3.5438800000000001
2024-02-22,4.9090099999999994,4.1283099999999999,3.7980399999999999,3.6218699999999999,3.5404599999999999
2024-02-23,4.8943599999999998,4.0823299999999998,3.7435999999999998,3.5613600000000001,3.4770299999999996
2024-02-26,4.9104000000000001,4.1095899999999999,3.7645600000000004,3.5790799999999998,3.49586
2024-02-27,4.9132899999999999,4.1333399999999996,3.8043,3.6285400000000001,3.55023
2024-02-28,4.9003499999999995,4.0964800000000006,3.7700699999999996,3.59924,3.5234300000000003
2024-02-29,4.8704499999999999,4.0750799999999998,3.7450900000000003,3.56942,3.4910600000000001
2024-03-01,4.8123199999999997,3.9906999999999999,3.6647899999999995,3.49478,3.4209900000000002
2024-03-04,4.8186999999999998,4.0182500000000001,3.6873799999999997,3.5156300000000003,3.4420699999999997
2024-03-05,4.7671700000000001,3.9292899999999999,3.5937700000000001,3.4210099999999999,3.34674
2024-03-06,4.7935800000000004,3.9517999999999995,3.6121699999999999,3.43303,3.3516200000000005
2024-03-07,4.8093599999999999,3.96163,3.6183399999999999,3.4368599999999998,3.3556700000000004
2024-03-08,4.7872500000000002,3.9156900000000001,3.5739300000000003,3.3957899999999999,3.3170500000000001
2024-03-11,4.5171700000000001,3.9400300000000001,3.6011199999999999,3.42239,3.3415300000000001
2024-03-12,4.5522200000000002,3.9965599999999997,3.6520600000000001,3.4684200000000001,3.3856200000000003
2024-03-13,4.55985,4.0234100000000002,3.67855,3.4954300000000003,3.4138700000000002
2024-03-14,4.5907299999999998,4.0945799999999997,3.76267,3.5853299999999999,3.5075000000000003
2024-03-15,4.5953499999999998,4.1254900000000001,3.7895099999999999,3.6060799999999995,3.5252199999999996
2024-03-18,4.6196700000000002,4.1696999999999997,3.8372099999999998,3.6559399999999997,3.5767100000000003
2024-03-19,4.5356500000000004,4.0529999999999999,3.7242200000000003,3.5491599999999996,3.4767100000000002
2024-03-20,4.5157400000000001,3.9921400000000005,3.6663199999999998,3.4964599999999999,3.4275500000000001
2024-03-21,4.5089800000000002,4.02454,3.6994699999999998,3.5275800000000004,3.4569200000000002
2024-03-22,4.4839200000000003,3.9707499999999998,3.6387700000000001,3.4628300000000003,3.3888000000000003
2024-03-25,4.4997299999999996,3.9928699999999999,3.6666600000000003,3.4954100000000001,3.4251499999999999
2024-03-26,4.5250199999999996,4.0243000000000002,3.69123,3.5138299999999996,3.4395700000000002
2024-03-27,4.5239700000000003,3.9907699999999999,3.6568200000000002,3.4787300000000001,3.40117
2024-03-28,4.5329099999999993,4.0253999999999994,3.6821199999999998,3.4955699999999998,3.41384
2024-04-01,4.5918000000000001,4.1258999999999997,3.7933300000000001,3.61429,3.5398399999999999
2024-04-02,4.5768499999999994,4.1023100000000001,3.77833,3.6078800000000002,3.5407899999999999
2024-04-03,4.54556,4.0793299999999997,3.7593899999999998,3.5913399999999998,3.5239500000000001
2024-04-04,4.5345399999999998,4.0389599999999994,3.7217199999999999,3.5577400000000003,3.49072
2024-04-05,4.4963000000000006,4.0657199999999998,3.7564699999999998,3.5945900000000002,3.5276099999999997
2024-04-08,4.5071700000000003,4.0908699999999998,3.78308,3.6217399999999995,3.5568599999999999
2024-04-09,4.4935599999999996,4.0490400000000006,3.7350000000000003,3.5694999999999997,3.5018199999999999
2024-04-10,4.5942100000000003,4.2013500000000006,3.8882300000000001,3.71759,3.6463099999999997
2024-04-11,4.5989299999999993,4.2008700000000001,3.8994800000000005,3.73814,3.67171
2024-04-12,4.5592899999999998,4.12364,3.8192599999999999,3.65768,3.5902700000000003
2024-04-15,4.5895000000000001,4.1905299999999999,3.8970200000000004,3.7413599999999998,3.6778199999999996
2024-04-16,4.5488,4.1689299999999996,3.8856300000000004,3.73353,3.6695799999999998
2024-04-17,4.5453800000000006,4.1480100000000002,3.8557000000000001,3.6975000000000002,3.6313900000000001
2024-04-18,4.5766200000000001,4.1989799999999997,3.91153,3.75543,3.6902200000000005
2024-04-19,4.5704099999999999,4.1924000000000001,3.9022300000000003,3.7429499999999996,3.6751600000000004
2024-04-22,4.5814199999999996,4.2086899999999998,3.9206400000000001,3.7609299999999997,3.6924899999999998
2024-04-23,4.5838799999999997,4.2125200000000005,3.9210500000000001,3.76024,3.6943600000000001
2024-04-24,4.5865400000000003,4.2290200000000002,3.9435699999999998,3.7867799999999998,3.7238000000000002
2024-04-25,4.6188700000000003,4.2890499999999996,4.01126,3.8573299999999997,3.7940200000000002
2024-04-26,4.6019699999999997,4.2777000000000003,3.9942299999999999,3.8338799999999997,3.7662200000000001
2024-04-29,4.6014399999999993,4.24587,3.9517900000000004,3.7835599999999996,3.7109099999999997
2024-04-30,4.6093299999999999,4.2923299999999998,4.0040199999999997,3.8384399999999999,3.7682500000000001
2024-05-01,4.6004399999999999,4.2448800000000002,3.9514199999999997,3.7843200000000001,3.7142099999999996
2024-05-02,4.5710199999999999,4.1908300000000001,3.8977699999999995,3.7318799999999999,3.6644399999999999
2024-05-03,4.5235500000000002,4.10724,3.8145199999999999,3.6510300000000004,3.5846400000000003
2024-05-06,4.5113700000000003,4.09314,3.8005599999999999,3.6340300000000001,3.5622199999999999
2024-05-07,4.49763,4.0971500000000001,3.7955900000000002,3.6201400000000001,3.5422500000000001
2024-05-08,4.5004599999999995,4.1336699999999995,3.8365999999999998,3.66364,3.5880700000000001
2024-05-09,4.4978700000000007,4.1393800000000001,3.8395899999999998,3.6633100000000001,3.5852299999999997
2024-05-10,4.5674999999999999,4.2258499999999994,3.9258899999999999,3.7480600000000002,3.6683500000000002
2024-05-13,4.5610900000000001,4.2250999999999994,3.9231799999999999,3.7432600000000003,3.6621599999999996
2024-05-14,4.5577399999999999,4.2016299999999998,3.9067099999999999,3.7353699999999996,3.6598199999999999
2024-05-15,4.5103299999999997,4.10738,3.8001600000000004,3.62202,3.5430200000000003
2024-05-16,4.5143500000000003,4.1167500000000006,3.8085599999999999,3.6284799999999997,3.54677
2024-05-17,4.5253000000000005,4.1552300000000004,3.8537599999999999,3.67814,3.5992000000000002
2024-05-21,4.4892200000000004,4.0891900000000003,3.7877300000000003,3.6160100000000002,3.5404199999999997
2024-05-22,4.49071,4.1135000000000002,3.8139100000000004,3.6423499999999995,3.5661900000000002
2024-05-23,4.4984000000000002,4.13124,3.8351299999999999,3.6661800000000002,3.5917200000000005
2024-05-24,4.4979699999999996,4.1550400000000005,3.8490799999999998,3.6708200000000004,3.5904699999999998
2024-05-27,4.5094399999999997,4.1752799999999999,3.87351,3.6972100000000001,3.6162600000000005
2024-05-28,4.5120199999999997,4.2024400000000002,3.90984,3.7427299999999999,3.6693999999999996
2024-05-29,4.5244100000000005,4.2313299999999998,3.94645,3.7864,3.72038
2024-05-30,4.5071899999999996,4.1802899999999994,3.8966000000000003,3.7389400000000004,3.6732599999999995
2024-05-31,4.4603099999999998,4.0837500000000002,3.8002800000000003,3.64506,3.5817899999999998
2024-06-03,4.4502100000000002,4.0233600000000003,3.7211300000000005,3.5554899999999998,3.4857300000000002
2024-06-04,4.4356399999999994,3.9576899999999999,3.6488899999999997,3.4805200000000003,3.4072199999999997
2024-06-05,4.3146100000000001,3.8394400000000002,3.5444100000000001,3.3908700000000001,3.3275199999999998
2024-06-06,4.2977300000000005,3.8446599999999997,3.5569799999999998,3.4049500000000004,3.3395199999999998
2024-06-07,4.3303399999999996,3.8935699999999995,3.6193900000000001,3.4782599999999997,3.4171499999999999
2024-06-10,4.3222899999999997,3.8986600000000005,3.62887,3.4908300000000003,3.4352899999999997
2024-06-11,4.2978700000000005,3.8770399999999996,3.6048700000000005,3.4643100000000002,3.4068399999999999
2024-06-12,4.2510199999999996,3.8027299999999999,3.5261099999999996,3.38428,3.3245900000000002
2024-06-13,4.2361500000000003,3.75406,3.4656600000000002,3.3154500000000002,3.2517100000000001
2024-06-14,4.2057700000000002,3.7214900000000002,3.4348299999999998,3.2870299999999997,3.2228699999999999
2024-06-17,4.22166,3.7597699999999996,3.4697999999999998,3.3184900000000002,3.2522000000000002
2024-06-18,4.2043699999999999,3.7060299999999997,3.4095500000000003,3.2568000000000001,3.1934400000000003
2024-06-19,4.2087599999999998,3.73645,3.4443700000000002,3.2932299999999999,3.2298200000000001
2024-06-20,4.2396099999999999,3.7766500000000001,3.4832200000000002,3.3323400000000003,3.2710599999999999
2024-06-21,4.2343899999999994,3.7780899999999997,3.48739,3.3387899999999999,3.2782400000000003
2024-06-24,4.2426300000000001,3.79331,3.4970500000000002,3.34273,3.2800500000000001
2024-06-25,4.2704599999999999,3.8469899999999999,3.5499000000000001,3.3922399999999997,3.3258799999999997
2024-06-26,4.3069499999999996,3.9086700000000003,3.6298599999999999,3.4872800000000002,3.4282600000000003
2024-06-27,4.3029400000000004,3.8881100000000002,3.6145700000000005,3.4790200000000002,3.4251100000000001
2024-06-28,4.2882100000000003,3.8602799999999999,3.59565,3.4717499999999997,3.4291
2024-07-02,4.3153899999999998,3.9204999999999997,3.67204,3.5589400000000002,3.5238999999999998
2024-07-03,4.3102900000000002,3.8962299999999996,3.6438100000000002,3.5279499999999997,3.4901599999999999
2024-07-04,4.3060599999999996,3.9128099999999999,3.67028,3.5596099999999997,3.5241099999999999
2024-07-05,4.2348099999999995,3.8091200000000001,3.5585,3.4444500000000002,3.4081100000000002
2024-07-08,4.2325099999999996,3.8003399999999998,3.5450699999999999,3.4253100000000001,3.3838100000000004
2024-07-09,4.22898,3.7947000000000002,3.5445900000000004,3.43133,3.3958799999999996
2024-07-10,4.2343099999999998,3.7845200000000001,3.53356,3.4198600000000003,3.3833500000000001
2024-07-11,4.1880800000000002,3.7191200000000002,3.4706800000000002,3.3612999999999995,3.3287800000000001
2024-07-12,4.1592599999999997,3.6800899999999999,3.43167,3.3236000000000003,3.2931299999999997
2024-07-15,4.1408800000000001,3.6595000000000004,3.4169100000000001,3.3157199999999998,3.2905499999999996
2024-07-16,4.1127700000000003,3.6312099999999998,3.38165,3.2749100000000002,3.2452099999999997
2024-07-17,4.1214300000000001,3.6413099999999998,3.3843100000000002,3.2724700000000002,3.2399299999999998
2024-07-18,4.1055299999999999,3.6613399999999996,3.4062299999999999,3.2949999999999999,3.2630300000000001
2024-07-19,4.1099800000000002,3.6801100000000004,3.4238999999999997,3.3118500000000002,3.2801100000000001
2024-07-22,4.1268799999999999,3.6985299999999999,3.4395899999999999,3.3258999999999999,3.2939599999999998
2024-07-23,4.1131599999999997,3.65937,3.4004899999999996,3.2896300000000003,3.2608400000000004
2024-07-24,4.0391499999999994,3.5894299999999997,3.3442399999999997,3.2496499999999999,3.2354599999999998
2024-07-25,4.0316200000000002,3.58649,3.3375500000000002,3.2362000000000002,3.2155399999999998
2024-07-26,4.00068,3.5427899999999997,3.29088,3.1878200000000003,3.1660300000000001
2024-07-29,3.9831099999999999,3.5098499999999997,3.2589300000000003,3.1565500000000002,3.1337700000000002
2024-07-30,3.9407800000000002,3.4471700000000003,3.2024499999999998,3.10717,3.0890599999999999
2024-07-31,3.91662,3.3973000000000004,3.1434700000000002,3.0439699999999998,3.0254699999999999
2024-08-01,3.84674,3.3034699999999999,3.0566200000000001,2.9670899999999998,2.9562200000000001
2024-08-02,3.7236600000000002,3.1275200000000005,2.8993499999999996,2.82829,2.8287400000000003
2024-08-06,3.7411300000000001,3.2199600000000004,2.9991500000000002,2.93221,2.9368400000000001
2024-08-07,3.7496099999999997,3.2476099999999999,3.02752,2.9613100000000001,2.96719
2024-08-08,3.7514699999999999,3.2901199999999999,3.0748000000000002,3.0054600000000002,3.0058000000000002
2024-08-09,3.7429299999999999,3.26484,3.0408500000000003,2.9609399999999999,2.95275
2024-08-12,3.7269700000000001,3.2387299999999999,3.0117000000000003,2.9305500000000002,2.9218100000000002
2024-08-13,3.6868199999999995,3.1772900000000002,2.94991,2.86992,2.8630499999999999
2024-08-14,3.6720799999999998,3.16926,2.9423900000000001,2.8607899999999997,2.8516500000000002
2024-08-15,3.7112800000000004,3.2410599999999996,3.0132300000000001,2.9297,2.9181599999999999
2024-08-16,3.6993499999999999,3.2398700000000002,3.01295,2.9290099999999999,2.9165399999999999
2024-08-19,3.6954800000000003,3.2600700000000002,3.0296099999999999,2.9392499999999999,2.9221900000000001
2024-08-20,3.6551100000000005,3.1997499999999999,2.9661599999999999,2.8759000000000001,2.8597299999999999
2024-08-21,3.6370199999999997,3.1821099999999998,2.9534400000000001,2.8669699999999998,2.85385
2024-08-22,3.6546799999999999,3.2260400000000002,3.0009899999999998,2.9177200000000001,2.907
2024-08-23,3.6335699999999997,3.1669299999999998,2.9470000000000001,2.8701699999999999,2.8641199999999998
2024-08-26,3.6308500000000001,3.18499,2.9675099999999999,2.8907700000000003,2.8849499999999999
2024-08-27,3.6318799999999998,3.1788400000000001,2.9633699999999998,2.8887399999999999,2.8847299999999998
2024-08-28,3.6236900000000003,3.1953,2.9835699999999998,2.9123600000000001,2.9106100000000001
2024-08-29,3.6389999999999998,3.2363299999999997,3.0256400000000001,2.95296,2.9502799999999998
2024-08-30,3.6383699999999997,3.24918,3.0442,2.9751400000000001,2.9748600000000001
2024-09-03,3.6089200000000003,3.1840000000000002,2.9715600000000002,2.8925300000000003,2.8843799999999997
2024-09-04,3.5344800000000003,3.0809099999999998,2.87331,2.8031099999999998,2.80226
2024-09-05,3.5202100000000001,3.0732699999999999,2.85981,2.7838499999999997,2.7790300000000001
2024-09-06,3.4679599999999997,3.0011000000000001,2.7997800000000002,2.7432300000000001,2.7543899999999999
2024-09-09,3.4596900000000002,2.97282,2.7669099999999998,2.70878,2.7193200000000002
2024-09-10,3.4326299999999996,2.9325199999999998,2.7303700000000002,2.6746400000000001,2.6857200000000003
2024-09-11,3.4362200000000001,2.9654400000000001,2.7609300000000001,2.70085,2.70879
2024-09-12,3.4235500000000001,2.9424200000000003,2.7432400000000001,2.68804,2.6988400000000001
2024-09-13,3.3710400000000003,2.8839399999999999,2.7021000000000002,2.66201,2.6817299999999999
2024-09-16,3.2924899999999999,2.8193900000000003,2.6517400000000002,2.6196600000000001,2.6412300000000002
2024-09-17,3.2853100000000004,2.8629199999999999,2.6960499999999996,2.6611699999999998,2.6810299999999998
2024-09-18,3.2648799999999998,2.8640100000000004,2.7057000000000002,2.67517,2.6993799999999997
2024-09-19,3.2685199999999996,2.84396,2.6882300000000003,2.6613199999999999,2.6895100000000003
2024-09-20,3.2772299999999999,2.8523799999999997,2.6965699999999999,2.66913,2.6976499999999999
2024-09-23,3.27007,2.85114,2.6993100000000001,2.6743399999999999,2.7037900000000001
2024-09-24,3.2563900000000001,2.8353099999999998,2.6874500000000001,2.6680100000000002,2.70309
2024-09-25,3.2443300000000002,2.8904999999999998,2.74438,2.7218399999999998,2.7557
2024-09-26,3.2520500000000001,2.90923,2.7636500000000002,2.7379799999999999,2.76925
2024-09-27,3.2194399999999996,2.8396999999999997,2.6885499999999998,2.6620600000000003,2.6957399999999998
2024-10-01,3.2274700000000003,2.85012,2.7031099999999997,2.6773700000000002,2.7079
2024-10-02,3.2454299999999998,2.9022600000000001,2.7599399999999998,2.7372400000000003,2.7714699999999999
2024-10-03,3.2888800000000002,2.96976,2.8332000000000002,2.8130500000000001,2.84781
2024-10-04,3.4267499999999997,3.1299800000000002,2.9837700000000003,2.9533,2.97993
2024-10-07,3.49085,3.1852400000000003,3.0339499999999999,3.0013299999999998,3.0276700000000001
2024-10-08,3.4602599999999999,3.16832,3.0255399999999999,2.9984000000000002,3.0271499999999998
2024-10-09,3.4554,3.1525099999999999,3.02197,3.0040299999999998,3.0386799999999998
2024-10-10,3.3862399999999999,3.09598,2.9670100000000001,2.9462200000000003,2.98217
2024-10-11,3.3442800000000004,3.0520499999999999,2.9295900000000001,2.9153899999999999,2.95696
2024-10-15,3.2538499999999999,2.9887100000000002,2.8712999999999997,2.85311,2.8878599999999999
2024-10-16,3.2343999999999999,2.9548299999999998,2.8375699999999999,2.82246,2.85941
2024-10-17,3.2439099999999996,2.98136,2.87384,2.86429,2.9045200000000002
2024-10-18,3.2173699999999998,2.9458299999999999,2.8421700000000003,2.8373900000000001,2.88144
2024-10-21,3.2198799999999999,3.0031300000000001,2.9121999999999999,2.9159100000000002,2.9656600000000002
2024-10-22,3.21428,2.9983,2.90551,2.9077299999999999,2.9575299999999998
2024-10-23,3.18641,3.0186700000000002,2.9371399999999999,2.94102,2.99037
2024-10-24,3.1984199999999996,3.0436999999999999,2.9498600000000001,2.94171,2.9831099999999999
2024-10-25,3.1950500000000002,3.0522899999999997,2.9659800000000001,2.9610699999999999,3.0042
2024-10-28,3.1957800000000001,3.0549200000000001,2.9747699999999999,2.9726499999999998,3.0163500000000001
2024-10-29,3.1909700000000001,3.0405899999999999,2.9674200000000002,2.9703500000000003,3.0171300000000003
2024-10-30,3.1886400000000004,2.94564,2.9203600000000001,3.0551300000000001,3.20174
2024-10-31,3.1815700000000002,3.0287600000000001,2.9557799999999999,2.9581599999999999,3.00393
2024-11-01,3.1929499999999997,3.0628899999999999,2.9897400000000003,2.9927599999999996,3.04243
2024-11-04,3.1885499999999998,3.0585299999999997,2.98488,2.9823200000000001,3.0236300000000003
2024-11-05,3.2215100000000003,3.1013099999999998,3.02664,3.0219800000000001,3.0593900000000001
2024-11-06,3.2284300000000004,3.11911,3.0552200000000003,3.0596100000000002,3.1053899999999999
2024-11-07,3.1964899999999998,3.0322300000000002,2.9649999999999999,2.9687399999999999,3.0132699999999999
2024-11-08,3.1890099999999997,3.0374699999999999,2.9648699999999999,2.9604399999999997,2.99702
2024-11-12,3.2303999999999999,3.1165600000000002,3.05186,3.0529700000000002,3.0929899999999999
2024-11-13,3.2278300000000004,3.1206200000000002,3.0651000000000002,3.0750099999999998,3.1220500000000002
2024-11-14,3.2265799999999998,3.1278100000000002,3.0649099999999998,3.0651700000000002,3.1026899999999999
2024-11-15,3.2238099999999998,3.09362,3.03104,3.0363199999999999,3.0789500000000003
2024-11-18,3.2323300000000001,3.1095799999999998,3.0432299999999999,3.0435299999999996,3.0823499999999999
2024-11-19,3.2392099999999999,3.1575600000000001,3.0939800000000002,3.0948500000000001,3.1333199999999999
2024-11-20,3.2603899999999997,3.2141200000000003,3.1528,3.1511800000000001,3.1882700000000002
2024-11-21,3.3087600000000004,3.3251900000000001,3.2671400000000004,3.2586599999999999,3.2888199999999999
2024-11-22,3.3251400000000002,3.3031900000000003,3.24519,3.2395300000000002,3.2723900000000001
2024-11-25,3.2898900000000002,3.2012,3.1357000000000004,3.1275900000000001,3.1561499999999998
2024-11-26,3.2650899999999998,3.1662299999999997,3.0921500000000002,3.0803699999999998,3.1093299999999999
2024-11-27,3.2389700000000001,3.1349299999999998,3.0593900000000001,3.0463899999999997,3.0740699999999999
2024-11-28,3.22533,3.1143000000000001,3.0418699999999999,3.0329199999999998,3.06298
2024-11-29,3.1452599999999995,2.9571499999999999,2.8839000000000001,2.8782800000000002,2.91065
2024-12-02,3.1433200000000001,2.9785699999999999,2.9062999999999999,2.8967399999999999,2.9220099999999998
2024-12-03,3.1528899999999997,3.00712,2.93886,2.9316499999999999,2.9598100000000001
2024-12-04,3.1299300000000003,2.9521500000000001,2.8779599999999999,2.8691599999999999,2.8982899999999998
2024-12-05,3.11951,2.9708999999999999,2.8960699999999999,2.8878699999999999,2.9144700000000001
2024-12-06,3.0076999999999998,2.8293300000000001,2.7616200000000002,2.7626900000000001,2.7978999999999998
2024-12-09,2.9895499999999999,2.85439,2.7942999999999998,2.7991299999999999,2.83649
2024-12-10,2.9826200000000003,2.8319799999999997,2.7745100000000003,2.7827299999999999,2.8235799999999998
2024-12-11,3.0030999999999999,2.8903600000000003,2.8319299999999998,2.8342800000000001,2.8733999999999997
2024-12-12,3.0163800000000003,2.9339200000000001,2.8839099999999998,2.8901599999999998,2.9315899999999999
2024-12-13,3.0343499999999999,2.9638800000000001,2.9152200000000001,2.92028,2.9597799999999999
2024-12-16,3.0473699999999999,2.96184,2.9113099999999998,2.9151799999999999,2.95567
2024-12-17,3.0316999999999998,2.94937,2.9035500000000001,2.9083600000000001,2.94482
2024-12-18,3.0480100000000001,3.00169,2.9704600000000001,2.9856799999999999,3.0285099999999998
2024-12-19,3.07762,3.0330699999999999,3.0199400000000001,3.0524200000000001,3.11083
2024-12-20,3.0637799999999999,2.9960899999999997,2.9705400000000002,2.9930699999999999,3.0445699999999998
2024-12-23,3.0596399999999999,2.9772400000000001,2.9556,2.9840200000000001,3.0414400000000001
2024-12-24,3.0558700000000001,2.9763000000000002,2.9589099999999999,2.9909699999999999,3.0503800000000001
2024-12-27,3.0172099999999999,2.9544799999999998,2.9396,2.97418,3.0369700000000002
2024-12-30,2.9999600000000002,2.9080300000000001,2.8878699999999999,2.91832,2.9775099999999997
2024-12-31,2.96991,2.86496,2.85297,2.89418,2.9589699999999999
2025-01-02,2.9608300000000001,2.87168,2.8545500000000001,2.8870300000000002,2.9473099999999999
2025-01-03,2.9489000000000001,2.8623099999999999,2.8531299999999997,2.8953500000000001,2.9603000000000002
2025-01-06,2.9499599999999999,2.8435299999999999,2.8386900000000002,2.8872399999999998,2.9581599999999999
2025-01-07,2.9568400000000001,2.8747400000000001,2.8785700000000003,2.9331700000000001,3.0089199999999998
2025-01-08,2.96123,2.88144,2.8892099999999998,2.9467699999999999,3.0247000000000002
2025-01-09,2.9569999999999999,2.8896999999999999,2.9017999999999997,2.9596,3.0383
2025-01-10,3.0457899999999998,3.0139900000000002,3.0287000000000002,3.0879599999999998,3.16479
2025-01-13,3.0813099999999998,3.0811799999999998,3.0972599999999999,3.1563399999999997,3.2323999999999997
2025-01-14,3.09599,3.0925500000000001,3.1213000000000002,3.1916000000000002,3.2756599999999998
2025-01-15,3.0353600000000003,2.9777399999999998,2.9938800000000003,3.0571600000000001,3.1376900000000001
2025-01-16,2.9781599999999999,2.8963399999999999,2.9065799999999999,2.9677799999999999,3.0487299999999999
2025-01-17,2.9654199999999999,2.8728099999999999,2.8769800000000001,2.9337399999999998,3.0119199999999999
2025-01-20,2.97241,2.8626499999999999,2.8622100000000001,2.9155699999999998,2.9914100000000001
2025-01-21,2.9374199999999999,2.8594600000000003,2.8546999999999998,2.9028200000000002,2.9736599999999997
2025-01-22,2.9614700000000003,2.9051200000000001,2.90368,2.9540000000000002,3.0261900000000002
2025-01-23,2.9513000000000003,2.8934600000000001,2.8992,2.9578500000000001,3.0366899999999997
2025-01-24,2.9324400000000002,2.84911,2.8519900000000002,2.90916,2.98732
2025-01-27,2.89472,2.8021000000000003,2.7965499999999999,2.8448899999999999,2.9154300000000002
2025-01-28,2.8709199999999999,2.77277,2.7716699999999999,2.8261099999999999,2.9028999999999998
2025-01-29,2.83595,2.7365299999999997,2.7404700000000002,2.7997299999999998,2.8805399999999999
2025-01-30,2.8004700000000002,2.6785600000000001,2.6709199999999997,2.72506,2.8046899999999999
2025-01-31,2.7134999999999998,2.6059000000000001,2.6093999999999999,2.67184,2.7568999999999999
2025-02-03,2.6228700000000003,2.50983,2.5055199999999997,2.5621100000000001,2.6437599999999999
2025-02-04,2.6614599999999999,2.55308,2.54792,2.6020799999999999,2.68113
2025-02-05,2.6585299999999998,2.53668,2.5224900000000003,2.5700600000000002,2.6443500000000002
2025-02-06,2.6637599999999999,2.5397599999999998,2.5250499999999998,2.5733800000000002,2.6487699999999998
2025-02-07,2.7376299999999998,2.6484799999999997,2.6395,2.6895500000000001,2.76505
2025-02-10,2.7134,2.6218300000000001,2.6179999999999999,2.6720000000000002,2.7500299999999998
2025-02-11,2.7339100000000003,2.66093,2.6610100000000001,2.71556,2.7928899999999999
2025-02-12,2.7690099999999997,2.7323400000000002,2.74112,2.7993000000000001,2.87765
2025-02-13,2.74986,2.6869199999999998,2.68682,2.7391999999999999,2.8132700000000002
2025-02-14,2.7499099999999999,2.67719,2.6791100000000001,2.7324600000000001,2.80647
2025-02-18,2.8080099999999999,2.7623899999999999,2.7705700000000002,2.8266300000000002,2.9022800000000002
2025-02-19,2.8106300000000002,2.7561300000000002,2.7601800000000001,2.8145099999999998,2.8893800000000001
2025-02-20,2.80409,2.5135000000000001,2.6208300000000002,2.8123800000000001,2.9544100000000002
2025-02-21,2.7781400000000001,2.6924900000000003,2.68859,2.73997,2.81385
2025-02-24,2.7767499999999998,2.6541399999999999,2.64866,2.70146,2.7775500000000002
2025-02-25,2.71637,2.60406,2.5902400000000001,2.6346000000000003,2.7036799999999999
2025-02-26,2.7213699999999998,2.61625,2.6046300000000002,2.6471200000000001,2.7124899999999998
2025-02-27,2.6846999999999999,2.5898699999999999,2.5769699999999998,2.6198200000000003,2.68676
2025-02-28,2.6477899999999996,2.5323899999999999,2.5139900000000002,2.5544799999999999,2.62046
2025-03-03,2.61985,2.4314800000000001,2.4096600000000001,2.4529200000000002,2.5232799999999997
2025-03-04,2.5309499999999998,2.4279700000000002,2.4243600000000001,2.4760800000000001,2.5503100000000001
2025-03-05,2.5979200000000002,2.5092599999999998,2.51004,2.5658699999999999,2.6443600000000003
2025-03-06,2.66675,2.6037699999999999,2.6065899999999997,2.6646099999999997,2.7462899999999997
2025-03-07,2.6285500000000002,2.56203,2.5686499999999999,2.6285800000000004,2.7103899999999999
2025-03-10,2.5856599999999998,2.5053700000000001,2.5117099999999999,2.5727600000000002,2.6561499999999998
2025-03-11,2.5379499999999999,2.4989699999999999,2.5143,2.58161,2.6696500000000003
2025-03-12,2.57918,2.5554199999999998,2.5784400000000001,2.6494,2.73861
2025-03-13,2.5619099999999997,2.53356,2.5490599999999999,2.6159000000000003,2.7031800000000001
2025-03-14,2.5612599999999999,2.5403700000000002,2.5621999999999998,2.63252,2.7216899999999997
2025-03-17,2.55219,2.52081,2.5383800000000001,2.6047699999999998,2.6902599999999999
2025-03-18,2.5628899999999999,2.5141499999999999,2.5323199999999999,2.6010300000000002,2.6895899999999999
2025-03-19,2.55159,2.4861999999999997,2.5017999999999998,2.56989,2.6587900000000002
2025-03-20,2.5515400000000001,2.5022699999999998,2.51946,2.5850900000000001,2.6702599999999999
2025-03-21,2.5373199999999998,2.4930300000000001,2.5134799999999999,2.5815199999999998,2.6684600000000001
2025-03-24,2.55803,2.5196300000000003,2.5439500000000002,2.6172399999999998,2.7098599999999999
2025-03-25,2.5593900000000001,2.5421300000000002,2.5673399999999997,2.6381100000000002,2.72702
2025-03-26,2.5871999999999997,2.5838000000000001,2.61138,2.6836500000000001,2.7742800000000001
2025-03-27,2.5583,2.5284,2.5598699999999996,2.6378499999999998,2.7339500000000001
2025-03-28,2.5267499999999998,2.4762,2.50393,2.5777600000000001,2.6695199999999999
2025-03-31,2.5014099999999999,2.4400900000000001,2.4647899999999998,2.53674,2.6273599999999999
2025-04-01,2.4763600000000001,2.41229,2.4319199999999999,2.4995699999999998,2.5867
2025-04-02,2.4773199999999997,2.4222799999999998,2.4445700000000001,2.5126300000000001,2.5993499999999998
2025-04-03,2.4408500000000002,2.3875000000000002,2.4051,2.4746899999999998,2.5665
2025-04-04,2.3881099999999997,2.3592300000000002,2.3796200000000001,2.4464399999999999,2.53329
2025-04-07,2.4574499999999997,2.4526599999999998,2.4872200000000002,2.5660799999999999,2.6634700000000002
2025-04-08,2.4762400000000002,2.4453099999999997,2.4885600000000001,2.5798899999999998,2.6898999999999997
2025-04-09,2.60589,2.6047600000000002,2.64486,2.7227899999999998,2.8161999999999998
2025-04-10,2.5964,2.60764,2.6494200000000001,2.7309099999999997,2.8295300000000001
2025-04-11,2.6253899999999999,2.6652800000000001,2.7120700000000002,2.7930000000000001,2.8885000000000001
2025-04-14,2.5786899999999999,2.5646499999999999,2.5975000000000001,2.6705199999999998,2.7611299999999996
2025-04-15,2.5375899999999998,2.52155,2.5628899999999999,2.6442799999999997,2.7416900000000002
2025-04-16,2.5369299999999999,2.5099799999999997,2.5450900000000001,2.6214900000000001,2.7153199999999997
2025-04-17,2.5276900000000002,2.5104000000000002,2.55816,2.6459000000000001,2.7486000000000002
2025-04-21,2.5386800000000003,2.54251,2.6007500000000001,2.70086,2.8164799999999999
2025-04-22,2.54725,2.5381899999999997,2.5892499999999998,2.6811600000000002,2.7885
2025-04-23,2.57951,2.60975,2.6655600000000002,2.75434,2.8552200000000001
2025-04-24,2.56107,2.5753499999999998,2.6252500000000003,2.71082,2.8100499999999999
2025-04-25,2.5609799999999998,2.5746199999999999,2.6212300000000002,2.7040600000000001,2.8015300000000001
2025-04-28,2.54901,2.5476900000000002,2.5954100000000002,2.68005,2.7793999999999999
2025-04-29,2.5410499999999998,2.5266899999999999,2.5716900000000003,2.65421,2.7515399999999999
2025-04-30,2.4945300000000001,2.4570799999999999,2.5027500000000003,2.58832,2.6893099999999999
2025-05-01,2.50434,2.4856500000000001,2.5336500000000002,2.61917,2.7193900000000002
2025-05-02,2.53803,2.5343500000000003,2.5936699999999999,2.6890499999999999,2.7965200000000001
2025-05-05,2.53755,2.5425800000000001,2.5992500000000001,2.6906499999999998,2.79461
2025-05-06,2.5180699999999998,2.5193400000000001,2.5738599999999998,2.6656200000000001,2.7707299999999999
2025-05-07,2.50996,2.49518,2.54216,2.6272899999999999,2.7270400000000001
2025-05-08,2.5472000000000001,2.5731899999999999,2.63096,2.7227000000000001,2.8267699999999998
2025-05-09,2.49858,2.51214,2.5688800000000001,2.6624499999999998,2.7694000000000001
2025-05-12,2.5356299999999998,2.57613,2.6320900000000003,2.7219199999999999,2.8249599999999999
2025-05-13,2.5336799999999999,2.5747200000000001,2.63565,2.72838,2.8333200000000001
2025-05-14,2.5260799999999999,2.5826499999999997,2.6545300000000003,2.7549600000000001,2.8650899999999999
2025-05-15,2.4931299999999998,2.52102,2.5824199999999999,2.67442,2.77786
2025-05-16,2.49099,2.5206200000000001,2.5883400000000001,2.6845399999999997,2.7905899999999999
2025-05-20,2.5730200000000001,2.6238700000000001,2.69353,2.7927,2.90246
2025-05-21,2.6066700000000003,2.6929699999999999,2.7717399999999999,2.8769100000000001,2.9907599999999999
2025-05-22,2.5964,2.6855199999999999,2.7680500000000001,2.8731900000000001,2.9846500000000002
2025-05-23,2.5927599999999997,2.67692,2.7512099999999999,2.8501799999999999,2.9576499999999997
2025-05-26,2.5884999999999998,2.66174,2.7335600000000002,2.83128,2.9382200000000003
2025-05-27,2.57341,2.6271499999999999,2.69415,2.7869199999999998,2.88862
2025-05-28,2.5650300000000001,2.6057399999999999,2.6709299999999998,2.7658200000000002,2.8711500000000001
2025-05-29,2.5585100000000001,2.5855600000000001,2.6459000000000001,2.7384399999999998,2.8426100000000001
2025-05-30,2.5537100000000001,2.5785399999999998,2.6336300000000001,2.71766,2.8182100000000001
2025-06-02,2.5518900000000002,2.5699799999999997,2.6377600000000001,2.7371599999999998,2.8471699999999998
2025-06-03,2.5661100000000001,2.6136699999999999,2.6830099999999999,2.7770699999999997,2.8828900000000002
2025-06-04,2.5692499999999998,2.59219,2.6564199999999998,2.7507899999999998,2.8563299999999998
2025-06-05,2.5792200000000003,2.6134999999999997,2.6790400000000001,2.7737799999999999,2.8789500000000001
2025-06-06,2.6185900000000002,2.6955300000000002,2.7725,2.87066,2.97675
2025-06-09,2.6302599999999998,2.6989900000000002,2.77671,2.87642,2.9847299999999999
2025-06-10,2.6257900000000003,2.6914199999999999,2.7639199999999997,2.85961,2.9650099999999999
2025-06-11,2.6160900000000002,2.67205,2.7453700000000003,2.8460000000000001,2.9559100000000003
2025-06-12,2.61538,2.6732100000000001,2.7425299999999999,2.8399799999999997,2.94773
2025-06-13,2.62548,2.71244,2.7855499999999997,2.8814299999999999,2.9880299999999997
2025-06-16,2.6431199999999997,2.72438,2.80369,2.9058899999999999,3.0168200000000001
2025-06-17,2.6464000000000003,2.7002999999999999,2.77536,2.87826,2.9899300000000002
2025-06-18,2.6418400000000002,2.6800199999999998,2.7495400000000001,2.84856,2.9576799999999999
2025-06-19,2.6348799999999999,2.6781900000000003,2.7475000000000001,2.8437799999999998,2.9511699999999998
2025-06-20,2.6047399999999996,2.6398600000000001,2.7107399999999999,2.81107,2.92144
2025-06-23,2.59138,2.61002,2.6773600000000002,2.7758700000000003,2.8856600000000001
2025-06-24,2.5940000000000003,2.60697,2.6745299999999999,2.7725300000000002,2.88131
2025-06-25,2.6070200000000003,2.64778,2.7206100000000002,2.8204500000000001,2.9298600000000001
2025-06-26,2.5934300000000001,2.6192099999999998,2.6895199999999999,2.7897499999999997,2.90116
2025-06-27,2.5788199999999999,2.60371,2.6739099999999998,2.77413,2.8856000000000002
2025-06-30,2.5768200000000001,2.59422,2.6563099999999999,2.7490400000000004,2.8556300000000001
2025-07-02,2.60439,2.6613600000000002,2.73367,2.8309099999999998,2.9378899999999999
2025-07-03,2.6218600000000003,2.6911700000000001,2.7660400000000003,2.8628499999999999,2.9687700000000001
2025-07-04,2.6110100000000003,2.6675299999999997,2.7384599999999999,2.8343400000000001,2.9397899999999999
2025-07-07,2.60995,2.6876000000000002,2.7641200000000001,2.86389,2.9737499999999999
2025-07-08,2.6098500000000002,2.70086,2.7791900000000003,2.8802699999999999,2.9919700000000002
2025-07-09,2.60364,2.6541999999999999,2.7289699999999999,2.83168,2.9444999999999997
2025-07-10,2.61138,2.68594,2.76145,2.8627199999999999,2.9746199999999998
2025-07-11,2.6372599999999999,2.7393399999999999,2.8275600000000001,2.9385300000000001,3.0579999999999998
2025-07-14,2.6559699999999999,2.7538400000000003,2.8413900000000001,2.9527899999999998,3.0717300000000001
2025-07-15,2.7165300000000001,2.8259099999999999,2.92178,3.0369899999999999,3.1580700000000004
2025-07-16,2.70513,2.8023699999999998,2.8959299999999999,3.01186,3.1340500000000002
2025-07-17,2.7010099999999997,2.80565,2.8988100000000001,3.01383,3.1346400000000005
2025-07-18,2.7039400000000002,2.8155199999999998,2.9051899999999997,3.0159899999999999,3.1352499999999996
2025-07-21,2.7053399999999996,2.7889500000000003,2.8683000000000001,2.9718599999999999,3.0858500000000002
2025-07-22,2.69631,2.77393,2.8519300000000003,2.9552100000000001,3.0691999999999999
2025-07-23,2.7161299999999997,2.8164499999999997,2.9034500000000003,3.0122300000000002,3.1292399999999998
2025-07-24,2.7241599999999999,2.8193699999999997,2.9064999999999999,3.0167600000000001,3.1335500000000001
2025-07-25,2.7061100000000002,2.79582,2.88096,2.9893099999999997,3.1041599999999998
2025-07-28,2.7119500000000003,2.7957300000000003,2.8794200000000001,2.9881600000000001,3.1044100000000001
2025-07-29,2.7108400000000001,2.76179,2.8403999999999998,2.9464799999999998,3.0607800000000003
2025-07-30,2.71495,2.77813,2.85764,2.96326,3.0766999999999998
2025-07-31,2.7089099999999999,2.75509,2.82904,2.9308800000000002,3.0419299999999998
2025-08-01,2.65205,2.6830400000000001,2.7554499999999997,2.8583999999999996,2.9712399999999999
2025-08-05,2.6460300000000001,2.6816400000000002,2.75542,2.8586499999999999,2.97119
2025-08-06,2.6482999999999999,2.68452,2.7575799999999999,2.8615499999999998,2.9757599999999997
2025-08-07,2.65008,2.68188,2.7555199999999997,2.8589900000000004,2.97221
2025-08-08,2.62676,2.6564999999999999,2.7323500000000003,2.8385899999999999,2.9546699999999997
2025-08-11,2.6341700000000001,2.67049,2.7467599999999996,2.8518699999999999,2.96645
2025-08-12,2.6392100000000003,2.6935799999999999,2.77373,2.88246,3.0004200000000001
2025-08-13,2.6254400000000002,2.6703999999999999,2.7465999999999999,2.8513000000000002,2.9654699999999998
2025-08-14,2.6084799999999997,2.4323000000000001,2.6121400000000001,2.8374300000000003,3.0055900000000002
2025-08-15,2.6371500000000001,2.7068499999999998,2.7896000000000001,2.8987799999999999,3.01701
2025-08-18,2.6556199999999999,2.72831,2.8142400000000003,2.9267000000000003,3.0476199999999998
2025-08-19,2.6345299999999998,2.6912499999999997,2.7747799999999998,2.8851,3.00379
2025-08-20,2.6211000000000002,2.6853400000000001,2.7661799999999999,2.8760399999999997,2.9957699999999998
2025-08-21,2.6346400000000001,2.7213699999999998,2.8047300000000002,2.9148199999999997,3.03423
2025-08-22,2.6130800000000001,2.6774800000000001,2.75861,2.8688899999999999,2.9893099999999997
2025-08-25,2.6295800000000003,2.7076899999999999,2.7903199999999999,2.9012099999999998,3.0222800000000003
2025-08-26,2.6224699999999999,2.6802800000000002,2.7607599999999999,2.8722399999999997,2.9951300000000001
2025-08-27,2.6291599999999997,2.6838899999999999,2.7632500000000002,2.8721100000000002,2.9919000000000002
2025-08-28,2.6203600000000002,2.6771599999999998,2.7559,2.8626999999999998,2.9798399999999998
2025-08-29,2.5855199999999998,2.63063,2.7053000000000003,2.8104299999999998,2.9275500000000001
2025-09-02,2.59484,2.65097,2.73068,2.8413200000000001,2.96469
2025-09-03,2.5657800000000002,2.6126400000000003,2.69034,2.79806,2.9180999999999999
2025-09-04,2.56473,2.6110899999999999,2.6783600000000001,2.7762599999999997,2.8883700000000001
2025-09-05,2.4855999999999998,2.5384199999999999,2.6065,2.70105,2.81053
2025-09-08,2.4684200000000001,2.5011299999999999,2.56447,2.6553400000000003,2.7610000000000001
2025-09-09,2.4723599999999997,2.5176699999999999,2.5807900000000004,2.6705399999999999,2.77542
2025-09-10,2.45417,2.4962300000000002,2.5560700000000001,2.6414,2.7412099999999997
2025-09-11,2.4552800000000001,2.49783,2.5555499999999998,2.63734,2.73373
2025-09-12,2.4529700000000001,2.4993499999999997,2.5583200000000001,2.64167,2.7414700000000001
2025-09-15,2.4469399999999997,2.4939100000000001,2.55138,2.6320900000000003,2.7296399999999998
2025-09-16,2.4181500000000002,2.4660600000000001,2.5281899999999999,2.6130599999999999,2.7134299999999998
2025-09-17,2.42658,2.4936699999999998,2.5606400000000002,2.6471299999999998,2.7473800000000002
2025-09-18,2.4190499999999999,2.48034,2.54888,2.6382400000000001,2.7416
2025-09-19,2.4141300000000001,2.4653200000000002,2.5385999999999997,2.63524,2.7443599999999999
2025-09-24,2.39879,2.4538099999999998,2.5274000000000001,2.6242899999999998,2.73407
2025-09-25,2.4164399999999997,2.48644,2.5620600000000002,2.6579100000000002,2.7652800000000002
2025-09-26,2.42123,2.5011999999999999,2.5798700000000001,2.6766999999999999,2.7837199999999998
2025-09-29,2.4066199999999998,2.4645099999999998,2.5375200000000002,2.6307199999999997,2.7347699999999997
2025-10-01,2.3888800000000003,2.4582000000000002,2.5332500000000002,2.6289600000000002,2.7361800000000001
2025-10-02,2.38537,2.4497499999999999,2.5228799999999998,2.6184500000000002,2.7256300000000002
2025-10-03,2.3803100000000001,2.4466899999999998,2.5253199999999998,2.6251099999999998,2.7350699999999999
2025-10-06,2.3899900000000001,2.4635199999999999,2.5453199999999998,2.6479699999999999,2.7599499999999999
2025-10-07,2.3812900000000004,2.4483899999999998,2.52583,2.6252399999999998,2.7347999999999999
2025-10-08,2.3823600000000003,2.4572099999999999,2.5371000000000001,2.6364200000000002,2.7444600000000001
2025-10-09,2.3873899999999999,2.4709700000000003,2.55369,2.6541700000000001,2.7623899999999999
2025-10-10,2.40144,2.4650400000000001,2.54461,2.6430899999999999,2.74953
2025-10-14,2.3702999999999999,2.43228,2.5118200000000002,2.6110799999999998,2.7182599999999999
2025-10-15,2.3489100000000001,2.4131100000000001,2.4910600000000001,2.5899399999999999,2.6971499999999997
2025-10-16,2.3269700000000002,2.3756499999999998,2.44963,2.5464699999999998,2.6528099999999997
2025-10-17,2.3386200000000001,2.3703700000000003,2.4479899999999999,2.5485099999999998,2.65808
2025-10-20,2.30124,2.3520699999999999,2.4257500000000003,2.5220200000000004,2.6282099999999997
2025-10-21,2.3262800000000001,2.3879700000000001,2.4614099999999999,2.5561400000000001,2.6604900000000002
2025-10-22,2.3151000000000002,2.38171,2.4557800000000003,2.5493100000000002,2.6518999999999999
2025-10-23,2.3068200000000001,2.3910899999999997,2.4723599999999997,2.5705900000000002,2.6762299999999999
2025-10-24,2.27013,2.37426,2.4589400000000001,2.55951,2.6665700000000001
2025-10-27,2.26492,2.3542299999999998,2.4343400000000002,2.53179,2.6368399999999999
2025-10-28,2.2617499999999997,2.35223,2.4318300000000002,2.5299200000000002,2.63565
2025-10-29,2.3047900000000001,2.4325999999999999,2.5288600000000003,2.6357399999999997,2.7454900000000002
2025-10-30,2.2944499999999999,2.41899,2.5118,2.6175700000000002,2.7273100000000001
2025-10-31,2.2818200000000002,2.39622,2.4906000000000001,2.5991599999999999,2.71191
2025-11-03,2.2898700000000001,2.4122399999999997,2.5088699999999999,2.6183399999999999,2.7318199999999999
2025-11-04,2.2940999999999998,2.4171900000000002,2.5173800000000002,2.6283999999999996,2.7421500000000001
2025-11-05,2.28227,2.4112,2.5129299999999999,2.62609,2.7422900000000001
2025-11-06,2.26783,2.3753299999999999,2.4665499999999998,2.5743399999999999,2.6881499999999998
2025-11-07,2.2911600000000001,2.43451,2.5353300000000001,2.6434800000000003,2.7560899999999999
2025-11-10,2.3030900000000001,2.4420799999999998,2.5439599999999998,2.65259,2.7644199999999999
2025-11-12,2.3033399999999999,2.4360599999999999,2.5344500000000001,2.6387800000000001,2.7459500000000001
2025-11-13,2.3168899999999999,2.4621899999999997,2.5634000000000001,2.6690399999999999,2.7775399999999997
2025-11-14,2.3195000000000001,2.4762900000000001,2.58527,2.6969599999999998,2.8103599999999997
2025-11-17,2.3299300000000001,2.4840999999999998,2.5941299999999998,2.7060200000000001,2.8191100000000002
2025-11-18,2.3304800000000001,2.4833799999999999,2.5994900000000003,2.7166299999999999,2.8334100000000002
2025-11-19,2.3263599999999998,2.48428,2.6032099999999998,2.7218800000000001,2.8385000000000002
2025-11-20,2.31494,2.4635000000000002,2.5823,2.7010900000000002,2.8175400000000002
2025-11-21,2.29454,2.4349099999999999,2.5544699999999998,2.6749000000000001,2.7923100000000001
2025-11-24,2.2790900000000001,2.4247999999999998,2.5429400000000002,2.66106,2.7762500000000001
2025-11-25,2.2677200000000002,2.3976899999999999,2.51206,2.6297000000000001,2.7456399999999999
2025-11-26,2.2747000000000002,2.3975,2.5077499999999997,2.62155,2.7348500000000002
2025-11-27,2.2763,2.3954,2.5007600000000001,2.6112000000000002,2.7235999999999998
2025-11-28,2.2855300000000001,2.41133,2.5167700000000002,2.6276000000000002,2.7406000000000001
2025-12-01,2.30721,2.4761500000000001,2.5945399999999998,2.71184,2.8293699999999999
2025-12-02,2.3035099999999997,2.4633599999999998,2.5870199999999999,2.7081999999999997,2.8273999999999999
2025-12-03,2.2882599999999997,2.43418,2.5568299999999997,2.6789899999999998,2.7991299999999999
2025-12-04,2.2949799999999998,2.4633799999999999,2.5931099999999998,2.7183200000000003,2.83874
2025-12-05,2.3938100000000002,2.6405600000000002,2.7879399999999999,2.91506,3.03105
2025-12-08,2.4024700000000001,2.6399499999999998,2.7859499999999997,2.9121899999999998,3.0292300000000001
2025-12-09,2.4169199999999997,2.6876500000000001,2.8413399999999998,2.9678599999999999,3.0815100000000002
2025-12-10,2.3905799999999999,2.6339299999999999,2.7845300000000002,2.91255,3.0300000000000002
2025-12-11,2.3830299999999998,2.6280800000000002,2.7754500000000002,2.9022000000000001,3.0205699999999998
2025-12-12,2.3803299999999998,2.6231399999999998,2.7733099999999999,2.9045999999999998,3.02772
2025-12-15,2.36978,2.5934599999999999,2.74064,2.8715000000000002,2.99505
2025-12-16,2.36911,2.5843600000000002,2.72689,2.8543599999999998,2.9765199999999998
2025-12-17,2.3732600000000001,2.6044700000000001,2.75054,2.8787099999999999,3.00047
2025-12-18,2.3684500000000002,2.5938699999999999,2.7387199999999998,2.8653999999999997,2.9846200000000001
2025-12-19,2.3765800000000001,2.61815,2.7661100000000003,2.8936300000000004,3.0129900000000003
2025-12-22,2.3781599999999998,2.6080000000000001,2.7546300000000001,2.8829199999999999,3.004
2025-12-23,2.3703700000000003,2.5815000000000001,2.72281,2.8481300000000003,2.9672499999999999
2025-12-24,2.3672900000000001,2.5779799999999997,2.7171099999999999,2.8397600000000001,2.9558
2025-12-29,2.3652699999999998,2.56826,2.70628,2.82992,2.94625
2025-12-30,2.3740799999999997,2.5920299999999998,2.7330199999999998,2.85805,2.97532
2025-12-31,2.3753000000000002,2.5922499999999999,2.7406300000000003,2.8713200000000003,2.9904500000000001
2026-01-02,2.38591,2.6223399999999999,2.7730000000000001,2.9055999999999997,3.0266100000000002
2026-01-05,2.37887,2.57578,2.7196700000000003,2.85053,2.97159
2026-01-06,2.3879000000000001,2.5960100000000002,2.7406199999999998,2.8698399999999999,2.9888399999999997
2026-01-07,2.37845,2.56955,2.7111399999999999,2.8384300000000002,2.9556300000000002
2026-01-08,2.3803700000000001,2.5804800000000001,2.72437,2.8517600000000001,2.9691299999999998
2026-01-09,2.3715000000000002,2.5659100000000001,2.7095400000000001,2.8369,2.95384
2026-01-12,2.3814899999999999,2.5787299999999997,2.7224399999999997,2.8489100000000001,2.9649899999999998
2026-01-13,2.3767,2.57037,2.7153700000000001,2.8441700000000001,2.9632200000000002
2026-01-14,2.3644700000000003,2.5457199999999998,2.6862699999999999,2.81236,2.9289900000000002
2026-01-15,2.3657300000000001,2.54264,2.68296,2.8088599999999997,2.92476
2026-01-16,2.36266,2.5629200000000001,2.7051599999999998,2.831,2.94712
2026-01-19,2.3589800000000003,2.5559799999999999,2.7000999999999999,2.8284699999999998,2.9476399999999998
2026-01-20,2.35433,2.5703800000000001,2.7210999999999999,2.8541400000000001,2.9768400000000002
2026-01-21,2.36043,2.5579800000000001,2.7023299999999999,2.8306200000000001,2.94909
2026-01-22,2.3577699999999999,2.5739899999999998,2.7247599999999998,2.8541699999999999,2.97078
2026-01-23,2.3551200000000003,2.5787200000000001,2.7320799999999998,2.8629499999999997,2.9806599999999999
2026-01-26,2.3404400000000001,2.5434899999999998,2.69584,2.8260100000000001,2.9424600000000001
2026-01-27,2.3413499999999998,2.5611100000000002,2.71678,2.85025,2.9710199999999998
2026-01-28,2.3279800000000002,2.5647099999999998,2.7213600000000002,2.8561099999999997,2.9786600000000001
2026-01-29,2.3274699999999999,2.55125,2.71041,2.8469199999999999,2.9690399999999997
2026-01-30,2.3250900000000003,2.5431599999999999,2.7000699999999997,2.8382000000000001,2.96509
2026-02-02,2.3285400000000003,2.5532900000000001,2.7123600000000003,2.8500899999999998,2.9740800000000003
2026-02-03,2.3295500000000002,2.5611299999999999,2.72221,2.8610500000000001,2.9853700000000001
2026-02-04,2.3296000000000001,2.5608399999999998,2.7193800000000001,2.8559100000000002,2.9794899999999997
2026-02-05,2.3228399999999998,2.53755,2.6925600000000003,2.8278399999999997,2.9508900000000002
2026-02-06,2.31873,2.5388500000000001,2.69367,2.8286700000000002,2.9519199999999999
2026-02-09,2.3243,2.5291399999999999,2.6826099999999999,2.8180799999999997,2.9429400000000001
2026-02-10,2.3165499999999999,2.5232399999999999,2.67537,2.8068599999999999,2.9260000000000002
2026-02-11,2.3115900000000003,2.51519,2.6636500000000001,2.7919099999999997,2.9091900000000002
2026-02-12,2.29454,2.4812500000000002,2.6230500000000001,2.7464900000000001,2.8601000000000001
2026-02-13,2.28484,2.46638,2.6000700000000001,2.7181999999999999,2.8287300000000002
2026-02-17,2.2729400000000002,2.4461299999999997,2.57918,2.6970100000000001,2.80694
2026-02-18,2.2723299999999997,2.43879,2.5733299999999999,2.6936100000000001,2.8056399999999999
2026-02-20,2.2754599999999998,2.43777,2.5639700000000003,2.67916,2.7891499999999998
2026-02-23,2.2839900000000002,2.43011,2.54786,2.65781,2.7642199999999999
2026-02-24,2.2862200000000001,2.43547,2.5519400000000001,2.6612,2.7669200000000003
2026-02-25,2.28267,2.4546899999999998,2.5690999999999997,2.6757300000000002,2.7797200000000002
2026-02-26,2.2793700000000001,2.4268700000000001,2.5369600000000001,2.6429,2.7472699999999999
2026-02-27,2.26329,2.3921000000000001,2.4986100000000002,2.6038399999999999,2.7088999999999999
2026-03-02,2.3064500000000003,2.48217,2.5926299999999998,2.69591,2.7987600000000001
2026-03-03,2.3473600000000001,2.5060500000000001,2.62032,2.7256300000000002,2.8288899999999999
2026-03-04,2.3401200000000002,2.51457,2.6320699999999997,2.7393800000000001,2.8439999999999999
2026-03-05,2.3737300000000001,2.5789300000000002,2.7092499999999999,2.8226399999999998,2.9283900000000003
2026-03-06,2.3847199999999997,2.6290899999999997,2.7620800000000001,2.8767200000000002,2.9855499999999999
2026-03-09,2.4297800000000001,2.6219399999999999,2.7433900000000002,2.8495699999999999,2.9527299999999999
2026-03-10,2.4031099999999999,2.64323,2.7717299999999998,2.88056,2.9843999999999999
2026-03-11,2.4316500000000003,2.7186699999999999,2.8498399999999999,2.95831,3.0630899999999999
2026-03-12,2.4679699999999998,2.80931,2.9315199999999999,3.0278700000000001,3.1230500000000001
2026-03-13,2.46183,2.7890299999999999,2.9116,3.0080499999999999,3.1043500000000002
2026-03-16,2.44035,2.7028400000000001,2.823,2.9234799999999996,3.0235300000000001
2026-03-17,2.42849,2.6646700000000001,2.78437,2.8864299999999998,2.9861800000000001
2026-03-18,2.4559199999999999,2.7420800000000001,2.8605200000000002,2.9560900000000001,3.0499700000000001
2026-03-19,2.5423399999999998,2.82796,2.9222000000000001,2.9930400000000001,3.0701499999999999
2026-03-20,2.6579800000000002,3.0504699999999998,3.1185999999999998,3.1582499999999998,3.21414
2026-03-23,2.6333200000000003,2.9423399999999997,3.02976,3.0913300000000001,3.16228
2026-03-24,2.6938499999999999,2.9874700000000001,3.0830600000000001,3.1490400000000003,3.2197100000000001
2026-03-25,2.6442799999999997,2.8882600000000003,2.9772699999999999,3.0408999999999997,3.11008
2026-03-26,2.6836599999999997,2.9777900000000002,3.0735299999999999,3.13829,3.2076899999999999
2026-03-27,2.6797900000000001,2.9580500000000001,3.0556300000000003,3.1260999999999997,3.2032199999999995
2026-03-30,2.6241099999999999,2.8882300000000001,2.98509,3.0550799999999998,3.1307
2026-03-31,2.5867399999999998,2.8228199999999997,2.9243600000000001,3.0020600000000002,3.08304
2026-04-01,2.5606800000000001,2.8294799999999998,2.94008,3.0236499999999999,3.10927
2026-04-02,2.5673000000000004,2.82538,2.9311199999999999,3.0124200000000001,3.0977399999999999
2026-04-06,2.5784499999999997,2.83155,2.93431,3.0110000000000001,3.0904000000000003
2026-04-07,2.6179399999999999,2.8681299999999998,2.9691000000000001,3.0434200000000002,3.1209699999999998
2026-04-09,2.5377199999999998,2.8021199999999999,2.9064900000000002,2.9864600000000001,3.0697399999999999
2026-04-10,2.5299200000000002,2.7917000000000001,2.9033099999999998,2.9909499999999998,3.0792699999999997
2026-04-13,2.5510100000000002,2.7980800000000001,2.9043399999999999,2.98712,3.0724100000000001
2026-04-14,2.52793,2.7677499999999999,2.8707400000000001,2.9520599999999999,3.0369999999999999
2026-04-15,2.5363199999999999,2.7955199999999998,2.90585,2.99193,3.0798399999999999
2026-04-16,2.5467299999999997,2.8078400000000001,2.9198999999999997,3.0083500000000001,3.0989499999999999
2026-04-17,2.50318,2.7429399999999999,2.8569,2.9489999999999998,3.0413999999999999
2026-04-20,2.4954100000000001,2.7370399999999999,2.8504499999999999,2.94225,3.0348000000000002
2026-04-21,2.53742,2.81237,2.92388,3.01139,3.1006499999999999
2026-04-22,2.52563,2.8014000000000001,2.9147699999999999,3.0039799999999999,3.0932300000000001
2026-04-23,2.5334700000000003,2.8174399999999999,2.93187,3.0200200000000001,3.1067399999999998
2026-04-24,2.5343299999999997,2.7899500000000002,2.8975599999999999,2.98333,3.0707300000000002
2026-04-27,2.5440800000000001,2.8079199999999997,2.9231799999999999,3.01539,3.10737
2026-04-28,2.5620400000000001,2.8496199999999998,2.9601800000000003,3.0453799999999998,3.1313500000000003
2026-04-29,2.6945399999999999,2.9992299999999998,3.1025199999999997,3.1762800000000002,3.2499899999999999
2026-04-30,2.6529600000000002,2.92828,3.0312399999999999,3.10894,3.1894
2026-05-01,2.6356100000000002,2.9112800000000001,3.0177,3.0961099999999999,3.1742899999999996
2026-05-04,2.7170099999999997,3.0223400000000002,3.12222,3.1921900000000001,3.2654700000000001
2026-05-05,2.70139,2.9869599999999998,3.09355,3.1710599999999998,3.2491499999999998
2026-05-06,2.6375999999999999,2.8856099999999998,2.9908100000000002,3.06968,3.1496299999999997
2026-05-07,2.6415299999999999,2.9169400000000003,3.02298,3.0998299999999999,3.1775099999999998
2026-05-08,2.5951300000000002,2.8404799999999999,2.9491300000000003,3.0310700000000002,3.1111900000000001
2026-05-11,2.6369199999999999,2.9081800000000002,3.0204399999999998,3.10317,3.1839499999999998
2026-05-12,2.6580699999999999,2.9483800000000002,3.0662600000000002,3.1547999999999998,3.23983
2026-05-13,2.6533099999999998,2.9400400000000002,3.0554600000000001,3.1413000000000002,3.2245900000000001
2026-05-14,2.6396600000000001,2.9360299999999997,3.0517499999999997,3.1353399999999998,3.21523
2026-05-15,2.70662,3.0413999999999999,3.1703000000000001,3.2641700000000005,3.3507799999999999
2026-05-19,2.6861900000000003,3.0144899999999999,3.1547400000000003,3.2567400000000002,3.3483999999999998
2026-05-20,2.6147299999999998,2.9072400000000003,3.0377299999999998,3.1345499999999999,3.2241400000000002
2026-05-21,2.6097200000000003,2.88652,3.0079100000000003,3.0998899999999998,3.1875899999999997
2026-05-22,2.61368,2.8989099999999999,3.0211899999999998,3.1106400000000001,3.1935900000000004
2026-05-25,2.5894899999999996,2.8228199999999997,2.9395799999999999,3.0284599999999999,3.11185
2026-05-26,2.5900699999999999,2.8268200000000001,2.9466699999999997,3.0377999999999998,3.1220399999999997
2026-05-27,2.5888200000000001,2.84761,2.9664000000000001,3.0543899999999997,3.1353199999999997
2026-05-28,2.5887000000000002,2.8280500000000002,2.9399899999999999,3.0237799999999999,3.10344
2026-05-29,2.5470699999999997,2.7593800000000002,2.87262,2.96265,3.0510899999999999
2026-06-01,2.5739000000000001,2.7966600000000001,2.9109599999999998,2.9988000000000001,3.0825
2026-06-02,2.5679500000000002,2.7887499999999998,2.90239,2.9885899999999999,3.0699800000000002
2026-06-03,2.57273,2.8027299999999999,2.9155600000000002,3.0023599999999999,3.0855700000000001
